<?xml version="1.0" encoding="UTF-8"?>
<kml xmlns="http://www.opengis.net/kml/2.2"><Document>
  <n>Respaldo HERMES-01  a 06/08/2026</n>
  <Style id="pointStyle"><IconStyle><color>ff00c8ff</color><scale>0.8</scale></IconStyle></Style>
  <Placemark><n>Ruta</n><LineString><tessellate>1</tessellate>
    <coordinates>-74.34587583,4.823202333,0 -74.345849,4.8231925,0 -74.34588067,4.8232205,0 -74.34584833,4.8231865,0 -72.64816633,2.560853833,0 -72.64815917,2.560838,0 -72.648149,2.560866667,0 -72.648156,2.560903667,0 -72.64814867,2.560875167,0 -72.6481615,2.560858167,0 -72.64814083,2.560881333,0 -72.6481475,2.560849833,0 -72.648121,2.560848333,0 -72.6481395,2.5608235,0 -72.64816783,2.5608845,0 -72.6481515,2.560855833,0 -72.64817,2.5608585,0 -72.64818983,2.560761667,0 -72.6481535,2.560877667,0 -72.64830167,2.560993167,0 -72.6481565,2.560882667,0 -72.64815967,2.560816833,0 -72.64815383,2.560829,0 -72.6480815,2.560739667,0 -72.6481385,2.560876167,0 -72.64816583,2.560856167,0 -72.64814417,2.560851,0 -72.64802267,2.560972,0 -72.64814867,2.560860833,0 -72.648121,2.560849,0 -72.64814117,2.560899667,0 -72.6481395,2.560812167,0 -72.6482055,2.560841,0 -72.64816017,2.560867167,0 -72.6481135,2.560859333,0 -72.64815733,2.560856333,0 -72.64817517,2.5608305,0 -72.64820533,2.560784667,0 -72.64817533,2.56084,0 -72.6481255,2.560860167,0 -72.648172,2.560826,0 -72.64819633,2.560872333,0 -72.6481815,2.560866,0 -72.64817267,2.560869,0 -72.648135,2.560904,0 -72.64816783,2.560915,0 -72.64822883,2.560863333,0 -72.64818117,2.560841,0 -72.64821767,2.560822667,0 -72.64817083,2.5608665,0 -72.64816533,2.560889,0 -72.64815067,2.560916333,0 -72.64816533,2.5608845,0 -72.64817667,2.5608645,0 -72.6481655,2.560870333,0 -72.64813967,2.560879333,0 -72.64813067,2.560918833,0 -72.648151,2.560883167,0 -72.64815567,2.560851,0 -72.64816517,2.560829833,0 -72.64817467,2.5608615,0 -72.64817183,2.560915833,0 -72.6481665,2.560866667,0 -72.64820533,2.560931333,0 -72.6481865,2.5608685,0 -72.64818283,2.560909667,0 -72.64818833,2.560875333,0 -72.64817283,2.560858,0 -72.64814933,2.56085,0 -72.64814333,2.560866333,0 -72.64817933,2.560894,0 -72.64821317,2.560879833,0 -72.648186,2.5609,0 -72.64817483,2.560886667,0 -72.64810833,2.560914,0 -72.64814,2.560891667,0 -72.6480535,2.5608155,0 -72.64814033,2.560871833,0 -72.64816767,2.5608625,0 -72.64813867,2.560886833,0 -72.6481445,2.560871,0 -72.64816183,2.560860333,0 -72.648142,2.560851667,0 -72.64815933,2.560841667,0 -72.6481705,2.5607935,0 -72.648137,2.56088,0 -72.64814817,2.560846333,0 -72.64814733,2.560866,0 -72.64820183,2.5608395,0 -72.6482355,2.560924,0 -72.64817383,2.5608265,0 -72.648185,2.560873333,0 -72.64821783,2.560823167,0 -72.64816617,2.560893667,0 -72.64810317,2.560846,0 -72.64813333,2.5608525,0 -72.64814767,2.560863667,0 -72.64815933,2.560860333,0 -72.6481595,2.560857833,0 -72.64814517,2.560871333,0 -72.64816317,2.560870333,0 -72.6481365,2.560867167,0 -72.64815383,2.560855,0 -72.64815367,2.560823667,0 -72.64815083,2.5608235,0 -72.6481085,2.560868,0 -72.64812833,2.560855667,0 -72.64820867,2.560862,0 -72.64814367,2.560893167,0 -72.64812383,2.560852,0 -72.648158,2.560879333,0 -72.64813633,2.560855333,0 -72.64817033,2.560876667,0 -72.64816517,2.560846167,0 -72.648173,2.560863,0 -72.648166,2.560854,0 -72.648172,2.560835,0 -72.648188,2.560839,0 -72.648176,2.56087,0 -72.6482245,2.560916667,0 -72.648174,2.560841,0 -72.64815583,2.560819333,0 -72.64816,2.560853,0 -72.648169,2.560833,0 -72.6481595,2.560855333,0 -72.64814317,2.5608655,0 -72.648154,2.560871,0 -72.64815583,2.560881167,0 -72.64815333,2.560857667,0 -72.64815383,2.5608515,0 -72.64816467,2.560815833,0 -72.64817533,2.560844167,0 -72.64811517,2.5608625,0 -72.64816217,2.560876833,0 -72.648135,2.560868667,0 -72.64813267,2.560895667,0 -72.64819567,2.560818167,0 -72.64814583,2.560864833,0 -72.648195,2.560872667,0 -72.648161,2.560887667,0 -72.64824683,2.560874167,0 -72.6481875,2.560867667,0 -72.6482065,2.5608605,0 -72.64813483,2.560826167,0 -72.64818483,2.560786,0 -72.64826817,2.560820167,0 -72.64808467,2.560783167,0 -72.64831567,2.5608175,0 -72.64810917,2.560861667,0 -72.64810917,2.560866667,0 -72.64814367,2.560835333,0 -72.64821133,2.560844333,0 -72.64815817,2.560855167,0 -72.64817233,2.560853667,0 -72.6481895,2.560841667,0 -72.64812017,2.560857333,0 -72.64813833,2.560809833,0 -72.64819783,2.560888167,0 -72.6481615,2.560845,0 -72.6481775,2.5608605,0 -72.64816383,2.560838167,0 -72.64817883,2.560845333,0 -72.6481065,2.560747667,0 -72.64817967,2.560910667,0 -72.64815317,2.5608875,0 -72.64815933,2.560858667,0 -72.6481765,2.560883833,0 -72.64825367,2.560830833,0 -72.64811433,2.560841667,0 -72.64816583,2.560916667,0 -72.6481855,2.560932667,0 -72.64816233,2.560875333,0 -72.64817217,2.560859667,0 -72.64823233,2.560907167,0 -72.64817717,2.560879833,0 -72.648179,2.560888333,0 -72.6481655,2.560888667,0 -72.64815567,2.560879,0 -72.64814867,2.560905333,0 -72.648094,2.5609345,0 -72.64815083,2.560907167,0 -72.64815733,2.560877,0 -72.6481765,2.560889667,0 -72.648205,2.5608275,0 -72.64817867,2.560892,0 -72.64818583,2.5608625,0 -72.64819917,2.560879333,0 -72.64819,2.560888667,0 -72.648152,2.560883667,0 -72.6481695,2.560891,0 -72.648156,2.560877667,0 -72.64816567,2.560849333,0 -72.64814767,2.560873667,0 -72.64818,2.560871,0 -72.64815833,2.560838333,0 -72.64816983,2.560884167,0 -72.6481715,2.560822833,0 -72.64812883,2.560873667,0 -72.64816117,2.560873333,0 -72.6481695,2.560853333,0 -72.648137,2.5608365,0 -72.64812283,2.560837167,0 -72.6480835,2.560690167,0 -72.64811483,2.560811333,0 -72.6481185,2.560819833,0 -72.64816033,2.560860333,0 -72.6481825,2.5608675,0 -72.64814217,2.560839333,0 -72.64816967,2.560865333,0 -72.64816967,2.560895167,0 -72.64811733,2.5609665,0 -72.64798183,2.560921333,0 -72.64819333,2.560826167,0 -72.64816383,2.560872167,0 -72.6480615,2.5609695,0 -72.64805283,2.560935667,0 -72.64832883,2.560738833,0 -72.64816433,2.560906667,0 -72.64811017,2.5609295,0 -72.648164,2.560848333,0 -72.64816883,2.560872333,0 -72.64814367,2.560834,0 -72.64814933,2.560875667,0 -72.64814117,2.560847833,0 -72.648143,2.560863333,0 -72.64814117,2.560838167,0 -72.64817433,2.5608535,0 -72.64816317,2.560862667,0 -72.64817517,2.560890167,0 -72.648145,2.560834,0 -72.64815067,2.560847167,0 -72.64816167,2.560847333,0 -72.648168,2.5608635,0 -72.64813283,2.560833167,0 -72.6481865,2.560861,0 -72.64812483,2.560833667,0 -72.64815117,2.560836,0 -72.6481495,2.560783667,0 -72.64820533,2.5608655,0 -72.64820617,2.560853833,0 -72.64817333,2.560841167,0 -72.64809333,2.5608865,0 -72.648184,2.560836667,0 -72.6481225,2.5608775,0 -72.64814133,2.5609335,0 -72.6481735,2.560809,0 -72.64812083,2.560845833,0 -72.64812317,2.560836833,0 -72.648191,2.560848333,0 -72.64815,2.560862667,0 -72.64817067,2.5608515,0 -72.64826233,2.560820167,0 -72.64821783,2.560849333,0 -72.64818417,2.560866833,0 -72.64820417,2.560881833,0 -72.648194,2.560853333,0 -72.648128,2.560837333,0 -72.648165,2.5608795,0 -72.6481835,2.560864333,0 -72.64813583,2.5608505,0 -72.64814083,2.560854,0 -72.64813183,2.5608285,0 -72.64811767,2.560808833,0 -72.64809267,2.560903833,0 -72.648111,2.560936833,0 -72.64813067,2.560858333,0 -72.648148,2.560907,0 -72.64814583,2.5608795,0 -72.6481375,2.560812833,0 -72.6481625,2.560865667,0 -72.648129,2.560803167,0 -72.6482375,2.560876,0 -72.6481785,2.560886833,0 -72.6481805,2.560864,0 -72.64816783,2.560783667,0 -72.64815217,2.560628167,0 -72.6481155,2.560807333,0 -72.64815033,2.560794,0 -72.64808883,2.560809333,0 -72.64815217,2.560902,0 -72.64801033,2.560976333,0 -72.64812817,2.560858833,0 -72.64813817,2.5608665,0 -72.648083,2.560916167,0 -72.64812017,2.560834,0 -72.64815983,2.560885667,0 -72.64813533,2.560810833,0 -72.64813067,2.560814,0 -72.64817533,2.5608635,0 -72.64808583,2.560795833,0 -72.6482545,2.560857167,0 -72.64816483,2.560827833,0 -72.64816417,2.560829,0 -72.6481635,2.560802167,0 -72.64810383,2.560805833,0 -72.6481785,2.560804667,0 -72.64820283,2.560835167,0 -72.648186,2.560883833,0 -72.648186,2.56085,0 -72.64825283,2.560959,0 -72.64826583,2.560885333,0 -72.6481455,2.5608555,0 -72.64811317,2.560878,0 -72.64816217,2.5609415,0 -72.6482875,2.560845333,0 -72.64811867,2.560728167,0 -72.64821,2.560836333,0 -72.648167,2.560887,0 -72.648176,2.560881,0 -72.648086,2.560923,0 -72.64813867,2.560878167,0 -72.64813833,2.560819833,0 -72.64815733,2.560832333,0 -72.64815617,2.560864333,0 -72.648169,2.560860167,0 -72.6481755,2.560860333,0 -72.64815083,2.560884833,0 -72.64816383,2.560879,0 -72.6481725,2.560853167,0 -72.6481385,2.560876167,0 -72.6481755,2.560883333,0 -72.648177,2.5608605,0 -72.64817117,2.560853333,0 -72.64816083,2.5608735,0 -72.64815317,2.560852333,0 -72.64815033,2.560851833,0 -72.64816983,2.560871333,0 -72.648189,2.5608715,0 -72.64817867,2.560857833,0 -72.64814083,2.560905167,0 -72.64814633,2.560873833,0 -72.64812017,2.560871667,0 -72.648137,2.560888167,0 -72.64814567,2.560839167,0 -72.64814883,2.560890333,0 -72.64815867,2.560827167,0 -72.64814933,2.560900667,0 -72.64813383,2.5608325,0 -72.64813517,2.560856167,0 -72.6482075,2.5608905,0 -72.648159,2.560888667,0 -72.64821833,2.5609185,0 -72.648165,2.560873833,0 -72.64819167,2.560867167,0 -72.6481365,2.560839,0 -72.6481735,2.5608545,0 -72.64819183,2.560878833,0 -72.64819533,2.560826333,0 -72.64818367,2.560858833,0 -72.64816217,2.5609215,0 -72.64814517,2.560884167,0 -72.64816433,2.560875833,0 -72.64814217,2.560854333,0 -72.64814783,2.560852333,0 -72.64815083,2.560801167,0 -72.64814333,2.560851,0 -72.64814233,2.560877,0 -72.64814517,2.560886833,0 -72.648163,2.560829333,0 -72.648148,2.560811833,0 -72.64812683,2.560874167,0 -72.648146,2.5608515,0 -72.64811867,2.560855167,0 -72.648138,2.560853,0 -72.64813,2.560888,0 -72.64816967,2.560891833,0 -72.64819117,2.5608705,0 -72.648183,2.5608565,0 -72.64814333,2.560821333,0 -72.6481315,2.560914333,0 -72.64815117,2.561019833,0 -72.64817233,2.5608655,0 -72.64815567,2.560889667,0 -72.648157,2.5608375,0 -72.648154,2.560892167,0 -72.6481835,2.560925667,0 -72.64815117,2.560822,0 -72.64815383,2.560833,0 -72.64822283,2.560649667,0 -72.6481545,2.5607915,0 -72.648099,2.5608165,0 -72.648139,2.560813667,0 -72.6481525,2.560853333,0 -72.6481905,2.560896833,0 -72.64815717,2.560849667,0 -72.64819067,2.5608355,0 -72.64814067,2.560866833,0 -72.64821,2.560885833,0 -72.64817067,2.5608155,0 -72.64812217,2.560833167,0 -72.64816433,2.560892667,0 -72.64817067,2.5608455,0 -72.64814867,2.5608785,0 -72.64818317,2.560885333,0 -72.648153,2.5608195,0 -72.64785,2.560804333,0 -72.648116,2.5609045,0 -72.64811533,2.56079,0 -72.64807833,2.560891167,0 -72.6481195,2.5608945,0 -72.6480725,2.560894167,0 -72.64816117,2.560852167,0 -72.6481265,2.560898833,0 -72.64813417,2.560859833,0 -72.64813633,2.560867667,0 -72.6481345,2.5608635,0 -72.64814533,2.560884,0 -72.64817217,2.5608855,0 -72.64816217,2.5608515,0 -72.64813683,2.560861167,0 -72.64815733,2.5608345,0 -72.64813917,2.560809333,0 -72.64818367,2.560778167,0 -72.6480965,2.560691333,0 -72.648155,2.5608715,0 -72.647888,2.560760333,0 -72.64813483,2.5608555,0 -72.64818217,2.56087,0 -72.64792317,2.5607115,0 -72.64800717,2.5607395,0 -72.64814833,2.560846167,0 -72.6482155,2.560826167,0 -72.6481225,2.560814333,0 -72.648148,2.560851,0 -72.648163,2.560941167,0 -72.64817133,2.560837833,0 -72.64813667,2.560802667,0 -72.64817267,2.560851833,0 -72.64816383,2.560793833,0 -72.64821283,2.560922833,0 -72.64814617,2.560868167,0 -72.648139,2.560842,0 -72.64816967,2.5608135,0 -72.648175,2.560814333,0 -72.64820117,2.560777333,0 -72.648163,2.5608105,0 -72.64823033,2.560844333,0 -72.64812033,2.5610715,0 -72.648176,2.560810167,0 -72.64815917,2.560873,0 -72.64824433,2.560843167,0 -72.648157,2.5608625,0 -72.64816033,2.5608955,0 -72.6482155,2.560818167,0 -72.64817,2.560819167,0 -72.6481855,2.560869833,0 -72.64816133,2.560941,0 -72.64817983,2.5608615,0 -72.64815667,2.5608735,0 -72.64815817,2.560853667,0 -72.64814867,2.560882667,0 -72.64813967,2.560855333,0 -72.6481395,2.560871667,0 -72.64818683,2.560869667,0 -72.6481845,2.5608875,0 -72.64819767,2.560836667,0 -72.64819183,2.560929333,0 -72.64814767,2.560871167,0 -72.64815933,2.560857167,0 -72.648119,2.560871167,0 -72.64808617,2.560819667,0 -72.64814633,2.560827667,0 -72.64818167,2.560824667,0 -72.64816633,2.560814333,0 -72.64816383,2.560806167,0 -72.64815333,2.560897333,0 -72.648122,2.560864833,0 -72.6481985,2.560852167,0 -72.64816933,2.560926333,0 -72.648173,2.560976667,0 -72.64820067,2.560866667,0 -72.64812683,2.560844333,0 -72.6481605,2.560844667,0 -72.64816633,2.560887667,0 -72.64815733,2.560898667,0 -72.64817083,2.5608925,0 -72.6481625,2.560884667,0 -72.6481565,2.560866167,0 -72.648166,2.560882667,0 -72.64815483,2.560874667,0 -72.64814817,2.560914667,0 -72.648166,2.560880333,0 -72.648192,2.560870333,0 -72.64817683,2.560849833,0 -72.64819017,2.560881667,0 -72.64816383,2.5608795,0 -72.64815467,2.560843833,0 -72.64816733,2.5608875,0 -72.64817817,2.560864667,0 -72.64815517,2.560863667,0 -72.64814467,2.560863667,0 -72.64815,2.5608435,0 -72.64814817,2.560872667,0 -72.64814767,2.560860833,0 -72.6481335,2.560853833,0 -72.6481505,2.5608665,0 -72.648151,2.560893667,0 -72.64814,2.560830167,0 -72.648165,2.560875833,0 -72.64817017,2.5608265,0 -72.6481375,2.560835833,0 -72.6481695,2.560885,0 -72.6481615,2.560861167,0 -72.648133,2.560832667,0 -72.64817467,2.560858333,0 -72.64820333,2.560856167,0 -72.64812117,2.560803,0 -72.64814317,2.5608565,0 -72.64818267,2.5608355,0 -72.64816183,2.560792667,0 -72.64815483,2.560885833,0 -72.648197,2.560864333,0 -72.64815,2.5609505,0 -72.648663,2.5602265,0 -72.6481555,2.560834,0 -72.648145,2.560866667,0 -72.64813333,2.560845833,0 -72.64813583,2.560837,0 -72.64822633,2.5608585,0 -72.64820667,2.5608825,0 -72.64830983,2.560885,0 -72.64815817,2.560806667,0 -72.64814733,2.560869667,0 -72.6481585,2.5608515,0 -72.64813417,2.5608405,0 -72.648148,2.560880333,0 -72.6481835,2.560862333,0 -72.64786417,2.5606985,0 -72.64737283,2.560079667,0 -72.64814733,2.560831333,0 -72.64805867,2.560764833,0 -72.64815017,2.56087,0 -72.64814933,2.560891333,0 -72.64815217,2.560891167,0 -72.64814983,2.560916667,0 -72.64812917,2.560861333,0 -72.64812633,2.560862667,0 -72.6481405,2.560874333,0 -72.6481495,2.560863667,0 -72.64815667,2.560895333,0 -72.64815233,2.5608915,0 -72.648119,2.560849833,0 -72.64816367,2.560882,0 -72.6481655,2.560868667,0 -72.64817133,2.560845667,0 -72.64814683,2.560853333,0 -72.64819883,2.5608435,0 -72.648175,2.560866667,0 -72.64816133,2.5608175,0 -72.64815417,2.560880333,0 -72.64817017,2.560843167,0 -72.648163,2.560873833,0 -72.648164,2.560855833,0 -72.64816667,2.560861833,0 -72.6481675,2.560840167,0 -72.6481295,2.560849,0 -72.64820567,2.560832333,0 -72.6481535,2.5608335,0 -72.64809817,2.56084,0 -72.648178,2.560874833,0 -72.64817383,2.5608135,0 -72.64818733,2.560890333,0 -72.6480885,2.560877667,0 -72.64825317,2.5608775,0 -72.6485915,2.560654833,0 -72.6481445,2.560770333,0 -72.64824417,2.560855167,0 -72.64818383,2.560866833,0 -72.64817467,2.560803667,0 -72.64816683,2.560857833,0 -72.648174,2.5608745,0 -72.648187,2.560867833,0 -72.648188,2.560855333,0 -72.64822,2.5608825,0 -72.648198,2.560912833,0 -72.6481285,2.560884667,0 -72.6482735,2.560954833,0 -72.64815417,2.5608965,0 -72.64818117,2.560825833,0 -72.64817367,2.560892167,0 -72.648137,2.560818667,0 -72.64817717,2.560873,0 -72.64816183,2.560848667,0 -72.64816367,2.560840167,0 -72.6481315,2.560870167,0 -72.64817383,2.56087,0 -72.64812883,2.560900833,0 -72.648196,2.560896167,0 -72.6481165,2.560893833,0 -72.64820267,2.560889,0 -72.64814767,2.560896,0 -72.64818417,2.5608645,0 -72.64820067,2.560870833,0 -72.6481585,2.560851167,0 -72.6481905,2.560903667,0 -72.64814117,2.560883,0 -72.64818867,2.560935333,0 -72.6482,2.560889333,0 -72.64821667,2.560878,0 -72.64817517,2.560882,0 -72.64817883,2.5608945,0 -72.64819167,2.560855333,0 -72.64819333,2.560887167,0 -72.64817683,2.560877667,0 -72.64818633,2.5608595,0 -72.6481615,2.560856167,0 -72.64814083,2.560907333,0 -72.64805583,2.560791667,0 -72.64814,2.560828667,0 -72.64817767,2.560854,0 -72.64817133,2.560822167,0 -72.64815483,2.560872667,0 -72.64814833,2.560907667,0 -72.64819283,2.560883167,0 -72.64817267,2.5609015,0 -72.64818383,2.5609165,0 -72.64815317,2.5608675,0 -72.648164,2.560867833,0 -72.648192,2.560842333,0 -72.64814217,2.560863,0 -72.64819017,2.5608505,0 -72.648158,2.560899333,0 -72.64817167,2.560814833,0 -72.648164,2.560914833,0 -72.64814383,2.5608135,0 -72.64817017,2.560835167,0 -72.64813533,2.560837333,0 -72.64812267,2.5608355,0 -72.64816167,2.560827333,0 -72.6481585,2.560861333,0 -72.64817083,2.560836,0 -72.64814217,2.560880167,0 -72.64816783,2.560861167,0 -72.64817917,2.560841667,0 -72.64812833,2.560834667,0 -72.64817833,2.5608025,0 -72.6481525,2.560856333,0 -72.64814517,2.560901833,0 -72.64815183,2.560865167,0 -72.64817233,2.560862,0 -72.64822717,2.560869,0 -72.648173,2.5608745,0 -72.64808517,2.560804,0 -72.64821167,2.560908167,0 -72.64814683,2.560864167,0 -72.64815183,2.560893,0 -72.648155,2.560857667,0 -72.64814217,2.560856833,0 -72.64817667,2.5608805,0 -72.6481635,2.5608605,0 -72.648169,2.560870333,0 -72.64814567,2.5608955,0 -72.64815667,2.5608985,0 -72.6481325,2.560776333,0 -72.64819233,2.560806333,0 -72.64822167,2.5608395,0 -72.648184,2.5608605,0 -72.6481695,2.560859833,0 -72.64817167,2.560867333,0 -72.648208,2.560812667,0 -72.64812667,2.560830167,0 -72.64817083,2.560918167,0 -72.64822867,2.5608865,0 -72.6481805,2.560813667,0 -72.64816633,2.560831,0 -72.64816183,2.560844,0 -72.64818317,2.560826667,0 -72.648162,2.560831,0 -72.64814333,2.560806,0 -72.64814117,2.5608225,0 -72.648144,2.5608705,0 -72.64813033,2.5608685,0 -72.648148,2.560891833,0 -72.64817383,2.560853333,0 -72.64818083,2.560814,0 -72.64813467,2.560846833,0 -72.64815983,2.560839833,0 -72.648155,2.560801167,0 -72.64815117,2.560857,0 -72.6481485,2.560842833,0 -72.64817183,2.560843833,0 -72.648164,2.560861,0 -72.64812917,2.560885167,0 -72.6481875,2.5608225,0 -72.64820183,2.560870833,0 -72.64824217,2.560934667,0 -72.64815283,2.560819,0 -72.64815833,2.560830667,0 -72.648161,2.5608275,0 -72.648191,2.560863,0 -72.648169,2.5608555,0 -72.64815817,2.560842,0 -72.648165,2.560885,0 -72.64812317,2.560848167,0 -72.6481375,2.560872333,0 -72.64817333,2.560855,0 -72.64814067,2.5608715,0 -72.64814167,2.560865667,0 -72.64814117,2.560879,0 -72.64815733,2.560859333,0 -72.64817867,2.5608285,0 -72.64820233,2.560856833,0 -72.6481515,2.560854167,0 -72.64817517,2.560876333,0 -72.64822233,2.5608805,0 -72.64819583,2.560847,0 -72.64820867,2.560772667,0 -72.64816517,2.560908167,0 -72.64816833,2.560826667,0 -72.648127,2.560888667,0 -72.648139,2.560846333,0 -72.6480985,2.560935167,0 -72.64809083,2.560914667,0 -72.64816617,2.560845167,0 -72.64817183,2.560859667,0 -72.648171,2.560868167,0 -72.648219,2.560906333,0 -72.648193,2.560864333,0 -72.64815217,2.560792667,0 -72.64826317,2.560849167,0 -72.6481705,2.5608725,0 -72.64816783,2.5608955,0 -72.64815933,2.560887167,0 -72.64815167,2.560909833,0 -72.64814783,2.560895333,0 -72.64813983,2.560882333,0 -72.64813117,2.5608765,0 -72.6481135,2.560896167,0 -72.64814483,2.5608585,0 -72.64815583,2.5608805,0 -72.64815317,2.560864667,0 -72.64815983,2.560888667,0 -72.64812,2.560826833,0 -72.648112,2.560843833,0 -72.64823517,2.560918667,0 -72.64818633,2.560891333,0 -72.64820833,2.560864,0 -72.64818367,2.560897333,0 -72.64820317,2.560901333,0 -72.648166,2.560902167,0 -72.64815967,2.5608825,0 -72.64821167,2.5608715,0 -72.64817233,2.560835167,0 -72.64817933,2.560875667,0 -72.64815233,2.560880833,0 -72.64817117,2.560895667,0 -72.64818567,2.560891,0 -72.64818767,2.560865833,0 -72.648151,2.560831,0 -72.64815367,2.560822167,0 -72.6481755,2.560829167,0 -72.6481655,2.560878667,0 -72.6481475,2.560903333,0 -72.648164,2.560868167,0 -72.6481605,2.560894,0 -72.64815633,2.560868167,0 -72.64810067,2.560918333,0 -72.64816867,2.560859667,0 -72.64817667,2.560827333,0 -72.64815,2.560846167,0 -72.64816867,2.560893,0 -72.64814483,2.560849333,0 -72.648223,2.560851833,0 -72.6481925,2.560813333,0 -72.64821117,2.560800667,0 -72.64810683,2.560831167,0 -72.64813933,2.560865,0 -72.64813917,2.560851167,0 -72.64814167,2.560844667,0 -72.64814867,2.560835333,0 -72.648192,2.560839,0 -72.64816317,2.560862333,0 -72.64815,2.560821,0 -72.6481695,2.560855167,0 -72.648159,2.5608115,0 -72.648161,2.560802,0 -72.6481405,2.560820333,0 -72.64810683,2.560861833,0 -72.64814383,2.560840667,0 -72.648139,2.560882167,0 -72.6481435,2.560870333,0 -72.64816833,2.560861167,0 -72.648186,2.560906167,0 -72.64810433,2.5608395,0 -72.64819833,2.560804667,0 -72.648125,2.560840667,0 -72.6482035,2.560889167,0 -72.64817117,2.560811167,0 -72.64818533,2.560849,0 -72.64816267,2.560870833,0 -72.64817567,2.560872833,0 -72.64816483,2.560845833,0 -72.64812183,2.560884833,0 -72.64816683,2.560825667,0 -72.63966417,2.557183667,0 -72.64814833,2.560844667,0 -72.6481735,2.560818,0 -72.6481985,2.560847,0 -72.64814933,2.560829167,0 -72.64819917,2.560835667,0 -72.648186,2.560832167,0 -72.6481435,2.5608295,0 -72.648204,2.560833667,0 -72.64813533,2.560840333,0 -72.64823367,2.560908333,0 -72.648153,2.5608445,0 -72.64814167,2.560804833,0 -72.64820067,2.56085,0 -72.64815283,2.56083,0 -72.64817083,2.560835167,0 -72.64818667,2.5608615,0 -72.64816483,2.560861,0 -72.64816183,2.5608675,0 -72.6481395,2.560850333,0 -72.64798633,2.560644,0 -72.64813033,2.560925667,0 -72.64810417,2.560872167,0 -72.64813217,2.560868167,0 -72.648143,2.5608655,0 -72.64810767,2.560885667,0 -72.64814033,2.560893667,0 -72.64816117,2.5608725,0 -72.64818767,2.560860667,0 -72.64816033,2.560856667,0 -72.64817067,2.560850833,0 -72.64818467,2.560831833,0 -72.64819933,2.560907333,0 -72.64814633,2.560794333,0 -72.64817983,2.560827333,0 -72.648158,2.560865667,0 -72.64813617,2.5608655,0 -72.64816317,2.560845667,0 -72.64817317,2.560873167,0 -72.648157,2.560887833,0 -72.648183,2.560878667,0 -72.64816117,2.560852667,0 -72.64817767,2.560873667,0 -72.64816017,2.560873333,0 -72.648156,2.5608505,0 -72.6481455,2.560855167,0 -72.64815867,2.560858667,0 -72.6482075,2.560867833,0 -72.6481935,2.560881167,0 -72.64816733,2.560807833,0 -72.64815133,2.560916667,0 -72.64816117,2.5608525,0 -72.648186,2.5608655,0 -72.64813467,2.560823667,0 -72.64816283,2.560853167,0 -72.648162,2.560821667,0 -72.64813,2.56078,0 -72.6481775,2.560833167,0 -72.64817617,2.560853667,0 -72.64815967,2.560839,0 -72.64811467,2.5608695,0 -72.648147,2.5608505,0 -72.64815317,2.560845333,0 -72.64817,2.560988,0 -72.64813967,2.560870833,0 -72.64818633,2.560870667,0 -72.64816933,2.560891167,0 -72.64816333,2.560888,0 -72.64816983,2.560879833,0 -72.64814683,2.560880833,0 -72.64815,2.560846833,0 -72.6481365,2.560871833,0 -72.64817483,2.5608565,0 -72.6481815,2.5608525,0 -72.64815167,2.560863167,0 -72.6481805,2.560872333,0 -72.64821417,2.560822833,0 -72.64816617,2.5608625,0 -72.64816167,2.560832167,0 -72.648158,2.560876333,0 -72.64816283,2.560857,0 -72.64810883,2.560815333,0 -72.64803483,2.560742333,0 -72.64815133,2.560903833,0 -72.648153,2.5608615,0 -72.64813167,2.5606975,0 -72.6481195,2.560744667,0 -72.64816967,2.560865333,0 -72.64820883,2.5608855,0 -72.64817133,2.560835833,0 -72.64814033,2.560834,0 -72.64808317,2.560856167,0 -72.64813817,2.560855833,0 -72.6482225,2.560825333,0 -72.64814717,2.5608425,0 -72.64815767,2.560840833,0 -72.6481535,2.560863167,0 -72.64813267,2.560862,0 -72.648163,2.560856333,0 -72.64816817,2.560898167,0 -72.64817567,2.560833167,0 -72.64819817,2.5608775,0 -72.64817833,2.560857667,0 -72.6482015,2.560831333,0 -72.6481475,2.560853333,0 -72.648178,2.5608575,0 -72.64820633,2.560821167,0 -72.64812567,2.560876333,0 -72.64814367,2.560844,0 -72.64814217,2.5609355,0 -72.6481925,2.5608615,0 -72.64815567,2.560895833,0 -72.648138,2.560844667,0 -72.648142,2.560850167,0 -72.64815767,2.560851,0 -72.64814917,2.560848167,0 -72.64813933,2.560873167,0 -72.64815383,2.560856833,0 -72.648152,2.560871833,0 -72.64815633,2.560875333,0 -72.648158,2.560862833,0 -72.648159,2.560855833,0 -72.6481555,2.560845,0 -72.64813417,2.560838,0 -72.6481585,2.560874667,0 -72.64815617,2.5608795,0 -72.64813083,2.560860833,0 -72.64825617,2.5608625,0 -72.64812367,2.560860667,0 -72.6481535,2.560852167,0 -72.64814217,2.560843167,0 -72.64819817,2.560884833,0 -72.648187,2.560850667,0 -72.64817367,2.560867667,0 -72.64813683,2.560855167,0 -72.64822617,2.560860167,0 -72.648148,2.5608595,0 -72.64813167,2.560845167,0 -72.648155,2.560828667,0 -72.6481225,2.560458333,0 -72.6481425,2.560850667,0 -72.6481645,2.560842167,0 -72.64808083,2.560889,0 -72.64816283,2.5608215,0 -72.64809983,2.560885833,0 -72.64811883,2.560830333,0 -72.648217,2.560882667,0 -72.64812967,2.56086,0 -72.64818917,2.560868667,0 -72.64816233,2.560871,0 -72.64817033,2.560877667,0 -72.64815233,2.560873833,0 -72.648166,2.560826333,0 -72.64815333,2.560867833,0 -72.648044,2.560866833,0 -72.64818067,2.5607805,0 -72.64814517,2.560904,0 -72.64815933,2.560858333,0 -72.64816717,2.560868667,0 -72.64815867,2.5608375,0 -72.64816833,2.560876667,0 -72.64815,2.560848,0 -72.64816033,2.560865833,0 -72.64814517,2.560837333,0 -72.6481505,2.560879333,0 -72.64815133,2.560821333,0 -72.64808833,2.560790333,0 -72.64818883,2.560866833,0 -72.648149,2.560822667,0 -72.648166,2.5608925,0 -72.64818083,2.560842667,0 -72.64817317,2.560870167,0 -72.6481565,2.5608745,0 -72.64815833,2.560859667,0 -72.6481475,2.560866833,0 -72.64817617,2.560842167,0 -72.64814683,2.560882667,0 -72.64813583,2.560864667,0 -72.6481565,2.560853833,0 -72.64813783,2.5608455,0 -72.64817633,2.560850333,0 -72.6481705,2.560865833,0 -72.64814783,2.5608385,0 -72.6481645,2.560869167,0 -72.648188,2.560816167,0 -72.64816333,2.561036667,0 -72.6482175,2.560877,0 -72.64818567,2.560871833,0 -72.64815567,2.560856167,0 -72.64816183,2.560879833,0 -72.64817133,2.560876,0 -72.64817783,2.560876333,0 -72.64816267,2.560877167,0 -72.64817633,2.560894833,0 -72.64818,2.560866833,0 -72.64818717,2.560885667,0 -72.64819217,2.560847833,0 -72.6481655,2.560896,0 -72.64814567,2.560872167,0 -72.64817017,2.560874333,0 -72.64816017,2.560837333,0 -72.6481695,2.560863333,0 -72.64817067,2.5608355,0 -72.64814133,2.560876667,0 -72.64816533,2.560913333,0 -72.64819583,2.560924333,0 -72.64817283,2.5608705,0 -72.64819783,2.560891167,0 -72.6481585,2.560867,0 -72.64815917,2.560886333,0 -72.648167,2.560866,0 -72.64813433,2.560867667,0 -72.64816283,2.560889167,0 -72.64815333,2.560855167,0 -72.648503,2.560888,0 -72.649222,2.561704,0 -72.647136,2.571865,0 -72.647111,2.571854,0 -72.64711,2.571819,0 -72.647147,2.571872,0 -72.647122,2.571844,0 -72.647141,2.571835,0 -72.647135,2.571857,0 -72.647144,2.571856,0 -72.647141,2.571865,0 -72.647137,2.571839,0 -72.647136,2.571833,0 -72.647149,2.571853,0 -72.647137,2.57186,0 -72.647141,2.571868,0 -72.64713,2.571883,0 -72.647141,2.571875,0 -72.647119,2.571844,0 -72.647116,2.571846,0 -72.64711,2.571812,0 -72.647108,2.571831,0 -72.64713,2.571874,0 -72.647091,2.571841,0 -72.647136,2.571838,0 -72.647136,2.571868,0 -72.647114,2.571827,0 -72.647145,2.571866,0 -72.647123,2.57184,0 -72.647119,2.571819,0 -72.647125,2.57184,0 -72.646921,2.571987,0 -72.648201,2.560858,0 -72.648168,2.560766,0 -72.648193,2.560765,0 -72.648185,2.560849,0 -72.648099,2.560858,0 -72.64824,2.560937,0 -72.648293,2.560924,0 -72.648225,2.560805,0 -72.648082,2.560911,0 -72.64819267,2.560854167,0 -72.6481675,2.5607905,0 -72.64817383,2.560864333,0 -72.64814767,2.560857,0 -72.64818683,2.560892833,0 -72.648026,2.5608245,0 -72.64813367,2.560895167,0 -72.6482615,2.560765,0 -72.647125,2.571842,0 -72.64713,2.571878,0 -72.64816,2.56062,0 -72.648201,2.560939,0 -72.64814467,2.560800167,0 -72.64598333,2.565441,0 -72.648186,2.560882833,0 -72.64814,2.5608735,0 -72.648157,2.560867333,0 -72.64814167,2.560781833,0 -72.6481695,2.560859833,0 -72.64816783,2.560838,0 -72.64814367,2.560880667,0 -72.648167,2.560864167,0 -72.64817017,2.560839833,0 -72.64813367,2.560797,0 -72.64815517,2.560856167,0 -72.6481525,2.5608745,0 -72.6481535,2.560799833,0 -72.64816967,2.560849167,0 -72.64814917,2.5608865,0 -72.64810933,2.560855167,0 -72.648284,2.561036167,0 -72.6481535,2.5608715,0 -72.648079,2.560867,0 -72.64816517,2.560844833,0 -72.648176,2.560816833,0 -72.64815367,2.560839,0 -72.64814583,2.5608335,0 -72.64816267,2.560855,0 -72.64814667,2.560857167,0 -72.64815867,2.560870333,0 -72.648156,2.5608685,0 -72.64815917,2.560860167,0 -72.648166,2.560859833,0 -72.64816983,2.560877,0 -72.64816833,2.560882833,0 -72.64816367,2.560865333,0 -72.64816683,2.560881,0 -72.64811967,2.5608475,0 -72.64816933,2.560854833,0 -72.64814817,2.560861667,0 -72.64814617,2.560818667,0 -72.648146,2.5608545,0 -72.64815383,2.560851,0 -72.6481525,2.5608745,0 -72.6481595,2.560865167,0 -72.64817017,2.560854,0 -72.64816933,2.5608645,0 -72.64816517,2.560863833,0 -72.6481675,2.560864833,0 -72.648155,2.560842833,0 -72.64815467,2.560827667,0 -72.6481385,2.560884167,0 -72.6481365,2.560877833,0 -72.64814483,2.5608745,0 -72.64815183,2.560881333,0 -72.648157,2.560874,0 -72.64815917,2.560849833,0 -72.64815567,2.560888167,0 -72.64815417,2.560870667,0 -72.64815067,2.560860167,0 -72.64814567,2.56086,0 -72.64814767,2.560855667,0 -72.64813533,2.560853167,0 -72.64813567,2.560861167,0 -72.64815667,2.560852833,0 -72.64814883,2.5608525,0 -72.64816367,2.560872,0 -72.64814517,2.560847,0 -72.64815883,2.5608485,0 -72.64815333,2.5608215,0 -72.64815817,2.560841,0 -72.64816233,2.560865167,0 -72.64816933,2.560873,0 -72.64815217,2.560859667,0 -72.64815317,2.5608765,0 -72.64815483,2.560863333,0 -72.6481405,2.5608535,0 -72.64814333,2.560836167,0 -72.64815683,2.560828833,0 -72.64815167,2.560870333,0 -72.64815117,2.560852833,0 -72.6481635,2.560903167,0 -72.64816933,2.560861167,0 -72.64814483,2.560891,0 -72.64814833,2.560873167,0 -72.64815567,2.560861833,0 -72.64815783,2.560864167,0 -72.648152,2.560866167,0 -72.64816617,2.560846667,0 -72.64815017,2.560861167,0 -72.648157,2.5608485,0 -72.6481425,2.5608915,0 -72.6481495,2.560860333,0 -72.648161,2.560858,0 -72.64814417,2.560827,0 -72.648168,2.560943,0 -72.646526,2.559044,0 -72.635738,2.554177,0 -72.579452,2.526908,0 -72.570918,2.520923,0 -72.562026,2.519521,0 -72.538305,2.520549,0 -72.518546,2.520779,0 -72.500293,2.528437,0 -72.479443,2.547954,0 -72.458856,2.548406,0 -72.442007,2.553526,0 -72.345958,2.554323,0 -72.317735,2.552844,0 -72.314576,2.554922,0 -72.31456,2.554929,0 -72.310466,2.549707,0 -72.297691,2.539077,0 -72.286905,2.533076,0 -72.26658,2.52224,0 -72.249887,2.537152,0 -72.230883,2.555917,0 -72.197464,2.535675,0 -72.196802,2.531139,0 -72.193787,2.538461,0 -72.617157,2.522771,0 -72.527917,2.521217,0 -72.423565,2.549579,0 -72.40428,2.545257,0 -72.386261,2.536951,0 -72.36777,2.543316,0 -72.314571,2.554897,0 -72.231125,2.568556,0 -72.221454,2.575252,0 -72.191599,2.539948,0 -72.1915035,2.540051667,0 -72.19149017,2.540006833,0 -72.191512,2.540023,0 -72.19148817,2.540010167,0 -72.19149717,2.540017333,0 -72.19149983,2.540009833,0 -72.19149583,2.540018333,0 -72.191509,2.540024167,0 -72.19150467,2.540017667,0 -72.19147283,2.5400095,0 -72.19151633,2.540008833,0 -72.1914745,2.539998,0 -72.1914925,2.540025,0 -72.19148317,2.5399925,0 -72.191482,2.539986167,0 -72.1915045,2.540027667,0 -72.19149233,2.53999,0 -72.191488,2.540005667,0 -72.19147267,2.540012667,0 -72.19149867,2.5400465,0 -72.19149667,2.540043833,0 -72.1915245,2.540035333,0 -72.19149483,2.540032167,0 -72.19149,2.540025,0 -72.191495,2.5400115,0 -72.19152517,2.540018833,0 -72.19149283,2.540013333,0 -72.19150883,2.540016,0 -72.1915095,2.540064333,0 -72.19154383,2.540047333,0 -72.19149617,2.5399845,0 -72.191543,2.540034167,0 -72.1914015,2.539990333,0 -72.19151383,2.540003667,0 -72.19150067,2.540006167,0 -72.19151583,2.540019333,0 -72.19150167,2.5399825,0 -72.19150417,2.540035833,0 -72.19146533,2.539994167,0 -72.19150217,2.539964,0 -72.19149383,2.540020833,0 -72.19154533,2.5400035,0 -72.19152683,2.540023333,0 -72.191528,2.5400135,0 -72.19151083,2.540055,0 -72.19149017,2.5400015,0 -72.19149733,2.5400065,0 -72.1915015,2.53999,0 -72.19148,2.539991667,0 -72.19145633,2.539975167,0 -72.19144667,2.539947,0 -72.1914785,2.539956,0 -72.1914805,2.539987833,0 -72.19147383,2.539958667,0 -72.19145683,2.539971333,0 -72.19151883,2.539960667,0 -72.19149917,2.540009,0 -72.19152583,2.540038333,0 -72.1915275,2.5400325,0 -72.191456,2.5399575,0 -72.19149483,2.539985167,0 -72.1914835,2.540018333,0 -72.19146733,2.5399905,0 -72.19148067,2.539995333,0 -72.19148033,2.540021333,0 -72.19152,2.540063167,0 -72.19147833,2.539969833,0 -72.19147367,2.5400235,0 -72.19147933,2.539962167,0 -72.191514,2.540067,0 -72.1914945,2.540004,0 -72.19146583,2.539947833,0 -72.19148683,2.540002333,0 -72.19152317,2.5400235,0 -72.19150333,2.540018,0 -72.191494,2.539996333,0 -72.19150533,2.540015833,0 -72.191511,2.540020833,0 -72.19149717,2.539997,0 -72.19147983,2.539999167,0 -72.19144817,2.5399565,0 -72.19149467,2.540014,0 -72.191502,2.540029,0 -72.1914715,2.540005833,0 -72.1914875,2.540012,0 -72.19148683,2.540008667,0 -72.19148667,2.540018333,0 -72.1914605,2.539989167,0 -72.1914965,2.540000833,0 -72.19150983,2.5400235,0 -72.19149883,2.540030667,0 -72.1914715,2.539995,0 -72.193974,2.538477,0 -72.19411,2.538423,0 -72.204295,2.544404,0 -72.218551,2.567468,0 -72.219675,2.57041,0 -72.229072,2.593363,0 -72.648203,2.560811,0 -72.648197,2.560798,0 -72.648389,2.560863,0 -72.648215,2.560829,0 -72.648347,2.560847,0 -72.648088,2.560849,0 -72.647991,2.560889,0 -72.64816883,2.560830333,0 -72.64812067,2.560855667,0 -72.64813967,2.56083,0 -72.64816733,2.560851167,0 -72.64814833,2.560798167,0 -72.64815667,2.560834333,0 -72.64815117,2.5608465,0 -72.64816067,2.560845833,0 -72.64814467,2.560833167,0 -72.648163,2.560852,0 -72.64815967,2.560855833,0 -72.6481545,2.560845,0 -72.64815167,2.560872667,0 -72.648167,2.560858,0 -72.64816,2.5608475,0 -72.64814967,2.560844667,0 -72.64815633,2.560847167,0 -72.64816417,2.560860167,0 -72.64815383,2.560826333,0 -72.648162,2.560848667,0 -72.64816617,2.560892,0 -72.6481575,2.560874167,0 -72.64815767,2.560858667,0 -72.64815333,2.560873833,0 -72.6481535,2.560866833,0 -72.64819367,2.560884333,0 -72.26066,2.523179,0 -72.2908,2.536812,0 -72.396064,2.542173,0 -72.470148,2.551782,0 -72.462075,2.535601,0 -72.4521,2.51232,0 -72.456171,2.523787,0 -72.524429,2.483587,0 -72.512331,2.431993,0 -72.64814133,2.560866833,0 -72.64817467,2.560824833,0 -72.64813217,2.560836,0 -72.648153,2.560846833,0 -72.64814283,2.560855333,0 -72.64815967,2.560872667,0 -72.64817017,2.560843167,0 -72.64817583,2.560838,0 -72.64817167,2.560856167,0 -72.548159,2.392756,0 -72.54819333,2.392745167,0 -72.548165,2.3927375,0 -72.54816783,2.392734,0 -72.548156,2.392741,0 -72.5482085,2.392737667,0 -72.54818917,2.392737333,0 -72.54814517,2.392748833,0 -72.54817933,2.392759833,0 -72.548159,2.39274,0 -72.548196,2.39274,0 -72.548174,2.392731,0 -72.548182,2.392755,0 -72.548153,2.39277,0 -72.548189,2.39278,0 -72.548185,2.392758,0 -72.548186,2.392797,0 -72.548189,2.392764,0 -72.548177,2.392752,0 -72.548178,2.392752,0 -72.548174,2.392746,0 -72.548159,2.392742,0 -72.548171,2.39276,0 -72.54814,2.392775,0 -72.548161,2.392739,0 -72.548183,2.392765,0 -72.548164,2.392765,0 -72.5482,2.392721,0 -72.548186,2.392711,0 -72.548181,2.39273,0 -72.54817,2.392745,0 -72.548194,2.392757,0 -72.548167,2.39275,0 -72.548154,2.392745,0 -72.548184,2.392743,0 -72.54817,2.392752,0 -72.548177,2.392737,0 -72.548168,2.392758,0 -72.548179,2.392753,0 -72.548184,2.392755,0 -72.548182,2.392744,0 -72.548209,2.392767,0 -72.548199,2.392761,0 -72.548215,2.392786,0 -72.548189,2.392777,0 -72.548159,2.392797,0 -72.548175,2.392709,0 -72.548164,2.392763,0 -72.548208,2.392751,0 -72.548161,2.392766,0 -72.548147,2.392745,0 -72.548168,2.392735,0 -72.54817133,2.392735333,0 -72.54819367,2.392753833,0 -72.548222,2.392716167,0 -72.54817267,2.392734333,0 -72.54817333,2.3927765,0 -72.54815483,2.392765333,0 -72.548238,2.392808,0 -72.556995,2.412345,0 -72.566306,2.403472,0 -72.566285,2.403621,0 -72.556194,2.411726,0 -72.537063,2.411736,0 -72.526825,2.404997,0 -72.5248,2.400745,0 -72.490005,2.373692,0 -72.466365,2.354146,0 -72.457122,2.342036,0 -72.446364,2.351171,0 -72.434034,2.341757,0 -72.425848,2.349778,0 -72.435903,2.340212,0 -72.435899,2.340209,0 -72.435909,2.340217,0 -72.548217,2.392818,0 -72.547693,2.392847,0 -72.547887,2.392856,0 -72.541997,2.396252,0 -72.526913,2.405124,0 -72.510692,2.379911,0 -72.425859,2.349772,0 -72.425926,2.349762,0 -72.435718,2.340122833,0 -72.43572433,2.340098333,0 -72.435671,2.339886,0 -72.435808,2.33994,0 -72.4364,2.33959,0 -72.438955,2.337263,0 -72.439866,2.336464,0 -72.439856,2.336426,0 -72.439915,2.336489,0 -72.439924,2.336461,0 -72.439887,2.336476,0 -72.439891,2.336451,0 -72.4399,2.336462,0 -72.439888,2.336483,0 -72.439899,2.336476,0 -72.439882,2.336476,0 -72.439909,2.336458,0 -72.439901,2.336491,0 -72.439912,2.336471,0 -72.44232,2.334609,0 -72.444421,2.333432,0 -72.446954,2.332066,0 -72.448602,2.331168,0 -72.448597,2.331181,0 -72.449939,2.330378,0 -72.450094,2.330233,0 -72.464636,2.320597,0 -72.439221,2.296597,0 -72.419403,2.287284,0 -72.414253,2.28181,0 -72.414154,2.281746,0 -72.41414,2.281729,0 -72.413887,2.281593,0 -72.413981,2.281666,0 -72.439892,2.336491,0 -72.43991,2.336473,0 -72.43989,2.336471,0 -72.439934,2.336475,0 -72.439887,2.336469,0 -72.440959,2.335641,0 -72.4139705,2.281671333,0 -72.41394667,2.281681333,0 -72.41396067,2.281687667,0 -72.41398217,2.2816665,0 -72.41395183,2.281690833,0 -72.413948,2.281671333,0 -72.41393717,2.281650167,0 -72.41397383,2.281675333,0 -72.413971,2.28165,0 -72.41393117,2.281680667,0 -72.41392783,2.281653667,0 -72.41395833,2.281664667,0 -72.413963,2.281673667,0 -72.41394033,2.2816655,0 -72.41394583,2.281655,0 -72.4139655,2.2817005,0 -72.41396517,2.281683667,0 -72.41397117,2.281693667,0 -72.41395933,2.281681,0 -72.41397583,2.281708667,0 -72.41397817,2.281693,0 -72.413952,2.281678,0 -72.413974,2.281693,0 -72.4139615,2.28169,0 -72.413982,2.281710333,0 -72.4139755,2.281673333,0 -72.4139695,2.28169,0 -72.41398383,2.281653833,0 -72.41396133,2.281682,0 -72.41393717,2.281664667,0 -72.4139615,2.281685333,0 -72.41395717,2.2816835,0 -72.4139505,2.281689333,0 -72.41397683,2.281662833,0 -72.41392633,2.281666,0 -72.41395033,2.281665833,0 -72.413955,2.281642,0 -72.41395083,2.281667,0 -72.4139565,2.281675333,0 -72.41395167,2.281645667,0 -72.413955,2.281649833,0 -72.41394383,2.281652,0 -72.41396267,2.28164,0 -72.4139505,2.281667833,0 -72.41392467,2.281662333,0 -72.41395617,2.281650167,0 -72.4139715,2.281670667,0 -72.41396283,2.281695833,0 -72.4139745,2.281679,0 -72.413978,2.281667167,0 -72.41397383,2.28169,0 -72.41398717,2.2817,0 -72.41397483,2.2816825,0 -72.41397683,2.281699667,0 -72.4139775,2.2816825,0 -72.41396917,2.281673,0 -72.41402133,2.281666333,0 -72.4139605,2.28165,0 -72.41399167,2.281680333,0 -72.4139685,2.281678,0 -72.413971,2.2817005,0 -72.41395533,2.281676333,0 -72.41396783,2.281684,0 -72.41397033,2.281686333,0 -72.413935,2.28172,0 -72.41395417,2.281672833,0 -72.41393883,2.2816785,0 -72.41395767,2.28168,0 -72.41394717,2.281666167,0 -72.41395617,2.281659167,0 -72.41396733,2.281677833,0 -72.230592,2.571258,0 -72.4139695,2.281676833,0 -72.238005,2.550803,0 -72.251059,2.53577,0 -72.275456,2.524489,0 -72.305362,2.543583,0 -72.322139,2.553582,0 -72.345916,2.554315,0 -72.4139705,2.281638167,0 -72.359111,2.549806,0 -72.376055,2.538946,0 -72.41398433,2.281655833,0 -72.412706,2.54528,0 -72.429921,2.550194,0 -72.436087,2.552876,0 -72.4139625,2.281667333,0 -72.444215,2.55487,0 -72.41398,2.281675333,0 -72.458682,2.548277,0 -72.4535,2.517404,0 -72.465825,2.542423,0 -72.47971,2.547789,0 -72.493998,2.532397,0 -72.510025,2.523342,0 -72.526586,2.521664,0 -72.41396467,2.281620333,0 -72.545145,2.517486,0 -72.41399817,2.281672333,0 -72.542196,2.497677,0 -72.512243,2.468536,0 -72.507532,2.448631,0 -72.516576,2.414467,0 -72.41399183,2.281689833,0 -72.527707,2.406521,0 -72.543935,2.406308,0 -72.543347,2.392544,0 -72.41395133,2.281598167,0 -72.548248,2.392802,0 -72.41397633,2.281643667,0 -72.548244,2.392773,0 -72.5481745,2.392744833,0 -72.5481885,2.392734833,0 -72.54816667,2.392754667,0 -72.54818383,2.392757667,0 -72.54816667,2.3926945,0 -72.5481855,2.392744,0 -72.54815967,2.392742833,0 -72.5482065,2.392754167,0 -72.54818033,2.392743,0 -72.54817783,2.392750667,0 -72.548201,2.392745167,0 -72.413948,2.281664,0 -72.41394,2.281659,0 -72.413955,2.281665,0 -72.413958,2.281676,0 -72.413947,2.281644,0 -72.413961,2.281668,0 -72.413942,2.281633,0 -72.413948,2.281638,0 -72.413965,2.281678,0 -72.413983,2.281665,0 -72.413952,2.281691,0 -72.413952,2.281658,0 -72.413957,2.281672,0 -72.41392033,2.281608,0 -72.41394067,2.2816315,0 -72.41396933,2.281687167,0 -72.41394083,2.281611,0 -72.41394733,2.2816155,0 -72.41393783,2.281648667,0 -72.413959,2.281673,0 -72.41396233,2.281689167,0 -72.41397267,2.281654,0 -72.413974,2.281672,0 -72.41397283,2.281690667,0 -72.413959,2.2816485,0 -72.4139265,2.281670333,0 -72.41394433,2.2816615,0 -72.4139435,2.281644,0 -72.41397833,2.281711167,0 -72.41395417,2.281699167,0 -72.41395533,2.281689333,0 -72.413958,2.281688,0 -72.413966,2.281675833,0 -72.41396283,2.2816565,0 -72.41396683,2.281668833,0 -72.41396233,2.281664333,0 -72.41395883,2.281656167,0 -72.41394967,2.281652,0 -72.41395667,2.281662167,0 -72.41395567,2.281650167,0 -72.41396567,2.281667833,0 -72.41396717,2.281687333,0 -72.41397233,2.28165,0 -72.41397583,2.281655667,0 -72.41394267,2.281656667,0 -72.41397083,2.2816575,0 -72.413909,2.281640833,0 -72.41401517,2.281676833,0 -72.41395367,2.281667333,0 -72.41398883,2.281680167,0 -72.41397583,2.281650833,0 -72.41397267,2.281673167,0 -72.413941,2.2816505,0 -72.4139505,2.281653333,0 -72.41394483,2.281655333,0 -72.413931,2.281683167,0 -72.41396083,2.281707833,0 -72.4139835,2.281659167,0 -72.4139705,2.281665833,0 -72.41396867,2.281663833,0 -72.41395433,2.281668333,0 -72.41397033,2.281679167,0 -72.41395467,2.281694,0 -72.413974,2.281712167,0 -72.41397983,2.281697667,0 -72.413975,2.281677333,0 -72.41395783,2.281649833,0 -72.41396917,2.281665333,0 -72.41397433,2.281663833,0 -72.41398517,2.2816805,0 -72.4139395,2.281612833,0 -72.4139845,2.281680167,0 -72.41398867,2.2816775,0 -72.41401017,2.281645167,0 -72.41397517,2.281662833,0 -72.413984,2.281680667,0 -72.41397667,2.281673667,0 -72.41399483,2.281660833,0 -72.413962,2.281661667,0 -72.41397167,2.281672,0 -72.4139975,2.281694167,0 -72.41393133,2.281665667,0 -72.4139735,2.281657333,0 -72.4140045,2.2817175,0 -72.41398067,2.281683833,0 -72.41393217,2.281646,0 -72.41399333,2.281676167,0 -72.4139915,2.2816835,0 -72.41399267,2.281680667,0 -72.41398767,2.281629667,0 -72.4139775,2.281657167,0 -72.41397917,2.2816685,0 -72.41399583,2.281673667,0 -72.41399017,2.281679333,0 -72.41397917,2.281703667,0 -72.413998,2.2816975,0 -72.41398017,2.281680667,0 -72.41396,2.2816685,0 -72.41396083,2.281720167,0 -72.41393,2.281698333,0 -72.41396717,2.281706833,0 -72.41397,2.281659,0 -72.41397367,2.2816635,0 -72.41396233,2.281667833,0 -72.413995,2.281702833,0 -72.41396867,2.2816715,0 -72.41398133,2.281694833,0 -72.41397133,2.2817,0 -72.41396967,2.281677167,0 -72.41396317,2.281678667,0 -72.41396367,2.281685667,0 -72.41396067,2.281655167,0 -72.41395417,2.281652333,0 -72.4139825,2.281691667,0 -72.41395733,2.2816665,0 -72.41394017,2.2816715,0 -72.41397033,2.281701667,0 -72.41397483,2.2816785,0 -72.41395833,2.281679833,0 -72.41397767,2.281690667,0 -72.41396483,2.281691,0 -72.413971,2.28169,0 -72.41397633,2.281682,0 -72.41395617,2.281686833,0 -72.41393567,2.281674833,0 -72.41396583,2.281680167,0 -72.4139545,2.281666833,0 -72.413946,2.2816805,0 -72.41396617,2.2816795,0 -72.41395083,2.281658,0 -72.41396133,2.281720167,0 -72.41395033,2.281651333,0 -72.41393883,2.281653167,0 -72.41393967,2.2816775,0 -72.41394133,2.281654333,0 -72.41398117,2.281658667,0 -72.41400683,2.281704,0 -72.41395983,2.281682167,0 -72.413981,2.281656333,0 -72.41398667,2.281689333,0 -72.4139555,2.281661,0 -72.41391117,2.281675833,0 -72.4139235,2.281647333,0 -72.41396317,2.281672833,0 -72.4139715,2.281654167,0 -72.41396617,2.281651,0 -72.41397633,2.28167,0 -72.41394083,2.2816665,0 -72.413953,2.281675,0 -72.413972,2.281662333,0 -72.41397067,2.281662,0 -72.41395933,2.281700333,0 -72.41397033,2.281683333,0 -72.413961,2.2816925,0 -72.4139665,2.281682167,0 -72.41396033,2.2816875,0 -72.41396117,2.281645833,0 -72.41396983,2.281671,0 -72.4139735,2.281677667,0 -72.41397667,2.2816835,0 -72.41395183,2.281656333,0 -72.413959,2.2816705,0 -72.4140385,2.281666167,0 -72.41398333,2.281651167,0 -72.41397,2.2816855,0 -72.414009,2.2816805,0 -72.41398233,2.2816705,0 -72.41395867,2.2816655,0 -72.41397183,2.281677167,0 -72.413966,2.2816715,0 -72.41396683,2.281665667,0 -72.413935,2.281696333,0 -72.41397283,2.281676667,0 -72.41396967,2.281668667,0 -72.413961,2.281667333,0 -72.4139505,2.2816275,0 -72.41397267,2.281664667,0 -72.413949,2.281647667,0 -72.41393567,2.281651833,0 -72.413964,2.281614333,0 -72.41394433,2.281613667,0 -72.413941,2.281667167,0 -72.41395683,2.281663833,0 -72.41393933,2.281690833,0 -72.4139495,2.281662333,0 -72.41397117,2.2816575,0 -72.413961,2.281696667,0 -72.4139675,2.281667833,0 -72.41395283,2.281673833,0 -72.41395667,2.2816715,0 -72.41396517,2.281698333,0 -72.41397033,2.281678167,0 -72.4139445,2.281671333,0 -72.41394567,2.281660833,0 -72.41392967,2.281664333,0 -72.413942,2.281667833,0 -72.41395567,2.2816675,0 -72.41390733,2.281667333,0 -72.413973,2.281703167,0 -72.4139705,2.2817145,0 -72.41396383,2.281695167,0 -72.41395767,2.2816695,0 -72.413955,2.28167,0 -72.413934,2.281662,0 -72.41394067,2.281692833,0 -72.4139655,2.281670167,0 -72.41395133,2.281628,0 -72.413953,2.281642,0 -72.41394467,2.281662,0 -72.413969,2.281660333,0 -72.4139815,2.281679667,0 -72.41399217,2.281688,0 -72.41395867,2.281669,0 -72.41396667,2.2816555,0 -72.41396883,2.281656,0 -72.41399633,2.281685833,0 -72.41397217,2.2816705,0 -72.4139755,2.281700333,0 -72.41395517,2.281639833,0 -72.413931,2.281652667,0 -72.41393817,2.281648167,0 -72.4139575,2.281670833,0 -72.41395667,2.281663,0 -72.41398583,2.2816775,0 -72.41398483,2.281659,0 -72.41397,2.281665667,0 -72.413975,2.281653,0 -72.413971,2.281681,0 -72.4139895,2.2816565,0 -72.413969,2.281672333,0 -72.41397233,2.281665833,0 -72.41400183,2.281681167,0 -72.41399033,2.281673333,0 -72.4140055,2.281673333,0 -72.4139745,2.281654667,0 -72.413974,2.281646167,0 -72.41398733,2.281677167,0 -72.41397433,2.281640167,0 -72.41396167,2.281651833,0 -72.41397067,2.281684833,0 -72.4139565,2.2816435,0 -72.41392017,2.281628333,0 -72.41398783,2.281665167,0 -72.41396533,2.281652833,0 -72.413949,2.281648333,0 -72.4139685,2.281660667,0 -72.41397,2.2816405,0 -72.413981,2.2816305,0 -72.41395467,2.281618833,0 -72.413966,2.28167,0 -72.4139555,2.2816945,0 -72.413983,2.281712,0 -72.413968,2.281708,0 -72.413968,2.281669,0 -72.413949,2.281653,0 -72.413972,2.281668,0 -72.413987,2.281685,0 -72.413977,2.281662,0 -72.41395567,2.281670833,0 -72.41397833,2.281678833,0 -72.4139575,2.281648667,0 -72.41391667,2.281640167,0 -72.41397917,2.2817025,0 -72.413965,2.281621,0 -72.41398517,2.281687833,0 -72.41394683,2.281632667,0 -72.413971,2.281685833,0 -72.41398683,2.281658833,0 -72.41395867,2.281663833,0 -72.413967,2.281664333,0 -72.413959,2.2816595,0 -72.41398133,2.281645333,0 -72.4139715,2.281678,0 -72.41399033,2.281603167,0 -72.41395283,2.281653667,0 -72.41394667,2.281632833,0 -72.41393817,2.281608167,0 -72.413953,2.281639833,0 -72.41394867,2.281659167,0 -72.414004,2.281687167,0 -72.41395417,2.281647167,0 -72.413945,2.281635333,0 -72.41395167,2.281641667,0 -72.4139815,2.281664333,0 -72.41394633,2.2816345,0 -72.41395217,2.281648,0 -72.41399083,2.281642833,0 -72.41397317,2.281675167,0 -72.41398383,2.2816895,0 -72.4139675,2.281696833,0 -72.41396483,2.281689167,0 -72.41395267,2.281668333,0 -72.41396983,2.281673333,0 -72.41395517,2.2816905,0 -72.41396467,2.281666667,0 -72.413978,2.281648333,0 -72.41395683,2.281668833,0 -72.41389717,2.281604667,0 -72.413973,2.281674,0 -72.413949,2.281656,0 -72.413963,2.281661,0 -72.413972,2.281667,0 -72.413954,2.281664,0 -72.413953,2.281666,0 -72.413948,2.281642,0 -72.413958,2.281672,0 -72.413952,2.28166,0 -72.413971,2.281653,0 -72.413955,2.281671,0 -72.413957,2.281641,0 -72.413957,2.281649,0 -72.413967,2.281658,0 -72.413966,2.281675,0 -72.413947,2.281649,0 -72.413951,2.281642,0 -72.413961,2.281655,0 -72.4139835,2.281627167,0 -72.41397867,2.281647,0 -72.413942,2.281630667,0 -72.41395333,2.281664667,0 -72.41396867,2.281688,0 -72.41398967,2.2816315,0 -72.413978,2.2816545,0 -72.41396683,2.281664333,0 -72.41398733,2.281658333,0 -72.41397567,2.281650333,0 -72.4139665,2.281667,0 -72.41395483,2.281656667,0 -72.41396583,2.281657833,0 -72.41397767,2.281667333,0 -72.41398783,2.281651,0 -72.4140135,2.281726167,0 -72.41397367,2.281628,0 -72.41397667,2.281674833,0 -72.41400117,2.281687,0 -72.41398783,2.281671167,0 -72.41396467,2.281648167,0 -72.413946,2.281699,0 -72.41396883,2.281715333,0 -72.41397333,2.281665333,0 -72.41396183,2.281676,0 -72.41397567,2.281691833,0 -72.41396583,2.281665333,0 -72.41395567,2.281682667,0 -72.41394383,2.281656833,0 -72.41396067,2.2816545,0 -72.41397367,2.2816865,0 -72.41395833,2.281678333,0 -72.41396317,2.2816615,0 -72.41397783,2.281674333,0 -72.4139685,2.281671167,0 -72.4139825,2.281694667,0 -72.41399267,2.2816935,0 -72.4140005,2.281697833,0 -72.41396883,2.281665167,0 -72.41396533,2.281701667,0 -72.413972,2.281676667,0 -72.41395483,2.281685,0 -72.41398717,2.281683,0 -72.41396817,2.281653,0 -72.41397217,2.281697167,0 -72.4139765,2.2816685,0 -72.41397233,2.281686667,0 -72.41398067,2.281692,0 -72.41396633,2.281683333,0 -72.4139695,2.281684667,0 -72.41393583,2.281706333,0 -72.413958,2.281672667,0 -72.41397367,2.281676167,0 -72.4139835,2.2816755,0 -72.41396317,2.281678,0 -72.41396383,2.281691167,0 -72.4139605,2.2816705,0 -72.41397667,2.281671,0 -72.41396533,2.281703167,0 -72.413976,2.281655167,0 -72.4139785,2.281678,0 -72.4139615,2.281704333,0 -72.41397233,2.281668,0 -72.4139605,2.2816695,0 -72.413982,2.281678833,0 -72.413975,2.281761167,0 -72.41398733,2.281630333,0 -72.41393283,2.281695667,0 -72.41395317,2.281672,0 -72.41392617,2.281682833,0 -72.41396433,2.281676667,0 -72.4139185,2.281717667,0 -72.41396567,2.281672167,0 -72.41398367,2.2816705,0 -72.4139685,2.281673333,0 -72.41398417,2.281674167,0 -72.4139715,2.281658167,0 -72.41398267,2.281693167,0 -72.41395933,2.281666333,0 -72.413962,2.281652667,0 -72.41396767,2.281649667,0 -72.41395467,2.281640833,0 -72.41396067,2.281676667,0 -72.41397583,2.281663833,0 -72.41398083,2.281647833,0 -72.41397283,2.281655667,0 -72.413956,2.281659333,0 -72.41396383,2.281676667,0 -72.41396867,2.281672167,0 -72.41397317,2.281653333,0 -72.41395933,2.281623667,0 -72.41396117,2.281656167,0 -72.41396183,2.281661167,0 -72.41398133,2.281665167,0 -72.41395117,2.281653333,0 -72.413973,2.281653833,0 -72.41398267,2.281664833,0 -72.41395267,2.281665167,0 -72.41397283,2.281668833,0 -72.41397533,2.281662333,0 -72.41396333,2.281677333,0 -72.41396317,2.281676833,0 -72.413967,2.281670833,0 -72.41395617,2.2816655,0 -72.41396233,2.281642333,0 -72.41395667,2.281654833,0 -72.41395983,2.281660333,0 -72.41396867,2.2816575,0 -72.413975,2.281670167,0 -72.41397083,2.281624667,0 -72.41398883,2.281687167,0 -72.4139905,2.2816605,0 -72.41399417,2.2817005,0 -72.41398583,2.281665167,0 -72.4139835,2.281638,0 -72.413954,2.281668833,0 -72.41394283,2.281699333,0 -72.41395183,2.281651333,0 -72.41395867,2.2816645,0 -72.41397,2.281668667,0 -72.41396783,2.281665,0 -72.41396733,2.281669,0 -72.41396667,2.281667167,0 -72.41397233,2.2816525,0 -72.41397167,2.281665,0 -72.413974,2.281675333,0 -72.41397117,2.281663667,0 -72.41395717,2.281653167,0 -72.4139735,2.281664833,0 -72.41395833,2.281685,0 -72.41397683,2.281692167,0 -72.41395983,2.281686333,0 -72.41397917,2.281662167,0 -72.41395667,2.281654167,0 -72.41397567,2.281660333,0 -72.41399283,2.2816515,0 -72.41397183,2.281685,0 -72.41399033,2.281689667,0 -72.41397283,2.281659667,0 -72.413975,2.2816585,0 -72.41394967,2.281641667,0 -72.41397183,2.281626167,0 -72.41397367,2.281643667,0 -72.41396983,2.281663333,0 -72.41397433,2.281643667,0 -72.41399067,2.281659333,0 -72.41398167,2.281657833,0 -72.41398433,2.2816465,0 -72.414031,2.281589333,0 -72.41397967,2.2816515,0 -72.4139725,2.281699333,0 -72.413965,2.281666167,0 -72.41394617,2.281653167,0 -72.4139565,2.281668,0 -72.41395983,2.281655833,0 -72.413968,2.281662833,0 -72.41395017,2.281641167,0 -72.4139895,2.281673833,0 -72.41398333,2.281677833,0 -72.41399267,2.281693667,0 -72.41398267,2.281685333,0 -72.4139935,2.281709833,0 -72.41396217,2.2816355,0 -72.4139535,2.281653333,0 -72.41393967,2.281620333,0 -72.4139445,2.281653,0 -72.4139575,2.281666,0 -72.41397367,2.281666833,0 -72.41394433,2.281671,0 -72.41396483,2.281671167,0 -72.41394383,2.281681667,0 -72.413948,2.281666833,0 -72.4139705,2.281649833,0 -72.413964,2.281655167,0 -72.41396567,2.281682833,0 -72.4139595,2.281632833,0 -72.41396133,2.2816575,0 -72.41395683,2.281676667,0 -72.41394283,2.281640833,0 -72.41398383,2.281651,0 -72.41396617,2.281649833,0 -72.41395233,2.281645833,0 -72.41396383,2.281672167,0 -72.41396617,2.281647833,0 -72.41395217,2.281665833,0 -72.4139265,2.281636,0 -72.413964,2.281681333,0 -72.41395383,2.281664,0 -72.41397417,2.281684833,0 -72.413945,2.281659333,0 -72.41397533,2.281669,0 -72.41399067,2.281646333,0 -72.41397067,2.281652333,0 -72.4139715,2.281649333,0 -72.41396283,2.281662333,0 -72.413974,2.281684,0 -72.41395833,2.281662833,0 -72.41398183,2.281652833,0 -72.41398067,2.281680333,0 -72.4139855,2.281674167,0 -72.41399,2.281676667,0 -72.41394567,2.281663833,0 -72.413954,2.281698167,0 -72.41397083,2.281669167,0 -72.413965,2.281668333,0 -72.41395333,2.281678667,0 -72.41394683,2.281655333,0 -72.41394617,2.281647667,0 -72.41395867,2.281671333,0 -72.41397817,2.281667333,0 -72.41394633,2.281664333,0 -72.413982,2.281677667,0 -72.41397617,2.281670667,0 -72.41396117,2.281663667,0 -72.41396867,2.281639167,0 -72.41397817,2.281648833,0 -72.41396333,2.2816325,0 -72.4139815,2.2816785,0 -72.41395633,2.281639333,0 -72.41393867,2.281624,0 -72.41396033,2.281634167,0 -72.4139615,2.281641833,0 -72.41394517,2.281601167,0 -72.41396517,2.281740167,0 -72.413976,2.281685667,0 -72.41397517,2.281673833,0 -72.41396767,2.2816615,0 -72.4139945,2.281706167,0 -72.41394217,2.281629333,0 -72.41396333,2.281667,0 -72.41395933,2.281634167,0 -72.41397283,2.2816485,0 -72.413946,2.2816685,0 -72.41396083,2.281649833,0 -72.41396933,2.281661167,0 -72.41395783,2.281646667,0 -72.41395467,2.281667,0 -72.4139705,2.281659167,0 -72.413959,2.281654667,0 -72.414016,2.281693667,0 -72.41399917,2.281691333,0 -72.41397117,2.281695333,0 -72.41390367,2.281621,0 -72.41395667,2.2816595,0 -72.41395583,2.2816615,0 -72.4139255,2.281638833,0 -72.41396367,2.281663833,0 -72.4139635,2.281665,0 -72.41397967,2.281670167,0 -72.41396567,2.281670667,0 -72.41395867,2.2816495,0 -72.413948,2.281666833,0 -72.41395517,2.281666667,0 -72.41395867,2.2816675,0 -72.41397717,2.281664833,0 -72.41396767,2.281688,0 -72.41395933,2.2816625,0 -72.41397,2.281661333,0 -72.413963,2.281659333,0 -72.41395917,2.2816555,0 -72.41397683,2.281652333,0 -72.41395483,2.281661333,0 -72.41396267,2.281661333,0 -72.41395783,2.281670833,0 -72.4139775,2.281677667,0 -72.41396283,2.281657667,0 -72.41395367,2.281665167,0 -72.4139525,2.281633333,0 -72.41400233,2.281663,0 -72.41394067,2.281656833,0 -72.41395767,2.281673833,0 -72.4139605,2.2816535,0 -72.41396717,2.281646667,0 -72.4139705,2.281658,0 -72.41398,2.281678167,0 -72.41397717,2.2816635,0 -72.4139865,2.281683333,0 -72.41397717,2.281667333,0 -72.41393517,2.281624333,0 -72.4139605,2.281656833,0 -72.413961,2.281653,0 -72.413976,2.281673333,0 -72.4139725,2.281664,0 -72.4139565,2.281663,0 -72.41396567,2.281650333,0 -72.4140065,2.281694,0 -72.41398083,2.281665333,0 -72.4139765,2.281654,0 -72.414008,2.281680167,0 -72.41398083,2.2816205,0 -72.41395567,2.281663833,0 -72.41399517,2.281669833,0 -72.41392167,2.281712833,0 -72.41394933,2.2816775,0 -72.413947,2.281691667,0 -72.41396817,2.281684667,0 -72.41400417,2.281644833,0 -72.41399767,2.281675667,0 -72.41398083,2.281689667,0 -72.4139945,2.281684167,0 -72.41398017,2.281691333,0 -72.41397267,2.281693833,0 -72.413938,2.2816625,0 -72.41397733,2.281659333,0 -72.4139895,2.281678,0 -72.41395183,2.281694667,0 -72.41395417,2.281646667,0 -72.41393533,2.281647,0 -72.41400633,2.281701333,0 -72.41398117,2.281673,0 -72.41395817,2.281653333,0 -72.41395967,2.281663667,0 -72.4139725,2.281656,0 -72.41395317,2.2816735,0 -72.41397217,2.281699667,0 -72.413967,2.281642667,0 -72.4139475,2.281655,0 -72.41396217,2.281653333,0 -72.41396783,2.281635167,0 -72.41396417,2.281679,0 -72.41396383,2.281684,0 -72.41400733,2.281717667,0 -72.41399,2.281700333,0 -72.413972,2.2817045,0 -72.413959,2.281696833,0 -72.41396517,2.281689167,0 -72.41398733,2.281713667,0 -72.41396567,2.281656333,0 -72.4139735,2.281681833,0 -72.4139755,2.281687167,0 -72.41396333,2.281674667,0 -72.413952,2.281677833,0 -72.41395317,2.2816855,0 -72.4139515,2.281660667,0 -72.41395517,2.281675,0 -72.41395717,2.281682833,0 -72.41394867,2.281688833,0 -72.41396817,2.281678,0 -72.41393783,2.2816835,0 -72.4139865,2.281670167,0 -72.4139495,2.281664667,0 -72.41399217,2.281676333,0 -72.41396067,2.2816565,0 -72.4139315,2.281661167,0 -72.41395717,2.281677,0 -72.41394383,2.2816715,0 -72.41392533,2.281638333,0 -72.413979,2.2816565,0 -72.413955,2.281662,0 -72.41396033,2.281660667,0 -72.41391067,2.281685667,0 -72.41395333,2.281677,0 -72.41395667,2.281666333,0 -72.41395417,2.281661,0 -72.41395117,2.281650833,0 -72.4139595,2.281665667,0 -72.41395517,2.281660833,0 -72.41395067,2.2816725,0 -72.41395167,2.281650667,0 -72.41398933,2.281703333,0 -72.4139795,2.281666333,0 -72.41399367,2.281684667,0 -72.4139695,2.281655667,0 -72.41398717,2.281722333,0 -72.41397517,2.281686667,0 -72.41397083,2.281688167,0 -72.413992,2.2816905,0 -72.41393383,2.281669667,0 -72.41398,2.281678167,0 -72.41395983,2.281678667,0 -72.41396417,2.281674667,0 -72.413976,2.281672167,0 -72.41399817,2.281682333,0 -72.413957,2.281681667,0 -72.41395867,2.2816635,0 -72.413938,2.2816565,0 -72.41395967,2.281683333,0 -72.41395067,2.281684333,0 -72.41396867,2.281672833,0 -72.4139765,2.2817025,0 -72.41395683,2.281668,0 -72.41394,2.281662333,0 -72.41393133,2.281639667,0 -72.41393683,2.281638167,0 -72.41398033,2.2816765,0 -72.4139585,2.281675,0 -72.41396583,2.281656,0 -72.4139475,2.281694,0 -72.41396233,2.2816675,0 -72.41397483,2.281654667,0 -72.4139585,2.2816585,0 -72.413962,2.281655333,0 -72.41395783,2.281652833,0 -72.41395983,2.281662667,0 -72.41396633,2.281674833,0 -72.41396067,2.281718667,0 -72.41398017,2.281719,0 -72.4139555,2.281676833,0 -72.4139715,2.281668,0 -72.41395383,2.281656833,0 -72.41397417,2.281662833,0 -72.41395067,2.281689833,0 -72.410194,2.280344,0 -72.410117,2.280365,0 -72.410164,2.280329,0 -72.410178,2.280317,0 -72.410177,2.280321,0 -72.410169,2.280308,0 -72.410216,2.280331,0 -72.41022,2.280363,0 -72.4139965,2.281665833,0 -72.41396867,2.281645333,0 -72.41397267,2.281657333,0 -72.4139695,2.281659833,0 -72.41399083,2.2816585,0 -72.4140035,2.281648833,0 -72.41396483,2.28166,0 -72.41396283,2.281674,0 -72.41396333,2.281637167,0 -72.41397583,2.281632667,0 -72.41395633,2.281647,0 -72.41398633,2.281659833,0 -72.41396633,2.281651333,0 -72.41398083,2.281661333,0 -72.4139715,2.281661,0 -72.41394683,2.28168,0 -72.41397917,2.281663667,0 -72.41393933,2.281666167,0 -72.41393567,2.281662833,0 -72.41396483,2.281668333,0 -72.41396567,2.281638667,0 -72.41395383,2.281637,0 -72.413977,2.281666,0 -72.41395183,2.281669,0 -72.41394833,2.281668667,0 -72.41395733,2.281639333,0 -72.41395817,2.281658667,0 -72.41395167,2.281646,0 -72.41396483,2.281666,0 -72.413973,2.281662833,0 -72.41392567,2.281681833,0 -72.41396483,2.281656167,0 -72.41395767,2.281653833,0 -72.41396583,2.2816685,0 -72.41395383,2.281675,0 -72.41394383,2.281696833,0 -72.41395483,2.281687667,0 -72.41396,2.281663167,0 -72.41395883,2.281664833,0 -72.414007,2.281655167,0 -72.41397167,2.281677,0 -72.41394683,2.281646833,0 -72.41396133,2.281672,0 -72.413958,2.281617667,0 -72.4139405,2.281662167,0 -72.41398,2.2816805,0 -72.41398033,2.281683,0 -72.413974,2.2816475,0 -72.41394633,2.281690667,0 -72.41397167,2.2816655,0 -72.410158,2.280552,0 -72.410173,2.280345,0 -72.410174,2.280371,0 -72.410171,2.280393,0 -72.410186,2.280445,0 -72.410217,2.280421,0 -72.410166,2.280471,0 -72.410207,2.280366,0 -72.410224,2.280357,0 -72.4102,2.280237,0 -72.410213,2.280278,0 -72.410209,2.280346,0 -72.410161,2.280419,0 -72.410204,2.280345,0 -72.410256,2.280306,0 -72.41021,2.280347,0 -72.410218,2.28041,0 -72.4102,2.280302,0 -72.410177,2.280288,0 -72.410232,2.280319,0 -72.410221,2.2803,0 -72.410158,2.280398,0 -72.410155,2.280301,0 -72.410152,2.280237,0 -72.410261,2.280245,0 -72.410217,2.280278,0 -72.410295,2.280367,0 -72.410208,2.280282,0 -72.410248,2.280193,0 -72.410207,2.280339,0 -72.410185,2.280233,0 -72.410194,2.280334,0 -72.410139,2.280324,0 -72.410074,2.280386,0 -72.410238,2.280355,0 -72.4102,2.280308,0 -72.41016,2.280207,0 -72.410188,2.280388,0 -72.41021,2.280357,0 -72.41017,2.280299,0 -72.410241,2.280414,0 -72.410194,2.280262,0 -72.410154,2.280334,0 -72.41019,2.280239,0 -72.410213,2.280165,0 -72.410206,2.280316,0 -72.410217,2.280382,0 -72.41031,2.280451,0 -72.410319,2.280451,0 -72.4099,2.280161,0 -72.409075,2.280667,0 -72.409035,2.280711,0 -72.409071,2.280659,0 -72.409011,2.280681,0 -72.40903,2.280677,0 -72.409038,2.280691,0 -72.408999,2.280666,0 -72.409016,2.280683,0 -72.409015,2.280681,0 -72.409023,2.280686,0 -72.409004,2.2807,0 -72.409006,2.280712,0 -72.409018,2.280712,0 -72.408985,2.280688,0 -72.408974,2.28066,0 -72.408995,2.280699,0 -72.408964,2.280671,0 -72.409022,2.280694,0 -72.408989,2.280699,0 -72.40899,2.280681,0 -72.409026,2.280692,0 -72.409023,2.280693,0 -72.408976,2.280693,0 -72.409015,2.280688,0 -72.409028,2.280691,0 -72.40899,2.28068,0 -72.409016,2.280675,0 -72.409031,2.280687,0 -72.409035,2.280699,0 -72.409038,2.280705,0 -72.409054,2.280714,0 -72.409058,2.280699,0 -72.409013,2.280682,0 -72.408984,2.280675,0 -72.408911,2.280674,0 -72.410162,2.280315,0 -72.41015,2.280376,0 -72.410171,2.280364,0 -72.410192,2.280328,0 -72.410207,2.280288,0 -72.410142,2.280351,0 -72.410189,2.280307,0 -72.410188,2.280306,0 -72.410175,2.280281,0 -72.410163,2.280234,0 -72.410183,2.280381,0 -72.41018,2.280429,0 -72.410211,2.280346,0 -72.410277,2.280302,0 -72.410207,2.280347,0 -72.410222,2.280261,0 -72.410141,2.280353,0 -72.410217,2.280305,0 -72.410162,2.280251,0 -72.40908,2.280781,0 -72.409047,2.28068,0 -72.408997,2.280666,0 -72.409008,2.280692,0 -72.409031,2.280687,0 -72.409044,2.280689,0 -72.409079,2.280701,0 -72.408784,2.280555167,0 -72.40879267,2.2805375,0 -72.40876733,2.280536,0 -72.40871533,2.280554833,0 -72.40874767,2.280563667,0 -72.408738,2.2806075,0 -72.40877683,2.280542167,0 -72.40876217,2.2805515,0 -72.4087725,2.280529333,0 -72.40878,2.280551667,0 -72.40880217,2.280583833,0 -72.40880167,2.280572333,0 -72.4087605,2.280559833,0 -72.4087345,2.280515833,0 -72.40884017,2.2805455,0 -72.408781,2.280550167,0 -72.4088115,2.280572167,0 -72.40878883,2.2805465,0 -72.40882817,2.280543833,0 -72.408804,2.280558167,0 -72.410289,2.279052,0 -72.410284,2.279027,0 -72.410315,2.279007,0 -72.410328,2.279005,0 -72.410319,2.278985,0 -72.410348,2.279012,0 -72.410335,2.279011,0 -72.4103,2.279006,0 -72.410279,2.279012,0 -72.410269,2.278994,0 -72.41028,2.279025,0 -72.410259,2.27901,0 -72.410318,2.278987,0 -72.410303,2.279022,0 -72.410317,2.279018,0 -72.410329,2.279003,0 -72.410299,2.279006,0 -72.41038,2.279015,0 -72.41038,2.279024,0 -72.410341,2.278977,0 -72.410305,2.279009,0 -72.410292,2.27902,0 -72.41038517,2.278965333,0 -72.4104255,2.278950167,0 -72.41041367,2.278988333,0 -72.41038283,2.278953333,0 -72.41039233,2.278961667,0 -72.41038717,2.278937167,0 -72.41039267,2.278966333,0 -72.41038983,2.278943833,0 -72.41038617,2.278945833,0 -72.41039167,2.2789575,0 -72.41039283,2.278924833,0 -72.41041417,2.278942167,0 -72.41039617,2.278940833,0 -72.410392,2.278934167,0 -72.41040467,2.278967333,0 -72.41040167,2.2789475,0 -72.41040917,2.278927167,0 -72.41041583,2.278951,0 -72.4103875,2.278922333,0 -72.41039517,2.278933333,0 -72.410398,2.278959167,0 -72.41038483,2.278955167,0 -72.4104035,2.278967333,0 -72.41039633,2.278921333,0 -72.41037167,2.278931167,0 -72.410379,2.278918,0 -72.410389,2.278942,0 -72.410403,2.278925,0 -72.41036,2.278921,0 -72.410381,2.278942,0 -72.41059733,2.2790845,0 -72.41037617,2.2789315,0 -72.41036367,2.278924,0 -72.410137,2.28041,0 -72.410139,2.280252,0 -72.410172,2.280303,0 -72.410077,2.280254,0 -72.410223,2.280338,0 -72.410177,2.28039,0 -72.41019,2.280187,0 -72.410199,2.280418,0 -72.410187,2.280403,0 -72.410195,2.28028,0 -72.41019,2.280383,0 -72.410164,2.280287,0 -72.410161,2.280322,0 -72.410229,2.280254,0 -72.410241,2.280307,0 -72.410178,2.280394,0 -72.410173,2.280431,0 -72.410189,2.280263,0 -72.41018,2.280376,0 -72.410181,2.28029,0 -72.410174,2.280321,0 -72.410174,2.280461,0 -72.410175,2.280248,0 -72.410226,2.280235,0 -72.410212,2.280235,0 -72.410145,2.280345,0 -72.410207,2.280401,0 -72.410192,2.280359,0 -72.410182,2.280281,0 -72.410159,2.280238,0 -72.410172,2.28027,0 -72.410236,2.280333,0 -72.410198,2.280237,0 -72.410163,2.280272,0 -72.410128,2.280285,0 -72.410159,2.280279,0 -72.410241,2.28026,0 -72.410191,2.280351,0 -72.410176,2.280316,0 -72.410147,2.280255,0 -72.410166,2.280276,0 -72.410412,2.278964,0 -72.41038033,2.2789525,0 -72.410416,2.278966,0 -72.410369,2.278948,0 -72.410404,2.278977,0 -72.410387,2.278984,0 -72.410382,2.278988,0 -72.410388,2.278976,0 -72.410375,2.278974,0 -72.410372,2.278989,0 -72.410369,2.278994,0 -72.410361,2.278974,0 -72.410374,2.278978,0 -72.410379,2.278967,0 -72.410368,2.278976,0 -72.410432,2.279014,0 -72.410433,2.279001,0 -72.410374,2.278988,0 -72.410366,2.278971,0 -72.41037,2.278991,0 -72.410357,2.279008,0 -72.410345,2.278975,0 -72.410405,2.278983,0 -72.410402,2.279008,0 -72.40879367,2.280547833,0 -72.40878633,2.280511,0 -72.4087985,2.280506,0 -72.40879483,2.280489167,0 -72.408772,2.280503167,0 -72.40876717,2.280528667,0 -72.4087635,2.2805095,0 -72.4088235,2.2805185,0 -72.4087845,2.280499833,0 -72.40876617,2.280506667,0 -72.40879283,2.280516167,0 -72.408761,2.280526333,0 -72.408738,2.280487333,0 -72.40875817,2.280529833,0 -72.40881067,2.280519,0 -72.40874967,2.280505333,0 -72.40881017,2.2805225,0 -72.40877417,2.2805125,0 -72.40875367,2.280502333,0 -72.40872833,2.2805145,0 -72.409461,2.280164,0 -72.410377,2.278965,0 -72.414242,2.28232,0 -72.41398433,2.281678333,0 -72.4139495,2.281653333,0 -72.410371,2.279002,0 -72.411778,2.278184,0 -72.390222,2.227924,0 -72.38223517,2.230100167,0 -72.382325,2.230055333,0 -72.38229833,2.230135167,0 -72.382291,2.2301155,0 -72.382367,2.230101833,0 -72.38234067,2.230098667,0 -72.38225317,2.2300645,0 -72.38230017,2.230057333,0 -72.3823085,2.230086,0 -72.3823015,2.230100333,0 -72.38229133,2.230114,0 -72.382258,2.230079833,0 -72.38238483,2.230065167,0 -72.382268,2.230128333,0 -72.38230483,2.2301255,0 -72.38228117,2.230077833,0 -72.38225867,2.230126167,0 -72.3822705,2.230118,0 -72.38231567,2.230096833,0 -72.382348,2.230092167,0 -72.38235733,2.230104167,0 -72.382324,2.230074,0 -72.38226,2.230145,0 -72.382261,2.230135,0 -72.382302,2.230097,0 -72.38231867,2.230095667,0 -72.38232267,2.230118833,0 -72.38234533,2.230094833,0 -72.38227817,2.230132333,0 -72.38230917,2.230097333,0 -72.38229233,2.230113833,0 -72.38225717,2.230138833,0 -72.382289,2.230124333,0 -72.38230483,2.2301005,0 -72.38230083,2.230105333,0 -72.38222067,2.230141833,0 -72.38241583,2.230041,0 -72.382215,2.228497,0 -72.33575,2.238403,0 -72.3316295,2.237987667,0 -72.3316135,2.237980333,0 -72.331609,2.237961167,0 -72.3316405,2.2379955,0 -72.38231,2.230103167,0 -72.33164083,2.237980833,0 -72.285157,2.254807,0 -72.259352,2.248632,0 -72.259354,2.248618,0 -72.259364,2.248643,0 -72.259356,2.248635,0 -72.259347,2.248628,0 -72.266135,2.271861,0 -72.26614,2.271849,0 -72.266159,2.27184,0 -72.265506,2.271442,0 -72.265492,2.27144,0 -72.265535,2.271455,0 -72.265494,2.27146,0 -72.33163333,2.237971333,0 -72.33164117,2.237973333,0 -72.33163733,2.237984833,0 -72.33165333,2.237977333,0 -72.265491,2.271476,0 -72.265529,2.27147,0 -72.265506,2.27147,0 -72.265493,2.271495,0 -72.265496,2.271501,0 -72.2655,2.271482,0 -72.265501,2.271501,0 -72.265524,2.271489,0 -72.26552,2.271484,0 -72.265511,2.271475,0 -72.265498,2.271482,0 -72.265529,2.271513,0 -72.265484,2.27149,0 -72.265516,2.271514,0 -72.265506,2.271484,0 -72.265539,2.271497,0 -72.26554,2.271544,0 -72.26557,2.271484,0 -72.265534,2.27154,0 -72.265504,2.27147,0 -72.265491,2.271475,0 -72.265498,2.271474,0 -72.265493,2.271471,0 -72.265467,2.271504,0 -72.265525,2.271452,0 -72.265496,2.271466,0 -72.265492,2.271471,0 -72.265484,2.271474,0 -72.265499,2.271478,0 -72.265484,2.271485,0 -72.263092,2.256,0 -72.266126,2.271863,0 -72.265509,2.271463,0 -72.265507,2.271465,0 -72.265511,2.271468,0 -72.2655,2.271472,0 -72.265522,2.271491,0 -72.33165417,2.237990667,0 -72.33162767,2.237998333,0 -72.3316525,2.237999833,0 -72.331628,2.2380015,0 -72.33163217,2.237999667,0 -72.33162467,2.237993,0 -72.33162883,2.237997,0 -72.331645,2.237991833,0 -72.33164017,2.238008,0 -72.331604,2.2379845,0 -72.33162867,2.237978,0 -72.33164333,2.2379995,0 -72.3316235,2.238012833,0 -72.33162667,2.237962833,0 -72.3316335,2.2380085,0 -72.33164217,2.238000333,0 -72.33161733,2.237965333,0 -72.3316295,2.237985,0 -72.331644,2.238002333,0 -72.33162833,2.237973,0 -72.3316225,2.237986333,0 -72.3316345,2.237999333,0 -72.33163533,2.238001667,0 -72.33163483,2.238020667,0 -72.3316425,2.238021833,0 -72.331656,2.237999667,0 -72.33161817,2.2379775,0 -72.33162533,2.237981,0 -72.33164283,2.2379905,0 -72.331634,2.238009333,0 -72.33162967,2.238025,0 -72.33163817,2.238010167,0 -72.331656,2.237993667,0 -72.3316595,2.238017833,0 -72.424376,2.23786,0 -72.438458,2.20218,0 -72.398553,2.166833,0 -72.344417,2.139862,0 -72.322459,2.127827,0 -72.303294,2.123082,0 -72.303301,2.123101,0 -72.303366,2.123086,0 -72.33161817,2.237991667,0 -72.331619,2.238004,0 -72.331621,2.23797,0 -72.303302,2.123075,0 -72.303301,2.123066,0 -72.303259,2.123059,0 -72.30331,2.123076,0 -72.30331,2.123057,0 -72.3033,2.123071,0 -72.303332,2.123066,0 -72.30331,2.123056,0 -72.303303,2.123064,0 -72.303332,2.123057,0 -72.303273,2.123085,0 -72.303269,2.123021,0 -72.286765,2.13482,0 -72.268353,2.145304,0 -72.278485,2.154078,0 -72.284413,2.14864,0 -72.28682,2.13503,0 -72.286727,2.134477,0 -72.424364,2.237836,0 -72.303315,2.123073,0 -72.303279,2.123046,0 -72.303304,2.123072,0 -72.30329,2.123082,0 -72.303326,2.123069,0 -72.303329,2.123003,0 -72.286727,2.136664,0 -72.268819,2.145698,0 -72.303433,2.123011,0 -72.33338017,2.131486,0 -72.33460517,2.1327795,0 -72.42690967,2.187899833,0 -72.42733817,2.187253333,0 -72.42735583,2.187287667,0 -72.42735883,2.187246833,0 -72.4273585,2.187240833,0 -72.42736383,2.187265167,0 -72.42734417,2.1872375,0 -72.303314,2.123084,0 -72.303297,2.123058,0 -72.303344,2.123068,0 -72.303347,2.123064,0 -72.303309,2.12305,0 -72.303292,2.123057,0 -72.3033,2.123061,0 -72.427354,2.187245,0 -72.427353,2.187242,0 -72.427353,2.187256,0 -72.42734,2.187258,0 -72.427353,2.187231,0 -72.427337,2.18724,0 -72.427351,2.187245,0 -72.427363,2.187235,0 -72.427355,2.187252,0 -72.427359,2.187242,0 -72.427359,2.187242,0 -72.427342,2.187241,0 -72.427353,2.18725,0 -72.427387,2.18724,0 -72.427369,2.187268,0 -72.4273665,2.187269,0 -72.42735283,2.187255333,0 -72.4273755,2.187257333,0 -72.42735217,2.187272167,0 -72.42738367,2.187240167,0 -72.42734667,2.187253333,0 -72.427355,2.18723,0 -72.42735,2.187229,0 -72.427348,2.187248,0 -72.427343,2.187254,0 -72.427367,2.187255,0 -72.42734,2.187253,0 -72.42737,2.187256,0 -72.427369,2.187237,0 -72.427372,2.187247,0 -72.42737,2.18725,0 -72.427364,2.18725,0 -72.42736,2.18725,0 -72.427367,2.187243,0 -72.427369,2.187221,0 -72.427367,2.187262,0 -72.427364,2.187241,0 -72.42738717,2.187276,0 -72.360958,2.224851,0 -72.344227,2.21133,0 -72.34420417,2.211273333,0 -72.34413567,2.211262,0 -72.33953117,2.202293833,0 -72.33955383,2.202295667,0 -72.339738,2.202803,0 -72.339645,2.202751,0 -72.4273515,2.187247,0 -72.339705,2.202761,0 -72.339717,2.202783,0 -72.339635,2.202771,0 -72.339651,2.202771,0 -72.339739,2.202781,0 -72.339796,2.202759,0 -72.339701,2.202807,0 -72.339653,2.202829,0 -72.339629,2.202806,0 -72.3397,2.202843,0 -72.33968,2.202799,0 -72.339693,2.202774,0 -72.339728,2.202917,0 -72.339597,2.202755,0 -72.339733,2.202843,0 -72.339658,2.202819,0 -72.339606,2.202804,0 -72.339655,2.202779,0 -72.339762,2.202817,0 -72.339642,2.20275,0 -72.339644,2.202819,0 -72.339616,2.202845,0 -72.339739,2.202774,0 -72.339696,2.202792,0 -72.339665,2.202795,0 -72.339628,2.202777,0 -72.339611,2.202821,0 -72.339698,2.202805,0 -72.339646,2.202782,0 -72.339663,2.202821,0 -72.339728,2.202757,0 -72.339652,2.202784,0 -72.339728,2.202788,0 -72.339716,2.202773,0 -72.339692,2.202774,0 -72.339692,2.202799,0 -72.339699,2.2028,0 -72.339676,2.20277,0 -72.339736,2.202774,0 -72.339731,2.202786,0 -72.339699,2.202779,0 -72.339608,2.202785,0 -72.339773,2.202809,0 -72.339663,2.202808,0 -72.339611,2.202823,0 -72.339693,2.202792,0 -72.339608,2.202773,0 -72.382292,2.230151,0 -72.382345,2.230197,0 -72.382291,2.230173,0 -72.38229133,2.2301725,0 -72.38229133,2.2301725,0 -72.38229133,2.2301725,0 -72.38222917,2.230197667,0 -72.3798195,2.227300833,0 -72.38213933,2.230242,0 -72.38228933,2.230165667,0 -72.38228933,2.230165667,0 -72.38220167,2.230189333,0 -72.38216617,2.230195167,0 -72.38219783,2.230203333,0 -72.38215267,2.230286,0 -72.382182,2.230205667,0 -72.38220117,2.230187667,0 -72.38220733,2.230237,0 -72.398891,2.225039,0 -72.402038,2.213043,0 -72.40193,2.2131435,0 -72.40211,2.212930333,0 -72.40209067,2.2129445,0 -72.40210933,2.212942333,0 -72.40212883,2.212899167,0 -72.38305,2.229194,0 -72.382286,2.230176,0 -72.382322,2.230195,0 -72.382254,2.230126,0 -72.382286,2.230179,0 -72.38231,2.230199,0 -72.382266,2.230192,0 -72.382284,2.230138,0 -72.40210783,2.212948333,0 -72.40210917,2.212920167,0 -72.40210933,2.212907167,0 -72.40212133,2.212919333,0 -72.40212233,2.2129345,0 -72.402123,2.212928333,0 -72.40211,2.212956,0 -72.402115,2.212921,0 -72.40213667,2.212949167,0 -72.40213133,2.212927,0 -72.40216817,2.212972,0 -72.40211317,2.212946667,0 -72.4021165,2.212962,0 -72.40210633,2.212925833,0 -72.402123,2.2129345,0 -72.40210467,2.212926333,0 -72.40209333,2.212940167,0 -72.4020705,2.212875333,0 -72.40217233,2.212953167,0 -72.40211667,2.212930833,0 -72.40213667,2.212971,0 -72.40211783,2.212929667,0 -72.40212967,2.212932167,0 -72.40213667,2.212923167,0 -72.40211367,2.212929667,0 -72.40209683,2.212911833,0 -72.40209933,2.212898833,0 -72.4021255,2.212904667,0 -72.4021185,2.212918833,0 -72.40210983,2.2129275,0 -72.40210433,2.212915333,0 -72.40213133,2.212892167,0 -72.40211633,2.212929167,0 -72.403499,2.207957,0 -72.40356,2.2156,0 -72.41221,2.225431,0 -72.41756467,2.229606833,0 -72.4175395,2.229573667,0 -72.41754617,2.229564833,0 -72.41750983,2.22952,0 -72.41754817,2.229534833,0 -72.41752733,2.229557167,0 -72.41750183,2.229538333,0 -72.41754383,2.229571167,0 -72.41760933,2.229517333,0 -72.41758183,2.229561667,0 -72.417585,2.229514333,0 -72.41755633,2.229523667,0 -72.41758367,2.229545333,0 -72.41756533,2.2295175,0 -72.41758083,2.229541167,0 -72.41754233,2.229498667,0 -72.417555,2.229548,0 -72.41755383,2.2295515,0 -72.41754117,2.229507,0 -72.417575,2.229507167,0 -72.4020945,2.212943667,0 -72.40212233,2.212920833,0 -72.40213067,2.212921667,0 -72.42352117,2.199341333,0 -72.423522,2.199304167,0 -72.42351783,2.199305,0 -72.4235345,2.1992885,0 -72.42353733,2.199280667,0 -72.42351467,2.199308,0 -72.42351183,2.199307833,0 -72.42352733,2.199288167,0 -72.42352083,2.199285667,0 -72.42351517,2.199305333,0 -72.423514,2.199265,0 -72.42350733,2.199289667,0</coordinates></LineString></Placemark>
    <Placemark>
      <n>#1 HERMES-01</n>
      <description> No disponible | Estado: NUEVA UBICACION | Bat: 0%</description>
      <styleUrl>#pointStyle</styleUrl>
      <Point><coordinates>-74.34587583,4.823202333,0</coordinates></Point>
    </Placemark>
    <Placemark>
      <n>#2 HERMES-01</n>
      <description>05/06/2026 11:52:15 | Estado: NUEVA UBICACION | Bat: 0%</description>
      <styleUrl>#pointStyle</styleUrl>
      <Point><coordinates>-74.345849,4.8231925,0</coordinates></Point>
    </Placemark>
    <Placemark>
      <n>#3 HERMES-01</n>
      <description>05/06/2026 11:57:33 | Estado: NUEVA UBICACION | Bat: 0%</description>
      <styleUrl>#pointStyle</styleUrl>
      <Point><coordinates>-74.34588067,4.8232205,0</coordinates></Point>
    </Placemark>
    <Placemark>
      <n>#4 HERMES-01</n>
      <description>05/06/2026 12:02:51 | Estado: NUEVA UBICACION | Bat: 0%</description>
      <styleUrl>#pointStyle</styleUrl>
      <Point><coordinates>-74.34584833,4.8231865,0</coordinates></Point>
    </Placemark>
    <Placemark>
      <n>#5 HERMES-01</n>
      <description>06/07/2026 00:06:18 | Estado: NUEVA UBICACION | Bat: 0%</description>
      <styleUrl>#pointStyle</styleUrl>
      <Point><coordinates>-72.64816633,2.560853833,0</coordinates></Point>
    </Placemark>
    <Placemark>
      <n>#6 HERMES-01</n>
      <description>06/07/2026 00:16:33 | Estado: NUEVA UBICACION | Bat: 0%</description>
      <styleUrl>#pointStyle</styleUrl>
      <Point><coordinates>-72.64815917,2.560838,0</coordinates></Point>
    </Placemark>
    <Placemark>
      <n>#7 HERMES-01</n>
      <description>06/07/2026 00:26:47 | Estado: NUEVA UBICACION | Bat: 0%</description>
      <styleUrl>#pointStyle</styleUrl>
      <Point><coordinates>-72.648149,2.560866667,0</coordinates></Point>
    </Placemark>
    <Placemark>
      <n>#8 HERMES-01</n>
      <description> No disponible | Estado: NUEVA UBICACION | Bat: 0%</description>
      <styleUrl>#pointStyle</styleUrl>
      <Point><coordinates>-72.648156,2.560903667,0</coordinates></Point>
    </Placemark>
    <Placemark>
      <n>#9 HERMES-01</n>
      <description>06/07/2026 00:47:18 | Estado: NUEVA UBICACION | Bat: 0%</description>
      <styleUrl>#pointStyle</styleUrl>
      <Point><coordinates>-72.64814867,2.560875167,0</coordinates></Point>
    </Placemark>
    <Placemark>
      <n>#10 HERMES-01</n>
      <description>06/07/2026 00:57:33 | Estado: NUEVA UBICACION | Bat: 0%</description>
      <styleUrl>#pointStyle</styleUrl>
      <Point><coordinates>-72.6481615,2.560858167,0</coordinates></Point>
    </Placemark>
    <Placemark>
      <n>#11 HERMES-01</n>
      <description>06/07/2026 01:18:30 | Estado: NUEVA UBICACION | Bat: 0%</description>
      <styleUrl>#pointStyle</styleUrl>
      <Point><coordinates>-72.64814083,2.560881333,0</coordinates></Point>
    </Placemark>
    <Placemark>
      <n>#12 HERMES-01</n>
      <description>06/07/2026 01:28:57 | Estado: NUEVA UBICACION | Bat: 0%</description>
      <styleUrl>#pointStyle</styleUrl>
      <Point><coordinates>-72.6481475,2.560849833,0</coordinates></Point>
    </Placemark>
    <Placemark>
      <n>#13 HERMES-01</n>
      <description> No disponible | Estado: NUEVA UBICACION | Bat: 0%</description>
      <styleUrl>#pointStyle</styleUrl>
      <Point><coordinates>-72.648121,2.560848333,0</coordinates></Point>
    </Placemark>
    <Placemark>
      <n>#14 HERMES-01</n>
      <description> No disponible | Estado: NUEVA UBICACION | Bat: 0%</description>
      <styleUrl>#pointStyle</styleUrl>
      <Point><coordinates>-72.6481395,2.5608235,0</coordinates></Point>
    </Placemark>
    <Placemark>
      <n>#15 HERMES-01</n>
      <description>06/07/2026 01:59:42 | Estado: NUEVA UBICACION | Bat: 0%</description>
      <styleUrl>#pointStyle</styleUrl>
      <Point><coordinates>-72.64816783,2.5608845,0</coordinates></Point>
    </Placemark>
    <Placemark>
      <n>#16 HERMES-01</n>
      <description>06/07/2026 02:09:57 | Estado: NUEVA UBICACION | Bat: 0%</description>
      <styleUrl>#pointStyle</styleUrl>
      <Point><coordinates>-72.6481515,2.560855833,0</coordinates></Point>
    </Placemark>
    <Placemark>
      <n>#17 HERMES-01</n>
      <description>06/07/2026 02:30:46 | Estado: NUEVA UBICACION | Bat: 0%</description>
      <styleUrl>#pointStyle</styleUrl>
      <Point><coordinates>-72.64817,2.5608585,0</coordinates></Point>
    </Placemark>
    <Placemark>
      <n>#18 HERMES-01</n>
      <description>06/07/2026 02:41:10 | Estado: NUEVA UBICACION | Bat: 0%</description>
      <styleUrl>#pointStyle</styleUrl>
      <Point><coordinates>-72.64818983,2.560761667,0</coordinates></Point>
    </Placemark>
    <Placemark>
      <n>#19 HERMES-01</n>
      <description>06/07/2026 02:51:24 | Estado: NUEVA UBICACION | Bat: 0%</description>
      <styleUrl>#pointStyle</styleUrl>
      <Point><coordinates>-72.6481535,2.560877667,0</coordinates></Point>
    </Placemark>
    <Placemark>
      <n>#20 HERMES-01</n>
      <description>06/07/2026 03:01:44 | Estado: NUEVA UBICACION | Bat: 0%</description>
      <styleUrl>#pointStyle</styleUrl>
      <Point><coordinates>-72.64830167,2.560993167,0</coordinates></Point>
    </Placemark>
    <Placemark>
      <n>#21 HERMES-01</n>
      <description>06/07/2026 03:12:00 | Estado: NUEVA UBICACION | Bat: 0%</description>
      <styleUrl>#pointStyle</styleUrl>
      <Point><coordinates>-72.6481565,2.560882667,0</coordinates></Point>
    </Placemark>
    <Placemark>
      <n>#22 HERMES-01</n>
      <description>06/07/2026 03:22:15 | Estado: NUEVA UBICACION | Bat: 0%</description>
      <styleUrl>#pointStyle</styleUrl>
      <Point><coordinates>-72.64815967,2.560816833,0</coordinates></Point>
    </Placemark>
    <Placemark>
      <n>#23 HERMES-01</n>
      <description> No disponible | Estado: NUEVA UBICACION | Bat: 0%</description>
      <styleUrl>#pointStyle</styleUrl>
      <Point><coordinates>-72.64815383,2.560829,0</coordinates></Point>
    </Placemark>
    <Placemark>
      <n>#24 HERMES-01</n>
      <description>06/07/2026 03:42:45 | Estado: NUEVA UBICACION | Bat: 0%</description>
      <styleUrl>#pointStyle</styleUrl>
      <Point><coordinates>-72.6480815,2.560739667,0</coordinates></Point>
    </Placemark>
    <Placemark>
      <n>#25 HERMES-01</n>
      <description>06/07/2026 03:53:01 | Estado: NUEVA UBICACION | Bat: 0%</description>
      <styleUrl>#pointStyle</styleUrl>
      <Point><coordinates>-72.6481385,2.560876167,0</coordinates></Point>
    </Placemark>
    <Placemark>
      <n>#26 HERMES-01</n>
      <description> No disponible | Estado: NUEVA UBICACION | Bat: 0%</description>
      <styleUrl>#pointStyle</styleUrl>
      <Point><coordinates>-72.64816583,2.560856167,0</coordinates></Point>
    </Placemark>
    <Placemark>
      <n>#27 HERMES-01</n>
      <description>06/07/2026 04:13:39 | Estado: NUEVA UBICACION | Bat: 0%</description>
      <styleUrl>#pointStyle</styleUrl>
      <Point><coordinates>-72.64814417,2.560851,0</coordinates></Point>
    </Placemark>
    <Placemark>
      <n>#28 HERMES-01</n>
      <description>06/07/2026 04:25:14 | Estado: NUEVA UBICACION | Bat: 0%</description>
      <styleUrl>#pointStyle</styleUrl>
      <Point><coordinates>-72.64802267,2.560972,0</coordinates></Point>
    </Placemark>
    <Placemark>
      <n>#29 HERMES-01</n>
      <description>06/07/2026 04:35:29 | Estado: NUEVA UBICACION | Bat: 0%</description>
      <styleUrl>#pointStyle</styleUrl>
      <Point><coordinates>-72.64814867,2.560860833,0</coordinates></Point>
    </Placemark>
    <Placemark>
      <n>#30 HERMES-01</n>
      <description>06/07/2026 04:45:45 | Estado: NUEVA UBICACION | Bat: 0%</description>
      <styleUrl>#pointStyle</styleUrl>
      <Point><coordinates>-72.648121,2.560849,0</coordinates></Point>
    </Placemark>
    <Placemark>
      <n>#31 HERMES-01</n>
      <description>06/07/2026 04:56:01 | Estado: NUEVA UBICACION | Bat: 0%</description>
      <styleUrl>#pointStyle</styleUrl>
      <Point><coordinates>-72.64814117,2.560899667,0</coordinates></Point>
    </Placemark>
    <Placemark>
      <n>#32 HERMES-01</n>
      <description>06/07/2026 05:06:18 | Estado: NUEVA UBICACION | Bat: 0%</description>
      <styleUrl>#pointStyle</styleUrl>
      <Point><coordinates>-72.6481395,2.560812167,0</coordinates></Point>
    </Placemark>
    <Placemark>
      <n>#33 HERMES-01</n>
      <description>06/07/2026 05:16:35 | Estado: NUEVA UBICACION | Bat: 0%</description>
      <styleUrl>#pointStyle</styleUrl>
      <Point><coordinates>-72.6482055,2.560841,0</coordinates></Point>
    </Placemark>
    <Placemark>
      <n>#34 HERMES-01</n>
      <description>06/07/2026 05:26:51 | Estado: NUEVA UBICACION | Bat: 0%</description>
      <styleUrl>#pointStyle</styleUrl>
      <Point><coordinates>-72.64816017,2.560867167,0</coordinates></Point>
    </Placemark>
    <Placemark>
      <n>#35 HERMES-01</n>
      <description>06/07/2026 05:37:06 | Estado: NUEVA UBICACION | Bat: 0%</description>
      <styleUrl>#pointStyle</styleUrl>
      <Point><coordinates>-72.6481135,2.560859333,0</coordinates></Point>
    </Placemark>
    <Placemark>
      <n>#36 HERMES-01</n>
      <description>06/07/2026 05:47:21 | Estado: NUEVA UBICACION | Bat: 0%</description>
      <styleUrl>#pointStyle</styleUrl>
      <Point><coordinates>-72.64815733,2.560856333,0</coordinates></Point>
    </Placemark>
    <Placemark>
      <n>#37 HERMES-01</n>
      <description>06/07/2026 05:57:47 | Estado: NUEVA UBICACION | Bat: 0%</description>
      <styleUrl>#pointStyle</styleUrl>
      <Point><coordinates>-72.64817517,2.5608305,0</coordinates></Point>
    </Placemark>
    <Placemark>
      <n>#38 HERMES-01</n>
      <description>06/07/2026 06:08:11 | Estado: NUEVA UBICACION | Bat: 0%</description>
      <styleUrl>#pointStyle</styleUrl>
      <Point><coordinates>-72.64820533,2.560784667,0</coordinates></Point>
    </Placemark>
    <Placemark>
      <n>#39 HERMES-01</n>
      <description>06/07/2026 06:18:26 | Estado: NUEVA UBICACION | Bat: 0%</description>
      <styleUrl>#pointStyle</styleUrl>
      <Point><coordinates>-72.64817533,2.56084,0</coordinates></Point>
    </Placemark>
    <Placemark>
      <n>#40 HERMES-01</n>
      <description>06/07/2026 06:28:49 | Estado: NUEVA UBICACION | Bat: 0%</description>
      <styleUrl>#pointStyle</styleUrl>
      <Point><coordinates>-72.6481255,2.560860167,0</coordinates></Point>
    </Placemark>
    <Placemark>
      <n>#41 HERMES-01</n>
      <description>06/07/2026 06:39:05 | Estado: NUEVA UBICACION | Bat: 0%</description>
      <styleUrl>#pointStyle</styleUrl>
      <Point><coordinates>-72.648172,2.560826,0</coordinates></Point>
    </Placemark>
    <Placemark>
      <n>#42 HERMES-01</n>
      <description>06/07/2026 06:49:21 | Estado: NUEVA UBICACION | Bat: 0%</description>
      <styleUrl>#pointStyle</styleUrl>
      <Point><coordinates>-72.64819633,2.560872333,0</coordinates></Point>
    </Placemark>
    <Placemark>
      <n>#43 HERMES-01</n>
      <description>06/07/2026 06:59:37 | Estado: NUEVA UBICACION | Bat: 0%</description>
      <styleUrl>#pointStyle</styleUrl>
      <Point><coordinates>-72.6481815,2.560866,0</coordinates></Point>
    </Placemark>
    <Placemark>
      <n>#44 HERMES-01</n>
      <description>06/07/2026 07:10:04 | Estado: NUEVA UBICACION | Bat: 0%</description>
      <styleUrl>#pointStyle</styleUrl>
      <Point><coordinates>-72.64817267,2.560869,0</coordinates></Point>
    </Placemark>
    <Placemark>
      <n>#45 HERMES-01</n>
      <description>06/07/2026 07:20:20 | Estado: NUEVA UBICACION | Bat: 0%</description>
      <styleUrl>#pointStyle</styleUrl>
      <Point><coordinates>-72.648135,2.560904,0</coordinates></Point>
    </Placemark>
    <Placemark>
      <n>#46 HERMES-01</n>
      <description>06/07/2026 07:30:35 | Estado: NUEVA UBICACION | Bat: 0%</description>
      <styleUrl>#pointStyle</styleUrl>
      <Point><coordinates>-72.64816783,2.560915,0</coordinates></Point>
    </Placemark>
    <Placemark>
      <n>#47 HERMES-01</n>
      <description> No disponible | Estado: NUEVA UBICACION | Bat: 0%</description>
      <styleUrl>#pointStyle</styleUrl>
      <Point><coordinates>-72.64822883,2.560863333,0</coordinates></Point>
    </Placemark>
    <Placemark>
      <n>#48 HERMES-01</n>
      <description>06/07/2026 07:51:13 | Estado: NUEVA UBICACION | Bat: 0%</description>
      <styleUrl>#pointStyle</styleUrl>
      <Point><coordinates>-72.64818117,2.560841,0</coordinates></Point>
    </Placemark>
    <Placemark>
      <n>#49 HERMES-01</n>
      <description>06/07/2026 08:01:38 | Estado: NUEVA UBICACION | Bat: 0%</description>
      <styleUrl>#pointStyle</styleUrl>
      <Point><coordinates>-72.64821767,2.560822667,0</coordinates></Point>
    </Placemark>
    <Placemark>
      <n>#50 HERMES-01</n>
      <description>06/07/2026 08:11:56 | Estado: NUEVA UBICACION | Bat: 0%</description>
      <styleUrl>#pointStyle</styleUrl>
      <Point><coordinates>-72.64817083,2.5608665,0</coordinates></Point>
    </Placemark>
    <Placemark>
      <n>#51 HERMES-01</n>
      <description>06/07/2026 08:22:12 | Estado: NUEVA UBICACION | Bat: 0%</description>
      <styleUrl>#pointStyle</styleUrl>
      <Point><coordinates>-72.64816533,2.560889,0</coordinates></Point>
    </Placemark>
    <Placemark>
      <n>#52 HERMES-01</n>
      <description>06/07/2026 08:32:28 | Estado: NUEVA UBICACION | Bat: 0%</description>
      <styleUrl>#pointStyle</styleUrl>
      <Point><coordinates>-72.64815067,2.560916333,0</coordinates></Point>
    </Placemark>
    <Placemark>
      <n>#53 HERMES-01</n>
      <description>06/07/2026 08:42:43 | Estado: NUEVA UBICACION | Bat: 0%</description>
      <styleUrl>#pointStyle</styleUrl>
      <Point><coordinates>-72.64816533,2.5608845,0</coordinates></Point>
    </Placemark>
    <Placemark>
      <n>#54 HERMES-01</n>
      <description>06/07/2026 08:52:57 | Estado: NUEVA UBICACION | Bat: 0%</description>
      <styleUrl>#pointStyle</styleUrl>
      <Point><coordinates>-72.64817667,2.5608645,0</coordinates></Point>
    </Placemark>
    <Placemark>
      <n>#55 HERMES-01</n>
      <description>06/07/2026 09:03:14 | Estado: NUEVA UBICACION | Bat: 0%</description>
      <styleUrl>#pointStyle</styleUrl>
      <Point><coordinates>-72.6481655,2.560870333,0</coordinates></Point>
    </Placemark>
    <Placemark>
      <n>#56 HERMES-01</n>
      <description>06/07/2026 09:13:31 | Estado: NUEVA UBICACION | Bat: 0%</description>
      <styleUrl>#pointStyle</styleUrl>
      <Point><coordinates>-72.64813967,2.560879333,0</coordinates></Point>
    </Placemark>
    <Placemark>
      <n>#57 HERMES-01</n>
      <description>06/07/2026 09:23:48 | Estado: NUEVA UBICACION | Bat: 0%</description>
      <styleUrl>#pointStyle</styleUrl>
      <Point><coordinates>-72.64813067,2.560918833,0</coordinates></Point>
    </Placemark>
    <Placemark>
      <n>#58 HERMES-01</n>
      <description>06/07/2026 09:34:13 | Estado: NUEVA UBICACION | Bat: 0%</description>
      <styleUrl>#pointStyle</styleUrl>
      <Point><coordinates>-72.648151,2.560883167,0</coordinates></Point>
    </Placemark>
    <Placemark>
      <n>#59 HERMES-01</n>
      <description>06/07/2026 09:44:29 | Estado: NUEVA UBICACION | Bat: 0%</description>
      <styleUrl>#pointStyle</styleUrl>
      <Point><coordinates>-72.64815567,2.560851,0</coordinates></Point>
    </Placemark>
    <Placemark>
      <n>#60 HERMES-01</n>
      <description>06/07/2026 09:54:46 | Estado: NUEVA UBICACION | Bat: 0%</description>
      <styleUrl>#pointStyle</styleUrl>
      <Point><coordinates>-72.64816517,2.560829833,0</coordinates></Point>
    </Placemark>
    <Placemark>
      <n>#61 HERMES-01</n>
      <description>06/07/2026 10:05:04 | Estado: NUEVA UBICACION | Bat: 0%</description>
      <styleUrl>#pointStyle</styleUrl>
      <Point><coordinates>-72.64817467,2.5608615,0</coordinates></Point>
    </Placemark>
    <Placemark>
      <n>#62 HERMES-01</n>
      <description>06/07/2026 10:15:20 | Estado: NUEVA UBICACION | Bat: 0%</description>
      <styleUrl>#pointStyle</styleUrl>
      <Point><coordinates>-72.64817183,2.560915833,0</coordinates></Point>
    </Placemark>
    <Placemark>
      <n>#63 HERMES-01</n>
      <description>06/07/2026 10:25:35 | Estado: NUEVA UBICACION | Bat: 0%</description>
      <styleUrl>#pointStyle</styleUrl>
      <Point><coordinates>-72.6481665,2.560866667,0</coordinates></Point>
    </Placemark>
    <Placemark>
      <n>#64 HERMES-01</n>
      <description>06/07/2026 10:35:49 | Estado: NUEVA UBICACION | Bat: 0%</description>
      <styleUrl>#pointStyle</styleUrl>
      <Point><coordinates>-72.64820533,2.560931333,0</coordinates></Point>
    </Placemark>
    <Placemark>
      <n>#65 HERMES-01</n>
      <description>06/07/2026 10:46:05 | Estado: NUEVA UBICACION | Bat: 0%</description>
      <styleUrl>#pointStyle</styleUrl>
      <Point><coordinates>-72.6481865,2.5608685,0</coordinates></Point>
    </Placemark>
    <Placemark>
      <n>#66 HERMES-01</n>
      <description>06/07/2026 10:56:22 | Estado: NUEVA UBICACION | Bat: 0%</description>
      <styleUrl>#pointStyle</styleUrl>
      <Point><coordinates>-72.64818283,2.560909667,0</coordinates></Point>
    </Placemark>
    <Placemark>
      <n>#67 HERMES-01</n>
      <description>06/07/2026 11:06:50 | Estado: NUEVA UBICACION | Bat: 0%</description>
      <styleUrl>#pointStyle</styleUrl>
      <Point><coordinates>-72.64818833,2.560875333,0</coordinates></Point>
    </Placemark>
    <Placemark>
      <n>#68 HERMES-01</n>
      <description>06/07/2026 11:18:27 | Estado: NUEVA UBICACION | Bat: 0%</description>
      <styleUrl>#pointStyle</styleUrl>
      <Point><coordinates>-72.64817283,2.560858,0</coordinates></Point>
    </Placemark>
    <Placemark>
      <n>#69 HERMES-01</n>
      <description>06/07/2026 11:28:42 | Estado: NUEVA UBICACION | Bat: 0%</description>
      <styleUrl>#pointStyle</styleUrl>
      <Point><coordinates>-72.64814933,2.56085,0</coordinates></Point>
    </Placemark>
    <Placemark>
      <n>#70 HERMES-01</n>
      <description>06/07/2026 11:39:03 | Estado: NUEVA UBICACION | Bat: 0%</description>
      <styleUrl>#pointStyle</styleUrl>
      <Point><coordinates>-72.64814333,2.560866333,0</coordinates></Point>
    </Placemark>
    <Placemark>
      <n>#71 HERMES-01</n>
      <description>06/07/2026 11:49:20 | Estado: NUEVA UBICACION | Bat: 0%</description>
      <styleUrl>#pointStyle</styleUrl>
      <Point><coordinates>-72.64817933,2.560894,0</coordinates></Point>
    </Placemark>
    <Placemark>
      <n>#72 HERMES-01</n>
      <description>06/07/2026 11:59:36 | Estado: NUEVA UBICACION | Bat: 0%</description>
      <styleUrl>#pointStyle</styleUrl>
      <Point><coordinates>-72.64821317,2.560879833,0</coordinates></Point>
    </Placemark>
    <Placemark>
      <n>#73 HERMES-01</n>
      <description>06/07/2026 12:09:51 | Estado: NUEVA UBICACION | Bat: 0%</description>
      <styleUrl>#pointStyle</styleUrl>
      <Point><coordinates>-72.648186,2.5609,0</coordinates></Point>
    </Placemark>
    <Placemark>
      <n>#74 HERMES-01</n>
      <description>06/07/2026 12:20:10 | Estado: NUEVA UBICACION | Bat: 0%</description>
      <styleUrl>#pointStyle</styleUrl>
      <Point><coordinates>-72.64817483,2.560886667,0</coordinates></Point>
    </Placemark>
    <Placemark>
      <n>#75 HERMES-01</n>
      <description>06/07/2026 12:30:49 | Estado: NUEVA UBICACION | Bat: 0%</description>
      <styleUrl>#pointStyle</styleUrl>
      <Point><coordinates>-72.64810833,2.560914,0</coordinates></Point>
    </Placemark>
    <Placemark>
      <n>#76 HERMES-01</n>
      <description> No disponible | Estado: NUEVA UBICACION | Bat: 0%</description>
      <styleUrl>#pointStyle</styleUrl>
      <Point><coordinates>-72.64814,2.560891667,0</coordinates></Point>
    </Placemark>
    <Placemark>
      <n>#77 HERMES-01</n>
      <description>06/07/2026 12:51:21 | Estado: NUEVA UBICACION | Bat: 0%</description>
      <styleUrl>#pointStyle</styleUrl>
      <Point><coordinates>-72.6480535,2.5608155,0</coordinates></Point>
    </Placemark>
    <Placemark>
      <n>#78 HERMES-01</n>
      <description>06/07/2026 13:01:48 | Estado: NUEVA UBICACION | Bat: 0%</description>
      <styleUrl>#pointStyle</styleUrl>
      <Point><coordinates>-72.64814033,2.560871833,0</coordinates></Point>
    </Placemark>
    <Placemark>
      <n>#79 HERMES-01</n>
      <description>06/07/2026 13:12:02 | Estado: NUEVA UBICACION | Bat: 0%</description>
      <styleUrl>#pointStyle</styleUrl>
      <Point><coordinates>-72.64816767,2.5608625,0</coordinates></Point>
    </Placemark>
    <Placemark>
      <n>#80 HERMES-01</n>
      <description>06/07/2026 13:22:18 | Estado: NUEVA UBICACION | Bat: 0%</description>
      <styleUrl>#pointStyle</styleUrl>
      <Point><coordinates>-72.64813867,2.560886833,0</coordinates></Point>
    </Placemark>
    <Placemark>
      <n>#81 HERMES-01</n>
      <description>06/07/2026 13:32:33 | Estado: NUEVA UBICACION | Bat: 0%</description>
      <styleUrl>#pointStyle</styleUrl>
      <Point><coordinates>-72.6481445,2.560871,0</coordinates></Point>
    </Placemark>
    <Placemark>
      <n>#82 HERMES-01</n>
      <description>06/07/2026 13:42:48 | Estado: NUEVA UBICACION | Bat: 0%</description>
      <styleUrl>#pointStyle</styleUrl>
      <Point><coordinates>-72.64816183,2.560860333,0</coordinates></Point>
    </Placemark>
    <Placemark>
      <n>#83 HERMES-01</n>
      <description>06/07/2026 13:53:06 | Estado: NUEVA UBICACION | Bat: 0%</description>
      <styleUrl>#pointStyle</styleUrl>
      <Point><coordinates>-72.648142,2.560851667,0</coordinates></Point>
    </Placemark>
    <Placemark>
      <n>#84 HERMES-01</n>
      <description>06/07/2026 14:03:21 | Estado: NUEVA UBICACION | Bat: 0%</description>
      <styleUrl>#pointStyle</styleUrl>
      <Point><coordinates>-72.64815933,2.560841667,0</coordinates></Point>
    </Placemark>
    <Placemark>
      <n>#85 HERMES-01</n>
      <description>06/07/2026 14:13:37 | Estado: NUEVA UBICACION | Bat: 0%</description>
      <styleUrl>#pointStyle</styleUrl>
      <Point><coordinates>-72.6481705,2.5607935,0</coordinates></Point>
    </Placemark>
    <Placemark>
      <n>#86 HERMES-01</n>
      <description>06/07/2026 14:23:52 | Estado: NUEVA UBICACION | Bat: 0%</description>
      <styleUrl>#pointStyle</styleUrl>
      <Point><coordinates>-72.648137,2.56088,0</coordinates></Point>
    </Placemark>
    <Placemark>
      <n>#87 HERMES-01</n>
      <description>06/07/2026 14:34:09 | Estado: NUEVA UBICACION | Bat: 0%</description>
      <styleUrl>#pointStyle</styleUrl>
      <Point><coordinates>-72.64814817,2.560846333,0</coordinates></Point>
    </Placemark>
    <Placemark>
      <n>#88 HERMES-01</n>
      <description>06/07/2026 14:44:25 | Estado: NUEVA UBICACION | Bat: 0%</description>
      <styleUrl>#pointStyle</styleUrl>
      <Point><coordinates>-72.64814733,2.560866,0</coordinates></Point>
    </Placemark>
    <Placemark>
      <n>#89 HERMES-01</n>
      <description>06/07/2026 14:54:41 | Estado: NUEVA UBICACION | Bat: 0%</description>
      <styleUrl>#pointStyle</styleUrl>
      <Point><coordinates>-72.64820183,2.5608395,0</coordinates></Point>
    </Placemark>
    <Placemark>
      <n>#90 HERMES-01</n>
      <description>06/07/2026 15:04:56 | Estado: NUEVA UBICACION | Bat: 0%</description>
      <styleUrl>#pointStyle</styleUrl>
      <Point><coordinates>-72.6482355,2.560924,0</coordinates></Point>
    </Placemark>
    <Placemark>
      <n>#91 HERMES-01</n>
      <description>06/07/2026 15:15:12 | Estado: NUEVA UBICACION | Bat: 0%</description>
      <styleUrl>#pointStyle</styleUrl>
      <Point><coordinates>-72.64817383,2.5608265,0</coordinates></Point>
    </Placemark>
    <Placemark>
      <n>#92 HERMES-01</n>
      <description>06/07/2026 15:25:27 | Estado: NUEVA UBICACION | Bat: 0%</description>
      <styleUrl>#pointStyle</styleUrl>
      <Point><coordinates>-72.648185,2.560873333,0</coordinates></Point>
    </Placemark>
    <Placemark>
      <n>#93 HERMES-01</n>
      <description>06/07/2026 15:35:41 | Estado: NUEVA UBICACION | Bat: 0%</description>
      <styleUrl>#pointStyle</styleUrl>
      <Point><coordinates>-72.64821783,2.560823167,0</coordinates></Point>
    </Placemark>
    <Placemark>
      <n>#94 HERMES-01</n>
      <description> No disponible | Estado: NUEVA UBICACION | Bat: 0%</description>
      <styleUrl>#pointStyle</styleUrl>
      <Point><coordinates>-72.64816617,2.560893667,0</coordinates></Point>
    </Placemark>
    <Placemark>
      <n>#95 HERMES-01</n>
      <description>06/07/2026 15:56:28 | Estado: NUEVA UBICACION | Bat: 0%</description>
      <styleUrl>#pointStyle</styleUrl>
      <Point><coordinates>-72.64810317,2.560846,0</coordinates></Point>
    </Placemark>
    <Placemark>
      <n>#96 HERMES-01</n>
      <description>06/07/2026 16:06:48 | Estado: NUEVA UBICACION | Bat: 0%</description>
      <styleUrl>#pointStyle</styleUrl>
      <Point><coordinates>-72.64813333,2.5608525,0</coordinates></Point>
    </Placemark>
    <Placemark>
      <n>#97 HERMES-01</n>
      <description>06/07/2026 16:17:04 | Estado: NUEVA UBICACION | Bat: 0%</description>
      <styleUrl>#pointStyle</styleUrl>
      <Point><coordinates>-72.64814767,2.560863667,0</coordinates></Point>
    </Placemark>
    <Placemark>
      <n>#98 HERMES-01</n>
      <description> No disponible | Estado: NUEVA UBICACION | Bat: 0%</description>
      <styleUrl>#pointStyle</styleUrl>
      <Point><coordinates>-72.64815933,2.560860333,0</coordinates></Point>
    </Placemark>
    <Placemark>
      <n>#99 HERMES-01</n>
      <description>06/07/2026 16:37:37 | Estado: NUEVA UBICACION | Bat: 0%</description>
      <styleUrl>#pointStyle</styleUrl>
      <Point><coordinates>-72.6481595,2.560857833,0</coordinates></Point>
    </Placemark>
    <Placemark>
      <n>#100 HERMES-01</n>
      <description>06/07/2026 16:47:52 | Estado: NUEVA UBICACION | Bat: 0%</description>
      <styleUrl>#pointStyle</styleUrl>
      <Point><coordinates>-72.64814517,2.560871333,0</coordinates></Point>
    </Placemark>
    <Placemark>
      <n>#101 HERMES-01</n>
      <description>06/07/2026 16:58:08 | Estado: NUEVA UBICACION | Bat: 0%</description>
      <styleUrl>#pointStyle</styleUrl>
      <Point><coordinates>-72.64816317,2.560870333,0</coordinates></Point>
    </Placemark>
    <Placemark>
      <n>#102 HERMES-01</n>
      <description>06/07/2026 17:08:23 | Estado: NUEVA UBICACION | Bat: 0%</description>
      <styleUrl>#pointStyle</styleUrl>
      <Point><coordinates>-72.6481365,2.560867167,0</coordinates></Point>
    </Placemark>
    <Placemark>
      <n>#103 HERMES-01</n>
      <description>06/07/2026 17:18:37 | Estado: NUEVA UBICACION | Bat: 0%</description>
      <styleUrl>#pointStyle</styleUrl>
      <Point><coordinates>-72.64815383,2.560855,0</coordinates></Point>
    </Placemark>
    <Placemark>
      <n>#104 HERMES-01</n>
      <description>06/07/2026 17:28:53 | Estado: NUEVA UBICACION | Bat: 0%</description>
      <styleUrl>#pointStyle</styleUrl>
      <Point><coordinates>-72.64815367,2.560823667,0</coordinates></Point>
    </Placemark>
    <Placemark>
      <n>#105 HERMES-01</n>
      <description>06/07/2026 17:39:09 | Estado: NUEVA UBICACION | Bat: 0%</description>
      <styleUrl>#pointStyle</styleUrl>
      <Point><coordinates>-72.64815083,2.5608235,0</coordinates></Point>
    </Placemark>
    <Placemark>
      <n>#106 HERMES-01</n>
      <description>06/07/2026 17:49:25 | Estado: NUEVA UBICACION | Bat: 0%</description>
      <styleUrl>#pointStyle</styleUrl>
      <Point><coordinates>-72.6481085,2.560868,0</coordinates></Point>
    </Placemark>
    <Placemark>
      <n>#107 HERMES-01</n>
      <description>06/07/2026 17:59:42 | Estado: NUEVA UBICACION | Bat: 0%</description>
      <styleUrl>#pointStyle</styleUrl>
      <Point><coordinates>-72.64812833,2.560855667,0</coordinates></Point>
    </Placemark>
    <Placemark>
      <n>#108 HERMES-01</n>
      <description>06/07/2026 18:09:59 | Estado: NUEVA UBICACION | Bat: 0%</description>
      <styleUrl>#pointStyle</styleUrl>
      <Point><coordinates>-72.64820867,2.560862,0</coordinates></Point>
    </Placemark>
    <Placemark>
      <n>#109 HERMES-01</n>
      <description>06/07/2026 18:20:14 | Estado: NUEVA UBICACION | Bat: 0%</description>
      <styleUrl>#pointStyle</styleUrl>
      <Point><coordinates>-72.64814367,2.560893167,0</coordinates></Point>
    </Placemark>
    <Placemark>
      <n>#110 HERMES-01</n>
      <description>06/07/2026 18:30:33 | Estado: NUEVA UBICACION | Bat: 0%</description>
      <styleUrl>#pointStyle</styleUrl>
      <Point><coordinates>-72.64812383,2.560852,0</coordinates></Point>
    </Placemark>
    <Placemark>
      <n>#111 HERMES-01</n>
      <description>06/07/2026 18:40:47 | Estado: NUEVA UBICACION | Bat: 0%</description>
      <styleUrl>#pointStyle</styleUrl>
      <Point><coordinates>-72.648158,2.560879333,0</coordinates></Point>
    </Placemark>
    <Placemark>
      <n>#112 HERMES-01</n>
      <description>06/07/2026 18:51:05 | Estado: NUEVA UBICACION | Bat: 0%</description>
      <styleUrl>#pointStyle</styleUrl>
      <Point><coordinates>-72.64813633,2.560855333,0</coordinates></Point>
    </Placemark>
    <Placemark>
      <n>#113 HERMES-01</n>
      <description> No disponible | Estado: NUEVA UBICACION | Bat: 0%</description>
      <styleUrl>#pointStyle</styleUrl>
      <Point><coordinates>-72.64817033,2.560876667,0</coordinates></Point>
    </Placemark>
    <Placemark>
      <n>#114 HERMES-01</n>
      <description> No disponible | Estado: NUEVA UBICACION | Bat: 0%</description>
      <styleUrl>#pointStyle</styleUrl>
      <Point><coordinates>-72.64816517,2.560846167,0</coordinates></Point>
    </Placemark>
    <Placemark>
      <n>#115 HERMES-01</n>
      <description>06/07/2026 21:55:51 | Estado: REENVIO PENDIENTE | Bat: 0%</description>
      <styleUrl>#pointStyle</styleUrl>
      <Point><coordinates>-72.648173,2.560863,0</coordinates></Point>
    </Placemark>
    <Placemark>
      <n>#116 HERMES-01</n>
      <description>06/07/2026 22:06:53 | Estado: REENVIO PENDIENTE | Bat: 0%</description>
      <styleUrl>#pointStyle</styleUrl>
      <Point><coordinates>-72.648166,2.560854,0</coordinates></Point>
    </Placemark>
    <Placemark>
      <n>#117 HERMES-01</n>
      <description>06/07/2026 22:17:55 | Estado: REENVIO PENDIENTE | Bat: 0%</description>
      <styleUrl>#pointStyle</styleUrl>
      <Point><coordinates>-72.648172,2.560835,0</coordinates></Point>
    </Placemark>
    <Placemark>
      <n>#118 HERMES-01</n>
      <description>06/07/2026 22:28:57 | Estado: REENVIO PENDIENTE | Bat: 0%</description>
      <styleUrl>#pointStyle</styleUrl>
      <Point><coordinates>-72.648188,2.560839,0</coordinates></Point>
    </Placemark>
    <Placemark>
      <n>#119 HERMES-01</n>
      <description>06/07/2026 22:39:59 | Estado: REENVIO PENDIENTE | Bat: 0%</description>
      <styleUrl>#pointStyle</styleUrl>
      <Point><coordinates>-72.648176,2.56087,0</coordinates></Point>
    </Placemark>
    <Placemark>
      <n>#120 HERMES-01</n>
      <description> No disponible | Estado: NUEVA UBICACION | Bat: 0%</description>
      <styleUrl>#pointStyle</styleUrl>
      <Point><coordinates>-72.6482245,2.560916667,0</coordinates></Point>
    </Placemark>
    <Placemark>
      <n>#121 HERMES-01</n>
      <description>06/07/2026 22:51:02 | Estado: REENVIO PENDIENTE | Bat: 0%</description>
      <styleUrl>#pointStyle</styleUrl>
      <Point><coordinates>-72.648174,2.560841,0</coordinates></Point>
    </Placemark>
    <Placemark>
      <n>#122 HERMES-01</n>
      <description> No disponible | Estado: NUEVA UBICACION | Bat: 0%</description>
      <styleUrl>#pointStyle</styleUrl>
      <Point><coordinates>-72.64815583,2.560819333,0</coordinates></Point>
    </Placemark>
    <Placemark>
      <n>#123 HERMES-01</n>
      <description>06/07/2026 23:02:03 | Estado: REENVIO PENDIENTE | Bat: 0%</description>
      <styleUrl>#pointStyle</styleUrl>
      <Point><coordinates>-72.64816,2.560853,0</coordinates></Point>
    </Placemark>
    <Placemark>
      <n>#124 HERMES-01</n>
      <description>06/07/2026 23:13:05 | Estado: REENVIO PENDIENTE | Bat: 0%</description>
      <styleUrl>#pointStyle</styleUrl>
      <Point><coordinates>-72.648169,2.560833,0</coordinates></Point>
    </Placemark>
    <Placemark>
      <n>#125 HERMES-01</n>
      <description>06/07/2026 23:25:15 | Estado: NUEVA UBICACION | Bat: 0%</description>
      <styleUrl>#pointStyle</styleUrl>
      <Point><coordinates>-72.6481595,2.560855333,0</coordinates></Point>
    </Placemark>
    <Placemark>
      <n>#126 HERMES-01</n>
      <description>06/07/2026 23:35:26 | Estado: NUEVA UBICACION | Bat: 0%</description>
      <styleUrl>#pointStyle</styleUrl>
      <Point><coordinates>-72.64814317,2.5608655,0</coordinates></Point>
    </Placemark>
    <Placemark>
      <n>#127 HERMES-01</n>
      <description>06/07/2026 23:45:48 | Estado: NUEVA UBICACION | Bat: 0%</description>
      <styleUrl>#pointStyle</styleUrl>
      <Point><coordinates>-72.648154,2.560871,0</coordinates></Point>
    </Placemark>
    <Placemark>
      <n>#128 HERMES-01</n>
      <description>06/07/2026 23:56:03 | Estado: NUEVA UBICACION | Bat: 0%</description>
      <styleUrl>#pointStyle</styleUrl>
      <Point><coordinates>-72.64815583,2.560881167,0</coordinates></Point>
    </Placemark>
    <Placemark>
      <n>#129 HERMES-01</n>
      <description>07/07/2026 00:02:19 | Estado: NUEVA UBICACION | Bat: 0%</description>
      <styleUrl>#pointStyle</styleUrl>
      <Point><coordinates>-72.64815333,2.560857667,0</coordinates></Point>
    </Placemark>
    <Placemark>
      <n>#130 HERMES-01</n>
      <description>07/07/2026 00:12:35 | Estado: NUEVA UBICACION | Bat: 0%</description>
      <styleUrl>#pointStyle</styleUrl>
      <Point><coordinates>-72.64815383,2.5608515,0</coordinates></Point>
    </Placemark>
    <Placemark>
      <n>#131 HERMES-01</n>
      <description>07/07/2026 00:22:51 | Estado: NUEVA UBICACION | Bat: 0%</description>
      <styleUrl>#pointStyle</styleUrl>
      <Point><coordinates>-72.64816467,2.560815833,0</coordinates></Point>
    </Placemark>
    <Placemark>
      <n>#132 HERMES-01</n>
      <description>07/07/2026 00:33:19 | Estado: NUEVA UBICACION | Bat: 0%</description>
      <styleUrl>#pointStyle</styleUrl>
      <Point><coordinates>-72.64817533,2.560844167,0</coordinates></Point>
    </Placemark>
    <Placemark>
      <n>#133 HERMES-01</n>
      <description>07/07/2026 00:43:35 | Estado: NUEVA UBICACION | Bat: 0%</description>
      <styleUrl>#pointStyle</styleUrl>
      <Point><coordinates>-72.64811517,2.5608625,0</coordinates></Point>
    </Placemark>
    <Placemark>
      <n>#134 HERMES-01</n>
      <description>07/07/2026 00:53:51 | Estado: NUEVA UBICACION | Bat: 0%</description>
      <styleUrl>#pointStyle</styleUrl>
      <Point><coordinates>-72.64816217,2.560876833,0</coordinates></Point>
    </Placemark>
    <Placemark>
      <n>#135 HERMES-01</n>
      <description>07/07/2026 01:04:08 | Estado: NUEVA UBICACION | Bat: 0%</description>
      <styleUrl>#pointStyle</styleUrl>
      <Point><coordinates>-72.648135,2.560868667,0</coordinates></Point>
    </Placemark>
    <Placemark>
      <n>#136 HERMES-01</n>
      <description>07/07/2026 01:14:23 | Estado: NUEVA UBICACION | Bat: 0%</description>
      <styleUrl>#pointStyle</styleUrl>
      <Point><coordinates>-72.64813267,2.560895667,0</coordinates></Point>
    </Placemark>
    <Placemark>
      <n>#137 HERMES-01</n>
      <description> No disponible | Estado: NUEVA UBICACION | Bat: 0%</description>
      <styleUrl>#pointStyle</styleUrl>
      <Point><coordinates>-72.64819567,2.560818167,0</coordinates></Point>
    </Placemark>
    <Placemark>
      <n>#138 HERMES-01</n>
      <description> No disponible | Estado: NUEVA UBICACION | Bat: 0%</description>
      <styleUrl>#pointStyle</styleUrl>
      <Point><coordinates>-72.64814583,2.560864833,0</coordinates></Point>
    </Placemark>
    <Placemark>
      <n>#139 HERMES-01</n>
      <description>07/07/2026 01:55:39 | Estado: NUEVA UBICACION | Bat: 0%</description>
      <styleUrl>#pointStyle</styleUrl>
      <Point><coordinates>-72.648195,2.560872667,0</coordinates></Point>
    </Placemark>
    <Placemark>
      <n>#140 HERMES-01</n>
      <description> No disponible | Estado: NUEVA UBICACION | Bat: 0%</description>
      <styleUrl>#pointStyle</styleUrl>
      <Point><coordinates>-72.648161,2.560887667,0</coordinates></Point>
    </Placemark>
    <Placemark>
      <n>#141 HERMES-01</n>
      <description>07/07/2026 02:16:10 | Estado: NUEVA UBICACION | Bat: 0%</description>
      <styleUrl>#pointStyle</styleUrl>
      <Point><coordinates>-72.64824683,2.560874167,0</coordinates></Point>
    </Placemark>
    <Placemark>
      <n>#142 HERMES-01</n>
      <description>07/07/2026 02:26:26 | Estado: NUEVA UBICACION | Bat: 0%</description>
      <styleUrl>#pointStyle</styleUrl>
      <Point><coordinates>-72.6481875,2.560867667,0</coordinates></Point>
    </Placemark>
    <Placemark>
      <n>#143 HERMES-01</n>
      <description>07/07/2026 02:36:43 | Estado: NUEVA UBICACION | Bat: 0%</description>
      <styleUrl>#pointStyle</styleUrl>
      <Point><coordinates>-72.6482065,2.5608605,0</coordinates></Point>
    </Placemark>
    <Placemark>
      <n>#144 HERMES-01</n>
      <description> No disponible | Estado: NUEVA UBICACION | Bat: 0%</description>
      <styleUrl>#pointStyle</styleUrl>
      <Point><coordinates>-72.64813483,2.560826167,0</coordinates></Point>
    </Placemark>
    <Placemark>
      <n>#145 HERMES-01</n>
      <description>07/07/2026 02:57:14 | Estado: NUEVA UBICACION | Bat: 0%</description>
      <styleUrl>#pointStyle</styleUrl>
      <Point><coordinates>-72.64818483,2.560786,0</coordinates></Point>
    </Placemark>
    <Placemark>
      <n>#146 HERMES-01</n>
      <description>07/07/2026 03:07:40 | Estado: NUEVA UBICACION | Bat: 0%</description>
      <styleUrl>#pointStyle</styleUrl>
      <Point><coordinates>-72.64826817,2.560820167,0</coordinates></Point>
    </Placemark>
    <Placemark>
      <n>#147 HERMES-01</n>
      <description>07/07/2026 03:18:25 | Estado: NUEVA UBICACION | Bat: 0%</description>
      <styleUrl>#pointStyle</styleUrl>
      <Point><coordinates>-72.64808467,2.560783167,0</coordinates></Point>
    </Placemark>
    <Placemark>
      <n>#148 HERMES-01</n>
      <description>07/07/2026 03:28:45 | Estado: NUEVA UBICACION | Bat: 0%</description>
      <styleUrl>#pointStyle</styleUrl>
      <Point><coordinates>-72.64831567,2.5608175,0</coordinates></Point>
    </Placemark>
    <Placemark>
      <n>#149 HERMES-01</n>
      <description>07/07/2026 03:39:12 | Estado: NUEVA UBICACION | Bat: 0%</description>
      <styleUrl>#pointStyle</styleUrl>
      <Point><coordinates>-72.64810917,2.560861667,0</coordinates></Point>
    </Placemark>
    <Placemark>
      <n>#150 HERMES-01</n>
      <description>07/07/2026 03:49:26 | Estado: NUEVA UBICACION | Bat: 0%</description>
      <styleUrl>#pointStyle</styleUrl>
      <Point><coordinates>-72.64810917,2.560866667,0</coordinates></Point>
    </Placemark>
    <Placemark>
      <n>#151 HERMES-01</n>
      <description>07/07/2026 03:59:43 | Estado: NUEVA UBICACION | Bat: 0%</description>
      <styleUrl>#pointStyle</styleUrl>
      <Point><coordinates>-72.64814367,2.560835333,0</coordinates></Point>
    </Placemark>
    <Placemark>
      <n>#152 HERMES-01</n>
      <description>07/07/2026 04:10:03 | Estado: NUEVA UBICACION | Bat: 0%</description>
      <styleUrl>#pointStyle</styleUrl>
      <Point><coordinates>-72.64821133,2.560844333,0</coordinates></Point>
    </Placemark>
    <Placemark>
      <n>#153 HERMES-01</n>
      <description>07/07/2026 04:20:20 | Estado: NUEVA UBICACION | Bat: 0%</description>
      <styleUrl>#pointStyle</styleUrl>
      <Point><coordinates>-72.64815817,2.560855167,0</coordinates></Point>
    </Placemark>
    <Placemark>
      <n>#154 HERMES-01</n>
      <description>07/07/2026 04:30:38 | Estado: NUEVA UBICACION | Bat: 0%</description>
      <styleUrl>#pointStyle</styleUrl>
      <Point><coordinates>-72.64817233,2.560853667,0</coordinates></Point>
    </Placemark>
    <Placemark>
      <n>#155 HERMES-01</n>
      <description>07/07/2026 04:40:55 | Estado: NUEVA UBICACION | Bat: 0%</description>
      <styleUrl>#pointStyle</styleUrl>
      <Point><coordinates>-72.6481895,2.560841667,0</coordinates></Point>
    </Placemark>
    <Placemark>
      <n>#156 HERMES-01</n>
      <description>07/07/2026 04:51:11 | Estado: NUEVA UBICACION | Bat: 0%</description>
      <styleUrl>#pointStyle</styleUrl>
      <Point><coordinates>-72.64812017,2.560857333,0</coordinates></Point>
    </Placemark>
    <Placemark>
      <n>#157 HERMES-01</n>
      <description>07/07/2026 05:01:28 | Estado: NUEVA UBICACION | Bat: 0%</description>
      <styleUrl>#pointStyle</styleUrl>
      <Point><coordinates>-72.64813833,2.560809833,0</coordinates></Point>
    </Placemark>
    <Placemark>
      <n>#158 HERMES-01</n>
      <description>07/07/2026 05:11:45 | Estado: NUEVA UBICACION | Bat: 0%</description>
      <styleUrl>#pointStyle</styleUrl>
      <Point><coordinates>-72.64819783,2.560888167,0</coordinates></Point>
    </Placemark>
    <Placemark>
      <n>#159 HERMES-01</n>
      <description>07/07/2026 05:22:04 | Estado: NUEVA UBICACION | Bat: 0%</description>
      <styleUrl>#pointStyle</styleUrl>
      <Point><coordinates>-72.6481615,2.560845,0</coordinates></Point>
    </Placemark>
    <Placemark>
      <n>#160 HERMES-01</n>
      <description>07/07/2026 05:32:20 | Estado: NUEVA UBICACION | Bat: 0%</description>
      <styleUrl>#pointStyle</styleUrl>
      <Point><coordinates>-72.6481775,2.5608605,0</coordinates></Point>
    </Placemark>
    <Placemark>
      <n>#161 HERMES-01</n>
      <description>07/07/2026 05:42:35 | Estado: NUEVA UBICACION | Bat: 0%</description>
      <styleUrl>#pointStyle</styleUrl>
      <Point><coordinates>-72.64816383,2.560838167,0</coordinates></Point>
    </Placemark>
    <Placemark>
      <n>#162 HERMES-01</n>
      <description>07/07/2026 05:52:50 | Estado: NUEVA UBICACION | Bat: 0%</description>
      <styleUrl>#pointStyle</styleUrl>
      <Point><coordinates>-72.64817883,2.560845333,0</coordinates></Point>
    </Placemark>
    <Placemark>
      <n>#163 HERMES-01</n>
      <description>07/07/2026 06:03:07 | Estado: NUEVA UBICACION | Bat: 0%</description>
      <styleUrl>#pointStyle</styleUrl>
      <Point><coordinates>-72.6481065,2.560747667,0</coordinates></Point>
    </Placemark>
    <Placemark>
      <n>#164 HERMES-01</n>
      <description>07/07/2026 06:13:23 | Estado: NUEVA UBICACION | Bat: 0%</description>
      <styleUrl>#pointStyle</styleUrl>
      <Point><coordinates>-72.64817967,2.560910667,0</coordinates></Point>
    </Placemark>
    <Placemark>
      <n>#165 HERMES-01</n>
      <description>07/07/2026 06:23:40 | Estado: NUEVA UBICACION | Bat: 0%</description>
      <styleUrl>#pointStyle</styleUrl>
      <Point><coordinates>-72.64815317,2.5608875,0</coordinates></Point>
    </Placemark>
    <Placemark>
      <n>#166 HERMES-01</n>
      <description>07/07/2026 06:44:24 | Estado: NUEVA UBICACION | Bat: 0%</description>
      <styleUrl>#pointStyle</styleUrl>
      <Point><coordinates>-72.64815933,2.560858667,0</coordinates></Point>
    </Placemark>
    <Placemark>
      <n>#167 HERMES-01</n>
      <description>07/07/2026 06:54:41 | Estado: NUEVA UBICACION | Bat: 0%</description>
      <styleUrl>#pointStyle</styleUrl>
      <Point><coordinates>-72.6481765,2.560883833,0</coordinates></Point>
    </Placemark>
    <Placemark>
      <n>#168 HERMES-01</n>
      <description>07/07/2026 07:04:55 | Estado: NUEVA UBICACION | Bat: 0%</description>
      <styleUrl>#pointStyle</styleUrl>
      <Point><coordinates>-72.64825367,2.560830833,0</coordinates></Point>
    </Placemark>
    <Placemark>
      <n>#169 HERMES-01</n>
      <description>07/07/2026 07:15:15 | Estado: NUEVA UBICACION | Bat: 0%</description>
      <styleUrl>#pointStyle</styleUrl>
      <Point><coordinates>-72.64811433,2.560841667,0</coordinates></Point>
    </Placemark>
    <Placemark>
      <n>#170 HERMES-01</n>
      <description>07/07/2026 07:25:31 | Estado: NUEVA UBICACION | Bat: 0%</description>
      <styleUrl>#pointStyle</styleUrl>
      <Point><coordinates>-72.64816583,2.560916667,0</coordinates></Point>
    </Placemark>
    <Placemark>
      <n>#171 HERMES-01</n>
      <description>07/07/2026 07:35:47 | Estado: NUEVA UBICACION | Bat: 0%</description>
      <styleUrl>#pointStyle</styleUrl>
      <Point><coordinates>-72.6481855,2.560932667,0</coordinates></Point>
    </Placemark>
    <Placemark>
      <n>#172 HERMES-01</n>
      <description>07/07/2026 07:46:03 | Estado: NUEVA UBICACION | Bat: 0%</description>
      <styleUrl>#pointStyle</styleUrl>
      <Point><coordinates>-72.64816233,2.560875333,0</coordinates></Point>
    </Placemark>
    <Placemark>
      <n>#173 HERMES-01</n>
      <description>07/07/2026 07:56:18 | Estado: NUEVA UBICACION | Bat: 0%</description>
      <styleUrl>#pointStyle</styleUrl>
      <Point><coordinates>-72.64817217,2.560859667,0</coordinates></Point>
    </Placemark>
    <Placemark>
      <n>#174 HERMES-01</n>
      <description>07/07/2026 08:06:33 | Estado: NUEVA UBICACION | Bat: 0%</description>
      <styleUrl>#pointStyle</styleUrl>
      <Point><coordinates>-72.64823233,2.560907167,0</coordinates></Point>
    </Placemark>
    <Placemark>
      <n>#175 HERMES-01</n>
      <description>07/07/2026 08:16:49 | Estado: NUEVA UBICACION | Bat: 0%</description>
      <styleUrl>#pointStyle</styleUrl>
      <Point><coordinates>-72.64817717,2.560879833,0</coordinates></Point>
    </Placemark>
    <Placemark>
      <n>#176 HERMES-01</n>
      <description>07/07/2026 08:27:05 | Estado: NUEVA UBICACION | Bat: 0%</description>
      <styleUrl>#pointStyle</styleUrl>
      <Point><coordinates>-72.648179,2.560888333,0</coordinates></Point>
    </Placemark>
    <Placemark>
      <n>#177 HERMES-01</n>
      <description> No disponible | Estado: NUEVA UBICACION | Bat: 0%</description>
      <styleUrl>#pointStyle</styleUrl>
      <Point><coordinates>-72.6481655,2.560888667,0</coordinates></Point>
    </Placemark>
    <Placemark>
      <n>#178 HERMES-01</n>
      <description>07/07/2026 08:47:38 | Estado: NUEVA UBICACION | Bat: 0%</description>
      <styleUrl>#pointStyle</styleUrl>
      <Point><coordinates>-72.64815567,2.560879,0</coordinates></Point>
    </Placemark>
    <Placemark>
      <n>#179 HERMES-01</n>
      <description>07/07/2026 08:57:52 | Estado: NUEVA UBICACION | Bat: 0%</description>
      <styleUrl>#pointStyle</styleUrl>
      <Point><coordinates>-72.64814867,2.560905333,0</coordinates></Point>
    </Placemark>
    <Placemark>
      <n>#180 HERMES-01</n>
      <description> No disponible | Estado: NUEVA UBICACION | Bat: 0%</description>
      <styleUrl>#pointStyle</styleUrl>
      <Point><coordinates>-72.648094,2.5609345,0</coordinates></Point>
    </Placemark>
    <Placemark>
      <n>#181 HERMES-01</n>
      <description>07/07/2026 09:18:27 | Estado: NUEVA UBICACION | Bat: 0%</description>
      <styleUrl>#pointStyle</styleUrl>
      <Point><coordinates>-72.64815083,2.560907167,0</coordinates></Point>
    </Placemark>
    <Placemark>
      <n>#182 HERMES-01</n>
      <description>07/07/2026 09:28:44 | Estado: NUEVA UBICACION | Bat: 0%</description>
      <styleUrl>#pointStyle</styleUrl>
      <Point><coordinates>-72.64815733,2.560877,0</coordinates></Point>
    </Placemark>
    <Placemark>
      <n>#183 HERMES-01</n>
      <description> No disponible | Estado: NUEVA UBICACION | Bat: 0%</description>
      <styleUrl>#pointStyle</styleUrl>
      <Point><coordinates>-72.6481765,2.560889667,0</coordinates></Point>
    </Placemark>
    <Placemark>
      <n>#184 HERMES-01</n>
      <description>07/07/2026 09:49:19 | Estado: NUEVA UBICACION | Bat: 0%</description>
      <styleUrl>#pointStyle</styleUrl>
      <Point><coordinates>-72.648205,2.5608275,0</coordinates></Point>
    </Placemark>
    <Placemark>
      <n>#185 HERMES-01</n>
      <description> No disponible | Estado: NUEVA UBICACION | Bat: 0%</description>
      <styleUrl>#pointStyle</styleUrl>
      <Point><coordinates>-72.64817867,2.560892,0</coordinates></Point>
    </Placemark>
    <Placemark>
      <n>#186 HERMES-01</n>
      <description>07/07/2026 10:09:51 | Estado: NUEVA UBICACION | Bat: 0%</description>
      <styleUrl>#pointStyle</styleUrl>
      <Point><coordinates>-72.64818583,2.5608625,0</coordinates></Point>
    </Placemark>
    <Placemark>
      <n>#187 HERMES-01</n>
      <description>07/07/2026 10:20:24 | Estado: NUEVA UBICACION | Bat: 0%</description>
      <styleUrl>#pointStyle</styleUrl>
      <Point><coordinates>-72.64819917,2.560879333,0</coordinates></Point>
    </Placemark>
    <Placemark>
      <n>#188 HERMES-01</n>
      <description>07/07/2026 10:31:09 | Estado: NUEVA UBICACION | Bat: 0%</description>
      <styleUrl>#pointStyle</styleUrl>
      <Point><coordinates>-72.64819,2.560888667,0</coordinates></Point>
    </Placemark>
    <Placemark>
      <n>#189 HERMES-01</n>
      <description>07/07/2026 10:41:22 | Estado: NUEVA UBICACION | Bat: 0%</description>
      <styleUrl>#pointStyle</styleUrl>
      <Point><coordinates>-72.648152,2.560883667,0</coordinates></Point>
    </Placemark>
    <Placemark>
      <n>#190 HERMES-01</n>
      <description>07/07/2026 10:51:37 | Estado: NUEVA UBICACION | Bat: 0%</description>
      <styleUrl>#pointStyle</styleUrl>
      <Point><coordinates>-72.6481695,2.560891,0</coordinates></Point>
    </Placemark>
    <Placemark>
      <n>#191 HERMES-01</n>
      <description>07/07/2026 11:01:57 | Estado: NUEVA UBICACION | Bat: 0%</description>
      <styleUrl>#pointStyle</styleUrl>
      <Point><coordinates>-72.648156,2.560877667,0</coordinates></Point>
    </Placemark>
    <Placemark>
      <n>#192 HERMES-01</n>
      <description>07/07/2026 11:12:14 | Estado: NUEVA UBICACION | Bat: 0%</description>
      <styleUrl>#pointStyle</styleUrl>
      <Point><coordinates>-72.64816567,2.560849333,0</coordinates></Point>
    </Placemark>
    <Placemark>
      <n>#193 HERMES-01</n>
      <description>07/07/2026 11:22:31 | Estado: NUEVA UBICACION | Bat: 0%</description>
      <styleUrl>#pointStyle</styleUrl>
      <Point><coordinates>-72.64814767,2.560873667,0</coordinates></Point>
    </Placemark>
    <Placemark>
      <n>#194 HERMES-01</n>
      <description>07/07/2026 11:32:44 | Estado: NUEVA UBICACION | Bat: 0%</description>
      <styleUrl>#pointStyle</styleUrl>
      <Point><coordinates>-72.64818,2.560871,0</coordinates></Point>
    </Placemark>
    <Placemark>
      <n>#195 HERMES-01</n>
      <description>07/07/2026 11:43:03 | Estado: NUEVA UBICACION | Bat: 0%</description>
      <styleUrl>#pointStyle</styleUrl>
      <Point><coordinates>-72.64815833,2.560838333,0</coordinates></Point>
    </Placemark>
    <Placemark>
      <n>#196 HERMES-01</n>
      <description>07/07/2026 11:53:21 | Estado: NUEVA UBICACION | Bat: 0%</description>
      <styleUrl>#pointStyle</styleUrl>
      <Point><coordinates>-72.64816983,2.560884167,0</coordinates></Point>
    </Placemark>
    <Placemark>
      <n>#197 HERMES-01</n>
      <description>07/07/2026 12:03:38 | Estado: NUEVA UBICACION | Bat: 0%</description>
      <styleUrl>#pointStyle</styleUrl>
      <Point><coordinates>-72.6481715,2.560822833,0</coordinates></Point>
    </Placemark>
    <Placemark>
      <n>#198 HERMES-01</n>
      <description>07/07/2026 12:13:55 | Estado: NUEVA UBICACION | Bat: 0%</description>
      <styleUrl>#pointStyle</styleUrl>
      <Point><coordinates>-72.64812883,2.560873667,0</coordinates></Point>
    </Placemark>
    <Placemark>
      <n>#199 HERMES-01</n>
      <description>07/07/2026 12:24:13 | Estado: NUEVA UBICACION | Bat: 0%</description>
      <styleUrl>#pointStyle</styleUrl>
      <Point><coordinates>-72.64816117,2.560873333,0</coordinates></Point>
    </Placemark>
    <Placemark>
      <n>#200 HERMES-01</n>
      <description> No disponible | Estado: NUEVA UBICACION | Bat: 0%</description>
      <styleUrl>#pointStyle</styleUrl>
      <Point><coordinates>-72.6481695,2.560853333,0</coordinates></Point>
    </Placemark>
    <Placemark>
      <n>#201 HERMES-01</n>
      <description>07/07/2026 12:44:59 | Estado: NUEVA UBICACION | Bat: 0%</description>
      <styleUrl>#pointStyle</styleUrl>
      <Point><coordinates>-72.648137,2.5608365,0</coordinates></Point>
    </Placemark>
    <Placemark>
      <n>#202 HERMES-01</n>
      <description> No disponible | Estado: NUEVA UBICACION | Bat: 0%</description>
      <styleUrl>#pointStyle</styleUrl>
      <Point><coordinates>-72.64812283,2.560837167,0</coordinates></Point>
    </Placemark>
    <Placemark>
      <n>#203 HERMES-01</n>
      <description> No disponible | Estado: NUEVA UBICACION | Bat: 0%</description>
      <styleUrl>#pointStyle</styleUrl>
      <Point><coordinates>-72.6480835,2.560690167,0</coordinates></Point>
    </Placemark>
    <Placemark>
      <n>#204 HERMES-01</n>
      <description>07/07/2026 13:15:54 | Estado: NUEVA UBICACION | Bat: 0%</description>
      <styleUrl>#pointStyle</styleUrl>
      <Point><coordinates>-72.64811483,2.560811333,0</coordinates></Point>
    </Placemark>
    <Placemark>
      <n>#205 HERMES-01</n>
      <description>07/07/2026 13:26:11 | Estado: NUEVA UBICACION | Bat: 0%</description>
      <styleUrl>#pointStyle</styleUrl>
      <Point><coordinates>-72.6481185,2.560819833,0</coordinates></Point>
    </Placemark>
    <Placemark>
      <n>#206 HERMES-01</n>
      <description>07/07/2026 13:36:29 | Estado: NUEVA UBICACION | Bat: 0%</description>
      <styleUrl>#pointStyle</styleUrl>
      <Point><coordinates>-72.64816033,2.560860333,0</coordinates></Point>
    </Placemark>
    <Placemark>
      <n>#207 HERMES-01</n>
      <description>07/07/2026 13:46:44 | Estado: NUEVA UBICACION | Bat: 0%</description>
      <styleUrl>#pointStyle</styleUrl>
      <Point><coordinates>-72.6481825,2.5608675,0</coordinates></Point>
    </Placemark>
    <Placemark>
      <n>#208 HERMES-01</n>
      <description>07/07/2026 13:57:01 | Estado: NUEVA UBICACION | Bat: 0%</description>
      <styleUrl>#pointStyle</styleUrl>
      <Point><coordinates>-72.64814217,2.560839333,0</coordinates></Point>
    </Placemark>
    <Placemark>
      <n>#209 HERMES-01</n>
      <description>07/07/2026 14:07:17 | Estado: NUEVA UBICACION | Bat: 0%</description>
      <styleUrl>#pointStyle</styleUrl>
      <Point><coordinates>-72.64816967,2.560865333,0</coordinates></Point>
    </Placemark>
    <Placemark>
      <n>#210 HERMES-01</n>
      <description>07/07/2026 14:17:36 | Estado: NUEVA UBICACION | Bat: 0%</description>
      <styleUrl>#pointStyle</styleUrl>
      <Point><coordinates>-72.64816967,2.560895167,0</coordinates></Point>
    </Placemark>
    <Placemark>
      <n>#211 HERMES-01</n>
      <description>07/07/2026 14:27:54 | Estado: NUEVA UBICACION | Bat: 0%</description>
      <styleUrl>#pointStyle</styleUrl>
      <Point><coordinates>-72.64811733,2.5609665,0</coordinates></Point>
    </Placemark>
    <Placemark>
      <n>#212 HERMES-01</n>
      <description>07/07/2026 14:38:10 | Estado: NUEVA UBICACION | Bat: 0%</description>
      <styleUrl>#pointStyle</styleUrl>
      <Point><coordinates>-72.64798183,2.560921333,0</coordinates></Point>
    </Placemark>
    <Placemark>
      <n>#213 HERMES-01</n>
      <description>07/07/2026 14:48:26 | Estado: NUEVA UBICACION | Bat: 0%</description>
      <styleUrl>#pointStyle</styleUrl>
      <Point><coordinates>-72.64819333,2.560826167,0</coordinates></Point>
    </Placemark>
    <Placemark>
      <n>#214 HERMES-01</n>
      <description>07/07/2026 14:58:49 | Estado: NUEVA UBICACION | Bat: 0%</description>
      <styleUrl>#pointStyle</styleUrl>
      <Point><coordinates>-72.64816383,2.560872167,0</coordinates></Point>
    </Placemark>
    <Placemark>
      <n>#215 HERMES-01</n>
      <description>07/07/2026 15:09:26 | Estado: NUEVA UBICACION | Bat: 0%</description>
      <styleUrl>#pointStyle</styleUrl>
      <Point><coordinates>-72.6480615,2.5609695,0</coordinates></Point>
    </Placemark>
    <Placemark>
      <n>#216 HERMES-01</n>
      <description>07/07/2026 15:21:01 | Estado: NUEVA UBICACION | Bat: 0%</description>
      <styleUrl>#pointStyle</styleUrl>
      <Point><coordinates>-72.64805283,2.560935667,0</coordinates></Point>
    </Placemark>
    <Placemark>
      <n>#217 HERMES-01</n>
      <description>07/07/2026 15:31:18 | Estado: NUEVA UBICACION | Bat: 0%</description>
      <styleUrl>#pointStyle</styleUrl>
      <Point><coordinates>-72.64832883,2.560738833,0</coordinates></Point>
    </Placemark>
    <Placemark>
      <n>#218 HERMES-01</n>
      <description>07/07/2026 15:41:56 | Estado: NUEVA UBICACION | Bat: 0%</description>
      <styleUrl>#pointStyle</styleUrl>
      <Point><coordinates>-72.64816433,2.560906667,0</coordinates></Point>
    </Placemark>
    <Placemark>
      <n>#219 HERMES-01</n>
      <description>07/07/2026 15:52:21 | Estado: NUEVA UBICACION | Bat: 0%</description>
      <styleUrl>#pointStyle</styleUrl>
      <Point><coordinates>-72.64811017,2.5609295,0</coordinates></Point>
    </Placemark>
    <Placemark>
      <n>#220 HERMES-01</n>
      <description>07/07/2026 16:02:38 | Estado: NUEVA UBICACION | Bat: 0%</description>
      <styleUrl>#pointStyle</styleUrl>
      <Point><coordinates>-72.648164,2.560848333,0</coordinates></Point>
    </Placemark>
    <Placemark>
      <n>#221 HERMES-01</n>
      <description>07/07/2026 16:12:52 | Estado: NUEVA UBICACION | Bat: 0%</description>
      <styleUrl>#pointStyle</styleUrl>
      <Point><coordinates>-72.64816883,2.560872333,0</coordinates></Point>
    </Placemark>
    <Placemark>
      <n>#222 HERMES-01</n>
      <description>07/07/2026 16:23:06 | Estado: NUEVA UBICACION | Bat: 0%</description>
      <styleUrl>#pointStyle</styleUrl>
      <Point><coordinates>-72.64814367,2.560834,0</coordinates></Point>
    </Placemark>
    <Placemark>
      <n>#223 HERMES-01</n>
      <description>07/07/2026 16:33:20 | Estado: NUEVA UBICACION | Bat: 0%</description>
      <styleUrl>#pointStyle</styleUrl>
      <Point><coordinates>-72.64814933,2.560875667,0</coordinates></Point>
    </Placemark>
    <Placemark>
      <n>#224 HERMES-01</n>
      <description>07/07/2026 16:43:35 | Estado: NUEVA UBICACION | Bat: 0%</description>
      <styleUrl>#pointStyle</styleUrl>
      <Point><coordinates>-72.64814117,2.560847833,0</coordinates></Point>
    </Placemark>
    <Placemark>
      <n>#225 HERMES-01</n>
      <description>07/07/2026 16:53:50 | Estado: NUEVA UBICACION | Bat: 0%</description>
      <styleUrl>#pointStyle</styleUrl>
      <Point><coordinates>-72.648143,2.560863333,0</coordinates></Point>
    </Placemark>
    <Placemark>
      <n>#226 HERMES-01</n>
      <description>07/07/2026 17:04:06 | Estado: NUEVA UBICACION | Bat: 0%</description>
      <styleUrl>#pointStyle</styleUrl>
      <Point><coordinates>-72.64814117,2.560838167,0</coordinates></Point>
    </Placemark>
    <Placemark>
      <n>#227 HERMES-01</n>
      <description> No disponible | Estado: NUEVA UBICACION | Bat: 0%</description>
      <styleUrl>#pointStyle</styleUrl>
      <Point><coordinates>-72.64817433,2.5608535,0</coordinates></Point>
    </Placemark>
    <Placemark>
      <n>#228 HERMES-01</n>
      <description>07/07/2026 17:24:38 | Estado: NUEVA UBICACION | Bat: 0%</description>
      <styleUrl>#pointStyle</styleUrl>
      <Point><coordinates>-72.64816317,2.560862667,0</coordinates></Point>
    </Placemark>
    <Placemark>
      <n>#229 HERMES-01</n>
      <description>07/07/2026 17:35:07 | Estado: NUEVA UBICACION | Bat: 0%</description>
      <styleUrl>#pointStyle</styleUrl>
      <Point><coordinates>-72.64817517,2.560890167,0</coordinates></Point>
    </Placemark>
    <Placemark>
      <n>#230 HERMES-01</n>
      <description>07/07/2026 17:45:22 | Estado: NUEVA UBICACION | Bat: 0%</description>
      <styleUrl>#pointStyle</styleUrl>
      <Point><coordinates>-72.648145,2.560834,0</coordinates></Point>
    </Placemark>
    <Placemark>
      <n>#231 HERMES-01</n>
      <description>07/07/2026 17:55:37 | Estado: NUEVA UBICACION | Bat: 0%</description>
      <styleUrl>#pointStyle</styleUrl>
      <Point><coordinates>-72.64815067,2.560847167,0</coordinates></Point>
    </Placemark>
    <Placemark>
      <n>#232 HERMES-01</n>
      <description>07/07/2026 18:05:52 | Estado: NUEVA UBICACION | Bat: 0%</description>
      <styleUrl>#pointStyle</styleUrl>
      <Point><coordinates>-72.64816167,2.560847333,0</coordinates></Point>
    </Placemark>
    <Placemark>
      <n>#233 HERMES-01</n>
      <description>07/07/2026 18:16:08 | Estado: NUEVA UBICACION | Bat: 0%</description>
      <styleUrl>#pointStyle</styleUrl>
      <Point><coordinates>-72.648168,2.5608635,0</coordinates></Point>
    </Placemark>
    <Placemark>
      <n>#234 HERMES-01</n>
      <description>07/07/2026 18:26:24 | Estado: NUEVA UBICACION | Bat: 0%</description>
      <styleUrl>#pointStyle</styleUrl>
      <Point><coordinates>-72.64813283,2.560833167,0</coordinates></Point>
    </Placemark>
    <Placemark>
      <n>#235 HERMES-01</n>
      <description>07/07/2026 18:36:40 | Estado: NUEVA UBICACION | Bat: 0%</description>
      <styleUrl>#pointStyle</styleUrl>
      <Point><coordinates>-72.6481865,2.560861,0</coordinates></Point>
    </Placemark>
    <Placemark>
      <n>#236 HERMES-01</n>
      <description>07/07/2026 18:46:57 | Estado: NUEVA UBICACION | Bat: 0%</description>
      <styleUrl>#pointStyle</styleUrl>
      <Point><coordinates>-72.64812483,2.560833667,0</coordinates></Point>
    </Placemark>
    <Placemark>
      <n>#237 HERMES-01</n>
      <description>07/07/2026 18:57:14 | Estado: NUEVA UBICACION | Bat: 0%</description>
      <styleUrl>#pointStyle</styleUrl>
      <Point><coordinates>-72.64815117,2.560836,0</coordinates></Point>
    </Placemark>
    <Placemark>
      <n>#238 HERMES-01</n>
      <description>07/07/2026 19:01:22 | Estado: NUEVA UBICACION | Bat: 0%</description>
      <styleUrl>#pointStyle</styleUrl>
      <Point><coordinates>-72.6481495,2.560783667,0</coordinates></Point>
    </Placemark>
    <Placemark>
      <n>#239 HERMES-01</n>
      <description>07/07/2026 19:11:39 | Estado: NUEVA UBICACION | Bat: 0%</description>
      <styleUrl>#pointStyle</styleUrl>
      <Point><coordinates>-72.64820533,2.5608655,0</coordinates></Point>
    </Placemark>
    <Placemark>
      <n>#240 HERMES-01</n>
      <description>07/07/2026 19:21:57 | Estado: NUEVA UBICACION | Bat: 0%</description>
      <styleUrl>#pointStyle</styleUrl>
      <Point><coordinates>-72.64820617,2.560853833,0</coordinates></Point>
    </Placemark>
    <Placemark>
      <n>#241 HERMES-01</n>
      <description>07/07/2026 19:42:27 | Estado: NUEVA UBICACION | Bat: 0%</description>
      <styleUrl>#pointStyle</styleUrl>
      <Point><coordinates>-72.64817333,2.560841167,0</coordinates></Point>
    </Placemark>
    <Placemark>
      <n>#242 HERMES-01</n>
      <description>07/07/2026 19:52:44 | Estado: NUEVA UBICACION | Bat: 0%</description>
      <styleUrl>#pointStyle</styleUrl>
      <Point><coordinates>-72.64809333,2.5608865,0</coordinates></Point>
    </Placemark>
    <Placemark>
      <n>#243 HERMES-01</n>
      <description>07/07/2026 20:03:05 | Estado: NUEVA UBICACION | Bat: 0%</description>
      <styleUrl>#pointStyle</styleUrl>
      <Point><coordinates>-72.648184,2.560836667,0</coordinates></Point>
    </Placemark>
    <Placemark>
      <n>#244 HERMES-01</n>
      <description>07/07/2026 20:13:21 | Estado: NUEVA UBICACION | Bat: 0%</description>
      <styleUrl>#pointStyle</styleUrl>
      <Point><coordinates>-72.6481225,2.5608775,0</coordinates></Point>
    </Placemark>
    <Placemark>
      <n>#245 HERMES-01</n>
      <description>07/07/2026 20:23:40 | Estado: NUEVA UBICACION | Bat: 0%</description>
      <styleUrl>#pointStyle</styleUrl>
      <Point><coordinates>-72.64814133,2.5609335,0</coordinates></Point>
    </Placemark>
    <Placemark>
      <n>#246 HERMES-01</n>
      <description>07/07/2026 20:34:17 | Estado: NUEVA UBICACION | Bat: 0%</description>
      <styleUrl>#pointStyle</styleUrl>
      <Point><coordinates>-72.6481735,2.560809,0</coordinates></Point>
    </Placemark>
    <Placemark>
      <n>#247 HERMES-01</n>
      <description>07/07/2026 20:44:30 | Estado: NUEVA UBICACION | Bat: 0%</description>
      <styleUrl>#pointStyle</styleUrl>
      <Point><coordinates>-72.64812083,2.560845833,0</coordinates></Point>
    </Placemark>
    <Placemark>
      <n>#248 HERMES-01</n>
      <description>07/07/2026 20:56:41 | Estado: NUEVA UBICACION | Bat: 0%</description>
      <styleUrl>#pointStyle</styleUrl>
      <Point><coordinates>-72.64812317,2.560836833,0</coordinates></Point>
    </Placemark>
    <Placemark>
      <n>#249 HERMES-01</n>
      <description>07/07/2026 21:06:55 | Estado: NUEVA UBICACION | Bat: 0%</description>
      <styleUrl>#pointStyle</styleUrl>
      <Point><coordinates>-72.648191,2.560848333,0</coordinates></Point>
    </Placemark>
    <Placemark>
      <n>#250 HERMES-01</n>
      <description>07/07/2026 21:17:13 | Estado: NUEVA UBICACION | Bat: 0%</description>
      <styleUrl>#pointStyle</styleUrl>
      <Point><coordinates>-72.64815,2.560862667,0</coordinates></Point>
    </Placemark>
    <Placemark>
      <n>#251 HERMES-01</n>
      <description>07/07/2026 21:38:06 | Estado: NUEVA UBICACION | Bat: 0%</description>
      <styleUrl>#pointStyle</styleUrl>
      <Point><coordinates>-72.64817067,2.5608515,0</coordinates></Point>
    </Placemark>
    <Placemark>
      <n>#252 HERMES-01</n>
      <description>07/07/2026 21:48:22 | Estado: NUEVA UBICACION | Bat: 0%</description>
      <styleUrl>#pointStyle</styleUrl>
      <Point><coordinates>-72.64826233,2.560820167,0</coordinates></Point>
    </Placemark>
    <Placemark>
      <n>#253 HERMES-01</n>
      <description>07/07/2026 21:58:41 | Estado: NUEVA UBICACION | Bat: 0%</description>
      <styleUrl>#pointStyle</styleUrl>
      <Point><coordinates>-72.64821783,2.560849333,0</coordinates></Point>
    </Placemark>
    <Placemark>
      <n>#254 HERMES-01</n>
      <description>07/07/2026 22:08:59 | Estado: NUEVA UBICACION | Bat: 0%</description>
      <styleUrl>#pointStyle</styleUrl>
      <Point><coordinates>-72.64818417,2.560866833,0</coordinates></Point>
    </Placemark>
    <Placemark>
      <n>#255 HERMES-01</n>
      <description>07/07/2026 22:19:15 | Estado: NUEVA UBICACION | Bat: 0%</description>
      <styleUrl>#pointStyle</styleUrl>
      <Point><coordinates>-72.64820417,2.560881833,0</coordinates></Point>
    </Placemark>
    <Placemark>
      <n>#256 HERMES-01</n>
      <description>07/07/2026 22:29:30 | Estado: NUEVA UBICACION | Bat: 0%</description>
      <styleUrl>#pointStyle</styleUrl>
      <Point><coordinates>-72.648194,2.560853333,0</coordinates></Point>
    </Placemark>
    <Placemark>
      <n>#257 HERMES-01</n>
      <description> No disponible | Estado: NUEVA UBICACION | Bat: 0%</description>
      <styleUrl>#pointStyle</styleUrl>
      <Point><coordinates>-72.648128,2.560837333,0</coordinates></Point>
    </Placemark>
    <Placemark>
      <n>#258 HERMES-01</n>
      <description>07/07/2026 23:10:49 | Estado: NUEVA UBICACION | Bat: 0%</description>
      <styleUrl>#pointStyle</styleUrl>
      <Point><coordinates>-72.648165,2.5608795,0</coordinates></Point>
    </Placemark>
    <Placemark>
      <n>#259 HERMES-01</n>
      <description>07/07/2026 23:21:04 | Estado: NUEVA UBICACION | Bat: 0%</description>
      <styleUrl>#pointStyle</styleUrl>
      <Point><coordinates>-72.6481835,2.560864333,0</coordinates></Point>
    </Placemark>
    <Placemark>
      <n>#260 HERMES-01</n>
      <description>07/07/2026 23:31:22 | Estado: NUEVA UBICACION | Bat: 0%</description>
      <styleUrl>#pointStyle</styleUrl>
      <Point><coordinates>-72.64813583,2.5608505,0</coordinates></Point>
    </Placemark>
    <Placemark>
      <n>#261 HERMES-01</n>
      <description>07/07/2026 23:41:40 | Estado: NUEVA UBICACION | Bat: 0%</description>
      <styleUrl>#pointStyle</styleUrl>
      <Point><coordinates>-72.64814083,2.560854,0</coordinates></Point>
    </Placemark>
    <Placemark>
      <n>#262 HERMES-01</n>
      <description>07/07/2026 23:51:58 | Estado: NUEVA UBICACION | Bat: 0%</description>
      <styleUrl>#pointStyle</styleUrl>
      <Point><coordinates>-72.64813183,2.5608285,0</coordinates></Point>
    </Placemark>
    <Placemark>
      <n>#263 HERMES-01</n>
      <description> No disponible | Estado: NUEVA UBICACION | Bat: 0%</description>
      <styleUrl>#pointStyle</styleUrl>
      <Point><coordinates>-72.64811767,2.560808833,0</coordinates></Point>
    </Placemark>
    <Placemark>
      <n>#264 HERMES-01</n>
      <description>08/07/2026 00:16:31 | Estado: NUEVA UBICACION | Bat: 0%</description>
      <styleUrl>#pointStyle</styleUrl>
      <Point><coordinates>-72.64809267,2.560903833,0</coordinates></Point>
    </Placemark>
    <Placemark>
      <n>#265 HERMES-01</n>
      <description>08/07/2026 00:26:49 | Estado: NUEVA UBICACION | Bat: 0%</description>
      <styleUrl>#pointStyle</styleUrl>
      <Point><coordinates>-72.648111,2.560936833,0</coordinates></Point>
    </Placemark>
    <Placemark>
      <n>#266 HERMES-01</n>
      <description>08/07/2026 00:37:07 | Estado: NUEVA UBICACION | Bat: 0%</description>
      <styleUrl>#pointStyle</styleUrl>
      <Point><coordinates>-72.64813067,2.560858333,0</coordinates></Point>
    </Placemark>
    <Placemark>
      <n>#267 HERMES-01</n>
      <description>08/07/2026 00:47:31 | Estado: NUEVA UBICACION | Bat: 0%</description>
      <styleUrl>#pointStyle</styleUrl>
      <Point><coordinates>-72.648148,2.560907,0</coordinates></Point>
    </Placemark>
    <Placemark>
      <n>#268 HERMES-01</n>
      <description>08/07/2026 00:57:53 | Estado: NUEVA UBICACION | Bat: 0%</description>
      <styleUrl>#pointStyle</styleUrl>
      <Point><coordinates>-72.64814583,2.5608795,0</coordinates></Point>
    </Placemark>
    <Placemark>
      <n>#269 HERMES-01</n>
      <description>08/07/2026 01:18:33 | Estado: NUEVA UBICACION | Bat: 0%</description>
      <styleUrl>#pointStyle</styleUrl>
      <Point><coordinates>-72.6481375,2.560812833,0</coordinates></Point>
    </Placemark>
    <Placemark>
      <n>#270 HERMES-01</n>
      <description>08/07/2026 01:28:49 | Estado: NUEVA UBICACION | Bat: 0%</description>
      <styleUrl>#pointStyle</styleUrl>
      <Point><coordinates>-72.6481625,2.560865667,0</coordinates></Point>
    </Placemark>
    <Placemark>
      <n>#271 HERMES-01</n>
      <description>08/07/2026 01:39:05 | Estado: NUEVA UBICACION | Bat: 0%</description>
      <styleUrl>#pointStyle</styleUrl>
      <Point><coordinates>-72.648129,2.560803167,0</coordinates></Point>
    </Placemark>
    <Placemark>
      <n>#272 HERMES-01</n>
      <description>08/07/2026 01:49:21 | Estado: NUEVA UBICACION | Bat: 0%</description>
      <styleUrl>#pointStyle</styleUrl>
      <Point><coordinates>-72.6482375,2.560876,0</coordinates></Point>
    </Placemark>
    <Placemark>
      <n>#273 HERMES-01</n>
      <description>08/07/2026 01:59:36 | Estado: NUEVA UBICACION | Bat: 0%</description>
      <styleUrl>#pointStyle</styleUrl>
      <Point><coordinates>-72.6481785,2.560886833,0</coordinates></Point>
    </Placemark>
    <Placemark>
      <n>#274 HERMES-01</n>
      <description>08/07/2026 02:09:51 | Estado: NUEVA UBICACION | Bat: 0%</description>
      <styleUrl>#pointStyle</styleUrl>
      <Point><coordinates>-72.6481805,2.560864,0</coordinates></Point>
    </Placemark>
    <Placemark>
      <n>#275 HERMES-01</n>
      <description>08/07/2026 02:20:05 | Estado: NUEVA UBICACION | Bat: 0%</description>
      <styleUrl>#pointStyle</styleUrl>
      <Point><coordinates>-72.64816783,2.560783667,0</coordinates></Point>
    </Placemark>
    <Placemark>
      <n>#276 HERMES-01</n>
      <description>08/07/2026 02:30:22 | Estado: NUEVA UBICACION | Bat: 0%</description>
      <styleUrl>#pointStyle</styleUrl>
      <Point><coordinates>-72.64815217,2.560628167,0</coordinates></Point>
    </Placemark>
    <Placemark>
      <n>#277 HERMES-01</n>
      <description>08/07/2026 02:40:37 | Estado: NUEVA UBICACION | Bat: 0%</description>
      <styleUrl>#pointStyle</styleUrl>
      <Point><coordinates>-72.6481155,2.560807333,0</coordinates></Point>
    </Placemark>
    <Placemark>
      <n>#278 HERMES-01</n>
      <description>08/07/2026 02:50:53 | Estado: NUEVA UBICACION | Bat: 0%</description>
      <styleUrl>#pointStyle</styleUrl>
      <Point><coordinates>-72.64815033,2.560794,0</coordinates></Point>
    </Placemark>
    <Placemark>
      <n>#279 HERMES-01</n>
      <description>08/07/2026 03:01:15 | Estado: NUEVA UBICACION | Bat: 0%</description>
      <styleUrl>#pointStyle</styleUrl>
      <Point><coordinates>-72.64808883,2.560809333,0</coordinates></Point>
    </Placemark>
    <Placemark>
      <n>#280 HERMES-01</n>
      <description>08/07/2026 03:13:21 | Estado: NUEVA UBICACION | Bat: 0%</description>
      <styleUrl>#pointStyle</styleUrl>
      <Point><coordinates>-72.64815217,2.560902,0</coordinates></Point>
    </Placemark>
    <Placemark>
      <n>#281 HERMES-01</n>
      <description>08/07/2026 03:24:12 | Estado: NUEVA UBICACION | Bat: 0%</description>
      <styleUrl>#pointStyle</styleUrl>
      <Point><coordinates>-72.64801033,2.560976333,0</coordinates></Point>
    </Placemark>
    <Placemark>
      <n>#282 HERMES-01</n>
      <description>08/07/2026 03:34:35 | Estado: NUEVA UBICACION | Bat: 0%</description>
      <styleUrl>#pointStyle</styleUrl>
      <Point><coordinates>-72.64812817,2.560858833,0</coordinates></Point>
    </Placemark>
    <Placemark>
      <n>#283 HERMES-01</n>
      <description> No disponible | Estado: NUEVA UBICACION | Bat: 0%</description>
      <styleUrl>#pointStyle</styleUrl>
      <Point><coordinates>-72.64813817,2.5608665,0</coordinates></Point>
    </Placemark>
    <Placemark>
      <n>#284 HERMES-01</n>
      <description>08/07/2026 03:55:04 | Estado: NUEVA UBICACION | Bat: 0%</description>
      <styleUrl>#pointStyle</styleUrl>
      <Point><coordinates>-72.648083,2.560916167,0</coordinates></Point>
    </Placemark>
    <Placemark>
      <n>#285 HERMES-01</n>
      <description>08/07/2026 04:05:20 | Estado: NUEVA UBICACION | Bat: 0%</description>
      <styleUrl>#pointStyle</styleUrl>
      <Point><coordinates>-72.64812017,2.560834,0</coordinates></Point>
    </Placemark>
    <Placemark>
      <n>#286 HERMES-01</n>
      <description>08/07/2026 04:15:38 | Estado: NUEVA UBICACION | Bat: 0%</description>
      <styleUrl>#pointStyle</styleUrl>
      <Point><coordinates>-72.64815983,2.560885667,0</coordinates></Point>
    </Placemark>
    <Placemark>
      <n>#287 HERMES-01</n>
      <description>08/07/2026 04:25:55 | Estado: NUEVA UBICACION | Bat: 0%</description>
      <styleUrl>#pointStyle</styleUrl>
      <Point><coordinates>-72.64813533,2.560810833,0</coordinates></Point>
    </Placemark>
    <Placemark>
      <n>#288 HERMES-01</n>
      <description>08/07/2026 04:36:10 | Estado: NUEVA UBICACION | Bat: 0%</description>
      <styleUrl>#pointStyle</styleUrl>
      <Point><coordinates>-72.64813067,2.560814,0</coordinates></Point>
    </Placemark>
    <Placemark>
      <n>#289 HERMES-01</n>
      <description>08/07/2026 04:46:26 | Estado: NUEVA UBICACION | Bat: 0%</description>
      <styleUrl>#pointStyle</styleUrl>
      <Point><coordinates>-72.64817533,2.5608635,0</coordinates></Point>
    </Placemark>
    <Placemark>
      <n>#290 HERMES-01</n>
      <description> No disponible | Estado: NUEVA UBICACION | Bat: 0%</description>
      <styleUrl>#pointStyle</styleUrl>
      <Point><coordinates>-72.64808583,2.560795833,0</coordinates></Point>
    </Placemark>
    <Placemark>
      <n>#291 HERMES-01</n>
      <description>08/07/2026 05:07:00 | Estado: NUEVA UBICACION | Bat: 0%</description>
      <styleUrl>#pointStyle</styleUrl>
      <Point><coordinates>-72.6482545,2.560857167,0</coordinates></Point>
    </Placemark>
    <Placemark>
      <n>#292 HERMES-01</n>
      <description>08/07/2026 05:17:16 | Estado: NUEVA UBICACION | Bat: 0%</description>
      <styleUrl>#pointStyle</styleUrl>
      <Point><coordinates>-72.64816483,2.560827833,0</coordinates></Point>
    </Placemark>
    <Placemark>
      <n>#293 HERMES-01</n>
      <description>08/07/2026 05:27:32 | Estado: NUEVA UBICACION | Bat: 0%</description>
      <styleUrl>#pointStyle</styleUrl>
      <Point><coordinates>-72.64816417,2.560829,0</coordinates></Point>
    </Placemark>
    <Placemark>
      <n>#294 HERMES-01</n>
      <description>08/07/2026 05:37:48 | Estado: NUEVA UBICACION | Bat: 0%</description>
      <styleUrl>#pointStyle</styleUrl>
      <Point><coordinates>-72.6481635,2.560802167,0</coordinates></Point>
    </Placemark>
    <Placemark>
      <n>#295 HERMES-01</n>
      <description>08/07/2026 05:48:04 | Estado: NUEVA UBICACION | Bat: 0%</description>
      <styleUrl>#pointStyle</styleUrl>
      <Point><coordinates>-72.64810383,2.560805833,0</coordinates></Point>
    </Placemark>
    <Placemark>
      <n>#296 HERMES-01</n>
      <description>08/07/2026 05:58:22 | Estado: NUEVA UBICACION | Bat: 0%</description>
      <styleUrl>#pointStyle</styleUrl>
      <Point><coordinates>-72.6481785,2.560804667,0</coordinates></Point>
    </Placemark>
    <Placemark>
      <n>#297 HERMES-01</n>
      <description>08/07/2026 06:08:39 | Estado: NUEVA UBICACION | Bat: 0%</description>
      <styleUrl>#pointStyle</styleUrl>
      <Point><coordinates>-72.64820283,2.560835167,0</coordinates></Point>
    </Placemark>
    <Placemark>
      <n>#298 HERMES-01</n>
      <description>08/07/2026 06:18:55 | Estado: NUEVA UBICACION | Bat: 0%</description>
      <styleUrl>#pointStyle</styleUrl>
      <Point><coordinates>-72.648186,2.560883833,0</coordinates></Point>
    </Placemark>
    <Placemark>
      <n>#299 HERMES-01</n>
      <description>08/07/2026 06:29:11 | Estado: NUEVA UBICACION | Bat: 0%</description>
      <styleUrl>#pointStyle</styleUrl>
      <Point><coordinates>-72.648186,2.56085,0</coordinates></Point>
    </Placemark>
    <Placemark>
      <n>#300 HERMES-01</n>
      <description>08/07/2026 06:39:49 | Estado: NUEVA UBICACION | Bat: 0%</description>
      <styleUrl>#pointStyle</styleUrl>
      <Point><coordinates>-72.64825283,2.560959,0</coordinates></Point>
    </Placemark>
    <Placemark>
      <n>#301 HERMES-01</n>
      <description>08/07/2026 06:50:09 | Estado: NUEVA UBICACION | Bat: 0%</description>
      <styleUrl>#pointStyle</styleUrl>
      <Point><coordinates>-72.64826583,2.560885333,0</coordinates></Point>
    </Placemark>
    <Placemark>
      <n>#302 HERMES-01</n>
      <description>08/07/2026 07:00:27 | Estado: NUEVA UBICACION | Bat: 0%</description>
      <styleUrl>#pointStyle</styleUrl>
      <Point><coordinates>-72.6481455,2.5608555,0</coordinates></Point>
    </Placemark>
    <Placemark>
      <n>#303 HERMES-01</n>
      <description>08/07/2026 07:10:46 | Estado: NUEVA UBICACION | Bat: 0%</description>
      <styleUrl>#pointStyle</styleUrl>
      <Point><coordinates>-72.64811317,2.560878,0</coordinates></Point>
    </Placemark>
    <Placemark>
      <n>#304 HERMES-01</n>
      <description>08/07/2026 07:21:02 | Estado: NUEVA UBICACION | Bat: 0%</description>
      <styleUrl>#pointStyle</styleUrl>
      <Point><coordinates>-72.64816217,2.5609415,0</coordinates></Point>
    </Placemark>
    <Placemark>
      <n>#305 HERMES-01</n>
      <description>08/07/2026 07:31:18 | Estado: NUEVA UBICACION | Bat: 0%</description>
      <styleUrl>#pointStyle</styleUrl>
      <Point><coordinates>-72.6482875,2.560845333,0</coordinates></Point>
    </Placemark>
    <Placemark>
      <n>#306 HERMES-01</n>
      <description>08/07/2026 07:41:33 | Estado: NUEVA UBICACION | Bat: 0%</description>
      <styleUrl>#pointStyle</styleUrl>
      <Point><coordinates>-72.64811867,2.560728167,0</coordinates></Point>
    </Placemark>
    <Placemark>
      <n>#307 HERMES-01</n>
      <description>08/07/2026 07:51:49 | Estado: NUEVA UBICACION | Bat: 0%</description>
      <styleUrl>#pointStyle</styleUrl>
      <Point><coordinates>-72.64821,2.560836333,0</coordinates></Point>
    </Placemark>
    <Placemark>
      <n>#308 HERMES-01</n>
      <description>08/07/2026 08:24:32 | Estado: REENVIO PENDIENTE | Bat: 0%</description>
      <styleUrl>#pointStyle</styleUrl>
      <Point><coordinates>-72.648167,2.560887,0</coordinates></Point>
    </Placemark>
    <Placemark>
      <n>#309 HERMES-01</n>
      <description>08/07/2026 08:35:34 | Estado: REENVIO PENDIENTE | Bat: 0%</description>
      <styleUrl>#pointStyle</styleUrl>
      <Point><coordinates>-72.648176,2.560881,0</coordinates></Point>
    </Placemark>
    <Placemark>
      <n>#310 HERMES-01</n>
      <description>08/07/2026 08:46:58 | Estado: NUEVA UBICACION | Bat: 0%</description>
      <styleUrl>#pointStyle</styleUrl>
      <Point><coordinates>-72.648086,2.560923,0</coordinates></Point>
    </Placemark>
    <Placemark>
      <n>#311 HERMES-01</n>
      <description>08/07/2026 08:57:12 | Estado: NUEVA UBICACION | Bat: 0%</description>
      <styleUrl>#pointStyle</styleUrl>
      <Point><coordinates>-72.64813867,2.560878167,0</coordinates></Point>
    </Placemark>
    <Placemark>
      <n>#312 HERMES-01</n>
      <description>08/07/2026 09:07:30 | Estado: NUEVA UBICACION | Bat: 0%</description>
      <styleUrl>#pointStyle</styleUrl>
      <Point><coordinates>-72.64813833,2.560819833,0</coordinates></Point>
    </Placemark>
    <Placemark>
      <n>#313 HERMES-01</n>
      <description>08/07/2026 09:17:55 | Estado: NUEVA UBICACION | Bat: 0%</description>
      <styleUrl>#pointStyle</styleUrl>
      <Point><coordinates>-72.64815733,2.560832333,0</coordinates></Point>
    </Placemark>
    <Placemark>
      <n>#314 HERMES-01</n>
      <description> No disponible | Estado: NUEVA UBICACION | Bat: 0%</description>
      <styleUrl>#pointStyle</styleUrl>
      <Point><coordinates>-72.64815617,2.560864333,0</coordinates></Point>
    </Placemark>
    <Placemark>
      <n>#315 HERMES-01</n>
      <description>08/07/2026 09:38:58 | Estado: NUEVA UBICACION | Bat: 0%</description>
      <styleUrl>#pointStyle</styleUrl>
      <Point><coordinates>-72.648169,2.560860167,0</coordinates></Point>
    </Placemark>
    <Placemark>
      <n>#316 HERMES-01</n>
      <description>08/07/2026 09:49:15 | Estado: NUEVA UBICACION | Bat: 0%</description>
      <styleUrl>#pointStyle</styleUrl>
      <Point><coordinates>-72.6481755,2.560860333,0</coordinates></Point>
    </Placemark>
    <Placemark>
      <n>#317 HERMES-01</n>
      <description>08/07/2026 09:59:30 | Estado: NUEVA UBICACION | Bat: 0%</description>
      <styleUrl>#pointStyle</styleUrl>
      <Point><coordinates>-72.64815083,2.560884833,0</coordinates></Point>
    </Placemark>
    <Placemark>
      <n>#318 HERMES-01</n>
      <description>08/07/2026 10:09:47 | Estado: NUEVA UBICACION | Bat: 0%</description>
      <styleUrl>#pointStyle</styleUrl>
      <Point><coordinates>-72.64816383,2.560879,0</coordinates></Point>
    </Placemark>
    <Placemark>
      <n>#319 HERMES-01</n>
      <description> No disponible | Estado: NUEVA UBICACION | Bat: 0%</description>
      <styleUrl>#pointStyle</styleUrl>
      <Point><coordinates>-72.6481725,2.560853167,0</coordinates></Point>
    </Placemark>
    <Placemark>
      <n>#320 HERMES-01</n>
      <description>08/07/2026 10:30:15 | Estado: NUEVA UBICACION | Bat: 0%</description>
      <styleUrl>#pointStyle</styleUrl>
      <Point><coordinates>-72.6481385,2.560876167,0</coordinates></Point>
    </Placemark>
    <Placemark>
      <n>#321 HERMES-01</n>
      <description> No disponible | Estado: NUEVA UBICACION | Bat: 0%</description>
      <styleUrl>#pointStyle</styleUrl>
      <Point><coordinates>-72.6481755,2.560883333,0</coordinates></Point>
    </Placemark>
    <Placemark>
      <n>#322 HERMES-01</n>
      <description> No disponible | Estado: NUEVA UBICACION | Bat: 0%</description>
      <styleUrl>#pointStyle</styleUrl>
      <Point><coordinates>-72.648177,2.5608605,0</coordinates></Point>
    </Placemark>
    <Placemark>
      <n>#323 HERMES-01</n>
      <description> No disponible | Estado: NUEVA UBICACION | Bat: 0%</description>
      <styleUrl>#pointStyle</styleUrl>
      <Point><coordinates>-72.64817117,2.560853333,0</coordinates></Point>
    </Placemark>
    <Placemark>
      <n>#324 HERMES-01</n>
      <description>08/07/2026 11:11:22 | Estado: NUEVA UBICACION | Bat: 0%</description>
      <styleUrl>#pointStyle</styleUrl>
      <Point><coordinates>-72.64816083,2.5608735,0</coordinates></Point>
    </Placemark>
    <Placemark>
      <n>#325 HERMES-01</n>
      <description>08/07/2026 11:21:39 | Estado: NUEVA UBICACION | Bat: 0%</description>
      <styleUrl>#pointStyle</styleUrl>
      <Point><coordinates>-72.64815317,2.560852333,0</coordinates></Point>
    </Placemark>
    <Placemark>
      <n>#326 HERMES-01</n>
      <description> No disponible | Estado: NUEVA UBICACION | Bat: 0%</description>
      <styleUrl>#pointStyle</styleUrl>
      <Point><coordinates>-72.64815033,2.560851833,0</coordinates></Point>
    </Placemark>
    <Placemark>
      <n>#327 HERMES-01</n>
      <description> No disponible | Estado: NUEVA UBICACION | Bat: 0%</description>
      <styleUrl>#pointStyle</styleUrl>
      <Point><coordinates>-72.64816983,2.560871333,0</coordinates></Point>
    </Placemark>
    <Placemark>
      <n>#328 HERMES-01</n>
      <description>08/07/2026 11:52:25 | Estado: NUEVA UBICACION | Bat: 0%</description>
      <styleUrl>#pointStyle</styleUrl>
      <Point><coordinates>-72.648189,2.5608715,0</coordinates></Point>
    </Placemark>
    <Placemark>
      <n>#329 HERMES-01</n>
      <description>08/07/2026 12:02:39 | Estado: NUEVA UBICACION | Bat: 0%</description>
      <styleUrl>#pointStyle</styleUrl>
      <Point><coordinates>-72.64817867,2.560857833,0</coordinates></Point>
    </Placemark>
    <Placemark>
      <n>#330 HERMES-01</n>
      <description>08/07/2026 12:12:57 | Estado: NUEVA UBICACION | Bat: 0%</description>
      <styleUrl>#pointStyle</styleUrl>
      <Point><coordinates>-72.64814083,2.560905167,0</coordinates></Point>
    </Placemark>
    <Placemark>
      <n>#331 HERMES-01</n>
      <description> No disponible | Estado: NUEVA UBICACION | Bat: 0%</description>
      <styleUrl>#pointStyle</styleUrl>
      <Point><coordinates>-72.64814633,2.560873833,0</coordinates></Point>
    </Placemark>
    <Placemark>
      <n>#332 HERMES-01</n>
      <description>08/07/2026 12:33:28 | Estado: NUEVA UBICACION | Bat: 0%</description>
      <styleUrl>#pointStyle</styleUrl>
      <Point><coordinates>-72.64812017,2.560871667,0</coordinates></Point>
    </Placemark>
    <Placemark>
      <n>#333 HERMES-01</n>
      <description>08/07/2026 12:43:45 | Estado: NUEVA UBICACION | Bat: 0%</description>
      <styleUrl>#pointStyle</styleUrl>
      <Point><coordinates>-72.648137,2.560888167,0</coordinates></Point>
    </Placemark>
    <Placemark>
      <n>#334 HERMES-01</n>
      <description>08/07/2026 12:54:02 | Estado: NUEVA UBICACION | Bat: 0%</description>
      <styleUrl>#pointStyle</styleUrl>
      <Point><coordinates>-72.64814567,2.560839167,0</coordinates></Point>
    </Placemark>
    <Placemark>
      <n>#335 HERMES-01</n>
      <description>08/07/2026 13:04:17 | Estado: NUEVA UBICACION | Bat: 0%</description>
      <styleUrl>#pointStyle</styleUrl>
      <Point><coordinates>-72.64814883,2.560890333,0</coordinates></Point>
    </Placemark>
    <Placemark>
      <n>#336 HERMES-01</n>
      <description>08/07/2026 13:14:34 | Estado: NUEVA UBICACION | Bat: 0%</description>
      <styleUrl>#pointStyle</styleUrl>
      <Point><coordinates>-72.64815867,2.560827167,0</coordinates></Point>
    </Placemark>
    <Placemark>
      <n>#337 HERMES-01</n>
      <description>08/07/2026 13:24:51 | Estado: NUEVA UBICACION | Bat: 0%</description>
      <styleUrl>#pointStyle</styleUrl>
      <Point><coordinates>-72.64814933,2.560900667,0</coordinates></Point>
    </Placemark>
    <Placemark>
      <n>#338 HERMES-01</n>
      <description> No disponible | Estado: NUEVA UBICACION | Bat: 0%</description>
      <styleUrl>#pointStyle</styleUrl>
      <Point><coordinates>-72.64813383,2.5608325,0</coordinates></Point>
    </Placemark>
    <Placemark>
      <n>#339 HERMES-01</n>
      <description>08/07/2026 13:45:25 | Estado: NUEVA UBICACION | Bat: 0%</description>
      <styleUrl>#pointStyle</styleUrl>
      <Point><coordinates>-72.64813517,2.560856167,0</coordinates></Point>
    </Placemark>
    <Placemark>
      <n>#340 HERMES-01</n>
      <description> No disponible | Estado: NUEVA UBICACION | Bat: 0%</description>
      <styleUrl>#pointStyle</styleUrl>
      <Point><coordinates>-72.6482075,2.5608905,0</coordinates></Point>
    </Placemark>
    <Placemark>
      <n>#341 HERMES-01</n>
      <description> No disponible | Estado: NUEVA UBICACION | Bat: 0%</description>
      <styleUrl>#pointStyle</styleUrl>
      <Point><coordinates>-72.648159,2.560888667,0</coordinates></Point>
    </Placemark>
    <Placemark>
      <n>#342 HERMES-01</n>
      <description> No disponible | Estado: NUEVA UBICACION | Bat: 0%</description>
      <styleUrl>#pointStyle</styleUrl>
      <Point><coordinates>-72.64821833,2.5609185,0</coordinates></Point>
    </Placemark>
    <Placemark>
      <n>#343 HERMES-01</n>
      <description>08/07/2026 14:26:32 | Estado: NUEVA UBICACION | Bat: 0%</description>
      <styleUrl>#pointStyle</styleUrl>
      <Point><coordinates>-72.648165,2.560873833,0</coordinates></Point>
    </Placemark>
    <Placemark>
      <n>#344 HERMES-01</n>
      <description>08/07/2026 14:36:50 | Estado: NUEVA UBICACION | Bat: 0%</description>
      <styleUrl>#pointStyle</styleUrl>
      <Point><coordinates>-72.64819167,2.560867167,0</coordinates></Point>
    </Placemark>
    <Placemark>
      <n>#345 HERMES-01</n>
      <description>08/07/2026 14:47:17 | Estado: NUEVA UBICACION | Bat: 0%</description>
      <styleUrl>#pointStyle</styleUrl>
      <Point><coordinates>-72.6481365,2.560839,0</coordinates></Point>
    </Placemark>
    <Placemark>
      <n>#346 HERMES-01</n>
      <description>08/07/2026 14:57:30 | Estado: NUEVA UBICACION | Bat: 0%</description>
      <styleUrl>#pointStyle</styleUrl>
      <Point><coordinates>-72.6481735,2.5608545,0</coordinates></Point>
    </Placemark>
    <Placemark>
      <n>#347 HERMES-01</n>
      <description>08/07/2026 15:07:50 | Estado: NUEVA UBICACION | Bat: 0%</description>
      <styleUrl>#pointStyle</styleUrl>
      <Point><coordinates>-72.64819183,2.560878833,0</coordinates></Point>
    </Placemark>
    <Placemark>
      <n>#348 HERMES-01</n>
      <description>08/07/2026 15:18:06 | Estado: NUEVA UBICACION | Bat: 0%</description>
      <styleUrl>#pointStyle</styleUrl>
      <Point><coordinates>-72.64819533,2.560826333,0</coordinates></Point>
    </Placemark>
    <Placemark>
      <n>#349 HERMES-01</n>
      <description>08/07/2026 15:28:23 | Estado: NUEVA UBICACION | Bat: 0%</description>
      <styleUrl>#pointStyle</styleUrl>
      <Point><coordinates>-72.64818367,2.560858833,0</coordinates></Point>
    </Placemark>
    <Placemark>
      <n>#350 HERMES-01</n>
      <description>08/07/2026 15:38:43 | Estado: NUEVA UBICACION | Bat: 0%</description>
      <styleUrl>#pointStyle</styleUrl>
      <Point><coordinates>-72.64816217,2.5609215,0</coordinates></Point>
    </Placemark>
    <Placemark>
      <n>#351 HERMES-01</n>
      <description>08/07/2026 15:48:58 | Estado: NUEVA UBICACION | Bat: 0%</description>
      <styleUrl>#pointStyle</styleUrl>
      <Point><coordinates>-72.64814517,2.560884167,0</coordinates></Point>
    </Placemark>
    <Placemark>
      <n>#352 HERMES-01</n>
      <description>08/07/2026 15:59:14 | Estado: NUEVA UBICACION | Bat: 0%</description>
      <styleUrl>#pointStyle</styleUrl>
      <Point><coordinates>-72.64816433,2.560875833,0</coordinates></Point>
    </Placemark>
    <Placemark>
      <n>#353 HERMES-01</n>
      <description>08/07/2026 16:09:49 | Estado: NUEVA UBICACION | Bat: 0%</description>
      <styleUrl>#pointStyle</styleUrl>
      <Point><coordinates>-72.64814217,2.560854333,0</coordinates></Point>
    </Placemark>
    <Placemark>
      <n>#354 HERMES-01</n>
      <description>08/07/2026 16:20:18 | Estado: NUEVA UBICACION | Bat: 0%</description>
      <styleUrl>#pointStyle</styleUrl>
      <Point><coordinates>-72.64814783,2.560852333,0</coordinates></Point>
    </Placemark>
    <Placemark>
      <n>#355 HERMES-01</n>
      <description> No disponible | Estado: NUEVA UBICACION | Bat: 0%</description>
      <styleUrl>#pointStyle</styleUrl>
      <Point><coordinates>-72.64815083,2.560801167,0</coordinates></Point>
    </Placemark>
    <Placemark>
      <n>#356 HERMES-01</n>
      <description>08/07/2026 16:40:49 | Estado: NUEVA UBICACION | Bat: 0%</description>
      <styleUrl>#pointStyle</styleUrl>
      <Point><coordinates>-72.64814333,2.560851,0</coordinates></Point>
    </Placemark>
    <Placemark>
      <n>#357 HERMES-01</n>
      <description>08/07/2026 16:51:05 | Estado: NUEVA UBICACION | Bat: 0%</description>
      <styleUrl>#pointStyle</styleUrl>
      <Point><coordinates>-72.64814233,2.560877,0</coordinates></Point>
    </Placemark>
    <Placemark>
      <n>#358 HERMES-01</n>
      <description>08/07/2026 17:01:21 | Estado: NUEVA UBICACION | Bat: 0%</description>
      <styleUrl>#pointStyle</styleUrl>
      <Point><coordinates>-72.64814517,2.560886833,0</coordinates></Point>
    </Placemark>
    <Placemark>
      <n>#359 HERMES-01</n>
      <description>08/07/2026 17:11:39 | Estado: NUEVA UBICACION | Bat: 0%</description>
      <styleUrl>#pointStyle</styleUrl>
      <Point><coordinates>-72.648163,2.560829333,0</coordinates></Point>
    </Placemark>
    <Placemark>
      <n>#360 HERMES-01</n>
      <description>08/07/2026 17:21:55 | Estado: NUEVA UBICACION | Bat: 0%</description>
      <styleUrl>#pointStyle</styleUrl>
      <Point><coordinates>-72.648148,2.560811833,0</coordinates></Point>
    </Placemark>
    <Placemark>
      <n>#361 HERMES-01</n>
      <description>08/07/2026 17:32:12 | Estado: NUEVA UBICACION | Bat: 0%</description>
      <styleUrl>#pointStyle</styleUrl>
      <Point><coordinates>-72.64812683,2.560874167,0</coordinates></Point>
    </Placemark>
    <Placemark>
      <n>#362 HERMES-01</n>
      <description>08/07/2026 17:42:29 | Estado: NUEVA UBICACION | Bat: 0%</description>
      <styleUrl>#pointStyle</styleUrl>
      <Point><coordinates>-72.648146,2.5608515,0</coordinates></Point>
    </Placemark>
    <Placemark>
      <n>#363 HERMES-01</n>
      <description>08/07/2026 17:52:43 | Estado: NUEVA UBICACION | Bat: 0%</description>
      <styleUrl>#pointStyle</styleUrl>
      <Point><coordinates>-72.64811867,2.560855167,0</coordinates></Point>
    </Placemark>
    <Placemark>
      <n>#364 HERMES-01</n>
      <description>08/07/2026 18:02:59 | Estado: NUEVA UBICACION | Bat: 0%</description>
      <styleUrl>#pointStyle</styleUrl>
      <Point><coordinates>-72.648138,2.560853,0</coordinates></Point>
    </Placemark>
    <Placemark>
      <n>#365 HERMES-01</n>
      <description>08/07/2026 18:13:15 | Estado: NUEVA UBICACION | Bat: 0%</description>
      <styleUrl>#pointStyle</styleUrl>
      <Point><coordinates>-72.64813,2.560888,0</coordinates></Point>
    </Placemark>
    <Placemark>
      <n>#366 HERMES-01</n>
      <description> No disponible | Estado: NUEVA UBICACION | Bat: 0%</description>
      <styleUrl>#pointStyle</styleUrl>
      <Point><coordinates>-72.64816967,2.560891833,0</coordinates></Point>
    </Placemark>
    <Placemark>
      <n>#367 HERMES-01</n>
      <description> No disponible | Estado: NUEVA UBICACION | Bat: 0%</description>
      <styleUrl>#pointStyle</styleUrl>
      <Point><coordinates>-72.64819117,2.5608705,0</coordinates></Point>
    </Placemark>
    <Placemark>
      <n>#368 HERMES-01</n>
      <description>08/07/2026 18:44:01 | Estado: NUEVA UBICACION | Bat: 0%</description>
      <styleUrl>#pointStyle</styleUrl>
      <Point><coordinates>-72.648183,2.5608565,0</coordinates></Point>
    </Placemark>
    <Placemark>
      <n>#369 HERMES-01</n>
      <description>08/07/2026 18:54:18 | Estado: NUEVA UBICACION | Bat: 0%</description>
      <styleUrl>#pointStyle</styleUrl>
      <Point><coordinates>-72.64814333,2.560821333,0</coordinates></Point>
    </Placemark>
    <Placemark>
      <n>#370 HERMES-01</n>
      <description>08/07/2026 19:07:30 | Estado: NUEVA UBICACION | Bat: 0%</description>
      <styleUrl>#pointStyle</styleUrl>
      <Point><coordinates>-72.6481315,2.560914333,0</coordinates></Point>
    </Placemark>
    <Placemark>
      <n>#371 HERMES-01</n>
      <description>08/07/2026 19:17:50 | Estado: NUEVA UBICACION | Bat: 0%</description>
      <styleUrl>#pointStyle</styleUrl>
      <Point><coordinates>-72.64815117,2.561019833,0</coordinates></Point>
    </Placemark>
    <Placemark>
      <n>#372 HERMES-01</n>
      <description> No disponible | Estado: NUEVA UBICACION | Bat: 0%</description>
      <styleUrl>#pointStyle</styleUrl>
      <Point><coordinates>-72.64817233,2.5608655,0</coordinates></Point>
    </Placemark>
    <Placemark>
      <n>#373 HERMES-01</n>
      <description>08/07/2026 19:28:06 | Estado: NUEVA UBICACION | Bat: 0%</description>
      <styleUrl>#pointStyle</styleUrl>
      <Point><coordinates>-72.64815567,2.560889667,0</coordinates></Point>
    </Placemark>
    <Placemark>
      <n>#374 HERMES-01</n>
      <description>08/07/2026 19:38:22 | Estado: NUEVA UBICACION | Bat: 0%</description>
      <styleUrl>#pointStyle</styleUrl>
      <Point><coordinates>-72.648157,2.5608375,0</coordinates></Point>
    </Placemark>
    <Placemark>
      <n>#375 HERMES-01</n>
      <description> No disponible | Estado: NUEVA UBICACION | Bat: 0%</description>
      <styleUrl>#pointStyle</styleUrl>
      <Point><coordinates>-72.648154,2.560892167,0</coordinates></Point>
    </Placemark>
    <Placemark>
      <n>#376 HERMES-01</n>
      <description>08/07/2026 19:48:40 | Estado: NUEVA UBICACION | Bat: 0%</description>
      <styleUrl>#pointStyle</styleUrl>
      <Point><coordinates>-72.6481835,2.560925667,0</coordinates></Point>
    </Placemark>
    <Placemark>
      <n>#377 HERMES-01</n>
      <description>08/07/2026 19:58:54 | Estado: NUEVA UBICACION | Bat: 0%</description>
      <styleUrl>#pointStyle</styleUrl>
      <Point><coordinates>-72.64815117,2.560822,0</coordinates></Point>
    </Placemark>
    <Placemark>
      <n>#378 HERMES-01</n>
      <description>08/07/2026 20:09:09 | Estado: NUEVA UBICACION | Bat: 0%</description>
      <styleUrl>#pointStyle</styleUrl>
      <Point><coordinates>-72.64815383,2.560833,0</coordinates></Point>
    </Placemark>
    <Placemark>
      <n>#379 HERMES-01</n>
      <description>08/07/2026 20:19:44 | Estado: NUEVA UBICACION | Bat: 0%</description>
      <styleUrl>#pointStyle</styleUrl>
      <Point><coordinates>-72.64822283,2.560649667,0</coordinates></Point>
    </Placemark>
    <Placemark>
      <n>#380 HERMES-01</n>
      <description>08/07/2026 20:30:03 | Estado: NUEVA UBICACION | Bat: 0%</description>
      <styleUrl>#pointStyle</styleUrl>
      <Point><coordinates>-72.6481545,2.5607915,0</coordinates></Point>
    </Placemark>
    <Placemark>
      <n>#381 HERMES-01</n>
      <description>08/07/2026 20:40:19 | Estado: NUEVA UBICACION | Bat: 0%</description>
      <styleUrl>#pointStyle</styleUrl>
      <Point><coordinates>-72.648099,2.5608165,0</coordinates></Point>
    </Placemark>
    <Placemark>
      <n>#382 HERMES-01</n>
      <description>08/07/2026 20:50:34 | Estado: NUEVA UBICACION | Bat: 0%</description>
      <styleUrl>#pointStyle</styleUrl>
      <Point><coordinates>-72.648139,2.560813667,0</coordinates></Point>
    </Placemark>
    <Placemark>
      <n>#383 HERMES-01</n>
      <description>08/07/2026 21:00:50 | Estado: NUEVA UBICACION | Bat: 0%</description>
      <styleUrl>#pointStyle</styleUrl>
      <Point><coordinates>-72.6481525,2.560853333,0</coordinates></Point>
    </Placemark>
    <Placemark>
      <n>#384 HERMES-01</n>
      <description>08/07/2026 21:11:06 | Estado: NUEVA UBICACION | Bat: 0%</description>
      <styleUrl>#pointStyle</styleUrl>
      <Point><coordinates>-72.6481905,2.560896833,0</coordinates></Point>
    </Placemark>
    <Placemark>
      <n>#385 HERMES-01</n>
      <description>08/07/2026 21:21:22 | Estado: NUEVA UBICACION | Bat: 0%</description>
      <styleUrl>#pointStyle</styleUrl>
      <Point><coordinates>-72.64815717,2.560849667,0</coordinates></Point>
    </Placemark>
    <Placemark>
      <n>#386 HERMES-01</n>
      <description>08/07/2026 21:31:40 | Estado: NUEVA UBICACION | Bat: 0%</description>
      <styleUrl>#pointStyle</styleUrl>
      <Point><coordinates>-72.64819067,2.5608355,0</coordinates></Point>
    </Placemark>
    <Placemark>
      <n>#387 HERMES-01</n>
      <description>08/07/2026 21:41:56 | Estado: NUEVA UBICACION | Bat: 0%</description>
      <styleUrl>#pointStyle</styleUrl>
      <Point><coordinates>-72.64814067,2.560866833,0</coordinates></Point>
    </Placemark>
    <Placemark>
      <n>#388 HERMES-01</n>
      <description>08/07/2026 21:52:13 | Estado: NUEVA UBICACION | Bat: 0%</description>
      <styleUrl>#pointStyle</styleUrl>
      <Point><coordinates>-72.64821,2.560885833,0</coordinates></Point>
    </Placemark>
    <Placemark>
      <n>#389 HERMES-01</n>
      <description> No disponible | Estado: NUEVA UBICACION | Bat: 0%</description>
      <styleUrl>#pointStyle</styleUrl>
      <Point><coordinates>-72.64817067,2.5608155,0</coordinates></Point>
    </Placemark>
    <Placemark>
      <n>#390 HERMES-01</n>
      <description>08/07/2026 22:02:27 | Estado: NUEVA UBICACION | Bat: 0%</description>
      <styleUrl>#pointStyle</styleUrl>
      <Point><coordinates>-72.64812217,2.560833167,0</coordinates></Point>
    </Placemark>
    <Placemark>
      <n>#391 HERMES-01</n>
      <description>08/07/2026 22:12:42 | Estado: NUEVA UBICACION | Bat: 0%</description>
      <styleUrl>#pointStyle</styleUrl>
      <Point><coordinates>-72.64816433,2.560892667,0</coordinates></Point>
    </Placemark>
    <Placemark>
      <n>#392 HERMES-01</n>
      <description>08/07/2026 22:22:58 | Estado: NUEVA UBICACION | Bat: 0%</description>
      <styleUrl>#pointStyle</styleUrl>
      <Point><coordinates>-72.64817067,2.5608455,0</coordinates></Point>
    </Placemark>
    <Placemark>
      <n>#393 HERMES-01</n>
      <description>08/07/2026 22:33:15 | Estado: NUEVA UBICACION | Bat: 0%</description>
      <styleUrl>#pointStyle</styleUrl>
      <Point><coordinates>-72.64814867,2.5608785,0</coordinates></Point>
    </Placemark>
    <Placemark>
      <n>#394 HERMES-01</n>
      <description>08/07/2026 22:43:29 | Estado: NUEVA UBICACION | Bat: 0%</description>
      <styleUrl>#pointStyle</styleUrl>
      <Point><coordinates>-72.64818317,2.560885333,0</coordinates></Point>
    </Placemark>
    <Placemark>
      <n>#395 HERMES-01</n>
      <description>08/07/2026 23:04:01 | Estado: NUEVA UBICACION | Bat: 0%</description>
      <styleUrl>#pointStyle</styleUrl>
      <Point><coordinates>-72.648153,2.5608195,0</coordinates></Point>
    </Placemark>
    <Placemark>
      <n>#396 HERMES-01</n>
      <description> No disponible | Estado: NUEVA UBICACION | Bat: 0%</description>
      <styleUrl>#pointStyle</styleUrl>
      <Point><coordinates>-72.64785,2.560804333,0</coordinates></Point>
    </Placemark>
    <Placemark>
      <n>#397 HERMES-01</n>
      <description>08/07/2026 23:14:35 | Estado: NUEVA UBICACION | Bat: 0%</description>
      <styleUrl>#pointStyle</styleUrl>
      <Point><coordinates>-72.648116,2.5609045,0</coordinates></Point>
    </Placemark>
    <Placemark>
      <n>#398 HERMES-01</n>
      <description>08/07/2026 23:25:01 | Estado: NUEVA UBICACION | Bat: 0%</description>
      <styleUrl>#pointStyle</styleUrl>
      <Point><coordinates>-72.64811533,2.56079,0</coordinates></Point>
    </Placemark>
    <Placemark>
      <n>#399 HERMES-01</n>
      <description>08/07/2026 23:35:16 | Estado: NUEVA UBICACION | Bat: 0%</description>
      <styleUrl>#pointStyle</styleUrl>
      <Point><coordinates>-72.64807833,2.560891167,0</coordinates></Point>
    </Placemark>
    <Placemark>
      <n>#400 HERMES-01</n>
      <description>08/07/2026 23:45:33 | Estado: NUEVA UBICACION | Bat: 0%</description>
      <styleUrl>#pointStyle</styleUrl>
      <Point><coordinates>-72.6481195,2.5608945,0</coordinates></Point>
    </Placemark>
    <Placemark>
      <n>#401 HERMES-01</n>
      <description>08/07/2026 23:55:48 | Estado: NUEVA UBICACION | Bat: 0%</description>
      <styleUrl>#pointStyle</styleUrl>
      <Point><coordinates>-72.6480725,2.560894167,0</coordinates></Point>
    </Placemark>
    <Placemark>
      <n>#402 HERMES-01</n>
      <description>09/07/2026 00:02:42 | Estado: NUEVA UBICACION | Bat: 0%</description>
      <styleUrl>#pointStyle</styleUrl>
      <Point><coordinates>-72.64816117,2.560852167,0</coordinates></Point>
    </Placemark>
    <Placemark>
      <n>#403 HERMES-01</n>
      <description>09/07/2026 00:12:55 | Estado: NUEVA UBICACION | Bat: 0%</description>
      <styleUrl>#pointStyle</styleUrl>
      <Point><coordinates>-72.6481265,2.560898833,0</coordinates></Point>
    </Placemark>
    <Placemark>
      <n>#404 HERMES-01</n>
      <description>09/07/2026 00:23:09 | Estado: NUEVA UBICACION | Bat: 0%</description>
      <styleUrl>#pointStyle</styleUrl>
      <Point><coordinates>-72.64813417,2.560859833,0</coordinates></Point>
    </Placemark>
    <Placemark>
      <n>#405 HERMES-01</n>
      <description>09/07/2026 00:33:25 | Estado: NUEVA UBICACION | Bat: 0%</description>
      <styleUrl>#pointStyle</styleUrl>
      <Point><coordinates>-72.64813633,2.560867667,0</coordinates></Point>
    </Placemark>
    <Placemark>
      <n>#406 HERMES-01</n>
      <description>09/07/2026 00:43:49 | Estado: NUEVA UBICACION | Bat: 0%</description>
      <styleUrl>#pointStyle</styleUrl>
      <Point><coordinates>-72.6481345,2.5608635,0</coordinates></Point>
    </Placemark>
    <Placemark>
      <n>#407 HERMES-01</n>
      <description>09/07/2026 00:54:04 | Estado: NUEVA UBICACION | Bat: 0%</description>
      <styleUrl>#pointStyle</styleUrl>
      <Point><coordinates>-72.64814533,2.560884,0</coordinates></Point>
    </Placemark>
    <Placemark>
      <n>#408 HERMES-01</n>
      <description>09/07/2026 01:04:31 | Estado: NUEVA UBICACION | Bat: 0%</description>
      <styleUrl>#pointStyle</styleUrl>
      <Point><coordinates>-72.64817217,2.5608855,0</coordinates></Point>
    </Placemark>
    <Placemark>
      <n>#409 HERMES-01</n>
      <description>09/07/2026 01:14:46 | Estado: NUEVA UBICACION | Bat: 0%</description>
      <styleUrl>#pointStyle</styleUrl>
      <Point><coordinates>-72.64816217,2.5608515,0</coordinates></Point>
    </Placemark>
    <Placemark>
      <n>#410 HERMES-01</n>
      <description>09/07/2026 01:25:01 | Estado: NUEVA UBICACION | Bat: 0%</description>
      <styleUrl>#pointStyle</styleUrl>
      <Point><coordinates>-72.64813683,2.560861167,0</coordinates></Point>
    </Placemark>
    <Placemark>
      <n>#411 HERMES-01</n>
      <description>09/07/2026 01:35:14 | Estado: NUEVA UBICACION | Bat: 0%</description>
      <styleUrl>#pointStyle</styleUrl>
      <Point><coordinates>-72.64815733,2.5608345,0</coordinates></Point>
    </Placemark>
    <Placemark>
      <n>#412 HERMES-01</n>
      <description>09/07/2026 01:45:29 | Estado: NUEVA UBICACION | Bat: 0%</description>
      <styleUrl>#pointStyle</styleUrl>
      <Point><coordinates>-72.64813917,2.560809333,0</coordinates></Point>
    </Placemark>
    <Placemark>
      <n>#413 HERMES-01</n>
      <description>09/07/2026 01:55:46 | Estado: NUEVA UBICACION | Bat: 0%</description>
      <styleUrl>#pointStyle</styleUrl>
      <Point><coordinates>-72.64818367,2.560778167,0</coordinates></Point>
    </Placemark>
    <Placemark>
      <n>#414 HERMES-01</n>
      <description> No disponible | Estado: NUEVA UBICACION | Bat: 0%</description>
      <styleUrl>#pointStyle</styleUrl>
      <Point><coordinates>-72.6480965,2.560691333,0</coordinates></Point>
    </Placemark>
    <Placemark>
      <n>#415 HERMES-01</n>
      <description>09/07/2026 02:16:16 | Estado: NUEVA UBICACION | Bat: 0%</description>
      <styleUrl>#pointStyle</styleUrl>
      <Point><coordinates>-72.648155,2.5608715,0</coordinates></Point>
    </Placemark>
    <Placemark>
      <n>#416 HERMES-01</n>
      <description> No disponible | Estado: NUEVA UBICACION | Bat: 0%</description>
      <styleUrl>#pointStyle</styleUrl>
      <Point><coordinates>-72.647888,2.560760333,0</coordinates></Point>
    </Placemark>
    <Placemark>
      <n>#417 HERMES-01</n>
      <description>09/07/2026 02:36:48 | Estado: NUEVA UBICACION | Bat: 0%</description>
      <styleUrl>#pointStyle</styleUrl>
      <Point><coordinates>-72.64813483,2.5608555,0</coordinates></Point>
    </Placemark>
    <Placemark>
      <n>#418 HERMES-01</n>
      <description> No disponible | Estado: NUEVA UBICACION | Bat: 0%</description>
      <styleUrl>#pointStyle</styleUrl>
      <Point><coordinates>-72.64818217,2.56087,0</coordinates></Point>
    </Placemark>
    <Placemark>
      <n>#419 HERMES-01</n>
      <description>09/07/2026 02:57:17 | Estado: NUEVA UBICACION | Bat: 0%</description>
      <styleUrl>#pointStyle</styleUrl>
      <Point><coordinates>-72.64792317,2.5607115,0</coordinates></Point>
    </Placemark>
    <Placemark>
      <n>#420 HERMES-01</n>
      <description>09/07/2026 03:07:34 | Estado: NUEVA UBICACION | Bat: 0%</description>
      <styleUrl>#pointStyle</styleUrl>
      <Point><coordinates>-72.64800717,2.5607395,0</coordinates></Point>
    </Placemark>
    <Placemark>
      <n>#421 HERMES-01</n>
      <description> No disponible | Estado: NUEVA UBICACION | Bat: 0%</description>
      <styleUrl>#pointStyle</styleUrl>
      <Point><coordinates>-72.64814833,2.560846167,0</coordinates></Point>
    </Placemark>
    <Placemark>
      <n>#422 HERMES-01</n>
      <description>09/07/2026 03:28:04 | Estado: NUEVA UBICACION | Bat: 0%</description>
      <styleUrl>#pointStyle</styleUrl>
      <Point><coordinates>-72.6482155,2.560826167,0</coordinates></Point>
    </Placemark>
    <Placemark>
      <n>#423 HERMES-01</n>
      <description> No disponible | Estado: NUEVA UBICACION | Bat: 0%</description>
      <styleUrl>#pointStyle</styleUrl>
      <Point><coordinates>-72.6481225,2.560814333,0</coordinates></Point>
    </Placemark>
    <Placemark>
      <n>#424 HERMES-01</n>
      <description>09/07/2026 03:48:33 | Estado: NUEVA UBICACION | Bat: 0%</description>
      <styleUrl>#pointStyle</styleUrl>
      <Point><coordinates>-72.648148,2.560851,0</coordinates></Point>
    </Placemark>
    <Placemark>
      <n>#425 HERMES-01</n>
      <description>09/07/2026 04:10:14 | Estado: NUEVA UBICACION | Bat: 0%</description>
      <styleUrl>#pointStyle</styleUrl>
      <Point><coordinates>-72.648163,2.560941167,0</coordinates></Point>
    </Placemark>
    <Placemark>
      <n>#426 HERMES-01</n>
      <description>09/07/2026 04:20:27 | Estado: NUEVA UBICACION | Bat: 0%</description>
      <styleUrl>#pointStyle</styleUrl>
      <Point><coordinates>-72.64817133,2.560837833,0</coordinates></Point>
    </Placemark>
    <Placemark>
      <n>#427 HERMES-01</n>
      <description>09/07/2026 04:30:42 | Estado: NUEVA UBICACION | Bat: 0%</description>
      <styleUrl>#pointStyle</styleUrl>
      <Point><coordinates>-72.64813667,2.560802667,0</coordinates></Point>
    </Placemark>
    <Placemark>
      <n>#428 HERMES-01</n>
      <description> No disponible | Estado: NUEVA UBICACION | Bat: 0%</description>
      <styleUrl>#pointStyle</styleUrl>
      <Point><coordinates>-72.64817267,2.560851833,0</coordinates></Point>
    </Placemark>
    <Placemark>
      <n>#429 HERMES-01</n>
      <description>09/07/2026 04:51:12 | Estado: NUEVA UBICACION | Bat: 0%</description>
      <styleUrl>#pointStyle</styleUrl>
      <Point><coordinates>-72.64816383,2.560793833,0</coordinates></Point>
    </Placemark>
    <Placemark>
      <n>#430 HERMES-01</n>
      <description>09/07/2026 05:01:29 | Estado: NUEVA UBICACION | Bat: 0%</description>
      <styleUrl>#pointStyle</styleUrl>
      <Point><coordinates>-72.64821283,2.560922833,0</coordinates></Point>
    </Placemark>
    <Placemark>
      <n>#431 HERMES-01</n>
      <description> No disponible | Estado: NUEVA UBICACION | Bat: 0%</description>
      <styleUrl>#pointStyle</styleUrl>
      <Point><coordinates>-72.64814617,2.560868167,0</coordinates></Point>
    </Placemark>
    <Placemark>
      <n>#432 HERMES-01</n>
      <description>09/07/2026 05:22:09 | Estado: NUEVA UBICACION | Bat: 0%</description>
      <styleUrl>#pointStyle</styleUrl>
      <Point><coordinates>-72.648139,2.560842,0</coordinates></Point>
    </Placemark>
    <Placemark>
      <n>#433 HERMES-01</n>
      <description>09/07/2026 05:32:37 | Estado: NUEVA UBICACION | Bat: 0%</description>
      <styleUrl>#pointStyle</styleUrl>
      <Point><coordinates>-72.64816967,2.5608135,0</coordinates></Point>
    </Placemark>
    <Placemark>
      <n>#434 HERMES-01</n>
      <description>09/07/2026 05:42:54 | Estado: NUEVA UBICACION | Bat: 0%</description>
      <styleUrl>#pointStyle</styleUrl>
      <Point><coordinates>-72.648175,2.560814333,0</coordinates></Point>
    </Placemark>
    <Placemark>
      <n>#435 HERMES-01</n>
      <description>09/07/2026 05:53:12 | Estado: NUEVA UBICACION | Bat: 0%</description>
      <styleUrl>#pointStyle</styleUrl>
      <Point><coordinates>-72.64820117,2.560777333,0</coordinates></Point>
    </Placemark>
    <Placemark>
      <n>#436 HERMES-01</n>
      <description>09/07/2026 06:03:27 | Estado: NUEVA UBICACION | Bat: 0%</description>
      <styleUrl>#pointStyle</styleUrl>
      <Point><coordinates>-72.648163,2.5608105,0</coordinates></Point>
    </Placemark>
    <Placemark>
      <n>#437 HERMES-01</n>
      <description>09/07/2026 06:13:43 | Estado: NUEVA UBICACION | Bat: 0%</description>
      <styleUrl>#pointStyle</styleUrl>
      <Point><coordinates>-72.64823033,2.560844333,0</coordinates></Point>
    </Placemark>
    <Placemark>
      <n>#438 HERMES-01</n>
      <description>09/07/2026 06:24:00 | Estado: NUEVA UBICACION | Bat: 0%</description>
      <styleUrl>#pointStyle</styleUrl>
      <Point><coordinates>-72.64812033,2.5610715,0</coordinates></Point>
    </Placemark>
    <Placemark>
      <n>#439 HERMES-01</n>
      <description>09/07/2026 06:34:16 | Estado: NUEVA UBICACION | Bat: 0%</description>
      <styleUrl>#pointStyle</styleUrl>
      <Point><coordinates>-72.648176,2.560810167,0</coordinates></Point>
    </Placemark>
    <Placemark>
      <n>#440 HERMES-01</n>
      <description>09/07/2026 06:45:09 | Estado: NUEVA UBICACION | Bat: 0%</description>
      <styleUrl>#pointStyle</styleUrl>
      <Point><coordinates>-72.64815917,2.560873,0</coordinates></Point>
    </Placemark>
    <Placemark>
      <n>#441 HERMES-01</n>
      <description>09/07/2026 06:55:23 | Estado: NUEVA UBICACION | Bat: 0%</description>
      <styleUrl>#pointStyle</styleUrl>
      <Point><coordinates>-72.64824433,2.560843167,0</coordinates></Point>
    </Placemark>
    <Placemark>
      <n>#442 HERMES-01</n>
      <description>09/07/2026 07:16:07 | Estado: NUEVA UBICACION | Bat: 0%</description>
      <styleUrl>#pointStyle</styleUrl>
      <Point><coordinates>-72.648157,2.5608625,0</coordinates></Point>
    </Placemark>
    <Placemark>
      <n>#443 HERMES-01</n>
      <description>09/07/2026 07:26:24 | Estado: NUEVA UBICACION | Bat: 0%</description>
      <styleUrl>#pointStyle</styleUrl>
      <Point><coordinates>-72.64816033,2.5608955,0</coordinates></Point>
    </Placemark>
    <Placemark>
      <n>#444 HERMES-01</n>
      <description>09/07/2026 07:36:39 | Estado: NUEVA UBICACION | Bat: 0%</description>
      <styleUrl>#pointStyle</styleUrl>
      <Point><coordinates>-72.6482155,2.560818167,0</coordinates></Point>
    </Placemark>
    <Placemark>
      <n>#445 HERMES-01</n>
      <description>09/07/2026 07:47:25 | Estado: NUEVA UBICACION | Bat: 0%</description>
      <styleUrl>#pointStyle</styleUrl>
      <Point><coordinates>-72.64817,2.560819167,0</coordinates></Point>
    </Placemark>
    <Placemark>
      <n>#446 HERMES-01</n>
      <description>09/07/2026 07:57:41 | Estado: NUEVA UBICACION | Bat: 0%</description>
      <styleUrl>#pointStyle</styleUrl>
      <Point><coordinates>-72.6481855,2.560869833,0</coordinates></Point>
    </Placemark>
    <Placemark>
      <n>#447 HERMES-01</n>
      <description> No disponible | Estado: NUEVA UBICACION | Bat: 0%</description>
      <styleUrl>#pointStyle</styleUrl>
      <Point><coordinates>-72.64816133,2.560941,0</coordinates></Point>
    </Placemark>
    <Placemark>
      <n>#448 HERMES-01</n>
      <description>09/07/2026 08:18:12 | Estado: NUEVA UBICACION | Bat: 0%</description>
      <styleUrl>#pointStyle</styleUrl>
      <Point><coordinates>-72.64817983,2.5608615,0</coordinates></Point>
    </Placemark>
    <Placemark>
      <n>#449 HERMES-01</n>
      <description>09/07/2026 08:28:28 | Estado: NUEVA UBICACION | Bat: 0%</description>
      <styleUrl>#pointStyle</styleUrl>
      <Point><coordinates>-72.64815667,2.5608735,0</coordinates></Point>
    </Placemark>
    <Placemark>
      <n>#450 HERMES-01</n>
      <description>09/07/2026 08:38:46 | Estado: NUEVA UBICACION | Bat: 0%</description>
      <styleUrl>#pointStyle</styleUrl>
      <Point><coordinates>-72.64815817,2.560853667,0</coordinates></Point>
    </Placemark>
    <Placemark>
      <n>#451 HERMES-01</n>
      <description>09/07/2026 08:49:03 | Estado: NUEVA UBICACION | Bat: 0%</description>
      <styleUrl>#pointStyle</styleUrl>
      <Point><coordinates>-72.64814867,2.560882667,0</coordinates></Point>
    </Placemark>
    <Placemark>
      <n>#452 HERMES-01</n>
      <description>09/07/2026 08:59:17 | Estado: NUEVA UBICACION | Bat: 0%</description>
      <styleUrl>#pointStyle</styleUrl>
      <Point><coordinates>-72.64813967,2.560855333,0</coordinates></Point>
    </Placemark>
    <Placemark>
      <n>#453 HERMES-01</n>
      <description>09/07/2026 09:09:32 | Estado: NUEVA UBICACION | Bat: 0%</description>
      <styleUrl>#pointStyle</styleUrl>
      <Point><coordinates>-72.6481395,2.560871667,0</coordinates></Point>
    </Placemark>
    <Placemark>
      <n>#454 HERMES-01</n>
      <description> No disponible | Estado: NUEVA UBICACION | Bat: 0%</description>
      <styleUrl>#pointStyle</styleUrl>
      <Point><coordinates>-72.64818683,2.560869667,0</coordinates></Point>
    </Placemark>
    <Placemark>
      <n>#455 HERMES-01</n>
      <description> No disponible | Estado: NUEVA UBICACION | Bat: 0%</description>
      <styleUrl>#pointStyle</styleUrl>
      <Point><coordinates>-72.6481845,2.5608875,0</coordinates></Point>
    </Placemark>
    <Placemark>
      <n>#456 HERMES-01</n>
      <description>09/07/2026 09:40:24 | Estado: NUEVA UBICACION | Bat: 0%</description>
      <styleUrl>#pointStyle</styleUrl>
      <Point><coordinates>-72.64819767,2.560836667,0</coordinates></Point>
    </Placemark>
    <Placemark>
      <n>#457 HERMES-01</n>
      <description>09/07/2026 09:50:49 | Estado: NUEVA UBICACION | Bat: 0%</description>
      <styleUrl>#pointStyle</styleUrl>
      <Point><coordinates>-72.64819183,2.560929333,0</coordinates></Point>
    </Placemark>
    <Placemark>
      <n>#458 HERMES-01</n>
      <description>09/07/2026 10:01:04 | Estado: NUEVA UBICACION | Bat: 0%</description>
      <styleUrl>#pointStyle</styleUrl>
      <Point><coordinates>-72.64814767,2.560871167,0</coordinates></Point>
    </Placemark>
    <Placemark>
      <n>#459 HERMES-01</n>
      <description>09/07/2026 10:11:21 | Estado: NUEVA UBICACION | Bat: 0%</description>
      <styleUrl>#pointStyle</styleUrl>
      <Point><coordinates>-72.64815933,2.560857167,0</coordinates></Point>
    </Placemark>
    <Placemark>
      <n>#460 HERMES-01</n>
      <description>09/07/2026 10:21:46 | Estado: NUEVA UBICACION | Bat: 0%</description>
      <styleUrl>#pointStyle</styleUrl>
      <Point><coordinates>-72.648119,2.560871167,0</coordinates></Point>
    </Placemark>
    <Placemark>
      <n>#461 HERMES-01</n>
      <description>09/07/2026 10:32:03 | Estado: NUEVA UBICACION | Bat: 0%</description>
      <styleUrl>#pointStyle</styleUrl>
      <Point><coordinates>-72.64808617,2.560819667,0</coordinates></Point>
    </Placemark>
    <Placemark>
      <n>#462 HERMES-01</n>
      <description>09/07/2026 10:52:52 | Estado: NUEVA UBICACION | Bat: 0%</description>
      <styleUrl>#pointStyle</styleUrl>
      <Point><coordinates>-72.64814633,2.560827667,0</coordinates></Point>
    </Placemark>
    <Placemark>
      <n>#463 HERMES-01</n>
      <description>09/07/2026 11:03:08 | Estado: NUEVA UBICACION | Bat: 0%</description>
      <styleUrl>#pointStyle</styleUrl>
      <Point><coordinates>-72.64818167,2.560824667,0</coordinates></Point>
    </Placemark>
    <Placemark>
      <n>#464 HERMES-01</n>
      <description>09/07/2026 11:13:21 | Estado: NUEVA UBICACION | Bat: 0%</description>
      <styleUrl>#pointStyle</styleUrl>
      <Point><coordinates>-72.64816633,2.560814333,0</coordinates></Point>
    </Placemark>
    <Placemark>
      <n>#465 HERMES-01</n>
      <description>09/07/2026 11:23:37 | Estado: NUEVA UBICACION | Bat: 0%</description>
      <styleUrl>#pointStyle</styleUrl>
      <Point><coordinates>-72.64816383,2.560806167,0</coordinates></Point>
    </Placemark>
    <Placemark>
      <n>#466 HERMES-01</n>
      <description>09/07/2026 11:33:53 | Estado: NUEVA UBICACION | Bat: 0%</description>
      <styleUrl>#pointStyle</styleUrl>
      <Point><coordinates>-72.64815333,2.560897333,0</coordinates></Point>
    </Placemark>
    <Placemark>
      <n>#467 HERMES-01</n>
      <description>09/07/2026 11:44:18 | Estado: NUEVA UBICACION | Bat: 0%</description>
      <styleUrl>#pointStyle</styleUrl>
      <Point><coordinates>-72.648122,2.560864833,0</coordinates></Point>
    </Placemark>
    <Placemark>
      <n>#468 HERMES-01</n>
      <description>09/07/2026 11:54:35 | Estado: NUEVA UBICACION | Bat: 0%</description>
      <styleUrl>#pointStyle</styleUrl>
      <Point><coordinates>-72.6481985,2.560852167,0</coordinates></Point>
    </Placemark>
    <Placemark>
      <n>#469 HERMES-01</n>
      <description>09/07/2026 12:04:51 | Estado: NUEVA UBICACION | Bat: 0%</description>
      <styleUrl>#pointStyle</styleUrl>
      <Point><coordinates>-72.64816933,2.560926333,0</coordinates></Point>
    </Placemark>
    <Placemark>
      <n>#470 HERMES-01</n>
      <description> No disponible | Estado: NUEVA UBICACION | Bat: 0%</description>
      <styleUrl>#pointStyle</styleUrl>
      <Point><coordinates>-72.648173,2.560976667,0</coordinates></Point>
    </Placemark>
    <Placemark>
      <n>#471 HERMES-01</n>
      <description> No disponible | Estado: NUEVA UBICACION | Bat: 0%</description>
      <styleUrl>#pointStyle</styleUrl>
      <Point><coordinates>-72.64820067,2.560866667,0</coordinates></Point>
    </Placemark>
    <Placemark>
      <n>#472 HERMES-01</n>
      <description>09/07/2026 12:35:38 | Estado: NUEVA UBICACION | Bat: 0%</description>
      <styleUrl>#pointStyle</styleUrl>
      <Point><coordinates>-72.64812683,2.560844333,0</coordinates></Point>
    </Placemark>
    <Placemark>
      <n>#473 HERMES-01</n>
      <description>09/07/2026 12:45:55 | Estado: NUEVA UBICACION | Bat: 0%</description>
      <styleUrl>#pointStyle</styleUrl>
      <Point><coordinates>-72.6481605,2.560844667,0</coordinates></Point>
    </Placemark>
    <Placemark>
      <n>#474 HERMES-01</n>
      <description>09/07/2026 13:06:40 | Estado: NUEVA UBICACION | Bat: 0%</description>
      <styleUrl>#pointStyle</styleUrl>
      <Point><coordinates>-72.64816633,2.560887667,0</coordinates></Point>
    </Placemark>
    <Placemark>
      <n>#475 HERMES-01</n>
      <description>09/07/2026 13:16:55 | Estado: NUEVA UBICACION | Bat: 0%</description>
      <styleUrl>#pointStyle</styleUrl>
      <Point><coordinates>-72.64815733,2.560898667,0</coordinates></Point>
    </Placemark>
    <Placemark>
      <n>#476 HERMES-01</n>
      <description>09/07/2026 13:27:12 | Estado: NUEVA UBICACION | Bat: 0%</description>
      <styleUrl>#pointStyle</styleUrl>
      <Point><coordinates>-72.64817083,2.5608925,0</coordinates></Point>
    </Placemark>
    <Placemark>
      <n>#477 HERMES-01</n>
      <description> No disponible | Estado: NUEVA UBICACION | Bat: 0%</description>
      <styleUrl>#pointStyle</styleUrl>
      <Point><coordinates>-72.6481625,2.560884667,0</coordinates></Point>
    </Placemark>
    <Placemark>
      <n>#478 HERMES-01</n>
      <description>09/07/2026 13:47:43 | Estado: NUEVA UBICACION | Bat: 0%</description>
      <styleUrl>#pointStyle</styleUrl>
      <Point><coordinates>-72.6481565,2.560866167,0</coordinates></Point>
    </Placemark>
    <Placemark>
      <n>#479 HERMES-01</n>
      <description> No disponible | Estado: NUEVA UBICACION | Bat: 0%</description>
      <styleUrl>#pointStyle</styleUrl>
      <Point><coordinates>-72.648166,2.560882667,0</coordinates></Point>
    </Placemark>
    <Placemark>
      <n>#480 HERMES-01</n>
      <description>09/07/2026 14:08:16 | Estado: NUEVA UBICACION | Bat: 0%</description>
      <styleUrl>#pointStyle</styleUrl>
      <Point><coordinates>-72.64815483,2.560874667,0</coordinates></Point>
    </Placemark>
    <Placemark>
      <n>#481 HERMES-01</n>
      <description>09/07/2026 14:18:32 | Estado: NUEVA UBICACION | Bat: 0%</description>
      <styleUrl>#pointStyle</styleUrl>
      <Point><coordinates>-72.64814817,2.560914667,0</coordinates></Point>
    </Placemark>
    <Placemark>
      <n>#482 HERMES-01</n>
      <description> No disponible | Estado: NUEVA UBICACION | Bat: 0%</description>
      <styleUrl>#pointStyle</styleUrl>
      <Point><coordinates>-72.648166,2.560880333,0</coordinates></Point>
    </Placemark>
    <Placemark>
      <n>#483 HERMES-01</n>
      <description>09/07/2026 14:39:06 | Estado: NUEVA UBICACION | Bat: 0%</description>
      <styleUrl>#pointStyle</styleUrl>
      <Point><coordinates>-72.648192,2.560870333,0</coordinates></Point>
    </Placemark>
    <Placemark>
      <n>#484 HERMES-01</n>
      <description>09/07/2026 14:49:21 | Estado: NUEVA UBICACION | Bat: 0%</description>
      <styleUrl>#pointStyle</styleUrl>
      <Point><coordinates>-72.64817683,2.560849833,0</coordinates></Point>
    </Placemark>
    <Placemark>
      <n>#485 HERMES-01</n>
      <description> No disponible | Estado: NUEVA UBICACION | Bat: 0%</description>
      <styleUrl>#pointStyle</styleUrl>
      <Point><coordinates>-72.64819017,2.560881667,0</coordinates></Point>
    </Placemark>
    <Placemark>
      <n>#486 HERMES-01</n>
      <description>09/07/2026 15:09:58 | Estado: NUEVA UBICACION | Bat: 0%</description>
      <styleUrl>#pointStyle</styleUrl>
      <Point><coordinates>-72.64816383,2.5608795,0</coordinates></Point>
    </Placemark>
    <Placemark>
      <n>#487 HERMES-01</n>
      <description>09/07/2026 15:20:15 | Estado: NUEVA UBICACION | Bat: 0%</description>
      <styleUrl>#pointStyle</styleUrl>
      <Point><coordinates>-72.64815467,2.560843833,0</coordinates></Point>
    </Placemark>
    <Placemark>
      <n>#488 HERMES-01</n>
      <description>09/07/2026 15:30:32 | Estado: NUEVA UBICACION | Bat: 0%</description>
      <styleUrl>#pointStyle</styleUrl>
      <Point><coordinates>-72.64816733,2.5608875,0</coordinates></Point>
    </Placemark>
    <Placemark>
      <n>#489 HERMES-01</n>
      <description>09/07/2026 15:40:50 | Estado: NUEVA UBICACION | Bat: 0%</description>
      <styleUrl>#pointStyle</styleUrl>
      <Point><coordinates>-72.64817817,2.560864667,0</coordinates></Point>
    </Placemark>
    <Placemark>
      <n>#490 HERMES-01</n>
      <description>09/07/2026 15:51:05 | Estado: NUEVA UBICACION | Bat: 0%</description>
      <styleUrl>#pointStyle</styleUrl>
      <Point><coordinates>-72.64815517,2.560863667,0</coordinates></Point>
    </Placemark>
    <Placemark>
      <n>#491 HERMES-01</n>
      <description> No disponible | Estado: NUEVA UBICACION | Bat: 0%</description>
      <styleUrl>#pointStyle</styleUrl>
      <Point><coordinates>-72.64814467,2.560863667,0</coordinates></Point>
    </Placemark>
    <Placemark>
      <n>#492 HERMES-01</n>
      <description> No disponible | Estado: NUEVA UBICACION | Bat: 0%</description>
      <styleUrl>#pointStyle</styleUrl>
      <Point><coordinates>-72.64815,2.5608435,0</coordinates></Point>
    </Placemark>
    <Placemark>
      <n>#493 HERMES-01</n>
      <description>09/07/2026 16:21:57 | Estado: NUEVA UBICACION | Bat: 0%</description>
      <styleUrl>#pointStyle</styleUrl>
      <Point><coordinates>-72.64814817,2.560872667,0</coordinates></Point>
    </Placemark>
    <Placemark>
      <n>#494 HERMES-01</n>
      <description> No disponible | Estado: NUEVA UBICACION | Bat: 0%</description>
      <styleUrl>#pointStyle</styleUrl>
      <Point><coordinates>-72.64814767,2.560860833,0</coordinates></Point>
    </Placemark>
    <Placemark>
      <n>#495 HERMES-01</n>
      <description>09/07/2026 16:42:34 | Estado: NUEVA UBICACION | Bat: 0%</description>
      <styleUrl>#pointStyle</styleUrl>
      <Point><coordinates>-72.6481335,2.560853833,0</coordinates></Point>
    </Placemark>
    <Placemark>
      <n>#496 HERMES-01</n>
      <description>09/07/2026 16:52:53 | Estado: NUEVA UBICACION | Bat: 0%</description>
      <styleUrl>#pointStyle</styleUrl>
      <Point><coordinates>-72.6481505,2.5608665,0</coordinates></Point>
    </Placemark>
    <Placemark>
      <n>#497 HERMES-01</n>
      <description>09/07/2026 17:03:06 | Estado: NUEVA UBICACION | Bat: 0%</description>
      <styleUrl>#pointStyle</styleUrl>
      <Point><coordinates>-72.648151,2.560893667,0</coordinates></Point>
    </Placemark>
    <Placemark>
      <n>#498 HERMES-01</n>
      <description>09/07/2026 17:13:21 | Estado: NUEVA UBICACION | Bat: 0%</description>
      <styleUrl>#pointStyle</styleUrl>
      <Point><coordinates>-72.64814,2.560830167,0</coordinates></Point>
    </Placemark>
    <Placemark>
      <n>#499 HERMES-01</n>
      <description>09/07/2026 17:23:37 | Estado: NUEVA UBICACION | Bat: 0%</description>
      <styleUrl>#pointStyle</styleUrl>
      <Point><coordinates>-72.648165,2.560875833,0</coordinates></Point>
    </Placemark>
    <Placemark>
      <n>#500 HERMES-01</n>
      <description>09/07/2026 17:33:59 | Estado: NUEVA UBICACION | Bat: 0%</description>
      <styleUrl>#pointStyle</styleUrl>
      <Point><coordinates>-72.64817017,2.5608265,0</coordinates></Point>
    </Placemark>
    <Placemark>
      <n>#501 HERMES-01</n>
      <description> No disponible | Estado: NUEVA UBICACION | Bat: 0%</description>
      <styleUrl>#pointStyle</styleUrl>
      <Point><coordinates>-72.6481375,2.560835833,0</coordinates></Point>
    </Placemark>
    <Placemark>
      <n>#502 HERMES-01</n>
      <description>09/07/2026 17:54:42 | Estado: NUEVA UBICACION | Bat: 0%</description>
      <styleUrl>#pointStyle</styleUrl>
      <Point><coordinates>-72.6481695,2.560885,0</coordinates></Point>
    </Placemark>
    <Placemark>
      <n>#503 HERMES-01</n>
      <description>09/07/2026 18:05:38 | Estado: NUEVA UBICACION | Bat: 0%</description>
      <styleUrl>#pointStyle</styleUrl>
      <Point><coordinates>-72.6481615,2.560861167,0</coordinates></Point>
    </Placemark>
    <Placemark>
      <n>#504 HERMES-01</n>
      <description>09/07/2026 18:15:51 | Estado: NUEVA UBICACION | Bat: 0%</description>
      <styleUrl>#pointStyle</styleUrl>
      <Point><coordinates>-72.648133,2.560832667,0</coordinates></Point>
    </Placemark>
    <Placemark>
      <n>#505 HERMES-01</n>
      <description>09/07/2026 18:26:14 | Estado: NUEVA UBICACION | Bat: 0%</description>
      <styleUrl>#pointStyle</styleUrl>
      <Point><coordinates>-72.64817467,2.560858333,0</coordinates></Point>
    </Placemark>
    <Placemark>
      <n>#506 HERMES-01</n>
      <description>09/07/2026 18:39:18 | Estado: NUEVA UBICACION | Bat: 0%</description>
      <styleUrl>#pointStyle</styleUrl>
      <Point><coordinates>-72.64820333,2.560856167,0</coordinates></Point>
    </Placemark>
    <Placemark>
      <n>#507 HERMES-01</n>
      <description>09/07/2026 18:49:36 | Estado: NUEVA UBICACION | Bat: 0%</description>
      <styleUrl>#pointStyle</styleUrl>
      <Point><coordinates>-72.64812117,2.560803,0</coordinates></Point>
    </Placemark>
    <Placemark>
      <n>#508 HERMES-01</n>
      <description>09/07/2026 19:04:35 | Estado: NUEVA UBICACION | Bat: 0%</description>
      <styleUrl>#pointStyle</styleUrl>
      <Point><coordinates>-72.64814317,2.5608565,0</coordinates></Point>
    </Placemark>
    <Placemark>
      <n>#509 HERMES-01</n>
      <description>09/07/2026 19:14:52 | Estado: NUEVA UBICACION | Bat: 0%</description>
      <styleUrl>#pointStyle</styleUrl>
      <Point><coordinates>-72.64818267,2.5608355,0</coordinates></Point>
    </Placemark>
    <Placemark>
      <n>#510 HERMES-01</n>
      <description>09/07/2026 19:35:26 | Estado: NUEVA UBICACION | Bat: 0%</description>
      <styleUrl>#pointStyle</styleUrl>
      <Point><coordinates>-72.64816183,2.560792667,0</coordinates></Point>
    </Placemark>
    <Placemark>
      <n>#511 HERMES-01</n>
      <description>09/07/2026 19:56:17 | Estado: NUEVA UBICACION | Bat: 0%</description>
      <styleUrl>#pointStyle</styleUrl>
      <Point><coordinates>-72.64815483,2.560885833,0</coordinates></Point>
    </Placemark>
    <Placemark>
      <n>#512 HERMES-01</n>
      <description>09/07/2026 20:06:32 | Estado: NUEVA UBICACION | Bat: 0%</description>
      <styleUrl>#pointStyle</styleUrl>
      <Point><coordinates>-72.648197,2.560864333,0</coordinates></Point>
    </Placemark>
    <Placemark>
      <n>#513 HERMES-01</n>
      <description>09/07/2026 20:16:50 | Estado: NUEVA UBICACION | Bat: 0%</description>
      <styleUrl>#pointStyle</styleUrl>
      <Point><coordinates>-72.64815,2.5609505,0</coordinates></Point>
    </Placemark>
    <Placemark>
      <n>#514 HERMES-01</n>
      <description>09/07/2026 20:27:05 | Estado: NUEVA UBICACION | Bat: 0%</description>
      <styleUrl>#pointStyle</styleUrl>
      <Point><coordinates>-72.648663,2.5602265,0</coordinates></Point>
    </Placemark>
    <Placemark>
      <n>#515 HERMES-01</n>
      <description> No disponible | Estado: NUEVA UBICACION | Bat: 0%</description>
      <styleUrl>#pointStyle</styleUrl>
      <Point><coordinates>-72.6481555,2.560834,0</coordinates></Point>
    </Placemark>
    <Placemark>
      <n>#516 HERMES-01</n>
      <description>09/07/2026 20:37:21 | Estado: NUEVA UBICACION | Bat: 0%</description>
      <styleUrl>#pointStyle</styleUrl>
      <Point><coordinates>-72.648145,2.560866667,0</coordinates></Point>
    </Placemark>
    <Placemark>
      <n>#517 HERMES-01</n>
      <description> No disponible | Estado: NUEVA UBICACION | Bat: 0%</description>
      <styleUrl>#pointStyle</styleUrl>
      <Point><coordinates>-72.64813333,2.560845833,0</coordinates></Point>
    </Placemark>
    <Placemark>
      <n>#518 HERMES-01</n>
      <description>09/07/2026 20:47:37 | Estado: NUEVA UBICACION | Bat: 0%</description>
      <styleUrl>#pointStyle</styleUrl>
      <Point><coordinates>-72.64813583,2.560837,0</coordinates></Point>
    </Placemark>
    <Placemark>
      <n>#519 HERMES-01</n>
      <description>09/07/2026 20:57:52 | Estado: NUEVA UBICACION | Bat: 0%</description>
      <styleUrl>#pointStyle</styleUrl>
      <Point><coordinates>-72.64822633,2.5608585,0</coordinates></Point>
    </Placemark>
    <Placemark>
      <n>#520 HERMES-01</n>
      <description>09/07/2026 21:08:08 | Estado: NUEVA UBICACION | Bat: 0%</description>
      <styleUrl>#pointStyle</styleUrl>
      <Point><coordinates>-72.64820667,2.5608825,0</coordinates></Point>
    </Placemark>
    <Placemark>
      <n>#521 HERMES-01</n>
      <description>09/07/2026 21:18:25 | Estado: NUEVA UBICACION | Bat: 0%</description>
      <styleUrl>#pointStyle</styleUrl>
      <Point><coordinates>-72.64830983,2.560885,0</coordinates></Point>
    </Placemark>
    <Placemark>
      <n>#522 HERMES-01</n>
      <description>09/07/2026 21:28:41 | Estado: NUEVA UBICACION | Bat: 0%</description>
      <styleUrl>#pointStyle</styleUrl>
      <Point><coordinates>-72.64815817,2.560806667,0</coordinates></Point>
    </Placemark>
    <Placemark>
      <n>#523 HERMES-01</n>
      <description>09/07/2026 21:38:56 | Estado: NUEVA UBICACION | Bat: 0%</description>
      <styleUrl>#pointStyle</styleUrl>
      <Point><coordinates>-72.64814733,2.560869667,0</coordinates></Point>
    </Placemark>
    <Placemark>
      <n>#524 HERMES-01</n>
      <description>09/07/2026 21:49:12 | Estado: NUEVA UBICACION | Bat: 0%</description>
      <styleUrl>#pointStyle</styleUrl>
      <Point><coordinates>-72.6481585,2.5608515,0</coordinates></Point>
    </Placemark>
    <Placemark>
      <n>#525 HERMES-01</n>
      <description> No disponible | Estado: NUEVA UBICACION | Bat: 0%</description>
      <styleUrl>#pointStyle</styleUrl>
      <Point><coordinates>-72.64813417,2.5608405,0</coordinates></Point>
    </Placemark>
    <Placemark>
      <n>#526 HERMES-01</n>
      <description>09/07/2026 22:09:43 | Estado: NUEVA UBICACION | Bat: 0%</description>
      <styleUrl>#pointStyle</styleUrl>
      <Point><coordinates>-72.648148,2.560880333,0</coordinates></Point>
    </Placemark>
    <Placemark>
      <n>#527 HERMES-01</n>
      <description>09/07/2026 22:19:59 | Estado: NUEVA UBICACION | Bat: 0%</description>
      <styleUrl>#pointStyle</styleUrl>
      <Point><coordinates>-72.6481835,2.560862333,0</coordinates></Point>
    </Placemark>
    <Placemark>
      <n>#528 HERMES-01</n>
      <description>09/07/2026 22:30:15 | Estado: NUEVA UBICACION | Bat: 0%</description>
      <styleUrl>#pointStyle</styleUrl>
      <Point><coordinates>-72.64786417,2.5606985,0</coordinates></Point>
    </Placemark>
    <Placemark>
      <n>#529 HERMES-01</n>
      <description>09/07/2026 22:40:29 | Estado: NUEVA UBICACION | Bat: 0%</description>
      <styleUrl>#pointStyle</styleUrl>
      <Point><coordinates>-72.64737283,2.560079667,0</coordinates></Point>
    </Placemark>
    <Placemark>
      <n>#530 HERMES-01</n>
      <description>09/07/2026 22:50:46 | Estado: NUEVA UBICACION | Bat: 0%</description>
      <styleUrl>#pointStyle</styleUrl>
      <Point><coordinates>-72.64814733,2.560831333,0</coordinates></Point>
    </Placemark>
    <Placemark>
      <n>#531 HERMES-01</n>
      <description>09/07/2026 23:01:07 | Estado: NUEVA UBICACION | Bat: 0%</description>
      <styleUrl>#pointStyle</styleUrl>
      <Point><coordinates>-72.64805867,2.560764833,0</coordinates></Point>
    </Placemark>
    <Placemark>
      <n>#532 HERMES-01</n>
      <description>09/07/2026 23:21:39 | Estado: NUEVA UBICACION | Bat: 0%</description>
      <styleUrl>#pointStyle</styleUrl>
      <Point><coordinates>-72.64815017,2.56087,0</coordinates></Point>
    </Placemark>
    <Placemark>
      <n>#533 HERMES-01</n>
      <description>09/07/2026 23:31:55 | Estado: NUEVA UBICACION | Bat: 0%</description>
      <styleUrl>#pointStyle</styleUrl>
      <Point><coordinates>-72.64814933,2.560891333,0</coordinates></Point>
    </Placemark>
    <Placemark>
      <n>#534 HERMES-01</n>
      <description>09/07/2026 23:42:10 | Estado: NUEVA UBICACION | Bat: 0%</description>
      <styleUrl>#pointStyle</styleUrl>
      <Point><coordinates>-72.64815217,2.560891167,0</coordinates></Point>
    </Placemark>
    <Placemark>
      <n>#535 HERMES-01</n>
      <description>09/07/2026 23:52:26 | Estado: NUEVA UBICACION | Bat: 0%</description>
      <styleUrl>#pointStyle</styleUrl>
      <Point><coordinates>-72.64814983,2.560916667,0</coordinates></Point>
    </Placemark>
    <Placemark>
      <n>#536 HERMES-01</n>
      <description>10/07/2026 00:08:45 | Estado: NUEVA UBICACION | Bat: 0%</description>
      <styleUrl>#pointStyle</styleUrl>
      <Point><coordinates>-72.64812917,2.560861333,0</coordinates></Point>
    </Placemark>
    <Placemark>
      <n>#537 HERMES-01</n>
      <description>10/07/2026 00:19:03 | Estado: NUEVA UBICACION | Bat: 0%</description>
      <styleUrl>#pointStyle</styleUrl>
      <Point><coordinates>-72.64812633,2.560862667,0</coordinates></Point>
    </Placemark>
    <Placemark>
      <n>#538 HERMES-01</n>
      <description>10/07/2026 00:29:22 | Estado: NUEVA UBICACION | Bat: 0%</description>
      <styleUrl>#pointStyle</styleUrl>
      <Point><coordinates>-72.6481405,2.560874333,0</coordinates></Point>
    </Placemark>
    <Placemark>
      <n>#539 HERMES-01</n>
      <description>10/07/2026 00:39:40 | Estado: NUEVA UBICACION | Bat: 0%</description>
      <styleUrl>#pointStyle</styleUrl>
      <Point><coordinates>-72.6481495,2.560863667,0</coordinates></Point>
    </Placemark>
    <Placemark>
      <n>#540 HERMES-01</n>
      <description>10/07/2026 00:49:56 | Estado: NUEVA UBICACION | Bat: 0%</description>
      <styleUrl>#pointStyle</styleUrl>
      <Point><coordinates>-72.64815667,2.560895333,0</coordinates></Point>
    </Placemark>
    <Placemark>
      <n>#541 HERMES-01</n>
      <description>10/07/2026 01:00:11 | Estado: NUEVA UBICACION | Bat: 0%</description>
      <styleUrl>#pointStyle</styleUrl>
      <Point><coordinates>-72.64815233,2.5608915,0</coordinates></Point>
    </Placemark>
    <Placemark>
      <n>#542 HERMES-01</n>
      <description>10/07/2026 01:10:29 | Estado: NUEVA UBICACION | Bat: 0%</description>
      <styleUrl>#pointStyle</styleUrl>
      <Point><coordinates>-72.648119,2.560849833,0</coordinates></Point>
    </Placemark>
    <Placemark>
      <n>#543 HERMES-01</n>
      <description>10/07/2026 01:20:45 | Estado: NUEVA UBICACION | Bat: 0%</description>
      <styleUrl>#pointStyle</styleUrl>
      <Point><coordinates>-72.64816367,2.560882,0</coordinates></Point>
    </Placemark>
    <Placemark>
      <n>#544 HERMES-01</n>
      <description>10/07/2026 01:31:02 | Estado: NUEVA UBICACION | Bat: 0%</description>
      <styleUrl>#pointStyle</styleUrl>
      <Point><coordinates>-72.6481655,2.560868667,0</coordinates></Point>
    </Placemark>
    <Placemark>
      <n>#545 HERMES-01</n>
      <description>10/07/2026 01:41:18 | Estado: NUEVA UBICACION | Bat: 0%</description>
      <styleUrl>#pointStyle</styleUrl>
      <Point><coordinates>-72.64817133,2.560845667,0</coordinates></Point>
    </Placemark>
    <Placemark>
      <n>#546 HERMES-01</n>
      <description>10/07/2026 01:52:52 | Estado: NUEVA UBICACION | Bat: 0%</description>
      <styleUrl>#pointStyle</styleUrl>
      <Point><coordinates>-72.64814683,2.560853333,0</coordinates></Point>
    </Placemark>
    <Placemark>
      <n>#547 HERMES-01</n>
      <description>10/07/2026 02:03:07 | Estado: NUEVA UBICACION | Bat: 0%</description>
      <styleUrl>#pointStyle</styleUrl>
      <Point><coordinates>-72.64819883,2.5608435,0</coordinates></Point>
    </Placemark>
    <Placemark>
      <n>#548 HERMES-01</n>
      <description>10/07/2026 02:13:36 | Estado: NUEVA UBICACION | Bat: 0%</description>
      <styleUrl>#pointStyle</styleUrl>
      <Point><coordinates>-72.648175,2.560866667,0</coordinates></Point>
    </Placemark>
    <Placemark>
      <n>#549 HERMES-01</n>
      <description>10/07/2026 02:24:03 | Estado: NUEVA UBICACION | Bat: 0%</description>
      <styleUrl>#pointStyle</styleUrl>
      <Point><coordinates>-72.64816133,2.5608175,0</coordinates></Point>
    </Placemark>
    <Placemark>
      <n>#550 HERMES-01</n>
      <description>10/07/2026 02:34:21 | Estado: NUEVA UBICACION | Bat: 0%</description>
      <styleUrl>#pointStyle</styleUrl>
      <Point><coordinates>-72.64815417,2.560880333,0</coordinates></Point>
    </Placemark>
    <Placemark>
      <n>#551 HERMES-01</n>
      <description>10/07/2026 02:44:38 | Estado: NUEVA UBICACION | Bat: 0%</description>
      <styleUrl>#pointStyle</styleUrl>
      <Point><coordinates>-72.64817017,2.560843167,0</coordinates></Point>
    </Placemark>
    <Placemark>
      <n>#552 HERMES-01</n>
      <description>10/07/2026 02:54:53 | Estado: NUEVA UBICACION | Bat: 0%</description>
      <styleUrl>#pointStyle</styleUrl>
      <Point><coordinates>-72.648163,2.560873833,0</coordinates></Point>
    </Placemark>
    <Placemark>
      <n>#553 HERMES-01</n>
      <description>10/07/2026 03:05:09 | Estado: NUEVA UBICACION | Bat: 0%</description>
      <styleUrl>#pointStyle</styleUrl>
      <Point><coordinates>-72.648164,2.560855833,0</coordinates></Point>
    </Placemark>
    <Placemark>
      <n>#554 HERMES-01</n>
      <description>10/07/2026 03:15:26 | Estado: NUEVA UBICACION | Bat: 0%</description>
      <styleUrl>#pointStyle</styleUrl>
      <Point><coordinates>-72.64816667,2.560861833,0</coordinates></Point>
    </Placemark>
    <Placemark>
      <n>#555 HERMES-01</n>
      <description>10/07/2026 03:25:39 | Estado: NUEVA UBICACION | Bat: 0%</description>
      <styleUrl>#pointStyle</styleUrl>
      <Point><coordinates>-72.6481675,2.560840167,0</coordinates></Point>
    </Placemark>
    <Placemark>
      <n>#556 HERMES-01</n>
      <description>10/07/2026 03:35:57 | Estado: NUEVA UBICACION | Bat: 0%</description>
      <styleUrl>#pointStyle</styleUrl>
      <Point><coordinates>-72.6481295,2.560849,0</coordinates></Point>
    </Placemark>
    <Placemark>
      <n>#557 HERMES-01</n>
      <description>10/07/2026 03:46:14 | Estado: NUEVA UBICACION | Bat: 0%</description>
      <styleUrl>#pointStyle</styleUrl>
      <Point><coordinates>-72.64820567,2.560832333,0</coordinates></Point>
    </Placemark>
    <Placemark>
      <n>#558 HERMES-01</n>
      <description>10/07/2026 03:56:31 | Estado: NUEVA UBICACION | Bat: 0%</description>
      <styleUrl>#pointStyle</styleUrl>
      <Point><coordinates>-72.6481535,2.5608335,0</coordinates></Point>
    </Placemark>
    <Placemark>
      <n>#559 HERMES-01</n>
      <description>10/07/2026 04:06:47 | Estado: NUEVA UBICACION | Bat: 0%</description>
      <styleUrl>#pointStyle</styleUrl>
      <Point><coordinates>-72.64809817,2.56084,0</coordinates></Point>
    </Placemark>
    <Placemark>
      <n>#560 HERMES-01</n>
      <description>10/07/2026 04:17:02 | Estado: NUEVA UBICACION | Bat: 0%</description>
      <styleUrl>#pointStyle</styleUrl>
      <Point><coordinates>-72.648178,2.560874833,0</coordinates></Point>
    </Placemark>
    <Placemark>
      <n>#561 HERMES-01</n>
      <description>10/07/2026 04:27:18 | Estado: NUEVA UBICACION | Bat: 0%</description>
      <styleUrl>#pointStyle</styleUrl>
      <Point><coordinates>-72.64817383,2.5608135,0</coordinates></Point>
    </Placemark>
    <Placemark>
      <n>#562 HERMES-01</n>
      <description>10/07/2026 04:37:33 | Estado: NUEVA UBICACION | Bat: 0%</description>
      <styleUrl>#pointStyle</styleUrl>
      <Point><coordinates>-72.64818733,2.560890333,0</coordinates></Point>
    </Placemark>
    <Placemark>
      <n>#563 HERMES-01</n>
      <description>10/07/2026 04:48:00 | Estado: NUEVA UBICACION | Bat: 0%</description>
      <styleUrl>#pointStyle</styleUrl>
      <Point><coordinates>-72.6480885,2.560877667,0</coordinates></Point>
    </Placemark>
    <Placemark>
      <n>#564 HERMES-01</n>
      <description>10/07/2026 04:58:18 | Estado: NUEVA UBICACION | Bat: 0%</description>
      <styleUrl>#pointStyle</styleUrl>
      <Point><coordinates>-72.64825317,2.5608775,0</coordinates></Point>
    </Placemark>
    <Placemark>
      <n>#565 HERMES-01</n>
      <description>10/07/2026 05:09:10 | Estado: NUEVA UBICACION | Bat: 0%</description>
      <styleUrl>#pointStyle</styleUrl>
      <Point><coordinates>-72.6485915,2.560654833,0</coordinates></Point>
    </Placemark>
    <Placemark>
      <n>#566 HERMES-01</n>
      <description>10/07/2026 05:19:27 | Estado: NUEVA UBICACION | Bat: 0%</description>
      <styleUrl>#pointStyle</styleUrl>
      <Point><coordinates>-72.6481445,2.560770333,0</coordinates></Point>
    </Placemark>
    <Placemark>
      <n>#567 HERMES-01</n>
      <description>10/07/2026 05:29:43 | Estado: NUEVA UBICACION | Bat: 0%</description>
      <styleUrl>#pointStyle</styleUrl>
      <Point><coordinates>-72.64824417,2.560855167,0</coordinates></Point>
    </Placemark>
    <Placemark>
      <n>#568 HERMES-01</n>
      <description>10/07/2026 05:40:01 | Estado: NUEVA UBICACION | Bat: 0%</description>
      <styleUrl>#pointStyle</styleUrl>
      <Point><coordinates>-72.64818383,2.560866833,0</coordinates></Point>
    </Placemark>
    <Placemark>
      <n>#569 HERMES-01</n>
      <description>10/07/2026 05:50:18 | Estado: NUEVA UBICACION | Bat: 0%</description>
      <styleUrl>#pointStyle</styleUrl>
      <Point><coordinates>-72.64817467,2.560803667,0</coordinates></Point>
    </Placemark>
    <Placemark>
      <n>#570 HERMES-01</n>
      <description>10/07/2026 06:00:33 | Estado: NUEVA UBICACION | Bat: 0%</description>
      <styleUrl>#pointStyle</styleUrl>
      <Point><coordinates>-72.64816683,2.560857833,0</coordinates></Point>
    </Placemark>
    <Placemark>
      <n>#571 HERMES-01</n>
      <description> No disponible | Estado: NUEVA UBICACION | Bat: 0%</description>
      <styleUrl>#pointStyle</styleUrl>
      <Point><coordinates>-72.648174,2.5608745,0</coordinates></Point>
    </Placemark>
    <Placemark>
      <n>#572 HERMES-01</n>
      <description>10/07/2026 06:21:17 | Estado: NUEVA UBICACION | Bat: 0%</description>
      <styleUrl>#pointStyle</styleUrl>
      <Point><coordinates>-72.648187,2.560867833,0</coordinates></Point>
    </Placemark>
    <Placemark>
      <n>#573 HERMES-01</n>
      <description>10/07/2026 06:31:41 | Estado: NUEVA UBICACION | Bat: 0%</description>
      <styleUrl>#pointStyle</styleUrl>
      <Point><coordinates>-72.648188,2.560855333,0</coordinates></Point>
    </Placemark>
    <Placemark>
      <n>#574 HERMES-01</n>
      <description>10/07/2026 06:42:07 | Estado: NUEVA UBICACION | Bat: 0%</description>
      <styleUrl>#pointStyle</styleUrl>
      <Point><coordinates>-72.64822,2.5608825,0</coordinates></Point>
    </Placemark>
    <Placemark>
      <n>#575 HERMES-01</n>
      <description>10/07/2026 06:52:22 | Estado: NUEVA UBICACION | Bat: 0%</description>
      <styleUrl>#pointStyle</styleUrl>
      <Point><coordinates>-72.648198,2.560912833,0</coordinates></Point>
    </Placemark>
    <Placemark>
      <n>#576 HERMES-01</n>
      <description>10/07/2026 07:02:36 | Estado: NUEVA UBICACION | Bat: 0%</description>
      <styleUrl>#pointStyle</styleUrl>
      <Point><coordinates>-72.6481285,2.560884667,0</coordinates></Point>
    </Placemark>
    <Placemark>
      <n>#577 HERMES-01</n>
      <description>10/07/2026 07:12:52 | Estado: NUEVA UBICACION | Bat: 0%</description>
      <styleUrl>#pointStyle</styleUrl>
      <Point><coordinates>-72.6482735,2.560954833,0</coordinates></Point>
    </Placemark>
    <Placemark>
      <n>#578 HERMES-01</n>
      <description>10/07/2026 07:23:12 | Estado: NUEVA UBICACION | Bat: 0%</description>
      <styleUrl>#pointStyle</styleUrl>
      <Point><coordinates>-72.64815417,2.5608965,0</coordinates></Point>
    </Placemark>
    <Placemark>
      <n>#579 HERMES-01</n>
      <description> No disponible | Estado: NUEVA UBICACION | Bat: 0%</description>
      <styleUrl>#pointStyle</styleUrl>
      <Point><coordinates>-72.64818117,2.560825833,0</coordinates></Point>
    </Placemark>
    <Placemark>
      <n>#580 HERMES-01</n>
      <description>10/07/2026 07:43:45 | Estado: NUEVA UBICACION | Bat: 0%</description>
      <styleUrl>#pointStyle</styleUrl>
      <Point><coordinates>-72.64817367,2.560892167,0</coordinates></Point>
    </Placemark>
    <Placemark>
      <n>#581 HERMES-01</n>
      <description> No disponible | Estado: NUEVA UBICACION | Bat: 0%</description>
      <styleUrl>#pointStyle</styleUrl>
      <Point><coordinates>-72.648137,2.560818667,0</coordinates></Point>
    </Placemark>
    <Placemark>
      <n>#582 HERMES-01</n>
      <description>10/07/2026 08:04:17 | Estado: NUEVA UBICACION | Bat: 0%</description>
      <styleUrl>#pointStyle</styleUrl>
      <Point><coordinates>-72.64817717,2.560873,0</coordinates></Point>
    </Placemark>
    <Placemark>
      <n>#583 HERMES-01</n>
      <description> No disponible | Estado: NUEVA UBICACION | Bat: 0%</description>
      <styleUrl>#pointStyle</styleUrl>
      <Point><coordinates>-72.64816183,2.560848667,0</coordinates></Point>
    </Placemark>
    <Placemark>
      <n>#584 HERMES-01</n>
      <description>10/07/2026 08:24:50 | Estado: NUEVA UBICACION | Bat: 0%</description>
      <styleUrl>#pointStyle</styleUrl>
      <Point><coordinates>-72.64816367,2.560840167,0</coordinates></Point>
    </Placemark>
    <Placemark>
      <n>#585 HERMES-01</n>
      <description> No disponible | Estado: NUEVA UBICACION | Bat: 0%</description>
      <styleUrl>#pointStyle</styleUrl>
      <Point><coordinates>-72.6481315,2.560870167,0</coordinates></Point>
    </Placemark>
    <Placemark>
      <n>#586 HERMES-01</n>
      <description>10/07/2026 08:45:24 | Estado: NUEVA UBICACION | Bat: 0%</description>
      <styleUrl>#pointStyle</styleUrl>
      <Point><coordinates>-72.64817383,2.56087,0</coordinates></Point>
    </Placemark>
    <Placemark>
      <n>#587 HERMES-01</n>
      <description> No disponible | Estado: NUEVA UBICACION | Bat: 0%</description>
      <styleUrl>#pointStyle</styleUrl>
      <Point><coordinates>-72.64812883,2.560900833,0</coordinates></Point>
    </Placemark>
    <Placemark>
      <n>#588 HERMES-01</n>
      <description>10/07/2026 09:05:59 | Estado: NUEVA UBICACION | Bat: 0%</description>
      <styleUrl>#pointStyle</styleUrl>
      <Point><coordinates>-72.648196,2.560896167,0</coordinates></Point>
    </Placemark>
    <Placemark>
      <n>#589 HERMES-01</n>
      <description> No disponible | Estado: NUEVA UBICACION | Bat: 0%</description>
      <styleUrl>#pointStyle</styleUrl>
      <Point><coordinates>-72.6481165,2.560893833,0</coordinates></Point>
    </Placemark>
    <Placemark>
      <n>#590 HERMES-01</n>
      <description>10/07/2026 09:26:55 | Estado: NUEVA UBICACION | Bat: 0%</description>
      <styleUrl>#pointStyle</styleUrl>
      <Point><coordinates>-72.64820267,2.560889,0</coordinates></Point>
    </Placemark>
    <Placemark>
      <n>#591 HERMES-01</n>
      <description>10/07/2026 09:37:10 | Estado: NUEVA UBICACION | Bat: 0%</description>
      <styleUrl>#pointStyle</styleUrl>
      <Point><coordinates>-72.64814767,2.560896,0</coordinates></Point>
    </Placemark>
    <Placemark>
      <n>#592 HERMES-01</n>
      <description>10/07/2026 09:47:26 | Estado: NUEVA UBICACION | Bat: 0%</description>
      <styleUrl>#pointStyle</styleUrl>
      <Point><coordinates>-72.64818417,2.5608645,0</coordinates></Point>
    </Placemark>
    <Placemark>
      <n>#593 HERMES-01</n>
      <description> No disponible | Estado: NUEVA UBICACION | Bat: 0%</description>
      <styleUrl>#pointStyle</styleUrl>
      <Point><coordinates>-72.64820067,2.560870833,0</coordinates></Point>
    </Placemark>
    <Placemark>
      <n>#594 HERMES-01</n>
      <description>10/07/2026 10:07:59 | Estado: NUEVA UBICACION | Bat: 0%</description>
      <styleUrl>#pointStyle</styleUrl>
      <Point><coordinates>-72.6481585,2.560851167,0</coordinates></Point>
    </Placemark>
    <Placemark>
      <n>#595 HERMES-01</n>
      <description>10/07/2026 10:18:16 | Estado: NUEVA UBICACION | Bat: 0%</description>
      <styleUrl>#pointStyle</styleUrl>
      <Point><coordinates>-72.6481905,2.560903667,0</coordinates></Point>
    </Placemark>
    <Placemark>
      <n>#596 HERMES-01</n>
      <description> No disponible | Estado: NUEVA UBICACION | Bat: 0%</description>
      <styleUrl>#pointStyle</styleUrl>
      <Point><coordinates>-72.64814117,2.560883,0</coordinates></Point>
    </Placemark>
    <Placemark>
      <n>#597 HERMES-01</n>
      <description>10/07/2026 10:38:54 | Estado: NUEVA UBICACION | Bat: 0%</description>
      <styleUrl>#pointStyle</styleUrl>
      <Point><coordinates>-72.64818867,2.560935333,0</coordinates></Point>
    </Placemark>
    <Placemark>
      <n>#598 HERMES-01</n>
      <description>10/07/2026 10:49:09 | Estado: NUEVA UBICACION | Bat: 0%</description>
      <styleUrl>#pointStyle</styleUrl>
      <Point><coordinates>-72.6482,2.560889333,0</coordinates></Point>
    </Placemark>
    <Placemark>
      <n>#599 HERMES-01</n>
      <description>10/07/2026 10:59:26 | Estado: NUEVA UBICACION | Bat: 0%</description>
      <styleUrl>#pointStyle</styleUrl>
      <Point><coordinates>-72.64821667,2.560878,0</coordinates></Point>
    </Placemark>
    <Placemark>
      <n>#600 HERMES-01</n>
      <description>10/07/2026 11:09:42 | Estado: NUEVA UBICACION | Bat: 0%</description>
      <styleUrl>#pointStyle</styleUrl>
      <Point><coordinates>-72.64817517,2.560882,0</coordinates></Point>
    </Placemark>
    <Placemark>
      <n>#601 HERMES-01</n>
      <description>10/07/2026 11:19:58 | Estado: NUEVA UBICACION | Bat: 0%</description>
      <styleUrl>#pointStyle</styleUrl>
      <Point><coordinates>-72.64817883,2.5608945,0</coordinates></Point>
    </Placemark>
    <Placemark>
      <n>#602 HERMES-01</n>
      <description>10/07/2026 11:30:14 | Estado: NUEVA UBICACION | Bat: 0%</description>
      <styleUrl>#pointStyle</styleUrl>
      <Point><coordinates>-72.64819167,2.560855333,0</coordinates></Point>
    </Placemark>
    <Placemark>
      <n>#603 HERMES-01</n>
      <description>10/07/2026 11:40:36 | Estado: NUEVA UBICACION | Bat: 0%</description>
      <styleUrl>#pointStyle</styleUrl>
      <Point><coordinates>-72.64819333,2.560887167,0</coordinates></Point>
    </Placemark>
    <Placemark>
      <n>#604 HERMES-01</n>
      <description>10/07/2026 11:50:51 | Estado: NUEVA UBICACION | Bat: 0%</description>
      <styleUrl>#pointStyle</styleUrl>
      <Point><coordinates>-72.64817683,2.560877667,0</coordinates></Point>
    </Placemark>
    <Placemark>
      <n>#605 HERMES-01</n>
      <description>10/07/2026 12:01:07 | Estado: NUEVA UBICACION | Bat: 0%</description>
      <styleUrl>#pointStyle</styleUrl>
      <Point><coordinates>-72.64818633,2.5608595,0</coordinates></Point>
    </Placemark>
    <Placemark>
      <n>#606 HERMES-01</n>
      <description>10/07/2026 12:11:38 | Estado: NUEVA UBICACION | Bat: 0%</description>
      <styleUrl>#pointStyle</styleUrl>
      <Point><coordinates>-72.6481615,2.560856167,0</coordinates></Point>
    </Placemark>
    <Placemark>
      <n>#607 HERMES-01</n>
      <description>10/07/2026 12:23:32 | Estado: NUEVA UBICACION | Bat: 0%</description>
      <styleUrl>#pointStyle</styleUrl>
      <Point><coordinates>-72.64814083,2.560907333,0</coordinates></Point>
    </Placemark>
    <Placemark>
      <n>#608 HERMES-01</n>
      <description>10/07/2026 12:34:27 | Estado: NUEVA UBICACION | Bat: 0%</description>
      <styleUrl>#pointStyle</styleUrl>
      <Point><coordinates>-72.64805583,2.560791667,0</coordinates></Point>
    </Placemark>
    <Placemark>
      <n>#609 HERMES-01</n>
      <description> No disponible | Estado: NUEVA UBICACION | Bat: 0%</description>
      <styleUrl>#pointStyle</styleUrl>
      <Point><coordinates>-72.64814,2.560828667,0</coordinates></Point>
    </Placemark>
    <Placemark>
      <n>#610 HERMES-01</n>
      <description> No disponible | Estado: NUEVA UBICACION | Bat: 0%</description>
      <styleUrl>#pointStyle</styleUrl>
      <Point><coordinates>-72.64817767,2.560854,0</coordinates></Point>
    </Placemark>
    <Placemark>
      <n>#611 HERMES-01</n>
      <description>10/07/2026 13:10:12 | Estado: NUEVA UBICACION | Bat: 0%</description>
      <styleUrl>#pointStyle</styleUrl>
      <Point><coordinates>-72.64817133,2.560822167,0</coordinates></Point>
    </Placemark>
    <Placemark>
      <n>#612 HERMES-01</n>
      <description>10/07/2026 13:21:35 | Estado: NUEVA UBICACION | Bat: 0%</description>
      <styleUrl>#pointStyle</styleUrl>
      <Point><coordinates>-72.64815483,2.560872667,0</coordinates></Point>
    </Placemark>
    <Placemark>
      <n>#613 HERMES-01</n>
      <description>10/07/2026 13:31:58 | Estado: NUEVA UBICACION | Bat: 0%</description>
      <styleUrl>#pointStyle</styleUrl>
      <Point><coordinates>-72.64814833,2.560907667,0</coordinates></Point>
    </Placemark>
    <Placemark>
      <n>#614 HERMES-01</n>
      <description>10/07/2026 13:42:23 | Estado: NUEVA UBICACION | Bat: 0%</description>
      <styleUrl>#pointStyle</styleUrl>
      <Point><coordinates>-72.64819283,2.560883167,0</coordinates></Point>
    </Placemark>
    <Placemark>
      <n>#615 HERMES-01</n>
      <description>10/07/2026 13:52:38 | Estado: NUEVA UBICACION | Bat: 0%</description>
      <styleUrl>#pointStyle</styleUrl>
      <Point><coordinates>-72.64817267,2.5609015,0</coordinates></Point>
    </Placemark>
    <Placemark>
      <n>#616 HERMES-01</n>
      <description>10/07/2026 14:02:54 | Estado: NUEVA UBICACION | Bat: 0%</description>
      <styleUrl>#pointStyle</styleUrl>
      <Point><coordinates>-72.64818383,2.5609165,0</coordinates></Point>
    </Placemark>
    <Placemark>
      <n>#617 HERMES-01</n>
      <description> No disponible | Estado: NUEVA UBICACION | Bat: 0%</description>
      <styleUrl>#pointStyle</styleUrl>
      <Point><coordinates>-72.64815317,2.5608675,0</coordinates></Point>
    </Placemark>
    <Placemark>
      <n>#618 HERMES-01</n>
      <description>10/07/2026 14:23:47 | Estado: NUEVA UBICACION | Bat: 0%</description>
      <styleUrl>#pointStyle</styleUrl>
      <Point><coordinates>-72.648164,2.560867833,0</coordinates></Point>
    </Placemark>
    <Placemark>
      <n>#619 HERMES-01</n>
      <description>10/07/2026 14:34:37 | Estado: NUEVA UBICACION | Bat: 0%</description>
      <styleUrl>#pointStyle</styleUrl>
      <Point><coordinates>-72.648192,2.560842333,0</coordinates></Point>
    </Placemark>
    <Placemark>
      <n>#620 HERMES-01</n>
      <description> No disponible | Estado: NUEVA UBICACION | Bat: 0%</description>
      <styleUrl>#pointStyle</styleUrl>
      <Point><coordinates>-72.64814217,2.560863,0</coordinates></Point>
    </Placemark>
    <Placemark>
      <n>#621 HERMES-01</n>
      <description>10/07/2026 14:55:15 | Estado: NUEVA UBICACION | Bat: 0%</description>
      <styleUrl>#pointStyle</styleUrl>
      <Point><coordinates>-72.64819017,2.5608505,0</coordinates></Point>
    </Placemark>
    <Placemark>
      <n>#622 HERMES-01</n>
      <description>10/07/2026 15:05:31 | Estado: NUEVA UBICACION | Bat: 0%</description>
      <styleUrl>#pointStyle</styleUrl>
      <Point><coordinates>-72.648158,2.560899333,0</coordinates></Point>
    </Placemark>
    <Placemark>
      <n>#623 HERMES-01</n>
      <description> No disponible | Estado: NUEVA UBICACION | Bat: 0%</description>
      <styleUrl>#pointStyle</styleUrl>
      <Point><coordinates>-72.64817167,2.560814833,0</coordinates></Point>
    </Placemark>
    <Placemark>
      <n>#624 HERMES-01</n>
      <description> No disponible | Estado: NUEVA UBICACION | Bat: 0%</description>
      <styleUrl>#pointStyle</styleUrl>
      <Point><coordinates>-72.648164,2.560914833,0</coordinates></Point>
    </Placemark>
    <Placemark>
      <n>#625 HERMES-01</n>
      <description>10/07/2026 15:36:25 | Estado: NUEVA UBICACION | Bat: 0%</description>
      <styleUrl>#pointStyle</styleUrl>
      <Point><coordinates>-72.64814383,2.5608135,0</coordinates></Point>
    </Placemark>
    <Placemark>
      <n>#626 HERMES-01</n>
      <description>10/07/2026 15:46:42 | Estado: NUEVA UBICACION | Bat: 0%</description>
      <styleUrl>#pointStyle</styleUrl>
      <Point><coordinates>-72.64817017,2.560835167,0</coordinates></Point>
    </Placemark>
    <Placemark>
      <n>#627 HERMES-01</n>
      <description> No disponible | Estado: NUEVA UBICACION | Bat: 0%</description>
      <styleUrl>#pointStyle</styleUrl>
      <Point><coordinates>-72.64813533,2.560837333,0</coordinates></Point>
    </Placemark>
    <Placemark>
      <n>#628 HERMES-01</n>
      <description>10/07/2026 16:07:17 | Estado: NUEVA UBICACION | Bat: 0%</description>
      <styleUrl>#pointStyle</styleUrl>
      <Point><coordinates>-72.64812267,2.5608355,0</coordinates></Point>
    </Placemark>
    <Placemark>
      <n>#629 HERMES-01</n>
      <description>10/07/2026 16:17:36 | Estado: NUEVA UBICACION | Bat: 0%</description>
      <styleUrl>#pointStyle</styleUrl>
      <Point><coordinates>-72.64816167,2.560827333,0</coordinates></Point>
    </Placemark>
    <Placemark>
      <n>#630 HERMES-01</n>
      <description>10/07/2026 16:27:52 | Estado: NUEVA UBICACION | Bat: 0%</description>
      <styleUrl>#pointStyle</styleUrl>
      <Point><coordinates>-72.6481585,2.560861333,0</coordinates></Point>
    </Placemark>
    <Placemark>
      <n>#631 HERMES-01</n>
      <description> No disponible | Estado: NUEVA UBICACION | Bat: 0%</description>
      <styleUrl>#pointStyle</styleUrl>
      <Point><coordinates>-72.64817083,2.560836,0</coordinates></Point>
    </Placemark>
    <Placemark>
      <n>#632 HERMES-01</n>
      <description>10/07/2026 16:48:24 | Estado: NUEVA UBICACION | Bat: 0%</description>
      <styleUrl>#pointStyle</styleUrl>
      <Point><coordinates>-72.64814217,2.560880167,0</coordinates></Point>
    </Placemark>
    <Placemark>
      <n>#633 HERMES-01</n>
      <description>10/07/2026 16:58:39 | Estado: NUEVA UBICACION | Bat: 0%</description>
      <styleUrl>#pointStyle</styleUrl>
      <Point><coordinates>-72.64816783,2.560861167,0</coordinates></Point>
    </Placemark>
    <Placemark>
      <n>#634 HERMES-01</n>
      <description> No disponible | Estado: NUEVA UBICACION | Bat: 0%</description>
      <styleUrl>#pointStyle</styleUrl>
      <Point><coordinates>-72.64817917,2.560841667,0</coordinates></Point>
    </Placemark>
    <Placemark>
      <n>#635 HERMES-01</n>
      <description> No disponible | Estado: NUEVA UBICACION | Bat: 0%</description>
      <styleUrl>#pointStyle</styleUrl>
      <Point><coordinates>-72.64812833,2.560834667,0</coordinates></Point>
    </Placemark>
    <Placemark>
      <n>#636 HERMES-01</n>
      <description>10/07/2026 17:29:32 | Estado: NUEVA UBICACION | Bat: 0%</description>
      <styleUrl>#pointStyle</styleUrl>
      <Point><coordinates>-72.64817833,2.5608025,0</coordinates></Point>
    </Placemark>
    <Placemark>
      <n>#637 HERMES-01</n>
      <description>10/07/2026 17:39:48 | Estado: NUEVA UBICACION | Bat: 0%</description>
      <styleUrl>#pointStyle</styleUrl>
      <Point><coordinates>-72.6481525,2.560856333,0</coordinates></Point>
    </Placemark>
    <Placemark>
      <n>#638 HERMES-01</n>
      <description>10/07/2026 17:50:11 | Estado: NUEVA UBICACION | Bat: 0%</description>
      <styleUrl>#pointStyle</styleUrl>
      <Point><coordinates>-72.64814517,2.560901833,0</coordinates></Point>
    </Placemark>
    <Placemark>
      <n>#639 HERMES-01</n>
      <description>10/07/2026 18:00:27 | Estado: NUEVA UBICACION | Bat: 0%</description>
      <styleUrl>#pointStyle</styleUrl>
      <Point><coordinates>-72.64815183,2.560865167,0</coordinates></Point>
    </Placemark>
    <Placemark>
      <n>#640 HERMES-01</n>
      <description>10/07/2026 18:10:45 | Estado: NUEVA UBICACION | Bat: 0%</description>
      <styleUrl>#pointStyle</styleUrl>
      <Point><coordinates>-72.64817233,2.560862,0</coordinates></Point>
    </Placemark>
    <Placemark>
      <n>#641 HERMES-01</n>
      <description>10/07/2026 18:21:00 | Estado: NUEVA UBICACION | Bat: 0%</description>
      <styleUrl>#pointStyle</styleUrl>
      <Point><coordinates>-72.64822717,2.560869,0</coordinates></Point>
    </Placemark>
    <Placemark>
      <n>#642 HERMES-01</n>
      <description>10/07/2026 18:31:17 | Estado: NUEVA UBICACION | Bat: 0%</description>
      <styleUrl>#pointStyle</styleUrl>
      <Point><coordinates>-72.648173,2.5608745,0</coordinates></Point>
    </Placemark>
    <Placemark>
      <n>#643 HERMES-01</n>
      <description>10/07/2026 18:41:34 | Estado: NUEVA UBICACION | Bat: 0%</description>
      <styleUrl>#pointStyle</styleUrl>
      <Point><coordinates>-72.64808517,2.560804,0</coordinates></Point>
    </Placemark>
    <Placemark>
      <n>#644 HERMES-01</n>
      <description>10/07/2026 18:51:52 | Estado: NUEVA UBICACION | Bat: 0%</description>
      <styleUrl>#pointStyle</styleUrl>
      <Point><coordinates>-72.64821167,2.560908167,0</coordinates></Point>
    </Placemark>
    <Placemark>
      <n>#645 HERMES-01</n>
      <description>10/07/2026 19:00:00 | Estado: NUEVA UBICACION | Bat: 0%</description>
      <styleUrl>#pointStyle</styleUrl>
      <Point><coordinates>-72.64814683,2.560864167,0</coordinates></Point>
    </Placemark>
    <Placemark>
      <n>#646 HERMES-01</n>
      <description> No disponible | Estado: NUEVA UBICACION | Bat: 0%</description>
      <styleUrl>#pointStyle</styleUrl>
      <Point><coordinates>-72.64815183,2.560893,0</coordinates></Point>
    </Placemark>
    <Placemark>
      <n>#647 HERMES-01</n>
      <description>10/07/2026 19:10:18 | Estado: NUEVA UBICACION | Bat: 0%</description>
      <styleUrl>#pointStyle</styleUrl>
      <Point><coordinates>-72.648155,2.560857667,0</coordinates></Point>
    </Placemark>
    <Placemark>
      <n>#648 HERMES-01</n>
      <description>10/07/2026 19:20:34 | Estado: NUEVA UBICACION | Bat: 0%</description>
      <styleUrl>#pointStyle</styleUrl>
      <Point><coordinates>-72.64814217,2.560856833,0</coordinates></Point>
    </Placemark>
    <Placemark>
      <n>#649 HERMES-01</n>
      <description>10/07/2026 19:30:53 | Estado: NUEVA UBICACION | Bat: 0%</description>
      <styleUrl>#pointStyle</styleUrl>
      <Point><coordinates>-72.64817667,2.5608805,0</coordinates></Point>
    </Placemark>
    <Placemark>
      <n>#650 HERMES-01</n>
      <description>10/07/2026 19:41:11 | Estado: NUEVA UBICACION | Bat: 0%</description>
      <styleUrl>#pointStyle</styleUrl>
      <Point><coordinates>-72.6481635,2.5608605,0</coordinates></Point>
    </Placemark>
    <Placemark>
      <n>#651 HERMES-01</n>
      <description>10/07/2026 19:51:30 | Estado: NUEVA UBICACION | Bat: 0%</description>
      <styleUrl>#pointStyle</styleUrl>
      <Point><coordinates>-72.648169,2.560870333,0</coordinates></Point>
    </Placemark>
    <Placemark>
      <n>#652 HERMES-01</n>
      <description>10/07/2026 20:01:47 | Estado: NUEVA UBICACION | Bat: 0%</description>
      <styleUrl>#pointStyle</styleUrl>
      <Point><coordinates>-72.64814567,2.5608955,0</coordinates></Point>
    </Placemark>
    <Placemark>
      <n>#653 HERMES-01</n>
      <description>10/07/2026 20:12:05 | Estado: NUEVA UBICACION | Bat: 0%</description>
      <styleUrl>#pointStyle</styleUrl>
      <Point><coordinates>-72.64815667,2.5608985,0</coordinates></Point>
    </Placemark>
    <Placemark>
      <n>#654 HERMES-01</n>
      <description>10/07/2026 20:22:23 | Estado: NUEVA UBICACION | Bat: 0%</description>
      <styleUrl>#pointStyle</styleUrl>
      <Point><coordinates>-72.6481325,2.560776333,0</coordinates></Point>
    </Placemark>
    <Placemark>
      <n>#655 HERMES-01</n>
      <description>10/07/2026 20:53:16 | Estado: NUEVA UBICACION | Bat: 0%</description>
      <styleUrl>#pointStyle</styleUrl>
      <Point><coordinates>-72.64819233,2.560806333,0</coordinates></Point>
    </Placemark>
    <Placemark>
      <n>#656 HERMES-01</n>
      <description>10/07/2026 21:03:32 | Estado: NUEVA UBICACION | Bat: 0%</description>
      <styleUrl>#pointStyle</styleUrl>
      <Point><coordinates>-72.64822167,2.5608395,0</coordinates></Point>
    </Placemark>
    <Placemark>
      <n>#657 HERMES-01</n>
      <description>10/07/2026 21:13:48 | Estado: NUEVA UBICACION | Bat: 0%</description>
      <styleUrl>#pointStyle</styleUrl>
      <Point><coordinates>-72.648184,2.5608605,0</coordinates></Point>
    </Placemark>
    <Placemark>
      <n>#658 HERMES-01</n>
      <description>10/07/2026 21:24:05 | Estado: NUEVA UBICACION | Bat: 0%</description>
      <styleUrl>#pointStyle</styleUrl>
      <Point><coordinates>-72.6481695,2.560859833,0</coordinates></Point>
    </Placemark>
    <Placemark>
      <n>#659 HERMES-01</n>
      <description>10/07/2026 21:34:19 | Estado: NUEVA UBICACION | Bat: 0%</description>
      <styleUrl>#pointStyle</styleUrl>
      <Point><coordinates>-72.64817167,2.560867333,0</coordinates></Point>
    </Placemark>
    <Placemark>
      <n>#660 HERMES-01</n>
      <description> No disponible | Estado: NUEVA UBICACION | Bat: 0%</description>
      <styleUrl>#pointStyle</styleUrl>
      <Point><coordinates>-72.648208,2.560812667,0</coordinates></Point>
    </Placemark>
    <Placemark>
      <n>#661 HERMES-01</n>
      <description>10/07/2026 21:44:37 | Estado: NUEVA UBICACION | Bat: 0%</description>
      <styleUrl>#pointStyle</styleUrl>
      <Point><coordinates>-72.64812667,2.560830167,0</coordinates></Point>
    </Placemark>
    <Placemark>
      <n>#662 HERMES-01</n>
      <description>10/07/2026 22:05:09 | Estado: NUEVA UBICACION | Bat: 0%</description>
      <styleUrl>#pointStyle</styleUrl>
      <Point><coordinates>-72.64817083,2.560918167,0</coordinates></Point>
    </Placemark>
    <Placemark>
      <n>#663 HERMES-01</n>
      <description> No disponible | Estado: NUEVA UBICACION | Bat: 0%</description>
      <styleUrl>#pointStyle</styleUrl>
      <Point><coordinates>-72.64822867,2.5608865,0</coordinates></Point>
    </Placemark>
    <Placemark>
      <n>#664 HERMES-01</n>
      <description>10/07/2026 22:15:25 | Estado: NUEVA UBICACION | Bat: 0%</description>
      <styleUrl>#pointStyle</styleUrl>
      <Point><coordinates>-72.6481805,2.560813667,0</coordinates></Point>
    </Placemark>
    <Placemark>
      <n>#665 HERMES-01</n>
      <description> No disponible | Estado: NUEVA UBICACION | Bat: 0%</description>
      <styleUrl>#pointStyle</styleUrl>
      <Point><coordinates>-72.64816633,2.560831,0</coordinates></Point>
    </Placemark>
    <Placemark>
      <n>#666 HERMES-01</n>
      <description>10/07/2026 22:25:48 | Estado: NUEVA UBICACION | Bat: 0%</description>
      <styleUrl>#pointStyle</styleUrl>
      <Point><coordinates>-72.64816183,2.560844,0</coordinates></Point>
    </Placemark>
    <Placemark>
      <n>#667 HERMES-01</n>
      <description>10/07/2026 22:36:03 | Estado: NUEVA UBICACION | Bat: 0%</description>
      <styleUrl>#pointStyle</styleUrl>
      <Point><coordinates>-72.64818317,2.560826667,0</coordinates></Point>
    </Placemark>
    <Placemark>
      <n>#668 HERMES-01</n>
      <description>10/07/2026 22:46:22 | Estado: NUEVA UBICACION | Bat: 0%</description>
      <styleUrl>#pointStyle</styleUrl>
      <Point><coordinates>-72.648162,2.560831,0</coordinates></Point>
    </Placemark>
    <Placemark>
      <n>#669 HERMES-01</n>
      <description>10/07/2026 22:56:40 | Estado: NUEVA UBICACION | Bat: 0%</description>
      <styleUrl>#pointStyle</styleUrl>
      <Point><coordinates>-72.64814333,2.560806,0</coordinates></Point>
    </Placemark>
    <Placemark>
      <n>#670 HERMES-01</n>
      <description>10/07/2026 23:07:06 | Estado: NUEVA UBICACION | Bat: 0%</description>
      <styleUrl>#pointStyle</styleUrl>
      <Point><coordinates>-72.64814117,2.5608225,0</coordinates></Point>
    </Placemark>
    <Placemark>
      <n>#671 HERMES-01</n>
      <description>10/07/2026 23:17:24 | Estado: NUEVA UBICACION | Bat: 0%</description>
      <styleUrl>#pointStyle</styleUrl>
      <Point><coordinates>-72.648144,2.5608705,0</coordinates></Point>
    </Placemark>
    <Placemark>
      <n>#672 HERMES-01</n>
      <description>10/07/2026 23:27:41 | Estado: NUEVA UBICACION | Bat: 0%</description>
      <styleUrl>#pointStyle</styleUrl>
      <Point><coordinates>-72.64813033,2.5608685,0</coordinates></Point>
    </Placemark>
    <Placemark>
      <n>#673 HERMES-01</n>
      <description>10/07/2026 23:37:57 | Estado: NUEVA UBICACION | Bat: 0%</description>
      <styleUrl>#pointStyle</styleUrl>
      <Point><coordinates>-72.648148,2.560891833,0</coordinates></Point>
    </Placemark>
    <Placemark>
      <n>#674 HERMES-01</n>
      <description>10/07/2026 23:48:12 | Estado: NUEVA UBICACION | Bat: 0%</description>
      <styleUrl>#pointStyle</styleUrl>
      <Point><coordinates>-72.64817383,2.560853333,0</coordinates></Point>
    </Placemark>
    <Placemark>
      <n>#675 HERMES-01</n>
      <description>10/07/2026 23:58:30 | Estado: NUEVA UBICACION | Bat: 0%</description>
      <styleUrl>#pointStyle</styleUrl>
      <Point><coordinates>-72.64818083,2.560814,0</coordinates></Point>
    </Placemark>
    <Placemark>
      <n>#676 HERMES-01</n>
      <description>11/07/2026 00:00:49 | Estado: NUEVA UBICACION | Bat: 0%</description>
      <styleUrl>#pointStyle</styleUrl>
      <Point><coordinates>-72.64813467,2.560846833,0</coordinates></Point>
    </Placemark>
    <Placemark>
      <n>#677 HERMES-01</n>
      <description>11/07/2026 00:11:05 | Estado: NUEVA UBICACION | Bat: 0%</description>
      <styleUrl>#pointStyle</styleUrl>
      <Point><coordinates>-72.64815983,2.560839833,0</coordinates></Point>
    </Placemark>
    <Placemark>
      <n>#678 HERMES-01</n>
      <description> No disponible | Estado: NUEVA UBICACION | Bat: 0%</description>
      <styleUrl>#pointStyle</styleUrl>
      <Point><coordinates>-72.648155,2.560801167,0</coordinates></Point>
    </Placemark>
    <Placemark>
      <n>#679 HERMES-01</n>
      <description> No disponible | Estado: NUEVA UBICACION | Bat: 0%</description>
      <styleUrl>#pointStyle</styleUrl>
      <Point><coordinates>-72.64815117,2.560857,0</coordinates></Point>
    </Placemark>
    <Placemark>
      <n>#680 HERMES-01</n>
      <description>11/07/2026 00:41:54 | Estado: NUEVA UBICACION | Bat: 0%</description>
      <styleUrl>#pointStyle</styleUrl>
      <Point><coordinates>-72.6481485,2.560842833,0</coordinates></Point>
    </Placemark>
    <Placemark>
      <n>#681 HERMES-01</n>
      <description>11/07/2026 00:52:08 | Estado: NUEVA UBICACION | Bat: 0%</description>
      <styleUrl>#pointStyle</styleUrl>
      <Point><coordinates>-72.64817183,2.560843833,0</coordinates></Point>
    </Placemark>
    <Placemark>
      <n>#682 HERMES-01</n>
      <description>11/07/2026 01:02:23 | Estado: NUEVA UBICACION | Bat: 0%</description>
      <styleUrl>#pointStyle</styleUrl>
      <Point><coordinates>-72.648164,2.560861,0</coordinates></Point>
    </Placemark>
    <Placemark>
      <n>#683 HERMES-01</n>
      <description>11/07/2026 01:12:40 | Estado: NUEVA UBICACION | Bat: 0%</description>
      <styleUrl>#pointStyle</styleUrl>
      <Point><coordinates>-72.64812917,2.560885167,0</coordinates></Point>
    </Placemark>
    <Placemark>
      <n>#684 HERMES-01</n>
      <description>11/07/2026 01:22:57 | Estado: NUEVA UBICACION | Bat: 0%</description>
      <styleUrl>#pointStyle</styleUrl>
      <Point><coordinates>-72.6481875,2.5608225,0</coordinates></Point>
    </Placemark>
    <Placemark>
      <n>#685 HERMES-01</n>
      <description> No disponible | Estado: NUEVA UBICACION | Bat: 0%</description>
      <styleUrl>#pointStyle</styleUrl>
      <Point><coordinates>-72.64820183,2.560870833,0</coordinates></Point>
    </Placemark>
    <Placemark>
      <n>#686 HERMES-01</n>
      <description>11/07/2026 01:43:29 | Estado: NUEVA UBICACION | Bat: 0%</description>
      <styleUrl>#pointStyle</styleUrl>
      <Point><coordinates>-72.64824217,2.560934667,0</coordinates></Point>
    </Placemark>
    <Placemark>
      <n>#687 HERMES-01</n>
      <description>11/07/2026 01:53:45 | Estado: NUEVA UBICACION | Bat: 0%</description>
      <styleUrl>#pointStyle</styleUrl>
      <Point><coordinates>-72.64815283,2.560819,0</coordinates></Point>
    </Placemark>
    <Placemark>
      <n>#688 HERMES-01</n>
      <description>11/07/2026 02:04:01 | Estado: NUEVA UBICACION | Bat: 0%</description>
      <styleUrl>#pointStyle</styleUrl>
      <Point><coordinates>-72.64815833,2.560830667,0</coordinates></Point>
    </Placemark>
    <Placemark>
      <n>#689 HERMES-01</n>
      <description>11/07/2026 02:14:31 | Estado: NUEVA UBICACION | Bat: 0%</description>
      <styleUrl>#pointStyle</styleUrl>
      <Point><coordinates>-72.648161,2.5608275,0</coordinates></Point>
    </Placemark>
    <Placemark>
      <n>#690 HERMES-01</n>
      <description>11/07/2026 02:24:46 | Estado: NUEVA UBICACION | Bat: 0%</description>
      <styleUrl>#pointStyle</styleUrl>
      <Point><coordinates>-72.648191,2.560863,0</coordinates></Point>
    </Placemark>
    <Placemark>
      <n>#691 HERMES-01</n>
      <description>11/07/2026 02:35:03 | Estado: NUEVA UBICACION | Bat: 0%</description>
      <styleUrl>#pointStyle</styleUrl>
      <Point><coordinates>-72.648169,2.5608555,0</coordinates></Point>
    </Placemark>
    <Placemark>
      <n>#692 HERMES-01</n>
      <description>11/07/2026 02:45:19 | Estado: NUEVA UBICACION | Bat: 0%</description>
      <styleUrl>#pointStyle</styleUrl>
      <Point><coordinates>-72.64815817,2.560842,0</coordinates></Point>
    </Placemark>
    <Placemark>
      <n>#693 HERMES-01</n>
      <description>11/07/2026 02:55:36 | Estado: REENVIO PENDIENTE | Bat: 0%</description>
      <styleUrl>#pointStyle</styleUrl>
      <Point><coordinates>-72.648165,2.560885,0</coordinates></Point>
    </Placemark>
    <Placemark>
      <n>#694 HERMES-01</n>
      <description>11/07/2026 03:06:20 | Estado: NUEVA UBICACION | Bat: 0%</description>
      <styleUrl>#pointStyle</styleUrl>
      <Point><coordinates>-72.64812317,2.560848167,0</coordinates></Point>
    </Placemark>
    <Placemark>
      <n>#695 HERMES-01</n>
      <description>11/07/2026 03:16:35 | Estado: NUEVA UBICACION | Bat: 0%</description>
      <styleUrl>#pointStyle</styleUrl>
      <Point><coordinates>-72.6481375,2.560872333,0</coordinates></Point>
    </Placemark>
    <Placemark>
      <n>#696 HERMES-01</n>
      <description> No disponible | Estado: NUEVA UBICACION | Bat: 0%</description>
      <styleUrl>#pointStyle</styleUrl>
      <Point><coordinates>-72.64817333,2.560855,0</coordinates></Point>
    </Placemark>
    <Placemark>
      <n>#697 HERMES-01</n>
      <description>11/07/2026 03:37:06 | Estado: NUEVA UBICACION | Bat: 0%</description>
      <styleUrl>#pointStyle</styleUrl>
      <Point><coordinates>-72.64814067,2.5608715,0</coordinates></Point>
    </Placemark>
    <Placemark>
      <n>#698 HERMES-01</n>
      <description>11/07/2026 03:47:23 | Estado: NUEVA UBICACION | Bat: 0%</description>
      <styleUrl>#pointStyle</styleUrl>
      <Point><coordinates>-72.64814167,2.560865667,0</coordinates></Point>
    </Placemark>
    <Placemark>
      <n>#699 HERMES-01</n>
      <description>11/07/2026 03:57:39 | Estado: NUEVA UBICACION | Bat: 0%</description>
      <styleUrl>#pointStyle</styleUrl>
      <Point><coordinates>-72.64814117,2.560879,0</coordinates></Point>
    </Placemark>
    <Placemark>
      <n>#700 HERMES-01</n>
      <description>11/07/2026 04:07:56 | Estado: NUEVA UBICACION | Bat: 0%</description>
      <styleUrl>#pointStyle</styleUrl>
      <Point><coordinates>-72.64815733,2.560859333,0</coordinates></Point>
    </Placemark>
    <Placemark>
      <n>#701 HERMES-01</n>
      <description>11/07/2026 04:18:11 | Estado: NUEVA UBICACION | Bat: 0%</description>
      <styleUrl>#pointStyle</styleUrl>
      <Point><coordinates>-72.64817867,2.5608285,0</coordinates></Point>
    </Placemark>
    <Placemark>
      <n>#702 HERMES-01</n>
      <description>11/07/2026 04:28:26 | Estado: NUEVA UBICACION | Bat: 0%</description>
      <styleUrl>#pointStyle</styleUrl>
      <Point><coordinates>-72.64820233,2.560856833,0</coordinates></Point>
    </Placemark>
    <Placemark>
      <n>#703 HERMES-01</n>
      <description>11/07/2026 04:38:43 | Estado: NUEVA UBICACION | Bat: 0%</description>
      <styleUrl>#pointStyle</styleUrl>
      <Point><coordinates>-72.6481515,2.560854167,0</coordinates></Point>
    </Placemark>
    <Placemark>
      <n>#704 HERMES-01</n>
      <description>11/07/2026 04:48:58 | Estado: NUEVA UBICACION | Bat: 0%</description>
      <styleUrl>#pointStyle</styleUrl>
      <Point><coordinates>-72.64817517,2.560876333,0</coordinates></Point>
    </Placemark>
    <Placemark>
      <n>#705 HERMES-01</n>
      <description>11/07/2026 04:59:15 | Estado: NUEVA UBICACION | Bat: 0%</description>
      <styleUrl>#pointStyle</styleUrl>
      <Point><coordinates>-72.64822233,2.5608805,0</coordinates></Point>
    </Placemark>
    <Placemark>
      <n>#706 HERMES-01</n>
      <description>11/07/2026 05:09:31 | Estado: NUEVA UBICACION | Bat: 0%</description>
      <styleUrl>#pointStyle</styleUrl>
      <Point><coordinates>-72.64819583,2.560847,0</coordinates></Point>
    </Placemark>
    <Placemark>
      <n>#707 HERMES-01</n>
      <description>11/07/2026 05:19:46 | Estado: NUEVA UBICACION | Bat: 0%</description>
      <styleUrl>#pointStyle</styleUrl>
      <Point><coordinates>-72.64820867,2.560772667,0</coordinates></Point>
    </Placemark>
    <Placemark>
      <n>#708 HERMES-01</n>
      <description>11/07/2026 05:30:03 | Estado: NUEVA UBICACION | Bat: 0%</description>
      <styleUrl>#pointStyle</styleUrl>
      <Point><coordinates>-72.64816517,2.560908167,0</coordinates></Point>
    </Placemark>
    <Placemark>
      <n>#709 HERMES-01</n>
      <description>11/07/2026 05:40:18 | Estado: NUEVA UBICACION | Bat: 0%</description>
      <styleUrl>#pointStyle</styleUrl>
      <Point><coordinates>-72.64816833,2.560826667,0</coordinates></Point>
    </Placemark>
    <Placemark>
      <n>#710 HERMES-01</n>
      <description>11/07/2026 05:50:33 | Estado: NUEVA UBICACION | Bat: 0%</description>
      <styleUrl>#pointStyle</styleUrl>
      <Point><coordinates>-72.648127,2.560888667,0</coordinates></Point>
    </Placemark>
    <Placemark>
      <n>#711 HERMES-01</n>
      <description>11/07/2026 06:00:49 | Estado: NUEVA UBICACION | Bat: 0%</description>
      <styleUrl>#pointStyle</styleUrl>
      <Point><coordinates>-72.648139,2.560846333,0</coordinates></Point>
    </Placemark>
    <Placemark>
      <n>#712 HERMES-01</n>
      <description> No disponible | Estado: NUEVA UBICACION | Bat: 0%</description>
      <styleUrl>#pointStyle</styleUrl>
      <Point><coordinates>-72.6480985,2.560935167,0</coordinates></Point>
    </Placemark>
    <Placemark>
      <n>#713 HERMES-01</n>
      <description> No disponible | Estado: NUEVA UBICACION | Bat: 0%</description>
      <styleUrl>#pointStyle</styleUrl>
      <Point><coordinates>-72.64809083,2.560914667,0</coordinates></Point>
    </Placemark>
    <Placemark>
      <n>#714 HERMES-01</n>
      <description>11/07/2026 06:31:35 | Estado: NUEVA UBICACION | Bat: 0%</description>
      <styleUrl>#pointStyle</styleUrl>
      <Point><coordinates>-72.64816617,2.560845167,0</coordinates></Point>
    </Placemark>
    <Placemark>
      <n>#715 HERMES-01</n>
      <description>11/07/2026 06:41:50 | Estado: NUEVA UBICACION | Bat: 0%</description>
      <styleUrl>#pointStyle</styleUrl>
      <Point><coordinates>-72.64817183,2.560859667,0</coordinates></Point>
    </Placemark>
    <Placemark>
      <n>#716 HERMES-01</n>
      <description>11/07/2026 06:52:04 | Estado: NUEVA UBICACION | Bat: 0%</description>
      <styleUrl>#pointStyle</styleUrl>
      <Point><coordinates>-72.648171,2.560868167,0</coordinates></Point>
    </Placemark>
    <Placemark>
      <n>#717 HERMES-01</n>
      <description>11/07/2026 07:02:22 | Estado: NUEVA UBICACION | Bat: 0%</description>
      <styleUrl>#pointStyle</styleUrl>
      <Point><coordinates>-72.648219,2.560906333,0</coordinates></Point>
    </Placemark>
    <Placemark>
      <n>#718 HERMES-01</n>
      <description>11/07/2026 07:12:38 | Estado: NUEVA UBICACION | Bat: 0%</description>
      <styleUrl>#pointStyle</styleUrl>
      <Point><coordinates>-72.648193,2.560864333,0</coordinates></Point>
    </Placemark>
    <Placemark>
      <n>#719 HERMES-01</n>
      <description>11/07/2026 07:22:53 | Estado: NUEVA UBICACION | Bat: 0%</description>
      <styleUrl>#pointStyle</styleUrl>
      <Point><coordinates>-72.64815217,2.560792667,0</coordinates></Point>
    </Placemark>
    <Placemark>
      <n>#720 HERMES-01</n>
      <description>11/07/2026 07:33:08 | Estado: NUEVA UBICACION | Bat: 0%</description>
      <styleUrl>#pointStyle</styleUrl>
      <Point><coordinates>-72.64826317,2.560849167,0</coordinates></Point>
    </Placemark>
    <Placemark>
      <n>#721 HERMES-01</n>
      <description> No disponible | Estado: NUEVA UBICACION | Bat: 0%</description>
      <styleUrl>#pointStyle</styleUrl>
      <Point><coordinates>-72.6481705,2.5608725,0</coordinates></Point>
    </Placemark>
    <Placemark>
      <n>#722 HERMES-01</n>
      <description>11/07/2026 07:53:41 | Estado: NUEVA UBICACION | Bat: 0%</description>
      <styleUrl>#pointStyle</styleUrl>
      <Point><coordinates>-72.64816783,2.5608955,0</coordinates></Point>
    </Placemark>
    <Placemark>
      <n>#723 HERMES-01</n>
      <description>11/07/2026 08:04:41 | Estado: NUEVA UBICACION | Bat: 0%</description>
      <styleUrl>#pointStyle</styleUrl>
      <Point><coordinates>-72.64815933,2.560887167,0</coordinates></Point>
    </Placemark>
    <Placemark>
      <n>#724 HERMES-01</n>
      <description>11/07/2026 08:14:57 | Estado: NUEVA UBICACION | Bat: 0%</description>
      <styleUrl>#pointStyle</styleUrl>
      <Point><coordinates>-72.64815167,2.560909833,0</coordinates></Point>
    </Placemark>
    <Placemark>
      <n>#725 HERMES-01</n>
      <description>11/07/2026 08:25:23 | Estado: NUEVA UBICACION | Bat: 0%</description>
      <styleUrl>#pointStyle</styleUrl>
      <Point><coordinates>-72.64814783,2.560895333,0</coordinates></Point>
    </Placemark>
    <Placemark>
      <n>#726 HERMES-01</n>
      <description>11/07/2026 08:35:40 | Estado: NUEVA UBICACION | Bat: 0%</description>
      <styleUrl>#pointStyle</styleUrl>
      <Point><coordinates>-72.64813983,2.560882333,0</coordinates></Point>
    </Placemark>
    <Placemark>
      <n>#727 HERMES-01</n>
      <description>11/07/2026 08:45:56 | Estado: NUEVA UBICACION | Bat: 0%</description>
      <styleUrl>#pointStyle</styleUrl>
      <Point><coordinates>-72.64813117,2.5608765,0</coordinates></Point>
    </Placemark>
    <Placemark>
      <n>#728 HERMES-01</n>
      <description>11/07/2026 08:56:12 | Estado: NUEVA UBICACION | Bat: 0%</description>
      <styleUrl>#pointStyle</styleUrl>
      <Point><coordinates>-72.6481135,2.560896167,0</coordinates></Point>
    </Placemark>
    <Placemark>
      <n>#729 HERMES-01</n>
      <description>11/07/2026 09:06:29 | Estado: NUEVA UBICACION | Bat: 0%</description>
      <styleUrl>#pointStyle</styleUrl>
      <Point><coordinates>-72.64814483,2.5608585,0</coordinates></Point>
    </Placemark>
    <Placemark>
      <n>#730 HERMES-01</n>
      <description>11/07/2026 09:16:43 | Estado: NUEVA UBICACION | Bat: 0%</description>
      <styleUrl>#pointStyle</styleUrl>
      <Point><coordinates>-72.64815583,2.5608805,0</coordinates></Point>
    </Placemark>
    <Placemark>
      <n>#731 HERMES-01</n>
      <description>11/07/2026 09:26:59 | Estado: NUEVA UBICACION | Bat: 0%</description>
      <styleUrl>#pointStyle</styleUrl>
      <Point><coordinates>-72.64815317,2.560864667,0</coordinates></Point>
    </Placemark>
    <Placemark>
      <n>#732 HERMES-01</n>
      <description>11/07/2026 09:37:18 | Estado: NUEVA UBICACION | Bat: 0%</description>
      <styleUrl>#pointStyle</styleUrl>
      <Point><coordinates>-72.64815983,2.560888667,0</coordinates></Point>
    </Placemark>
    <Placemark>
      <n>#733 HERMES-01</n>
      <description>11/07/2026 09:47:34 | Estado: NUEVA UBICACION | Bat: 0%</description>
      <styleUrl>#pointStyle</styleUrl>
      <Point><coordinates>-72.64812,2.560826833,0</coordinates></Point>
    </Placemark>
    <Placemark>
      <n>#734 HERMES-01</n>
      <description>11/07/2026 09:57:50 | Estado: NUEVA UBICACION | Bat: 0%</description>
      <styleUrl>#pointStyle</styleUrl>
      <Point><coordinates>-72.648112,2.560843833,0</coordinates></Point>
    </Placemark>
    <Placemark>
      <n>#735 HERMES-01</n>
      <description>11/07/2026 10:08:06 | Estado: NUEVA UBICACION | Bat: 0%</description>
      <styleUrl>#pointStyle</styleUrl>
      <Point><coordinates>-72.64823517,2.560918667,0</coordinates></Point>
    </Placemark>
    <Placemark>
      <n>#736 HERMES-01</n>
      <description>11/07/2026 10:18:22 | Estado: NUEVA UBICACION | Bat: 0%</description>
      <styleUrl>#pointStyle</styleUrl>
      <Point><coordinates>-72.64818633,2.560891333,0</coordinates></Point>
    </Placemark>
    <Placemark>
      <n>#737 HERMES-01</n>
      <description>11/07/2026 10:28:39 | Estado: NUEVA UBICACION | Bat: 0%</description>
      <styleUrl>#pointStyle</styleUrl>
      <Point><coordinates>-72.64820833,2.560864,0</coordinates></Point>
    </Placemark>
    <Placemark>
      <n>#738 HERMES-01</n>
      <description>11/07/2026 10:38:56 | Estado: NUEVA UBICACION | Bat: 0%</description>
      <styleUrl>#pointStyle</styleUrl>
      <Point><coordinates>-72.64818367,2.560897333,0</coordinates></Point>
    </Placemark>
    <Placemark>
      <n>#739 HERMES-01</n>
      <description> No disponible | Estado: NUEVA UBICACION | Bat: 0%</description>
      <styleUrl>#pointStyle</styleUrl>
      <Point><coordinates>-72.64820317,2.560901333,0</coordinates></Point>
    </Placemark>
    <Placemark>
      <n>#740 HERMES-01</n>
      <description>11/07/2026 10:59:54 | Estado: NUEVA UBICACION | Bat: 0%</description>
      <styleUrl>#pointStyle</styleUrl>
      <Point><coordinates>-72.648166,2.560902167,0</coordinates></Point>
    </Placemark>
    <Placemark>
      <n>#741 HERMES-01</n>
      <description>11/07/2026 11:10:21 | Estado: NUEVA UBICACION | Bat: 0%</description>
      <styleUrl>#pointStyle</styleUrl>
      <Point><coordinates>-72.64815967,2.5608825,0</coordinates></Point>
    </Placemark>
    <Placemark>
      <n>#742 HERMES-01</n>
      <description>11/07/2026 11:20:46 | Estado: NUEVA UBICACION | Bat: 0%</description>
      <styleUrl>#pointStyle</styleUrl>
      <Point><coordinates>-72.64821167,2.5608715,0</coordinates></Point>
    </Placemark>
    <Placemark>
      <n>#743 HERMES-01</n>
      <description>11/07/2026 11:31:02 | Estado: NUEVA UBICACION | Bat: 0%</description>
      <styleUrl>#pointStyle</styleUrl>
      <Point><coordinates>-72.64817233,2.560835167,0</coordinates></Point>
    </Placemark>
    <Placemark>
      <n>#744 HERMES-01</n>
      <description>11/07/2026 11:41:17 | Estado: NUEVA UBICACION | Bat: 0%</description>
      <styleUrl>#pointStyle</styleUrl>
      <Point><coordinates>-72.64817933,2.560875667,0</coordinates></Point>
    </Placemark>
    <Placemark>
      <n>#745 HERMES-01</n>
      <description>11/07/2026 11:51:34 | Estado: NUEVA UBICACION | Bat: 0%</description>
      <styleUrl>#pointStyle</styleUrl>
      <Point><coordinates>-72.64815233,2.560880833,0</coordinates></Point>
    </Placemark>
    <Placemark>
      <n>#746 HERMES-01</n>
      <description>11/07/2026 12:01:50 | Estado: NUEVA UBICACION | Bat: 0%</description>
      <styleUrl>#pointStyle</styleUrl>
      <Point><coordinates>-72.64817117,2.560895667,0</coordinates></Point>
    </Placemark>
    <Placemark>
      <n>#747 HERMES-01</n>
      <description>11/07/2026 12:12:07 | Estado: NUEVA UBICACION | Bat: 0%</description>
      <styleUrl>#pointStyle</styleUrl>
      <Point><coordinates>-72.64818567,2.560891,0</coordinates></Point>
    </Placemark>
    <Placemark>
      <n>#748 HERMES-01</n>
      <description>11/07/2026 12:22:23 | Estado: NUEVA UBICACION | Bat: 0%</description>
      <styleUrl>#pointStyle</styleUrl>
      <Point><coordinates>-72.64818767,2.560865833,0</coordinates></Point>
    </Placemark>
    <Placemark>
      <n>#749 HERMES-01</n>
      <description>11/07/2026 12:32:46 | Estado: NUEVA UBICACION | Bat: 0%</description>
      <styleUrl>#pointStyle</styleUrl>
      <Point><coordinates>-72.648151,2.560831,0</coordinates></Point>
    </Placemark>
    <Placemark>
      <n>#750 HERMES-01</n>
      <description>11/07/2026 12:43:03 | Estado: NUEVA UBICACION | Bat: 0%</description>
      <styleUrl>#pointStyle</styleUrl>
      <Point><coordinates>-72.64815367,2.560822167,0</coordinates></Point>
    </Placemark>
    <Placemark>
      <n>#751 HERMES-01</n>
      <description>11/07/2026 12:53:20 | Estado: NUEVA UBICACION | Bat: 0%</description>
      <styleUrl>#pointStyle</styleUrl>
      <Point><coordinates>-72.6481755,2.560829167,0</coordinates></Point>
    </Placemark>
    <Placemark>
      <n>#752 HERMES-01</n>
      <description>11/07/2026 13:03:36 | Estado: NUEVA UBICACION | Bat: 0%</description>
      <styleUrl>#pointStyle</styleUrl>
      <Point><coordinates>-72.6481655,2.560878667,0</coordinates></Point>
    </Placemark>
    <Placemark>
      <n>#753 HERMES-01</n>
      <description>11/07/2026 13:13:54 | Estado: NUEVA UBICACION | Bat: 0%</description>
      <styleUrl>#pointStyle</styleUrl>
      <Point><coordinates>-72.6481475,2.560903333,0</coordinates></Point>
    </Placemark>
    <Placemark>
      <n>#754 HERMES-01</n>
      <description>11/07/2026 13:24:19 | Estado: NUEVA UBICACION | Bat: 0%</description>
      <styleUrl>#pointStyle</styleUrl>
      <Point><coordinates>-72.648164,2.560868167,0</coordinates></Point>
    </Placemark>
    <Placemark>
      <n>#755 HERMES-01</n>
      <description>11/07/2026 13:34:34 | Estado: NUEVA UBICACION | Bat: 0%</description>
      <styleUrl>#pointStyle</styleUrl>
      <Point><coordinates>-72.6481605,2.560894,0</coordinates></Point>
    </Placemark>
    <Placemark>
      <n>#756 HERMES-01</n>
      <description>11/07/2026 13:44:52 | Estado: NUEVA UBICACION | Bat: 0%</description>
      <styleUrl>#pointStyle</styleUrl>
      <Point><coordinates>-72.64815633,2.560868167,0</coordinates></Point>
    </Placemark>
    <Placemark>
      <n>#757 HERMES-01</n>
      <description>11/07/2026 13:55:07 | Estado: NUEVA UBICACION | Bat: 0%</description>
      <styleUrl>#pointStyle</styleUrl>
      <Point><coordinates>-72.64810067,2.560918333,0</coordinates></Point>
    </Placemark>
    <Placemark>
      <n>#758 HERMES-01</n>
      <description>11/07/2026 14:05:28 | Estado: NUEVA UBICACION | Bat: 0%</description>
      <styleUrl>#pointStyle</styleUrl>
      <Point><coordinates>-72.64816867,2.560859667,0</coordinates></Point>
    </Placemark>
    <Placemark>
      <n>#759 HERMES-01</n>
      <description>11/07/2026 14:15:43 | Estado: NUEVA UBICACION | Bat: 0%</description>
      <styleUrl>#pointStyle</styleUrl>
      <Point><coordinates>-72.64817667,2.560827333,0</coordinates></Point>
    </Placemark>
    <Placemark>
      <n>#760 HERMES-01</n>
      <description>11/07/2026 14:26:04 | Estado: NUEVA UBICACION | Bat: 0%</description>
      <styleUrl>#pointStyle</styleUrl>
      <Point><coordinates>-72.64815,2.560846167,0</coordinates></Point>
    </Placemark>
    <Placemark>
      <n>#761 HERMES-01</n>
      <description>11/07/2026 14:36:19 | Estado: NUEVA UBICACION | Bat: 0%</description>
      <styleUrl>#pointStyle</styleUrl>
      <Point><coordinates>-72.64816867,2.560893,0</coordinates></Point>
    </Placemark>
    <Placemark>
      <n>#762 HERMES-01</n>
      <description>11/07/2026 14:46:50 | Estado: NUEVA UBICACION | Bat: 0%</description>
      <styleUrl>#pointStyle</styleUrl>
      <Point><coordinates>-72.64814483,2.560849333,0</coordinates></Point>
    </Placemark>
    <Placemark>
      <n>#763 HERMES-01</n>
      <description> No disponible | Estado: NUEVA UBICACION | Bat: 0%</description>
      <styleUrl>#pointStyle</styleUrl>
      <Point><coordinates>-72.648223,2.560851833,0</coordinates></Point>
    </Placemark>
    <Placemark>
      <n>#764 HERMES-01</n>
      <description> No disponible | Estado: NUEVA UBICACION | Bat: 0%</description>
      <styleUrl>#pointStyle</styleUrl>
      <Point><coordinates>-72.6481925,2.560813333,0</coordinates></Point>
    </Placemark>
    <Placemark>
      <n>#765 HERMES-01</n>
      <description>11/07/2026 15:17:37 | Estado: NUEVA UBICACION | Bat: 0%</description>
      <styleUrl>#pointStyle</styleUrl>
      <Point><coordinates>-72.64821117,2.560800667,0</coordinates></Point>
    </Placemark>
    <Placemark>
      <n>#766 HERMES-01</n>
      <description> No disponible | Estado: NUEVA UBICACION | Bat: 0%</description>
      <styleUrl>#pointStyle</styleUrl>
      <Point><coordinates>-72.64810683,2.560831167,0</coordinates></Point>
    </Placemark>
    <Placemark>
      <n>#767 HERMES-01</n>
      <description>11/07/2026 15:38:08 | Estado: NUEVA UBICACION | Bat: 0%</description>
      <styleUrl>#pointStyle</styleUrl>
      <Point><coordinates>-72.64813933,2.560865,0</coordinates></Point>
    </Placemark>
    <Placemark>
      <n>#768 HERMES-01</n>
      <description> No disponible | Estado: NUEVA UBICACION | Bat: 0%</description>
      <styleUrl>#pointStyle</styleUrl>
      <Point><coordinates>-72.64813917,2.560851167,0</coordinates></Point>
    </Placemark>
    <Placemark>
      <n>#769 HERMES-01</n>
      <description>11/07/2026 15:58:39 | Estado: NUEVA UBICACION | Bat: 0%</description>
      <styleUrl>#pointStyle</styleUrl>
      <Point><coordinates>-72.64814167,2.560844667,0</coordinates></Point>
    </Placemark>
    <Placemark>
      <n>#770 HERMES-01</n>
      <description>11/07/2026 16:09:03 | Estado: NUEVA UBICACION | Bat: 0%</description>
      <styleUrl>#pointStyle</styleUrl>
      <Point><coordinates>-72.64814867,2.560835333,0</coordinates></Point>
    </Placemark>
    <Placemark>
      <n>#771 HERMES-01</n>
      <description>11/07/2026 16:19:19 | Estado: NUEVA UBICACION | Bat: 0%</description>
      <styleUrl>#pointStyle</styleUrl>
      <Point><coordinates>-72.648192,2.560839,0</coordinates></Point>
    </Placemark>
    <Placemark>
      <n>#772 HERMES-01</n>
      <description>11/07/2026 16:29:33 | Estado: NUEVA UBICACION | Bat: 0%</description>
      <styleUrl>#pointStyle</styleUrl>
      <Point><coordinates>-72.64816317,2.560862333,0</coordinates></Point>
    </Placemark>
    <Placemark>
      <n>#773 HERMES-01</n>
      <description>11/07/2026 16:39:49 | Estado: NUEVA UBICACION | Bat: 0%</description>
      <styleUrl>#pointStyle</styleUrl>
      <Point><coordinates>-72.64815,2.560821,0</coordinates></Point>
    </Placemark>
    <Placemark>
      <n>#774 HERMES-01</n>
      <description>11/07/2026 16:50:03 | Estado: NUEVA UBICACION | Bat: 0%</description>
      <styleUrl>#pointStyle</styleUrl>
      <Point><coordinates>-72.6481695,2.560855167,0</coordinates></Point>
    </Placemark>
    <Placemark>
      <n>#775 HERMES-01</n>
      <description> No disponible | Estado: NUEVA UBICACION | Bat: 0%</description>
      <styleUrl>#pointStyle</styleUrl>
      <Point><coordinates>-72.648159,2.5608115,0</coordinates></Point>
    </Placemark>
    <Placemark>
      <n>#776 HERMES-01</n>
      <description> No disponible | Estado: NUEVA UBICACION | Bat: 0%</description>
      <styleUrl>#pointStyle</styleUrl>
      <Point><coordinates>-72.648161,2.560802,0</coordinates></Point>
    </Placemark>
    <Placemark>
      <n>#777 HERMES-01</n>
      <description>11/07/2026 17:20:50 | Estado: NUEVA UBICACION | Bat: 0%</description>
      <styleUrl>#pointStyle</styleUrl>
      <Point><coordinates>-72.6481405,2.560820333,0</coordinates></Point>
    </Placemark>
    <Placemark>
      <n>#778 HERMES-01</n>
      <description>11/07/2026 17:31:05 | Estado: NUEVA UBICACION | Bat: 0%</description>
      <styleUrl>#pointStyle</styleUrl>
      <Point><coordinates>-72.64810683,2.560861833,0</coordinates></Point>
    </Placemark>
    <Placemark>
      <n>#779 HERMES-01</n>
      <description>11/07/2026 17:41:20 | Estado: NUEVA UBICACION | Bat: 0%</description>
      <styleUrl>#pointStyle</styleUrl>
      <Point><coordinates>-72.64814383,2.560840667,0</coordinates></Point>
    </Placemark>
    <Placemark>
      <n>#780 HERMES-01</n>
      <description>11/07/2026 17:51:36 | Estado: NUEVA UBICACION | Bat: 0%</description>
      <styleUrl>#pointStyle</styleUrl>
      <Point><coordinates>-72.648139,2.560882167,0</coordinates></Point>
    </Placemark>
    <Placemark>
      <n>#781 HERMES-01</n>
      <description>11/07/2026 18:01:52 | Estado: NUEVA UBICACION | Bat: 0%</description>
      <styleUrl>#pointStyle</styleUrl>
      <Point><coordinates>-72.6481435,2.560870333,0</coordinates></Point>
    </Placemark>
    <Placemark>
      <n>#782 HERMES-01</n>
      <description>11/07/2026 18:12:20 | Estado: NUEVA UBICACION | Bat: 0%</description>
      <styleUrl>#pointStyle</styleUrl>
      <Point><coordinates>-72.64816833,2.560861167,0</coordinates></Point>
    </Placemark>
    <Placemark>
      <n>#783 HERMES-01</n>
      <description>11/07/2026 18:22:34 | Estado: NUEVA UBICACION | Bat: 0%</description>
      <styleUrl>#pointStyle</styleUrl>
      <Point><coordinates>-72.648186,2.560906167,0</coordinates></Point>
    </Placemark>
    <Placemark>
      <n>#784 HERMES-01</n>
      <description>11/07/2026 18:32:50 | Estado: NUEVA UBICACION | Bat: 0%</description>
      <styleUrl>#pointStyle</styleUrl>
      <Point><coordinates>-72.64810433,2.5608395,0</coordinates></Point>
    </Placemark>
    <Placemark>
      <n>#785 HERMES-01</n>
      <description>11/07/2026 18:43:06 | Estado: NUEVA UBICACION | Bat: 0%</description>
      <styleUrl>#pointStyle</styleUrl>
      <Point><coordinates>-72.64819833,2.560804667,0</coordinates></Point>
    </Placemark>
    <Placemark>
      <n>#786 HERMES-01</n>
      <description>11/07/2026 18:53:23 | Estado: NUEVA UBICACION | Bat: 0%</description>
      <styleUrl>#pointStyle</styleUrl>
      <Point><coordinates>-72.648125,2.560840667,0</coordinates></Point>
    </Placemark>
    <Placemark>
      <n>#787 HERMES-01</n>
      <description>11/07/2026 19:12:24 | Estado: NUEVA UBICACION | Bat: 0%</description>
      <styleUrl>#pointStyle</styleUrl>
      <Point><coordinates>-72.6482035,2.560889167,0</coordinates></Point>
    </Placemark>
    <Placemark>
      <n>#788 HERMES-01</n>
      <description>11/07/2026 19:22:39 | Estado: NUEVA UBICACION | Bat: 0%</description>
      <styleUrl>#pointStyle</styleUrl>
      <Point><coordinates>-72.64817117,2.560811167,0</coordinates></Point>
    </Placemark>
    <Placemark>
      <n>#789 HERMES-01</n>
      <description>11/07/2026 19:32:59 | Estado: NUEVA UBICACION | Bat: 0%</description>
      <styleUrl>#pointStyle</styleUrl>
      <Point><coordinates>-72.64818533,2.560849,0</coordinates></Point>
    </Placemark>
    <Placemark>
      <n>#790 HERMES-01</n>
      <description>11/07/2026 19:43:16 | Estado: NUEVA UBICACION | Bat: 0%</description>
      <styleUrl>#pointStyle</styleUrl>
      <Point><coordinates>-72.64816267,2.560870833,0</coordinates></Point>
    </Placemark>
    <Placemark>
      <n>#791 HERMES-01</n>
      <description>11/07/2026 19:53:31 | Estado: NUEVA UBICACION | Bat: 0%</description>
      <styleUrl>#pointStyle</styleUrl>
      <Point><coordinates>-72.64817567,2.560872833,0</coordinates></Point>
    </Placemark>
    <Placemark>
      <n>#792 HERMES-01</n>
      <description> No disponible | Estado: NUEVA UBICACION | Bat: 0%</description>
      <styleUrl>#pointStyle</styleUrl>
      <Point><coordinates>-72.64816483,2.560845833,0</coordinates></Point>
    </Placemark>
    <Placemark>
      <n>#793 HERMES-01</n>
      <description>11/07/2026 20:03:45 | Estado: NUEVA UBICACION | Bat: 0%</description>
      <styleUrl>#pointStyle</styleUrl>
      <Point><coordinates>-72.64812183,2.560884833,0</coordinates></Point>
    </Placemark>
    <Placemark>
      <n>#794 HERMES-01</n>
      <description>11/07/2026 20:14:02 | Estado: NUEVA UBICACION | Bat: 0%</description>
      <styleUrl>#pointStyle</styleUrl>
      <Point><coordinates>-72.64816683,2.560825667,0</coordinates></Point>
    </Placemark>
    <Placemark>
      <n>#795 HERMES-01</n>
      <description>11/07/2026 20:24:21 | Estado: NUEVA UBICACION | Bat: 0%</description>
      <styleUrl>#pointStyle</styleUrl>
      <Point><coordinates>-72.63966417,2.557183667,0</coordinates></Point>
    </Placemark>
    <Placemark>
      <n>#796 HERMES-01</n>
      <description>11/07/2026 20:34:39 | Estado: NUEVA UBICACION | Bat: 0%</description>
      <styleUrl>#pointStyle</styleUrl>
      <Point><coordinates>-72.64814833,2.560844667,0</coordinates></Point>
    </Placemark>
    <Placemark>
      <n>#797 HERMES-01</n>
      <description>11/07/2026 20:44:55 | Estado: NUEVA UBICACION | Bat: 0%</description>
      <styleUrl>#pointStyle</styleUrl>
      <Point><coordinates>-72.6481735,2.560818,0</coordinates></Point>
    </Placemark>
    <Placemark>
      <n>#798 HERMES-01</n>
      <description>11/07/2026 20:55:10 | Estado: NUEVA UBICACION | Bat: 0%</description>
      <styleUrl>#pointStyle</styleUrl>
      <Point><coordinates>-72.6481985,2.560847,0</coordinates></Point>
    </Placemark>
    <Placemark>
      <n>#799 HERMES-01</n>
      <description> No disponible | Estado: NUEVA UBICACION | Bat: 0%</description>
      <styleUrl>#pointStyle</styleUrl>
      <Point><coordinates>-72.64814933,2.560829167,0</coordinates></Point>
    </Placemark>
    <Placemark>
      <n>#800 HERMES-01</n>
      <description>11/07/2026 21:05:36 | Estado: NUEVA UBICACION | Bat: 0%</description>
      <styleUrl>#pointStyle</styleUrl>
      <Point><coordinates>-72.64819917,2.560835667,0</coordinates></Point>
    </Placemark>
    <Placemark>
      <n>#801 HERMES-01</n>
      <description>11/07/2026 21:16:08 | Estado: NUEVA UBICACION | Bat: 0%</description>
      <styleUrl>#pointStyle</styleUrl>
      <Point><coordinates>-72.648186,2.560832167,0</coordinates></Point>
    </Placemark>
    <Placemark>
      <n>#802 HERMES-01</n>
      <description> No disponible | Estado: NUEVA UBICACION | Bat: 0%</description>
      <styleUrl>#pointStyle</styleUrl>
      <Point><coordinates>-72.6481435,2.5608295,0</coordinates></Point>
    </Placemark>
    <Placemark>
      <n>#803 HERMES-01</n>
      <description>11/07/2026 21:26:24 | Estado: NUEVA UBICACION | Bat: 0%</description>
      <styleUrl>#pointStyle</styleUrl>
      <Point><coordinates>-72.648204,2.560833667,0</coordinates></Point>
    </Placemark>
    <Placemark>
      <n>#804 HERMES-01</n>
      <description>11/07/2026 21:46:54 | Estado: NUEVA UBICACION | Bat: 0%</description>
      <styleUrl>#pointStyle</styleUrl>
      <Point><coordinates>-72.64813533,2.560840333,0</coordinates></Point>
    </Placemark>
    <Placemark>
      <n>#805 HERMES-01</n>
      <description>11/07/2026 21:57:10 | Estado: NUEVA UBICACION | Bat: 0%</description>
      <styleUrl>#pointStyle</styleUrl>
      <Point><coordinates>-72.64823367,2.560908333,0</coordinates></Point>
    </Placemark>
    <Placemark>
      <n>#806 HERMES-01</n>
      <description> No disponible | Estado: NUEVA UBICACION | Bat: 0%</description>
      <styleUrl>#pointStyle</styleUrl>
      <Point><coordinates>-72.648153,2.5608445,0</coordinates></Point>
    </Placemark>
    <Placemark>
      <n>#807 HERMES-01</n>
      <description> No disponible | Estado: NUEVA UBICACION | Bat: 0%</description>
      <styleUrl>#pointStyle</styleUrl>
      <Point><coordinates>-72.64814167,2.560804833,0</coordinates></Point>
    </Placemark>
    <Placemark>
      <n>#808 HERMES-01</n>
      <description>11/07/2026 22:28:19 | Estado: NUEVA UBICACION | Bat: 0%</description>
      <styleUrl>#pointStyle</styleUrl>
      <Point><coordinates>-72.64820067,2.56085,0</coordinates></Point>
    </Placemark>
    <Placemark>
      <n>#809 HERMES-01</n>
      <description>11/07/2026 22:38:36 | Estado: NUEVA UBICACION | Bat: 0%</description>
      <styleUrl>#pointStyle</styleUrl>
      <Point><coordinates>-72.64815283,2.56083,0</coordinates></Point>
    </Placemark>
    <Placemark>
      <n>#810 HERMES-01</n>
      <description>11/07/2026 22:48:53 | Estado: NUEVA UBICACION | Bat: 0%</description>
      <styleUrl>#pointStyle</styleUrl>
      <Point><coordinates>-72.64817083,2.560835167,0</coordinates></Point>
    </Placemark>
    <Placemark>
      <n>#811 HERMES-01</n>
      <description>11/07/2026 22:59:13 | Estado: NUEVA UBICACION | Bat: 0%</description>
      <styleUrl>#pointStyle</styleUrl>
      <Point><coordinates>-72.64818667,2.5608615,0</coordinates></Point>
    </Placemark>
    <Placemark>
      <n>#812 HERMES-01</n>
      <description>11/07/2026 23:09:29 | Estado: NUEVA UBICACION | Bat: 0%</description>
      <styleUrl>#pointStyle</styleUrl>
      <Point><coordinates>-72.64816483,2.560861,0</coordinates></Point>
    </Placemark>
    <Placemark>
      <n>#813 HERMES-01</n>
      <description>11/07/2026 23:19:45 | Estado: NUEVA UBICACION | Bat: 0%</description>
      <styleUrl>#pointStyle</styleUrl>
      <Point><coordinates>-72.64816183,2.5608675,0</coordinates></Point>
    </Placemark>
    <Placemark>
      <n>#814 HERMES-01</n>
      <description>11/07/2026 23:30:02 | Estado: NUEVA UBICACION | Bat: 0%</description>
      <styleUrl>#pointStyle</styleUrl>
      <Point><coordinates>-72.6481395,2.560850333,0</coordinates></Point>
    </Placemark>
    <Placemark>
      <n>#815 HERMES-01</n>
      <description> No disponible | Estado: NUEVA UBICACION | Bat: 0%</description>
      <styleUrl>#pointStyle</styleUrl>
      <Point><coordinates>-72.64798633,2.560644,0</coordinates></Point>
    </Placemark>
    <Placemark>
      <n>#816 HERMES-01</n>
      <description>11/07/2026 23:40:17 | Estado: NUEVA UBICACION | Bat: 0%</description>
      <styleUrl>#pointStyle</styleUrl>
      <Point><coordinates>-72.64813033,2.560925667,0</coordinates></Point>
    </Placemark>
    <Placemark>
      <n>#817 HERMES-01</n>
      <description>11/07/2026 23:50:33 | Estado: NUEVA UBICACION | Bat: 0%</description>
      <styleUrl>#pointStyle</styleUrl>
      <Point><coordinates>-72.64810417,2.560872167,0</coordinates></Point>
    </Placemark>
    <Placemark>
      <n>#818 HERMES-01</n>
      <description>12/07/2026 00:02:13 | Estado: NUEVA UBICACION | Bat: 0%</description>
      <styleUrl>#pointStyle</styleUrl>
      <Point><coordinates>-72.64813217,2.560868167,0</coordinates></Point>
    </Placemark>
    <Placemark>
      <n>#819 HERMES-01</n>
      <description>12/07/2026 00:12:30 | Estado: NUEVA UBICACION | Bat: 0%</description>
      <styleUrl>#pointStyle</styleUrl>
      <Point><coordinates>-72.648143,2.5608655,0</coordinates></Point>
    </Placemark>
    <Placemark>
      <n>#820 HERMES-01</n>
      <description>12/07/2026 00:22:48 | Estado: NUEVA UBICACION | Bat: 0%</description>
      <styleUrl>#pointStyle</styleUrl>
      <Point><coordinates>-72.64810767,2.560885667,0</coordinates></Point>
    </Placemark>
    <Placemark>
      <n>#821 HERMES-01</n>
      <description> No disponible | Estado: NUEVA UBICACION | Bat: 0%</description>
      <styleUrl>#pointStyle</styleUrl>
      <Point><coordinates>-72.64814033,2.560893667,0</coordinates></Point>
    </Placemark>
    <Placemark>
      <n>#822 HERMES-01</n>
      <description>12/07/2026 00:43:20 | Estado: NUEVA UBICACION | Bat: 0%</description>
      <styleUrl>#pointStyle</styleUrl>
      <Point><coordinates>-72.64816117,2.5608725,0</coordinates></Point>
    </Placemark>
    <Placemark>
      <n>#823 HERMES-01</n>
      <description>12/07/2026 00:53:34 | Estado: NUEVA UBICACION | Bat: 0%</description>
      <styleUrl>#pointStyle</styleUrl>
      <Point><coordinates>-72.64818767,2.560860667,0</coordinates></Point>
    </Placemark>
    <Placemark>
      <n>#824 HERMES-01</n>
      <description>12/07/2026 01:03:50 | Estado: NUEVA UBICACION | Bat: 0%</description>
      <styleUrl>#pointStyle</styleUrl>
      <Point><coordinates>-72.64816033,2.560856667,0</coordinates></Point>
    </Placemark>
    <Placemark>
      <n>#825 HERMES-01</n>
      <description>12/07/2026 01:14:05 | Estado: NUEVA UBICACION | Bat: 0%</description>
      <styleUrl>#pointStyle</styleUrl>
      <Point><coordinates>-72.64817067,2.560850833,0</coordinates></Point>
    </Placemark>
    <Placemark>
      <n>#826 HERMES-01</n>
      <description>12/07/2026 01:24:37 | Estado: NUEVA UBICACION | Bat: 0%</description>
      <styleUrl>#pointStyle</styleUrl>
      <Point><coordinates>-72.64818467,2.560831833,0</coordinates></Point>
    </Placemark>
    <Placemark>
      <n>#827 HERMES-01</n>
      <description>12/07/2026 01:34:51 | Estado: NUEVA UBICACION | Bat: 0%</description>
      <styleUrl>#pointStyle</styleUrl>
      <Point><coordinates>-72.64819933,2.560907333,0</coordinates></Point>
    </Placemark>
    <Placemark>
      <n>#828 HERMES-01</n>
      <description>12/07/2026 01:45:06 | Estado: NUEVA UBICACION | Bat: 0%</description>
      <styleUrl>#pointStyle</styleUrl>
      <Point><coordinates>-72.64814633,2.560794333,0</coordinates></Point>
    </Placemark>
    <Placemark>
      <n>#829 HERMES-01</n>
      <description>12/07/2026 01:55:20 | Estado: NUEVA UBICACION | Bat: 0%</description>
      <styleUrl>#pointStyle</styleUrl>
      <Point><coordinates>-72.64817983,2.560827333,0</coordinates></Point>
    </Placemark>
    <Placemark>
      <n>#830 HERMES-01</n>
      <description>12/07/2026 02:05:35 | Estado: NUEVA UBICACION | Bat: 0%</description>
      <styleUrl>#pointStyle</styleUrl>
      <Point><coordinates>-72.648158,2.560865667,0</coordinates></Point>
    </Placemark>
    <Placemark>
      <n>#831 HERMES-01</n>
      <description>12/07/2026 02:15:53 | Estado: NUEVA UBICACION | Bat: 0%</description>
      <styleUrl>#pointStyle</styleUrl>
      <Point><coordinates>-72.64813617,2.5608655,0</coordinates></Point>
    </Placemark>
    <Placemark>
      <n>#832 HERMES-01</n>
      <description> No disponible | Estado: NUEVA UBICACION | Bat: 0%</description>
      <styleUrl>#pointStyle</styleUrl>
      <Point><coordinates>-72.64816317,2.560845667,0</coordinates></Point>
    </Placemark>
    <Placemark>
      <n>#833 HERMES-01</n>
      <description>12/07/2026 02:36:25 | Estado: NUEVA UBICACION | Bat: 0%</description>
      <styleUrl>#pointStyle</styleUrl>
      <Point><coordinates>-72.64817317,2.560873167,0</coordinates></Point>
    </Placemark>
    <Placemark>
      <n>#834 HERMES-01</n>
      <description>12/07/2026 02:46:38 | Estado: NUEVA UBICACION | Bat: 0%</description>
      <styleUrl>#pointStyle</styleUrl>
      <Point><coordinates>-72.648157,2.560887833,0</coordinates></Point>
    </Placemark>
    <Placemark>
      <n>#835 HERMES-01</n>
      <description>12/07/2026 02:56:54 | Estado: NUEVA UBICACION | Bat: 0%</description>
      <styleUrl>#pointStyle</styleUrl>
      <Point><coordinates>-72.648183,2.560878667,0</coordinates></Point>
    </Placemark>
    <Placemark>
      <n>#836 HERMES-01</n>
      <description>12/07/2026 03:07:10 | Estado: NUEVA UBICACION | Bat: 0%</description>
      <styleUrl>#pointStyle</styleUrl>
      <Point><coordinates>-72.64816117,2.560852667,0</coordinates></Point>
    </Placemark>
    <Placemark>
      <n>#837 HERMES-01</n>
      <description>12/07/2026 03:17:26 | Estado: NUEVA UBICACION | Bat: 0%</description>
      <styleUrl>#pointStyle</styleUrl>
      <Point><coordinates>-72.64817767,2.560873667,0</coordinates></Point>
    </Placemark>
    <Placemark>
      <n>#838 HERMES-01</n>
      <description>12/07/2026 03:38:18 | Estado: NUEVA UBICACION | Bat: 0%</description>
      <styleUrl>#pointStyle</styleUrl>
      <Point><coordinates>-72.64816017,2.560873333,0</coordinates></Point>
    </Placemark>
    <Placemark>
      <n>#839 HERMES-01</n>
      <description>12/07/2026 03:48:34 | Estado: NUEVA UBICACION | Bat: 0%</description>
      <styleUrl>#pointStyle</styleUrl>
      <Point><coordinates>-72.648156,2.5608505,0</coordinates></Point>
    </Placemark>
    <Placemark>
      <n>#840 HERMES-01</n>
      <description>12/07/2026 03:58:50 | Estado: NUEVA UBICACION | Bat: 0%</description>
      <styleUrl>#pointStyle</styleUrl>
      <Point><coordinates>-72.6481455,2.560855167,0</coordinates></Point>
    </Placemark>
    <Placemark>
      <n>#841 HERMES-01</n>
      <description>12/07/2026 04:09:05 | Estado: NUEVA UBICACION | Bat: 0%</description>
      <styleUrl>#pointStyle</styleUrl>
      <Point><coordinates>-72.64815867,2.560858667,0</coordinates></Point>
    </Placemark>
    <Placemark>
      <n>#842 HERMES-01</n>
      <description>12/07/2026 04:19:20 | Estado: NUEVA UBICACION | Bat: 0%</description>
      <styleUrl>#pointStyle</styleUrl>
      <Point><coordinates>-72.6482075,2.560867833,0</coordinates></Point>
    </Placemark>
    <Placemark>
      <n>#843 HERMES-01</n>
      <description>12/07/2026 04:29:35 | Estado: NUEVA UBICACION | Bat: 0%</description>
      <styleUrl>#pointStyle</styleUrl>
      <Point><coordinates>-72.6481935,2.560881167,0</coordinates></Point>
    </Placemark>
    <Placemark>
      <n>#844 HERMES-01</n>
      <description>12/07/2026 04:39:50 | Estado: NUEVA UBICACION | Bat: 0%</description>
      <styleUrl>#pointStyle</styleUrl>
      <Point><coordinates>-72.64816733,2.560807833,0</coordinates></Point>
    </Placemark>
    <Placemark>
      <n>#845 HERMES-01</n>
      <description>12/07/2026 04:50:06 | Estado: NUEVA UBICACION | Bat: 0%</description>
      <styleUrl>#pointStyle</styleUrl>
      <Point><coordinates>-72.64815133,2.560916667,0</coordinates></Point>
    </Placemark>
    <Placemark>
      <n>#846 HERMES-01</n>
      <description>12/07/2026 05:00:22 | Estado: NUEVA UBICACION | Bat: 0%</description>
      <styleUrl>#pointStyle</styleUrl>
      <Point><coordinates>-72.64816117,2.5608525,0</coordinates></Point>
    </Placemark>
    <Placemark>
      <n>#847 HERMES-01</n>
      <description>12/07/2026 05:10:40 | Estado: NUEVA UBICACION | Bat: 0%</description>
      <styleUrl>#pointStyle</styleUrl>
      <Point><coordinates>-72.648186,2.5608655,0</coordinates></Point>
    </Placemark>
    <Placemark>
      <n>#848 HERMES-01</n>
      <description>12/07/2026 05:20:55 | Estado: NUEVA UBICACION | Bat: 0%</description>
      <styleUrl>#pointStyle</styleUrl>
      <Point><coordinates>-72.64813467,2.560823667,0</coordinates></Point>
    </Placemark>
    <Placemark>
      <n>#849 HERMES-01</n>
      <description>12/07/2026 05:31:11 | Estado: NUEVA UBICACION | Bat: 0%</description>
      <styleUrl>#pointStyle</styleUrl>
      <Point><coordinates>-72.64816283,2.560853167,0</coordinates></Point>
    </Placemark>
    <Placemark>
      <n>#850 HERMES-01</n>
      <description>12/07/2026 05:41:29 | Estado: NUEVA UBICACION | Bat: 0%</description>
      <styleUrl>#pointStyle</styleUrl>
      <Point><coordinates>-72.648162,2.560821667,0</coordinates></Point>
    </Placemark>
    <Placemark>
      <n>#851 HERMES-01</n>
      <description>12/07/2026 05:51:45 | Estado: NUEVA UBICACION | Bat: 0%</description>
      <styleUrl>#pointStyle</styleUrl>
      <Point><coordinates>-72.64813,2.56078,0</coordinates></Point>
    </Placemark>
    <Placemark>
      <n>#852 HERMES-01</n>
      <description>12/07/2026 06:02:01 | Estado: NUEVA UBICACION | Bat: 0%</description>
      <styleUrl>#pointStyle</styleUrl>
      <Point><coordinates>-72.6481775,2.560833167,0</coordinates></Point>
    </Placemark>
    <Placemark>
      <n>#853 HERMES-01</n>
      <description> No disponible | Estado: NUEVA UBICACION | Bat: 0%</description>
      <styleUrl>#pointStyle</styleUrl>
      <Point><coordinates>-72.64817617,2.560853667,0</coordinates></Point>
    </Placemark>
    <Placemark>
      <n>#854 HERMES-01</n>
      <description>12/07/2026 06:22:30 | Estado: NUEVA UBICACION | Bat: 0%</description>
      <styleUrl>#pointStyle</styleUrl>
      <Point><coordinates>-72.64815967,2.560839,0</coordinates></Point>
    </Placemark>
    <Placemark>
      <n>#855 HERMES-01</n>
      <description>12/07/2026 06:32:48 | Estado: NUEVA UBICACION | Bat: 0%</description>
      <styleUrl>#pointStyle</styleUrl>
      <Point><coordinates>-72.64811467,2.5608695,0</coordinates></Point>
    </Placemark>
    <Placemark>
      <n>#856 HERMES-01</n>
      <description>12/07/2026 06:43:04 | Estado: NUEVA UBICACION | Bat: 0%</description>
      <styleUrl>#pointStyle</styleUrl>
      <Point><coordinates>-72.648147,2.5608505,0</coordinates></Point>
    </Placemark>
    <Placemark>
      <n>#857 HERMES-01</n>
      <description>12/07/2026 06:53:19 | Estado: NUEVA UBICACION | Bat: 0%</description>
      <styleUrl>#pointStyle</styleUrl>
      <Point><coordinates>-72.64815317,2.560845333,0</coordinates></Point>
    </Placemark>
    <Placemark>
      <n>#858 HERMES-01</n>
      <description>12/07/2026 07:03:34 | Estado: NUEVA UBICACION | Bat: 0%</description>
      <styleUrl>#pointStyle</styleUrl>
      <Point><coordinates>-72.64817,2.560988,0</coordinates></Point>
    </Placemark>
    <Placemark>
      <n>#859 HERMES-01</n>
      <description>12/07/2026 07:13:50 | Estado: NUEVA UBICACION | Bat: 0%</description>
      <styleUrl>#pointStyle</styleUrl>
      <Point><coordinates>-72.64813967,2.560870833,0</coordinates></Point>
    </Placemark>
    <Placemark>
      <n>#860 HERMES-01</n>
      <description>12/07/2026 07:24:05 | Estado: NUEVA UBICACION | Bat: 0%</description>
      <styleUrl>#pointStyle</styleUrl>
      <Point><coordinates>-72.64818633,2.560870667,0</coordinates></Point>
    </Placemark>
    <Placemark>
      <n>#861 HERMES-01</n>
      <description> No disponible | Estado: NUEVA UBICACION | Bat: 0%</description>
      <styleUrl>#pointStyle</styleUrl>
      <Point><coordinates>-72.64816933,2.560891167,0</coordinates></Point>
    </Placemark>
    <Placemark>
      <n>#862 HERMES-01</n>
      <description>12/07/2026 07:44:37 | Estado: NUEVA UBICACION | Bat: 0%</description>
      <styleUrl>#pointStyle</styleUrl>
      <Point><coordinates>-72.64816333,2.560888,0</coordinates></Point>
    </Placemark>
    <Placemark>
      <n>#863 HERMES-01</n>
      <description>12/07/2026 07:54:52 | Estado: NUEVA UBICACION | Bat: 0%</description>
      <styleUrl>#pointStyle</styleUrl>
      <Point><coordinates>-72.64816983,2.560879833,0</coordinates></Point>
    </Placemark>
    <Placemark>
      <n>#864 HERMES-01</n>
      <description>12/07/2026 08:05:06 | Estado: NUEVA UBICACION | Bat: 0%</description>
      <styleUrl>#pointStyle</styleUrl>
      <Point><coordinates>-72.64814683,2.560880833,0</coordinates></Point>
    </Placemark>
    <Placemark>
      <n>#865 HERMES-01</n>
      <description>12/07/2026 08:15:23 | Estado: NUEVA UBICACION | Bat: 0%</description>
      <styleUrl>#pointStyle</styleUrl>
      <Point><coordinates>-72.64815,2.560846833,0</coordinates></Point>
    </Placemark>
    <Placemark>
      <n>#866 HERMES-01</n>
      <description>12/07/2026 08:25:38 | Estado: NUEVA UBICACION | Bat: 0%</description>
      <styleUrl>#pointStyle</styleUrl>
      <Point><coordinates>-72.6481365,2.560871833,0</coordinates></Point>
    </Placemark>
    <Placemark>
      <n>#867 HERMES-01</n>
      <description>12/07/2026 08:35:51 | Estado: NUEVA UBICACION | Bat: 0%</description>
      <styleUrl>#pointStyle</styleUrl>
      <Point><coordinates>-72.64817483,2.5608565,0</coordinates></Point>
    </Placemark>
    <Placemark>
      <n>#868 HERMES-01</n>
      <description> No disponible | Estado: NUEVA UBICACION | Bat: 0%</description>
      <styleUrl>#pointStyle</styleUrl>
      <Point><coordinates>-72.6481815,2.5608525,0</coordinates></Point>
    </Placemark>
    <Placemark>
      <n>#869 HERMES-01</n>
      <description>12/07/2026 08:56:23 | Estado: NUEVA UBICACION | Bat: 0%</description>
      <styleUrl>#pointStyle</styleUrl>
      <Point><coordinates>-72.64815167,2.560863167,0</coordinates></Point>
    </Placemark>
    <Placemark>
      <n>#870 HERMES-01</n>
      <description>12/07/2026 09:06:48 | Estado: NUEVA UBICACION | Bat: 0%</description>
      <styleUrl>#pointStyle</styleUrl>
      <Point><coordinates>-72.6481805,2.560872333,0</coordinates></Point>
    </Placemark>
    <Placemark>
      <n>#871 HERMES-01</n>
      <description> No disponible | Estado: NUEVA UBICACION | Bat: 0%</description>
      <styleUrl>#pointStyle</styleUrl>
      <Point><coordinates>-72.64821417,2.560822833,0</coordinates></Point>
    </Placemark>
    <Placemark>
      <n>#872 HERMES-01</n>
      <description>12/07/2026 09:27:19 | Estado: NUEVA UBICACION | Bat: 0%</description>
      <styleUrl>#pointStyle</styleUrl>
      <Point><coordinates>-72.64816617,2.5608625,0</coordinates></Point>
    </Placemark>
    <Placemark>
      <n>#873 HERMES-01</n>
      <description> No disponible | Estado: NUEVA UBICACION | Bat: 0%</description>
      <styleUrl>#pointStyle</styleUrl>
      <Point><coordinates>-72.64816167,2.560832167,0</coordinates></Point>
    </Placemark>
    <Placemark>
      <n>#874 HERMES-01</n>
      <description>12/07/2026 09:47:50 | Estado: NUEVA UBICACION | Bat: 0%</description>
      <styleUrl>#pointStyle</styleUrl>
      <Point><coordinates>-72.648158,2.560876333,0</coordinates></Point>
    </Placemark>
    <Placemark>
      <n>#875 HERMES-01</n>
      <description>12/07/2026 09:58:06 | Estado: NUEVA UBICACION | Bat: 0%</description>
      <styleUrl>#pointStyle</styleUrl>
      <Point><coordinates>-72.64816283,2.560857,0</coordinates></Point>
    </Placemark>
    <Placemark>
      <n>#876 HERMES-01</n>
      <description>12/07/2026 10:08:21 | Estado: NUEVA UBICACION | Bat: 0%</description>
      <styleUrl>#pointStyle</styleUrl>
      <Point><coordinates>-72.64810883,2.560815333,0</coordinates></Point>
    </Placemark>
    <Placemark>
      <n>#877 HERMES-01</n>
      <description>12/07/2026 10:18:39 | Estado: NUEVA UBICACION | Bat: 0%</description>
      <styleUrl>#pointStyle</styleUrl>
      <Point><coordinates>-72.64803483,2.560742333,0</coordinates></Point>
    </Placemark>
    <Placemark>
      <n>#878 HERMES-01</n>
      <description>12/07/2026 10:29:06 | Estado: NUEVA UBICACION | Bat: 0%</description>
      <styleUrl>#pointStyle</styleUrl>
      <Point><coordinates>-72.64815133,2.560903833,0</coordinates></Point>
    </Placemark>
    <Placemark>
      <n>#879 HERMES-01</n>
      <description> No disponible | Estado: NUEVA UBICACION | Bat: 0%</description>
      <styleUrl>#pointStyle</styleUrl>
      <Point><coordinates>-72.648153,2.5608615,0</coordinates></Point>
    </Placemark>
    <Placemark>
      <n>#880 HERMES-01</n>
      <description>12/07/2026 10:49:51 | Estado: NUEVA UBICACION | Bat: 0%</description>
      <styleUrl>#pointStyle</styleUrl>
      <Point><coordinates>-72.64813167,2.5606975,0</coordinates></Point>
    </Placemark>
    <Placemark>
      <n>#881 HERMES-01</n>
      <description> No disponible | Estado: NUEVA UBICACION | Bat: 0%</description>
      <styleUrl>#pointStyle</styleUrl>
      <Point><coordinates>-72.6481195,2.560744667,0</coordinates></Point>
    </Placemark>
    <Placemark>
      <n>#882 HERMES-01</n>
      <description>12/07/2026 11:10:22 | Estado: NUEVA UBICACION | Bat: 0%</description>
      <styleUrl>#pointStyle</styleUrl>
      <Point><coordinates>-72.64816967,2.560865333,0</coordinates></Point>
    </Placemark>
    <Placemark>
      <n>#883 HERMES-01</n>
      <description>12/07/2026 11:20:38 | Estado: NUEVA UBICACION | Bat: 0%</description>
      <styleUrl>#pointStyle</styleUrl>
      <Point><coordinates>-72.64820883,2.5608855,0</coordinates></Point>
    </Placemark>
    <Placemark>
      <n>#884 HERMES-01</n>
      <description>12/07/2026 11:30:54 | Estado: NUEVA UBICACION | Bat: 0%</description>
      <styleUrl>#pointStyle</styleUrl>
      <Point><coordinates>-72.64817133,2.560835833,0</coordinates></Point>
    </Placemark>
    <Placemark>
      <n>#885 HERMES-01</n>
      <description>12/07/2026 11:41:11 | Estado: NUEVA UBICACION | Bat: 0%</description>
      <styleUrl>#pointStyle</styleUrl>
      <Point><coordinates>-72.64814033,2.560834,0</coordinates></Point>
    </Placemark>
    <Placemark>
      <n>#886 HERMES-01</n>
      <description>12/07/2026 11:51:24 | Estado: NUEVA UBICACION | Bat: 0%</description>
      <styleUrl>#pointStyle</styleUrl>
      <Point><coordinates>-72.64808317,2.560856167,0</coordinates></Point>
    </Placemark>
    <Placemark>
      <n>#887 HERMES-01</n>
      <description>12/07/2026 12:01:41 | Estado: NUEVA UBICACION | Bat: 0%</description>
      <styleUrl>#pointStyle</styleUrl>
      <Point><coordinates>-72.64813817,2.560855833,0</coordinates></Point>
    </Placemark>
    <Placemark>
      <n>#888 HERMES-01</n>
      <description>12/07/2026 12:11:57 | Estado: NUEVA UBICACION | Bat: 0%</description>
      <styleUrl>#pointStyle</styleUrl>
      <Point><coordinates>-72.6482225,2.560825333,0</coordinates></Point>
    </Placemark>
    <Placemark>
      <n>#889 HERMES-01</n>
      <description>12/07/2026 12:22:14 | Estado: NUEVA UBICACION | Bat: 0%</description>
      <styleUrl>#pointStyle</styleUrl>
      <Point><coordinates>-72.64814717,2.5608425,0</coordinates></Point>
    </Placemark>
    <Placemark>
      <n>#890 HERMES-01</n>
      <description>12/07/2026 12:32:30 | Estado: NUEVA UBICACION | Bat: 0%</description>
      <styleUrl>#pointStyle</styleUrl>
      <Point><coordinates>-72.64815767,2.560840833,0</coordinates></Point>
    </Placemark>
    <Placemark>
      <n>#891 HERMES-01</n>
      <description>12/07/2026 12:42:48 | Estado: NUEVA UBICACION | Bat: 0%</description>
      <styleUrl>#pointStyle</styleUrl>
      <Point><coordinates>-72.6481535,2.560863167,0</coordinates></Point>
    </Placemark>
    <Placemark>
      <n>#892 HERMES-01</n>
      <description>12/07/2026 13:04:17 | Estado: NUEVA UBICACION | Bat: 0%</description>
      <styleUrl>#pointStyle</styleUrl>
      <Point><coordinates>-72.64813267,2.560862,0</coordinates></Point>
    </Placemark>
    <Placemark>
      <n>#893 HERMES-01</n>
      <description>12/07/2026 13:14:32 | Estado: NUEVA UBICACION | Bat: 0%</description>
      <styleUrl>#pointStyle</styleUrl>
      <Point><coordinates>-72.648163,2.560856333,0</coordinates></Point>
    </Placemark>
    <Placemark>
      <n>#894 HERMES-01</n>
      <description> No disponible | Estado: NUEVA UBICACION | Bat: 0%</description>
      <styleUrl>#pointStyle</styleUrl>
      <Point><coordinates>-72.64816817,2.560898167,0</coordinates></Point>
    </Placemark>
    <Placemark>
      <n>#895 HERMES-01</n>
      <description>12/07/2026 13:35:06 | Estado: NUEVA UBICACION | Bat: 0%</description>
      <styleUrl>#pointStyle</styleUrl>
      <Point><coordinates>-72.64817567,2.560833167,0</coordinates></Point>
    </Placemark>
    <Placemark>
      <n>#896 HERMES-01</n>
      <description>12/07/2026 13:45:19 | Estado: NUEVA UBICACION | Bat: 0%</description>
      <styleUrl>#pointStyle</styleUrl>
      <Point><coordinates>-72.64819817,2.5608775,0</coordinates></Point>
    </Placemark>
    <Placemark>
      <n>#897 HERMES-01</n>
      <description>12/07/2026 13:55:37 | Estado: NUEVA UBICACION | Bat: 0%</description>
      <styleUrl>#pointStyle</styleUrl>
      <Point><coordinates>-72.64817833,2.560857667,0</coordinates></Point>
    </Placemark>
    <Placemark>
      <n>#898 HERMES-01</n>
      <description>12/07/2026 14:16:20 | Estado: NUEVA UBICACION | Bat: 0%</description>
      <styleUrl>#pointStyle</styleUrl>
      <Point><coordinates>-72.6482015,2.560831333,0</coordinates></Point>
    </Placemark>
    <Placemark>
      <n>#899 HERMES-01</n>
      <description> No disponible | Estado: NUEVA UBICACION | Bat: 0%</description>
      <styleUrl>#pointStyle</styleUrl>
      <Point><coordinates>-72.6481475,2.560853333,0</coordinates></Point>
    </Placemark>
    <Placemark>
      <n>#900 HERMES-01</n>
      <description>12/07/2026 14:37:02 | Estado: NUEVA UBICACION | Bat: 0%</description>
      <styleUrl>#pointStyle</styleUrl>
      <Point><coordinates>-72.648178,2.5608575,0</coordinates></Point>
    </Placemark>
    <Placemark>
      <n>#901 HERMES-01</n>
      <description>12/07/2026 14:47:16 | Estado: NUEVA UBICACION | Bat: 0%</description>
      <styleUrl>#pointStyle</styleUrl>
      <Point><coordinates>-72.64820633,2.560821167,0</coordinates></Point>
    </Placemark>
    <Placemark>
      <n>#902 HERMES-01</n>
      <description>12/07/2026 14:57:32 | Estado: NUEVA UBICACION | Bat: 0%</description>
      <styleUrl>#pointStyle</styleUrl>
      <Point><coordinates>-72.64812567,2.560876333,0</coordinates></Point>
    </Placemark>
    <Placemark>
      <n>#903 HERMES-01</n>
      <description>12/07/2026 15:07:50 | Estado: NUEVA UBICACION | Bat: 0%</description>
      <styleUrl>#pointStyle</styleUrl>
      <Point><coordinates>-72.64814367,2.560844,0</coordinates></Point>
    </Placemark>
    <Placemark>
      <n>#904 HERMES-01</n>
      <description>12/07/2026 15:18:05 | Estado: NUEVA UBICACION | Bat: 0%</description>
      <styleUrl>#pointStyle</styleUrl>
      <Point><coordinates>-72.64814217,2.5609355,0</coordinates></Point>
    </Placemark>
    <Placemark>
      <n>#905 HERMES-01</n>
      <description>12/07/2026 15:28:23 | Estado: NUEVA UBICACION | Bat: 0%</description>
      <styleUrl>#pointStyle</styleUrl>
      <Point><coordinates>-72.6481925,2.5608615,0</coordinates></Point>
    </Placemark>
    <Placemark>
      <n>#906 HERMES-01</n>
      <description> No disponible | Estado: NUEVA UBICACION | Bat: 0%</description>
      <styleUrl>#pointStyle</styleUrl>
      <Point><coordinates>-72.64815567,2.560895833,0</coordinates></Point>
    </Placemark>
    <Placemark>
      <n>#907 HERMES-01</n>
      <description>12/07/2026 15:48:56 | Estado: NUEVA UBICACION | Bat: 0%</description>
      <styleUrl>#pointStyle</styleUrl>
      <Point><coordinates>-72.648138,2.560844667,0</coordinates></Point>
    </Placemark>
    <Placemark>
      <n>#908 HERMES-01</n>
      <description>12/07/2026 15:59:10 | Estado: NUEVA UBICACION | Bat: 0%</description>
      <styleUrl>#pointStyle</styleUrl>
      <Point><coordinates>-72.648142,2.560850167,0</coordinates></Point>
    </Placemark>
    <Placemark>
      <n>#909 HERMES-01</n>
      <description>12/07/2026 16:09:24 | Estado: NUEVA UBICACION | Bat: 0%</description>
      <styleUrl>#pointStyle</styleUrl>
      <Point><coordinates>-72.64815767,2.560851,0</coordinates></Point>
    </Placemark>
    <Placemark>
      <n>#910 HERMES-01</n>
      <description> No disponible | Estado: NUEVA UBICACION | Bat: 0%</description>
      <styleUrl>#pointStyle</styleUrl>
      <Point><coordinates>-72.64814917,2.560848167,0</coordinates></Point>
    </Placemark>
    <Placemark>
      <n>#911 HERMES-01</n>
      <description> No disponible | Estado: NUEVA UBICACION | Bat: 0%</description>
      <styleUrl>#pointStyle</styleUrl>
      <Point><coordinates>-72.64813933,2.560873167,0</coordinates></Point>
    </Placemark>
    <Placemark>
      <n>#912 HERMES-01</n>
      <description>12/07/2026 17:01:16 | Estado: NUEVA UBICACION | Bat: 0%</description>
      <styleUrl>#pointStyle</styleUrl>
      <Point><coordinates>-72.64815383,2.560856833,0</coordinates></Point>
    </Placemark>
    <Placemark>
      <n>#913 HERMES-01</n>
      <description>12/07/2026 17:11:31 | Estado: NUEVA UBICACION | Bat: 0%</description>
      <styleUrl>#pointStyle</styleUrl>
      <Point><coordinates>-72.648152,2.560871833,0</coordinates></Point>
    </Placemark>
    <Placemark>
      <n>#914 HERMES-01</n>
      <description>12/07/2026 17:21:48 | Estado: NUEVA UBICACION | Bat: 0%</description>
      <styleUrl>#pointStyle</styleUrl>
      <Point><coordinates>-72.64815633,2.560875333,0</coordinates></Point>
    </Placemark>
    <Placemark>
      <n>#915 HERMES-01</n>
      <description>12/07/2026 17:32:16 | Estado: NUEVA UBICACION | Bat: 0%</description>
      <styleUrl>#pointStyle</styleUrl>
      <Point><coordinates>-72.648158,2.560862833,0</coordinates></Point>
    </Placemark>
    <Placemark>
      <n>#916 HERMES-01</n>
      <description> No disponible | Estado: NUEVA UBICACION | Bat: 0%</description>
      <styleUrl>#pointStyle</styleUrl>
      <Point><coordinates>-72.648159,2.560855833,0</coordinates></Point>
    </Placemark>
    <Placemark>
      <n>#917 HERMES-01</n>
      <description>12/07/2026 17:52:43 | Estado: NUEVA UBICACION | Bat: 0%</description>
      <styleUrl>#pointStyle</styleUrl>
      <Point><coordinates>-72.6481555,2.560845,0</coordinates></Point>
    </Placemark>
    <Placemark>
      <n>#918 HERMES-01</n>
      <description>12/07/2026 18:02:57 | Estado: NUEVA UBICACION | Bat: 0%</description>
      <styleUrl>#pointStyle</styleUrl>
      <Point><coordinates>-72.64813417,2.560838,0</coordinates></Point>
    </Placemark>
    <Placemark>
      <n>#919 HERMES-01</n>
      <description>12/07/2026 18:13:14 | Estado: NUEVA UBICACION | Bat: 0%</description>
      <styleUrl>#pointStyle</styleUrl>
      <Point><coordinates>-72.6481585,2.560874667,0</coordinates></Point>
    </Placemark>
    <Placemark>
      <n>#920 HERMES-01</n>
      <description>12/07/2026 18:23:46 | Estado: NUEVA UBICACION | Bat: 0%</description>
      <styleUrl>#pointStyle</styleUrl>
      <Point><coordinates>-72.64815617,2.5608795,0</coordinates></Point>
    </Placemark>
    <Placemark>
      <n>#921 HERMES-01</n>
      <description> No disponible | Estado: NUEVA UBICACION | Bat: 0%</description>
      <styleUrl>#pointStyle</styleUrl>
      <Point><coordinates>-72.64813083,2.560860833,0</coordinates></Point>
    </Placemark>
    <Placemark>
      <n>#922 HERMES-01</n>
      <description>12/07/2026 18:44:15 | Estado: NUEVA UBICACION | Bat: 0%</description>
      <styleUrl>#pointStyle</styleUrl>
      <Point><coordinates>-72.64825617,2.5608625,0</coordinates></Point>
    </Placemark>
    <Placemark>
      <n>#923 HERMES-01</n>
      <description> No disponible | Estado: NUEVA UBICACION | Bat: 0%</description>
      <styleUrl>#pointStyle</styleUrl>
      <Point><coordinates>-72.64812367,2.560860667,0</coordinates></Point>
    </Placemark>
    <Placemark>
      <n>#924 HERMES-01</n>
      <description>12/07/2026 19:03:38 | Estado: NUEVA UBICACION | Bat: 0%</description>
      <styleUrl>#pointStyle</styleUrl>
      <Point><coordinates>-72.6481535,2.560852167,0</coordinates></Point>
    </Placemark>
    <Placemark>
      <n>#925 HERMES-01</n>
      <description>12/07/2026 19:13:54 | Estado: NUEVA UBICACION | Bat: 0%</description>
      <styleUrl>#pointStyle</styleUrl>
      <Point><coordinates>-72.64814217,2.560843167,0</coordinates></Point>
    </Placemark>
    <Placemark>
      <n>#926 HERMES-01</n>
      <description>12/07/2026 19:24:09 | Estado: NUEVA UBICACION | Bat: 0%</description>
      <styleUrl>#pointStyle</styleUrl>
      <Point><coordinates>-72.64819817,2.560884833,0</coordinates></Point>
    </Placemark>
    <Placemark>
      <n>#927 HERMES-01</n>
      <description>12/07/2026 19:34:28 | Estado: NUEVA UBICACION | Bat: 0%</description>
      <styleUrl>#pointStyle</styleUrl>
      <Point><coordinates>-72.648187,2.560850667,0</coordinates></Point>
    </Placemark>
    <Placemark>
      <n>#928 HERMES-01</n>
      <description>12/07/2026 19:44:43 | Estado: NUEVA UBICACION | Bat: 0%</description>
      <styleUrl>#pointStyle</styleUrl>
      <Point><coordinates>-72.64817367,2.560867667,0</coordinates></Point>
    </Placemark>
    <Placemark>
      <n>#929 HERMES-01</n>
      <description>12/07/2026 20:05:12 | Estado: NUEVA UBICACION | Bat: 0%</description>
      <styleUrl>#pointStyle</styleUrl>
      <Point><coordinates>-72.64813683,2.560855167,0</coordinates></Point>
    </Placemark>
    <Placemark>
      <n>#930 HERMES-01</n>
      <description>12/07/2026 20:15:31 | Estado: NUEVA UBICACION | Bat: 0%</description>
      <styleUrl>#pointStyle</styleUrl>
      <Point><coordinates>-72.64822617,2.560860167,0</coordinates></Point>
    </Placemark>
    <Placemark>
      <n>#931 HERMES-01</n>
      <description>12/07/2026 20:25:49 | Estado: NUEVA UBICACION | Bat: 0%</description>
      <styleUrl>#pointStyle</styleUrl>
      <Point><coordinates>-72.648148,2.5608595,0</coordinates></Point>
    </Placemark>
    <Placemark>
      <n>#932 HERMES-01</n>
      <description>12/07/2026 20:36:44 | Estado: NUEVA UBICACION | Bat: 0%</description>
      <styleUrl>#pointStyle</styleUrl>
      <Point><coordinates>-72.64813167,2.560845167,0</coordinates></Point>
    </Placemark>
    <Placemark>
      <n>#933 HERMES-01</n>
      <description>12/07/2026 20:47:00 | Estado: NUEVA UBICACION | Bat: 0%</description>
      <styleUrl>#pointStyle</styleUrl>
      <Point><coordinates>-72.648155,2.560828667,0</coordinates></Point>
    </Placemark>
    <Placemark>
      <n>#934 HERMES-01</n>
      <description> No disponible | Estado: NUEVA UBICACION | Bat: 0%</description>
      <styleUrl>#pointStyle</styleUrl>
      <Point><coordinates>-72.6481225,2.560458333,0</coordinates></Point>
    </Placemark>
    <Placemark>
      <n>#935 HERMES-01</n>
      <description>12/07/2026 21:07:30 | Estado: NUEVA UBICACION | Bat: 0%</description>
      <styleUrl>#pointStyle</styleUrl>
      <Point><coordinates>-72.6481425,2.560850667,0</coordinates></Point>
    </Placemark>
    <Placemark>
      <n>#936 HERMES-01</n>
      <description> No disponible | Estado: NUEVA UBICACION | Bat: 0%</description>
      <styleUrl>#pointStyle</styleUrl>
      <Point><coordinates>-72.6481645,2.560842167,0</coordinates></Point>
    </Placemark>
    <Placemark>
      <n>#937 HERMES-01</n>
      <description>12/07/2026 21:28:02 | Estado: NUEVA UBICACION | Bat: 0%</description>
      <styleUrl>#pointStyle</styleUrl>
      <Point><coordinates>-72.64808083,2.560889,0</coordinates></Point>
    </Placemark>
    <Placemark>
      <n>#938 HERMES-01</n>
      <description>12/07/2026 21:38:17 | Estado: NUEVA UBICACION | Bat: 0%</description>
      <styleUrl>#pointStyle</styleUrl>
      <Point><coordinates>-72.64816283,2.5608215,0</coordinates></Point>
    </Placemark>
    <Placemark>
      <n>#939 HERMES-01</n>
      <description>12/07/2026 21:48:32 | Estado: NUEVA UBICACION | Bat: 0%</description>
      <styleUrl>#pointStyle</styleUrl>
      <Point><coordinates>-72.64809983,2.560885833,0</coordinates></Point>
    </Placemark>
    <Placemark>
      <n>#940 HERMES-01</n>
      <description>12/07/2026 22:19:22 | Estado: NUEVA UBICACION | Bat: 0%</description>
      <styleUrl>#pointStyle</styleUrl>
      <Point><coordinates>-72.64811883,2.560830333,0</coordinates></Point>
    </Placemark>
    <Placemark>
      <n>#941 HERMES-01</n>
      <description>12/07/2026 22:29:39 | Estado: NUEVA UBICACION | Bat: 0%</description>
      <styleUrl>#pointStyle</styleUrl>
      <Point><coordinates>-72.648217,2.560882667,0</coordinates></Point>
    </Placemark>
    <Placemark>
      <n>#942 HERMES-01</n>
      <description>12/07/2026 22:39:56 | Estado: NUEVA UBICACION | Bat: 0%</description>
      <styleUrl>#pointStyle</styleUrl>
      <Point><coordinates>-72.64812967,2.56086,0</coordinates></Point>
    </Placemark>
    <Placemark>
      <n>#943 HERMES-01</n>
      <description> No disponible | Estado: NUEVA UBICACION | Bat: 0%</description>
      <styleUrl>#pointStyle</styleUrl>
      <Point><coordinates>-72.64818917,2.560868667,0</coordinates></Point>
    </Placemark>
    <Placemark>
      <n>#944 HERMES-01</n>
      <description>12/07/2026 22:50:13 | Estado: NUEVA UBICACION | Bat: 0%</description>
      <styleUrl>#pointStyle</styleUrl>
      <Point><coordinates>-72.64816233,2.560871,0</coordinates></Point>
    </Placemark>
    <Placemark>
      <n>#945 HERMES-01</n>
      <description>12/07/2026 23:00:37 | Estado: NUEVA UBICACION | Bat: 0%</description>
      <styleUrl>#pointStyle</styleUrl>
      <Point><coordinates>-72.64817033,2.560877667,0</coordinates></Point>
    </Placemark>
    <Placemark>
      <n>#946 HERMES-01</n>
      <description>12/07/2026 23:10:51 | Estado: NUEVA UBICACION | Bat: 0%</description>
      <styleUrl>#pointStyle</styleUrl>
      <Point><coordinates>-72.64815233,2.560873833,0</coordinates></Point>
    </Placemark>
    <Placemark>
      <n>#947 HERMES-01</n>
      <description>12/07/2026 23:21:07 | Estado: NUEVA UBICACION | Bat: 0%</description>
      <styleUrl>#pointStyle</styleUrl>
      <Point><coordinates>-72.648166,2.560826333,0</coordinates></Point>
    </Placemark>
    <Placemark>
      <n>#948 HERMES-01</n>
      <description> No disponible | Estado: NUEVA UBICACION | Bat: 0%</description>
      <styleUrl>#pointStyle</styleUrl>
      <Point><coordinates>-72.64815333,2.560867833,0</coordinates></Point>
    </Placemark>
    <Placemark>
      <n>#949 HERMES-01</n>
      <description>12/07/2026 23:41:40 | Estado: NUEVA UBICACION | Bat: 0%</description>
      <styleUrl>#pointStyle</styleUrl>
      <Point><coordinates>-72.648044,2.560866833,0</coordinates></Point>
    </Placemark>
    <Placemark>
      <n>#950 HERMES-01</n>
      <description>12/07/2026 23:51:56 | Estado: NUEVA UBICACION | Bat: 0%</description>
      <styleUrl>#pointStyle</styleUrl>
      <Point><coordinates>-72.64818067,2.5607805,0</coordinates></Point>
    </Placemark>
    <Placemark>
      <n>#951 HERMES-01</n>
      <description>13/07/2026 00:36:39 | Estado: NUEVA UBICACION | Bat: 0%</description>
      <styleUrl>#pointStyle</styleUrl>
      <Point><coordinates>-72.64814517,2.560904,0</coordinates></Point>
    </Placemark>
    <Placemark>
      <n>#952 HERMES-01</n>
      <description>13/07/2026 00:46:54 | Estado: NUEVA UBICACION | Bat: 0%</description>
      <styleUrl>#pointStyle</styleUrl>
      <Point><coordinates>-72.64815933,2.560858333,0</coordinates></Point>
    </Placemark>
    <Placemark>
      <n>#953 HERMES-01</n>
      <description>13/07/2026 00:57:07 | Estado: NUEVA UBICACION | Bat: 0%</description>
      <styleUrl>#pointStyle</styleUrl>
      <Point><coordinates>-72.64816717,2.560868667,0</coordinates></Point>
    </Placemark>
    <Placemark>
      <n>#954 HERMES-01</n>
      <description>13/07/2026 01:18:59 | Estado: NUEVA UBICACION | Bat: 0%</description>
      <styleUrl>#pointStyle</styleUrl>
      <Point><coordinates>-72.64815867,2.5608375,0</coordinates></Point>
    </Placemark>
    <Placemark>
      <n>#955 HERMES-01</n>
      <description>13/07/2026 01:29:26 | Estado: NUEVA UBICACION | Bat: 0%</description>
      <styleUrl>#pointStyle</styleUrl>
      <Point><coordinates>-72.64816833,2.560876667,0</coordinates></Point>
    </Placemark>
    <Placemark>
      <n>#956 HERMES-01</n>
      <description>13/07/2026 01:39:44 | Estado: NUEVA UBICACION | Bat: 0%</description>
      <styleUrl>#pointStyle</styleUrl>
      <Point><coordinates>-72.64815,2.560848,0</coordinates></Point>
    </Placemark>
    <Placemark>
      <n>#957 HERMES-01</n>
      <description> No disponible | Estado: NUEVA UBICACION | Bat: 0%</description>
      <styleUrl>#pointStyle</styleUrl>
      <Point><coordinates>-72.64816033,2.560865833,0</coordinates></Point>
    </Placemark>
    <Placemark>
      <n>#958 HERMES-01</n>
      <description>13/07/2026 02:00:16 | Estado: NUEVA UBICACION | Bat: 0%</description>
      <styleUrl>#pointStyle</styleUrl>
      <Point><coordinates>-72.64814517,2.560837333,0</coordinates></Point>
    </Placemark>
    <Placemark>
      <n>#959 HERMES-01</n>
      <description>13/07/2026 02:10:31 | Estado: NUEVA UBICACION | Bat: 0%</description>
      <styleUrl>#pointStyle</styleUrl>
      <Point><coordinates>-72.6481505,2.560879333,0</coordinates></Point>
    </Placemark>
    <Placemark>
      <n>#960 HERMES-01</n>
      <description>13/07/2026 02:20:48 | Estado: NUEVA UBICACION | Bat: 0%</description>
      <styleUrl>#pointStyle</styleUrl>
      <Point><coordinates>-72.64815133,2.560821333,0</coordinates></Point>
    </Placemark>
    <Placemark>
      <n>#961 HERMES-01</n>
      <description>13/07/2026 02:31:16 | Estado: NUEVA UBICACION | Bat: 0%</description>
      <styleUrl>#pointStyle</styleUrl>
      <Point><coordinates>-72.64808833,2.560790333,0</coordinates></Point>
    </Placemark>
    <Placemark>
      <n>#962 HERMES-01</n>
      <description>13/07/2026 02:41:30 | Estado: NUEVA UBICACION | Bat: 0%</description>
      <styleUrl>#pointStyle</styleUrl>
      <Point><coordinates>-72.64818883,2.560866833,0</coordinates></Point>
    </Placemark>
    <Placemark>
      <n>#963 HERMES-01</n>
      <description>13/07/2026 02:51:45 | Estado: NUEVA UBICACION | Bat: 0%</description>
      <styleUrl>#pointStyle</styleUrl>
      <Point><coordinates>-72.648149,2.560822667,0</coordinates></Point>
    </Placemark>
    <Placemark>
      <n>#964 HERMES-01</n>
      <description>13/07/2026 03:02:01 | Estado: NUEVA UBICACION | Bat: 0%</description>
      <styleUrl>#pointStyle</styleUrl>
      <Point><coordinates>-72.648166,2.5608925,0</coordinates></Point>
    </Placemark>
    <Placemark>
      <n>#965 HERMES-01</n>
      <description> No disponible | Estado: NUEVA UBICACION | Bat: 0%</description>
      <styleUrl>#pointStyle</styleUrl>
      <Point><coordinates>-72.64818083,2.560842667,0</coordinates></Point>
    </Placemark>
    <Placemark>
      <n>#966 HERMES-01</n>
      <description>13/07/2026 03:22:32 | Estado: NUEVA UBICACION | Bat: 0%</description>
      <styleUrl>#pointStyle</styleUrl>
      <Point><coordinates>-72.64817317,2.560870167,0</coordinates></Point>
    </Placemark>
    <Placemark>
      <n>#967 HERMES-01</n>
      <description>13/07/2026 03:32:57 | Estado: NUEVA UBICACION | Bat: 0%</description>
      <styleUrl>#pointStyle</styleUrl>
      <Point><coordinates>-72.6481565,2.5608745,0</coordinates></Point>
    </Placemark>
    <Placemark>
      <n>#968 HERMES-01</n>
      <description>13/07/2026 03:43:22 | Estado: NUEVA UBICACION | Bat: 0%</description>
      <styleUrl>#pointStyle</styleUrl>
      <Point><coordinates>-72.64815833,2.560859667,0</coordinates></Point>
    </Placemark>
    <Placemark>
      <n>#969 HERMES-01</n>
      <description>13/07/2026 03:53:37 | Estado: NUEVA UBICACION | Bat: 0%</description>
      <styleUrl>#pointStyle</styleUrl>
      <Point><coordinates>-72.6481475,2.560866833,0</coordinates></Point>
    </Placemark>
    <Placemark>
      <n>#970 HERMES-01</n>
      <description>13/07/2026 04:03:51 | Estado: NUEVA UBICACION | Bat: 0%</description>
      <styleUrl>#pointStyle</styleUrl>
      <Point><coordinates>-72.64817617,2.560842167,0</coordinates></Point>
    </Placemark>
    <Placemark>
      <n>#971 HERMES-01</n>
      <description>13/07/2026 04:14:07 | Estado: NUEVA UBICACION | Bat: 0%</description>
      <styleUrl>#pointStyle</styleUrl>
      <Point><coordinates>-72.64814683,2.560882667,0</coordinates></Point>
    </Placemark>
    <Placemark>
      <n>#972 HERMES-01</n>
      <description> No disponible | Estado: NUEVA UBICACION | Bat: 0%</description>
      <styleUrl>#pointStyle</styleUrl>
      <Point><coordinates>-72.64813583,2.560864667,0</coordinates></Point>
    </Placemark>
    <Placemark>
      <n>#973 HERMES-01</n>
      <description>13/07/2026 04:34:40 | Estado: NUEVA UBICACION | Bat: 0%</description>
      <styleUrl>#pointStyle</styleUrl>
      <Point><coordinates>-72.6481565,2.560853833,0</coordinates></Point>
    </Placemark>
    <Placemark>
      <n>#974 HERMES-01</n>
      <description>13/07/2026 04:44:56 | Estado: NUEVA UBICACION | Bat: 0%</description>
      <styleUrl>#pointStyle</styleUrl>
      <Point><coordinates>-72.64813783,2.5608455,0</coordinates></Point>
    </Placemark>
    <Placemark>
      <n>#975 HERMES-01</n>
      <description>13/07/2026 04:55:14 | Estado: NUEVA UBICACION | Bat: 0%</description>
      <styleUrl>#pointStyle</styleUrl>
      <Point><coordinates>-72.64817633,2.560850333,0</coordinates></Point>
    </Placemark>
    <Placemark>
      <n>#976 HERMES-01</n>
      <description>13/07/2026 05:05:29 | Estado: NUEVA UBICACION | Bat: 0%</description>
      <styleUrl>#pointStyle</styleUrl>
      <Point><coordinates>-72.6481705,2.560865833,0</coordinates></Point>
    </Placemark>
    <Placemark>
      <n>#977 HERMES-01</n>
      <description>13/07/2026 05:15:46 | Estado: NUEVA UBICACION | Bat: 0%</description>
      <styleUrl>#pointStyle</styleUrl>
      <Point><coordinates>-72.64814783,2.5608385,0</coordinates></Point>
    </Placemark>
    <Placemark>
      <n>#978 HERMES-01</n>
      <description>13/07/2026 05:26:01 | Estado: NUEVA UBICACION | Bat: 0%</description>
      <styleUrl>#pointStyle</styleUrl>
      <Point><coordinates>-72.6481645,2.560869167,0</coordinates></Point>
    </Placemark>
    <Placemark>
      <n>#979 HERMES-01</n>
      <description>13/07/2026 05:36:17 | Estado: NUEVA UBICACION | Bat: 0%</description>
      <styleUrl>#pointStyle</styleUrl>
      <Point><coordinates>-72.648188,2.560816167,0</coordinates></Point>
    </Placemark>
    <Placemark>
      <n>#980 HERMES-01</n>
      <description>13/07/2026 05:46:34 | Estado: NUEVA UBICACION | Bat: 0%</description>
      <styleUrl>#pointStyle</styleUrl>
      <Point><coordinates>-72.64816333,2.561036667,0</coordinates></Point>
    </Placemark>
    <Placemark>
      <n>#981 HERMES-01</n>
      <description>13/07/2026 05:56:49 | Estado: NUEVA UBICACION | Bat: 0%</description>
      <styleUrl>#pointStyle</styleUrl>
      <Point><coordinates>-72.6482175,2.560877,0</coordinates></Point>
    </Placemark>
    <Placemark>
      <n>#982 HERMES-01</n>
      <description>13/07/2026 06:07:05 | Estado: NUEVA UBICACION | Bat: 0%</description>
      <styleUrl>#pointStyle</styleUrl>
      <Point><coordinates>-72.64818567,2.560871833,0</coordinates></Point>
    </Placemark>
    <Placemark>
      <n>#983 HERMES-01</n>
      <description>13/07/2026 06:18:05 | Estado: NUEVA UBICACION | Bat: 0%</description>
      <styleUrl>#pointStyle</styleUrl>
      <Point><coordinates>-72.64815567,2.560856167,0</coordinates></Point>
    </Placemark>
    <Placemark>
      <n>#984 HERMES-01</n>
      <description>13/07/2026 06:28:20 | Estado: NUEVA UBICACION | Bat: 0%</description>
      <styleUrl>#pointStyle</styleUrl>
      <Point><coordinates>-72.64816183,2.560879833,0</coordinates></Point>
    </Placemark>
    <Placemark>
      <n>#985 HERMES-01</n>
      <description>13/07/2026 06:38:36 | Estado: NUEVA UBICACION | Bat: 0%</description>
      <styleUrl>#pointStyle</styleUrl>
      <Point><coordinates>-72.64817133,2.560876,0</coordinates></Point>
    </Placemark>
    <Placemark>
      <n>#986 HERMES-01</n>
      <description>13/07/2026 06:48:50 | Estado: NUEVA UBICACION | Bat: 0%</description>
      <styleUrl>#pointStyle</styleUrl>
      <Point><coordinates>-72.64817783,2.560876333,0</coordinates></Point>
    </Placemark>
    <Placemark>
      <n>#987 HERMES-01</n>
      <description> No disponible | Estado: NUEVA UBICACION | Bat: 0%</description>
      <styleUrl>#pointStyle</styleUrl>
      <Point><coordinates>-72.64816267,2.560877167,0</coordinates></Point>
    </Placemark>
    <Placemark>
      <n>#988 HERMES-01</n>
      <description>13/07/2026 07:09:21 | Estado: NUEVA UBICACION | Bat: 0%</description>
      <styleUrl>#pointStyle</styleUrl>
      <Point><coordinates>-72.64817633,2.560894833,0</coordinates></Point>
    </Placemark>
    <Placemark>
      <n>#989 HERMES-01</n>
      <description>13/07/2026 07:19:39 | Estado: NUEVA UBICACION | Bat: 0%</description>
      <styleUrl>#pointStyle</styleUrl>
      <Point><coordinates>-72.64818,2.560866833,0</coordinates></Point>
    </Placemark>
    <Placemark>
      <n>#990 HERMES-01</n>
      <description> No disponible | Estado: NUEVA UBICACION | Bat: 0%</description>
      <styleUrl>#pointStyle</styleUrl>
      <Point><coordinates>-72.64818717,2.560885667,0</coordinates></Point>
    </Placemark>
    <Placemark>
      <n>#991 HERMES-01</n>
      <description>13/07/2026 07:40:12 | Estado: NUEVA UBICACION | Bat: 0%</description>
      <styleUrl>#pointStyle</styleUrl>
      <Point><coordinates>-72.64819217,2.560847833,0</coordinates></Point>
    </Placemark>
    <Placemark>
      <n>#992 HERMES-01</n>
      <description>13/07/2026 07:50:28 | Estado: NUEVA UBICACION | Bat: 0%</description>
      <styleUrl>#pointStyle</styleUrl>
      <Point><coordinates>-72.6481655,2.560896,0</coordinates></Point>
    </Placemark>
    <Placemark>
      <n>#993 HERMES-01</n>
      <description> No disponible | Estado: NUEVA UBICACION | Bat: 0%</description>
      <styleUrl>#pointStyle</styleUrl>
      <Point><coordinates>-72.64814567,2.560872167,0</coordinates></Point>
    </Placemark>
    <Placemark>
      <n>#994 HERMES-01</n>
      <description>13/07/2026 08:11:00 | Estado: NUEVA UBICACION | Bat: 0%</description>
      <styleUrl>#pointStyle</styleUrl>
      <Point><coordinates>-72.64817017,2.560874333,0</coordinates></Point>
    </Placemark>
    <Placemark>
      <n>#995 HERMES-01</n>
      <description>13/07/2026 08:21:18 | Estado: NUEVA UBICACION | Bat: 0%</description>
      <styleUrl>#pointStyle</styleUrl>
      <Point><coordinates>-72.64816017,2.560837333,0</coordinates></Point>
    </Placemark>
    <Placemark>
      <n>#996 HERMES-01</n>
      <description>13/07/2026 08:31:32 | Estado: NUEVA UBICACION | Bat: 0%</description>
      <styleUrl>#pointStyle</styleUrl>
      <Point><coordinates>-72.6481695,2.560863333,0</coordinates></Point>
    </Placemark>
    <Placemark>
      <n>#997 HERMES-01</n>
      <description>13/07/2026 08:41:47 | Estado: NUEVA UBICACION | Bat: 0%</description>
      <styleUrl>#pointStyle</styleUrl>
      <Point><coordinates>-72.64817067,2.5608355,0</coordinates></Point>
    </Placemark>
    <Placemark>
      <n>#998 HERMES-01</n>
      <description>13/07/2026 08:52:03 | Estado: NUEVA UBICACION | Bat: 0%</description>
      <styleUrl>#pointStyle</styleUrl>
      <Point><coordinates>-72.64814133,2.560876667,0</coordinates></Point>
    </Placemark>
    <Placemark>
      <n>#999 HERMES-01</n>
      <description>13/07/2026 09:02:21 | Estado: NUEVA UBICACION | Bat: 0%</description>
      <styleUrl>#pointStyle</styleUrl>
      <Point><coordinates>-72.64816533,2.560913333,0</coordinates></Point>
    </Placemark>
    <Placemark>
      <n>#1000 HERMES-01</n>
      <description> No disponible | Estado: NUEVA UBICACION | Bat: 0%</description>
      <styleUrl>#pointStyle</styleUrl>
      <Point><coordinates>-72.64819583,2.560924333,0</coordinates></Point>
    </Placemark>
    <Placemark>
      <n>#1001 HERMES-01</n>
      <description>13/07/2026 09:23:00 | Estado: NUEVA UBICACION | Bat: 0%</description>
      <styleUrl>#pointStyle</styleUrl>
      <Point><coordinates>-72.64817283,2.5608705,0</coordinates></Point>
    </Placemark>
    <Placemark>
      <n>#1002 HERMES-01</n>
      <description>13/07/2026 09:33:19 | Estado: NUEVA UBICACION | Bat: 0%</description>
      <styleUrl>#pointStyle</styleUrl>
      <Point><coordinates>-72.64819783,2.560891167,0</coordinates></Point>
    </Placemark>
    <Placemark>
      <n>#1003 HERMES-01</n>
      <description>13/07/2026 09:43:36 | Estado: NUEVA UBICACION | Bat: 0%</description>
      <styleUrl>#pointStyle</styleUrl>
      <Point><coordinates>-72.6481585,2.560867,0</coordinates></Point>
    </Placemark>
    <Placemark>
      <n>#1004 HERMES-01</n>
      <description>13/07/2026 09:53:53 | Estado: NUEVA UBICACION | Bat: 0%</description>
      <styleUrl>#pointStyle</styleUrl>
      <Point><coordinates>-72.64815917,2.560886333,0</coordinates></Point>
    </Placemark>
    <Placemark>
      <n>#1005 HERMES-01</n>
      <description>13/07/2026 10:04:08 | Estado: NUEVA UBICACION | Bat: 0%</description>
      <styleUrl>#pointStyle</styleUrl>
      <Point><coordinates>-72.648167,2.560866,0</coordinates></Point>
    </Placemark>
    <Placemark>
      <n>#1006 HERMES-01</n>
      <description>13/07/2026 10:14:24 | Estado: NUEVA UBICACION | Bat: 0%</description>
      <styleUrl>#pointStyle</styleUrl>
      <Point><coordinates>-72.64813433,2.560867667,0</coordinates></Point>
    </Placemark>
    <Placemark>
      <n>#1007 HERMES-01</n>
      <description>13/07/2026 10:24:45 | Estado: NUEVA UBICACION | Bat: 0%</description>
      <styleUrl>#pointStyle</styleUrl>
      <Point><coordinates>-72.64816283,2.560889167,0</coordinates></Point>
    </Placemark>
    <Placemark>
      <n>#1008 HERMES-01</n>
      <description>13/07/2026 10:35:00 | Estado: NUEVA UBICACION | Bat: 0%</description>
      <styleUrl>#pointStyle</styleUrl>
      <Point><coordinates>-72.64815333,2.560855167,0</coordinates></Point>
    </Placemark>
    <Placemark>
      <n>#1009 HERMES-01</n>
      <description>13/07/2026 10:45:41 | Estado: REENVIO PENDIENTE | Bat: 0%</description>
      <styleUrl>#pointStyle</styleUrl>
      <Point><coordinates>-72.648503,2.560888,0</coordinates></Point>
    </Placemark>
    <Placemark>
      <n>#1010 HERMES-01</n>
      <description>13/07/2026 10:56:42 | Estado: REENVIO PENDIENTE | Bat: 0%</description>
      <styleUrl>#pointStyle</styleUrl>
      <Point><coordinates>-72.649222,2.561704,0</coordinates></Point>
    </Placemark>
    <Placemark>
      <n>#1011 HERMES-01</n>
      <description>13/07/2026 11:07:44 | Estado: REENVIO PENDIENTE | Bat: 0%</description>
      <styleUrl>#pointStyle</styleUrl>
      <Point><coordinates>-72.647136,2.571865,0</coordinates></Point>
    </Placemark>
    <Placemark>
      <n>#1012 HERMES-01</n>
      <description>13/07/2026 11:18:47 | Estado: REENVIO PENDIENTE | Bat: 0%</description>
      <styleUrl>#pointStyle</styleUrl>
      <Point><coordinates>-72.647111,2.571854,0</coordinates></Point>
    </Placemark>
    <Placemark>
      <n>#1013 HERMES-01</n>
      <description>13/07/2026 11:29:50 | Estado: REENVIO PENDIENTE | Bat: 0%</description>
      <styleUrl>#pointStyle</styleUrl>
      <Point><coordinates>-72.64711,2.571819,0</coordinates></Point>
    </Placemark>
    <Placemark>
      <n>#1014 HERMES-01</n>
      <description>13/07/2026 11:40:52 | Estado: REENVIO PENDIENTE | Bat: 0%</description>
      <styleUrl>#pointStyle</styleUrl>
      <Point><coordinates>-72.647147,2.571872,0</coordinates></Point>
    </Placemark>
    <Placemark>
      <n>#1015 HERMES-01</n>
      <description>13/07/2026 12:02:57 | Estado: REENVIO PENDIENTE | Bat: 0%</description>
      <styleUrl>#pointStyle</styleUrl>
      <Point><coordinates>-72.647122,2.571844,0</coordinates></Point>
    </Placemark>
    <Placemark>
      <n>#1016 HERMES-01</n>
      <description>13/07/2026 12:14:00 | Estado: REENVIO PENDIENTE | Bat: 0%</description>
      <styleUrl>#pointStyle</styleUrl>
      <Point><coordinates>-72.647141,2.571835,0</coordinates></Point>
    </Placemark>
    <Placemark>
      <n>#1017 HERMES-01</n>
      <description>13/07/2026 12:25:02 | Estado: REENVIO PENDIENTE | Bat: 0%</description>
      <styleUrl>#pointStyle</styleUrl>
      <Point><coordinates>-72.647135,2.571857,0</coordinates></Point>
    </Placemark>
    <Placemark>
      <n>#1018 HERMES-01</n>
      <description>13/07/2026 12:36:05 | Estado: REENVIO PENDIENTE | Bat: 0%</description>
      <styleUrl>#pointStyle</styleUrl>
      <Point><coordinates>-72.647144,2.571856,0</coordinates></Point>
    </Placemark>
    <Placemark>
      <n>#1019 HERMES-01</n>
      <description>13/07/2026 12:47:08 | Estado: REENVIO PENDIENTE | Bat: 0%</description>
      <styleUrl>#pointStyle</styleUrl>
      <Point><coordinates>-72.647141,2.571865,0</coordinates></Point>
    </Placemark>
    <Placemark>
      <n>#1020 HERMES-01</n>
      <description>13/07/2026 12:58:10 | Estado: REENVIO PENDIENTE | Bat: 0%</description>
      <styleUrl>#pointStyle</styleUrl>
      <Point><coordinates>-72.647137,2.571839,0</coordinates></Point>
    </Placemark>
    <Placemark>
      <n>#1021 HERMES-01</n>
      <description>13/07/2026 13:09:12 | Estado: REENVIO PENDIENTE | Bat: 0%</description>
      <styleUrl>#pointStyle</styleUrl>
      <Point><coordinates>-72.647136,2.571833,0</coordinates></Point>
    </Placemark>
    <Placemark>
      <n>#1022 HERMES-01</n>
      <description>13/07/2026 13:20:14 | Estado: REENVIO PENDIENTE | Bat: 0%</description>
      <styleUrl>#pointStyle</styleUrl>
      <Point><coordinates>-72.647149,2.571853,0</coordinates></Point>
    </Placemark>
    <Placemark>
      <n>#1023 HERMES-01</n>
      <description>13/07/2026 13:31:16 | Estado: REENVIO PENDIENTE | Bat: 0%</description>
      <styleUrl>#pointStyle</styleUrl>
      <Point><coordinates>-72.647137,2.57186,0</coordinates></Point>
    </Placemark>
    <Placemark>
      <n>#1024 HERMES-01</n>
      <description>13/07/2026 13:42:19 | Estado: REENVIO PENDIENTE | Bat: 0%</description>
      <styleUrl>#pointStyle</styleUrl>
      <Point><coordinates>-72.647141,2.571868,0</coordinates></Point>
    </Placemark>
    <Placemark>
      <n>#1025 HERMES-01</n>
      <description>13/07/2026 13:53:21 | Estado: REENVIO PENDIENTE | Bat: 0%</description>
      <styleUrl>#pointStyle</styleUrl>
      <Point><coordinates>-72.64713,2.571883,0</coordinates></Point>
    </Placemark>
    <Placemark>
      <n>#1026 HERMES-01</n>
      <description>13/07/2026 14:15:27 | Estado: REENVIO PENDIENTE | Bat: 0%</description>
      <styleUrl>#pointStyle</styleUrl>
      <Point><coordinates>-72.647141,2.571875,0</coordinates></Point>
    </Placemark>
    <Placemark>
      <n>#1027 HERMES-01</n>
      <description>13/07/2026 14:26:30 | Estado: REENVIO PENDIENTE | Bat: 0%</description>
      <styleUrl>#pointStyle</styleUrl>
      <Point><coordinates>-72.647119,2.571844,0</coordinates></Point>
    </Placemark>
    <Placemark>
      <n>#1028 HERMES-01</n>
      <description>13/07/2026 14:37:32 | Estado: REENVIO PENDIENTE | Bat: 0%</description>
      <styleUrl>#pointStyle</styleUrl>
      <Point><coordinates>-72.647116,2.571846,0</coordinates></Point>
    </Placemark>
    <Placemark>
      <n>#1029 HERMES-01</n>
      <description>13/07/2026 14:48:35 | Estado: REENVIO PENDIENTE | Bat: 0%</description>
      <styleUrl>#pointStyle</styleUrl>
      <Point><coordinates>-72.64711,2.571812,0</coordinates></Point>
    </Placemark>
    <Placemark>
      <n>#1030 HERMES-01</n>
      <description>13/07/2026 14:59:37 | Estado: REENVIO PENDIENTE | Bat: 0%</description>
      <styleUrl>#pointStyle</styleUrl>
      <Point><coordinates>-72.647108,2.571831,0</coordinates></Point>
    </Placemark>
    <Placemark>
      <n>#1031 HERMES-01</n>
      <description>13/07/2026 15:10:40 | Estado: REENVIO PENDIENTE | Bat: 0%</description>
      <styleUrl>#pointStyle</styleUrl>
      <Point><coordinates>-72.64713,2.571874,0</coordinates></Point>
    </Placemark>
    <Placemark>
      <n>#1032 HERMES-01</n>
      <description>13/07/2026 15:21:42 | Estado: REENVIO PENDIENTE | Bat: 0%</description>
      <styleUrl>#pointStyle</styleUrl>
      <Point><coordinates>-72.647091,2.571841,0</coordinates></Point>
    </Placemark>
    <Placemark>
      <n>#1033 HERMES-01</n>
      <description>13/07/2026 15:32:45 | Estado: REENVIO PENDIENTE | Bat: 0%</description>
      <styleUrl>#pointStyle</styleUrl>
      <Point><coordinates>-72.647136,2.571838,0</coordinates></Point>
    </Placemark>
    <Placemark>
      <n>#1034 HERMES-01</n>
      <description>13/07/2026 15:43:48 | Estado: REENVIO PENDIENTE | Bat: 0%</description>
      <styleUrl>#pointStyle</styleUrl>
      <Point><coordinates>-72.647136,2.571868,0</coordinates></Point>
    </Placemark>
    <Placemark>
      <n>#1035 HERMES-01</n>
      <description>13/07/2026 15:54:51 | Estado: REENVIO PENDIENTE | Bat: 0%</description>
      <styleUrl>#pointStyle</styleUrl>
      <Point><coordinates>-72.647114,2.571827,0</coordinates></Point>
    </Placemark>
    <Placemark>
      <n>#1036 HERMES-01</n>
      <description>13/07/2026 16:05:53 | Estado: REENVIO PENDIENTE | Bat: 0%</description>
      <styleUrl>#pointStyle</styleUrl>
      <Point><coordinates>-72.647145,2.571866,0</coordinates></Point>
    </Placemark>
    <Placemark>
      <n>#1037 HERMES-01</n>
      <description>13/07/2026 16:16:56 | Estado: REENVIO PENDIENTE | Bat: 0%</description>
      <styleUrl>#pointStyle</styleUrl>
      <Point><coordinates>-72.647123,2.57184,0</coordinates></Point>
    </Placemark>
    <Placemark>
      <n>#1038 HERMES-01</n>
      <description>13/07/2026 16:27:57 | Estado: REENVIO PENDIENTE | Bat: 0%</description>
      <styleUrl>#pointStyle</styleUrl>
      <Point><coordinates>-72.647119,2.571819,0</coordinates></Point>
    </Placemark>
    <Placemark>
      <n>#1039 HERMES-01</n>
      <description>13/07/2026 16:39:00 | Estado: REENVIO PENDIENTE | Bat: 0%</description>
      <styleUrl>#pointStyle</styleUrl>
      <Point><coordinates>-72.647125,2.57184,0</coordinates></Point>
    </Placemark>
    <Placemark>
      <n>#1040 HERMES-01</n>
      <description>13/07/2026 16:50:03 | Estado: REENVIO PENDIENTE | Bat: 0%</description>
      <styleUrl>#pointStyle</styleUrl>
      <Point><coordinates>-72.646921,2.571987,0</coordinates></Point>
    </Placemark>
    <Placemark>
      <n>#1041 HERMES-01</n>
      <description>13/07/2026 17:01:06 | Estado: REENVIO PENDIENTE | Bat: 0%</description>
      <styleUrl>#pointStyle</styleUrl>
      <Point><coordinates>-72.648201,2.560858,0</coordinates></Point>
    </Placemark>
    <Placemark>
      <n>#1042 HERMES-01</n>
      <description>13/07/2026 17:23:11 | Estado: REENVIO PENDIENTE | Bat: 0%</description>
      <styleUrl>#pointStyle</styleUrl>
      <Point><coordinates>-72.648168,2.560766,0</coordinates></Point>
    </Placemark>
    <Placemark>
      <n>#1043 HERMES-01</n>
      <description>13/07/2026 17:34:19 | Estado: REENVIO PENDIENTE | Bat: 0%</description>
      <styleUrl>#pointStyle</styleUrl>
      <Point><coordinates>-72.648193,2.560765,0</coordinates></Point>
    </Placemark>
    <Placemark>
      <n>#1044 HERMES-01</n>
      <description>13/07/2026 17:45:22 | Estado: REENVIO PENDIENTE | Bat: 0%</description>
      <styleUrl>#pointStyle</styleUrl>
      <Point><coordinates>-72.648185,2.560849,0</coordinates></Point>
    </Placemark>
    <Placemark>
      <n>#1045 HERMES-01</n>
      <description>13/07/2026 17:56:24 | Estado: REENVIO PENDIENTE | Bat: 0%</description>
      <styleUrl>#pointStyle</styleUrl>
      <Point><coordinates>-72.648099,2.560858,0</coordinates></Point>
    </Placemark>
    <Placemark>
      <n>#1046 HERMES-01</n>
      <description>13/07/2026 18:07:27 | Estado: REENVIO PENDIENTE | Bat: 0%</description>
      <styleUrl>#pointStyle</styleUrl>
      <Point><coordinates>-72.64824,2.560937,0</coordinates></Point>
    </Placemark>
    <Placemark>
      <n>#1047 HERMES-01</n>
      <description>13/07/2026 18:18:30 | Estado: REENVIO PENDIENTE | Bat: 0%</description>
      <styleUrl>#pointStyle</styleUrl>
      <Point><coordinates>-72.648293,2.560924,0</coordinates></Point>
    </Placemark>
    <Placemark>
      <n>#1048 HERMES-01</n>
      <description>13/07/2026 18:29:33 | Estado: REENVIO PENDIENTE | Bat: 0%</description>
      <styleUrl>#pointStyle</styleUrl>
      <Point><coordinates>-72.648225,2.560805,0</coordinates></Point>
    </Placemark>
    <Placemark>
      <n>#1049 HERMES-01</n>
      <description>13/07/2026 18:40:36 | Estado: REENVIO PENDIENTE | Bat: 0%</description>
      <styleUrl>#pointStyle</styleUrl>
      <Point><coordinates>-72.648082,2.560911,0</coordinates></Point>
    </Placemark>
    <Placemark>
      <n>#1050 HERMES-01</n>
      <description>13/07/2026 19:04:46 | Estado: NUEVA UBICACION | Bat: 0%</description>
      <styleUrl>#pointStyle</styleUrl>
      <Point><coordinates>-72.64819267,2.560854167,0</coordinates></Point>
    </Placemark>
    <Placemark>
      <n>#1051 HERMES-01</n>
      <description>13/07/2026 19:15:06 | Estado: NUEVA UBICACION | Bat: 0%</description>
      <styleUrl>#pointStyle</styleUrl>
      <Point><coordinates>-72.6481675,2.5607905,0</coordinates></Point>
    </Placemark>
    <Placemark>
      <n>#1052 HERMES-01</n>
      <description>13/07/2026 19:25:21 | Estado: NUEVA UBICACION | Bat: 0%</description>
      <styleUrl>#pointStyle</styleUrl>
      <Point><coordinates>-72.64817383,2.560864333,0</coordinates></Point>
    </Placemark>
    <Placemark>
      <n>#1053 HERMES-01</n>
      <description>13/07/2026 19:35:36 | Estado: NUEVA UBICACION | Bat: 0%</description>
      <styleUrl>#pointStyle</styleUrl>
      <Point><coordinates>-72.64814767,2.560857,0</coordinates></Point>
    </Placemark>
    <Placemark>
      <n>#1054 HERMES-01</n>
      <description>13/07/2026 19:45:51 | Estado: NUEVA UBICACION | Bat: 0%</description>
      <styleUrl>#pointStyle</styleUrl>
      <Point><coordinates>-72.64818683,2.560892833,0</coordinates></Point>
    </Placemark>
    <Placemark>
      <n>#1055 HERMES-01</n>
      <description>13/07/2026 19:56:07 | Estado: NUEVA UBICACION | Bat: 0%</description>
      <styleUrl>#pointStyle</styleUrl>
      <Point><coordinates>-72.648026,2.5608245,0</coordinates></Point>
    </Placemark>
    <Placemark>
      <n>#1056 HERMES-01</n>
      <description>13/07/2026 20:06:22 | Estado: NUEVA UBICACION | Bat: 0%</description>
      <styleUrl>#pointStyle</styleUrl>
      <Point><coordinates>-72.64813367,2.560895167,0</coordinates></Point>
    </Placemark>
    <Placemark>
      <n>#1057 HERMES-01</n>
      <description>13/07/2026 20:17:41 | Estado: NUEVA UBICACION | Bat: 0%</description>
      <styleUrl>#pointStyle</styleUrl>
      <Point><coordinates>-72.6482615,2.560765,0</coordinates></Point>
    </Placemark>
    <Placemark>
      <n>#1058 HERMES-01</n>
      <description> No disponible | Estado: REENVIO PENDIENTE | Bat: 0%</description>
      <styleUrl>#pointStyle</styleUrl>
      <Point><coordinates>-72.647125,2.571842,0</coordinates></Point>
    </Placemark>
    <Placemark>
      <n>#1059 HERMES-01</n>
      <description> No disponible | Estado: REENVIO PENDIENTE | Bat: 0%</description>
      <styleUrl>#pointStyle</styleUrl>
      <Point><coordinates>-72.64713,2.571878,0</coordinates></Point>
    </Placemark>
    <Placemark>
      <n>#1060 HERMES-01</n>
      <description> No disponible | Estado: REENVIO PENDIENTE | Bat: 0%</description>
      <styleUrl>#pointStyle</styleUrl>
      <Point><coordinates>-72.64816,2.56062,0</coordinates></Point>
    </Placemark>
    <Placemark>
      <n>#1061 HERMES-01</n>
      <description> No disponible | Estado: REENVIO PENDIENTE | Bat: 0%</description>
      <styleUrl>#pointStyle</styleUrl>
      <Point><coordinates>-72.648201,2.560939,0</coordinates></Point>
    </Placemark>
    <Placemark>
      <n>#1062 HERMES-01</n>
      <description>13/07/2026 20:28:06 | Estado: NUEVA UBICACION | Bat: 0%</description>
      <styleUrl>#pointStyle</styleUrl>
      <Point><coordinates>-72.64814467,2.560800167,0</coordinates></Point>
    </Placemark>
    <Placemark>
      <n>#1063 HERMES-01</n>
      <description>13/07/2026 20:38:30 | Estado: NUEVA UBICACION | Bat: 0%</description>
      <styleUrl>#pointStyle</styleUrl>
      <Point><coordinates>-72.64598333,2.565441,0</coordinates></Point>
    </Placemark>
    <Placemark>
      <n>#1064 HERMES-01</n>
      <description>13/07/2026 20:48:44 | Estado: NUEVA UBICACION | Bat: 0%</description>
      <styleUrl>#pointStyle</styleUrl>
      <Point><coordinates>-72.648186,2.560882833,0</coordinates></Point>
    </Placemark>
    <Placemark>
      <n>#1065 HERMES-01</n>
      <description>13/07/2026 21:19:28 | Estado: NUEVA UBICACION | Bat: 0%</description>
      <styleUrl>#pointStyle</styleUrl>
      <Point><coordinates>-72.64814,2.5608735,0</coordinates></Point>
    </Placemark>
    <Placemark>
      <n>#1066 HERMES-01</n>
      <description>13/07/2026 21:29:42 | Estado: NUEVA UBICACION | Bat: 0%</description>
      <styleUrl>#pointStyle</styleUrl>
      <Point><coordinates>-72.648157,2.560867333,0</coordinates></Point>
    </Placemark>
    <Placemark>
      <n>#1067 HERMES-01</n>
      <description>13/07/2026 21:39:57 | Estado: NUEVA UBICACION | Bat: 0%</description>
      <styleUrl>#pointStyle</styleUrl>
      <Point><coordinates>-72.64814167,2.560781833,0</coordinates></Point>
    </Placemark>
    <Placemark>
      <n>#1068 HERMES-01</n>
      <description>13/07/2026 21:50:12 | Estado: NUEVA UBICACION | Bat: 0%</description>
      <styleUrl>#pointStyle</styleUrl>
      <Point><coordinates>-72.6481695,2.560859833,0</coordinates></Point>
    </Placemark>
    <Placemark>
      <n>#1069 HERMES-01</n>
      <description>13/07/2026 22:00:26 | Estado: NUEVA UBICACION | Bat: 0%</description>
      <styleUrl>#pointStyle</styleUrl>
      <Point><coordinates>-72.64816783,2.560838,0</coordinates></Point>
    </Placemark>
    <Placemark>
      <n>#1070 HERMES-01</n>
      <description>13/07/2026 22:10:41 | Estado: NUEVA UBICACION | Bat: 0%</description>
      <styleUrl>#pointStyle</styleUrl>
      <Point><coordinates>-72.64814367,2.560880667,0</coordinates></Point>
    </Placemark>
    <Placemark>
      <n>#1071 HERMES-01</n>
      <description> No disponible | Estado: NUEVA UBICACION | Bat: 0%</description>
      <styleUrl>#pointStyle</styleUrl>
      <Point><coordinates>-72.648167,2.560864167,0</coordinates></Point>
    </Placemark>
    <Placemark>
      <n>#1072 HERMES-01</n>
      <description>13/07/2026 22:20:56 | Estado: NUEVA UBICACION | Bat: 0%</description>
      <styleUrl>#pointStyle</styleUrl>
      <Point><coordinates>-72.64817017,2.560839833,0</coordinates></Point>
    </Placemark>
    <Placemark>
      <n>#1073 HERMES-01</n>
      <description>13/07/2026 22:31:10 | Estado: NUEVA UBICACION | Bat: 0%</description>
      <styleUrl>#pointStyle</styleUrl>
      <Point><coordinates>-72.64813367,2.560797,0</coordinates></Point>
    </Placemark>
    <Placemark>
      <n>#1074 HERMES-01</n>
      <description> No disponible | Estado: NUEVA UBICACION | Bat: 0%</description>
      <styleUrl>#pointStyle</styleUrl>
      <Point><coordinates>-72.64815517,2.560856167,0</coordinates></Point>
    </Placemark>
    <Placemark>
      <n>#1075 HERMES-01</n>
      <description> No disponible | Estado: NUEVA UBICACION | Bat: 0%</description>
      <styleUrl>#pointStyle</styleUrl>
      <Point><coordinates>-72.6481525,2.5608745,0</coordinates></Point>
    </Placemark>
    <Placemark>
      <n>#1076 HERMES-01</n>
      <description> No disponible | Estado: NUEVA UBICACION | Bat: 0%</description>
      <styleUrl>#pointStyle</styleUrl>
      <Point><coordinates>-72.6481535,2.560799833,0</coordinates></Point>
    </Placemark>
    <Placemark>
      <n>#1077 HERMES-01</n>
      <description>13/07/2026 22:51:40 | Estado: NUEVA UBICACION | Bat: 0%</description>
      <styleUrl>#pointStyle</styleUrl>
      <Point><coordinates>-72.64816967,2.560849167,0</coordinates></Point>
    </Placemark>
    <Placemark>
      <n>#1078 HERMES-01</n>
      <description>13/07/2026 23:01:55 | Estado: NUEVA UBICACION | Bat: 0%</description>
      <styleUrl>#pointStyle</styleUrl>
      <Point><coordinates>-72.64814917,2.5608865,0</coordinates></Point>
    </Placemark>
    <Placemark>
      <n>#1079 HERMES-01</n>
      <description>13/07/2026 23:12:12 | Estado: NUEVA UBICACION | Bat: 0%</description>
      <styleUrl>#pointStyle</styleUrl>
      <Point><coordinates>-72.64810933,2.560855167,0</coordinates></Point>
    </Placemark>
    <Placemark>
      <n>#1080 HERMES-01</n>
      <description>13/07/2026 23:23:32 | Estado: NUEVA UBICACION | Bat: 0%</description>
      <styleUrl>#pointStyle</styleUrl>
      <Point><coordinates>-72.648284,2.561036167,0</coordinates></Point>
    </Placemark>
    <Placemark>
      <n>#1081 HERMES-01</n>
      <description> No disponible | Estado: NUEVA UBICACION | Bat: 0%</description>
      <styleUrl>#pointStyle</styleUrl>
      <Point><coordinates>-72.6481535,2.5608715,0</coordinates></Point>
    </Placemark>
    <Placemark>
      <n>#1082 HERMES-01</n>
      <description>13/07/2026 23:44:04 | Estado: NUEVA UBICACION | Bat: 0%</description>
      <styleUrl>#pointStyle</styleUrl>
      <Point><coordinates>-72.648079,2.560867,0</coordinates></Point>
    </Placemark>
    <Placemark>
      <n>#1083 HERMES-01</n>
      <description>13/07/2026 23:54:19 | Estado: NUEVA UBICACION | Bat: 0%</description>
      <styleUrl>#pointStyle</styleUrl>
      <Point><coordinates>-72.64816517,2.560844833,0</coordinates></Point>
    </Placemark>
    <Placemark>
      <n>#1084 HERMES-01</n>
      <description> No disponible | Estado: NUEVA UBICACION | Bat: 0%</description>
      <styleUrl>#pointStyle</styleUrl>
      <Point><coordinates>-72.648176,2.560816833,0</coordinates></Point>
    </Placemark>
    <Placemark>
      <n>#1085 HERMES-01</n>
      <description> No disponible | Estado: NUEVA UBICACION | Bat: 0%</description>
      <styleUrl>#pointStyle</styleUrl>
      <Point><coordinates>-72.64815367,2.560839,0</coordinates></Point>
    </Placemark>
    <Placemark>
      <n>#1086 HERMES-01</n>
      <description>14/07/2026 00:12:00 | Estado: NUEVA UBICACION | Bat: 0%</description>
      <styleUrl>#pointStyle</styleUrl>
      <Point><coordinates>-72.64814583,2.5608335,0</coordinates></Point>
    </Placemark>
    <Placemark>
      <n>#1087 HERMES-01</n>
      <description>14/07/2026 00:17:20 | Estado: NUEVA UBICACION | Bat: 0%</description>
      <styleUrl>#pointStyle</styleUrl>
      <Point><coordinates>-72.64816267,2.560855,0</coordinates></Point>
    </Placemark>
    <Placemark>
      <n>#1088 HERMES-01</n>
      <description>14/07/2026 00:22:38 | Estado: NUEVA UBICACION | Bat: 0%</description>
      <styleUrl>#pointStyle</styleUrl>
      <Point><coordinates>-72.64814667,2.560857167,0</coordinates></Point>
    </Placemark>
    <Placemark>
      <n>#1089 HERMES-01</n>
      <description>14/07/2026 00:27:59 | Estado: NUEVA UBICACION | Bat: 0%</description>
      <styleUrl>#pointStyle</styleUrl>
      <Point><coordinates>-72.64815867,2.560870333,0</coordinates></Point>
    </Placemark>
    <Placemark>
      <n>#1090 HERMES-01</n>
      <description>14/07/2026 00:33:18 | Estado: NUEVA UBICACION | Bat: 0%</description>
      <styleUrl>#pointStyle</styleUrl>
      <Point><coordinates>-72.648156,2.5608685,0</coordinates></Point>
    </Placemark>
    <Placemark>
      <n>#1091 HERMES-01</n>
      <description>14/07/2026 00:38:38 | Estado: NUEVA UBICACION | Bat: 0%</description>
      <styleUrl>#pointStyle</styleUrl>
      <Point><coordinates>-72.64815917,2.560860167,0</coordinates></Point>
    </Placemark>
    <Placemark>
      <n>#1092 HERMES-01</n>
      <description>14/07/2026 00:43:57 | Estado: NUEVA UBICACION | Bat: 0%</description>
      <styleUrl>#pointStyle</styleUrl>
      <Point><coordinates>-72.648166,2.560859833,0</coordinates></Point>
    </Placemark>
    <Placemark>
      <n>#1093 HERMES-01</n>
      <description>14/07/2026 00:49:18 | Estado: NUEVA UBICACION | Bat: 0%</description>
      <styleUrl>#pointStyle</styleUrl>
      <Point><coordinates>-72.64816983,2.560877,0</coordinates></Point>
    </Placemark>
    <Placemark>
      <n>#1094 HERMES-01</n>
      <description>14/07/2026 00:54:48 | Estado: NUEVA UBICACION | Bat: 0%</description>
      <styleUrl>#pointStyle</styleUrl>
      <Point><coordinates>-72.64816833,2.560882833,0</coordinates></Point>
    </Placemark>
    <Placemark>
      <n>#1095 HERMES-01</n>
      <description>14/07/2026 01:00:08 | Estado: NUEVA UBICACION | Bat: 0%</description>
      <styleUrl>#pointStyle</styleUrl>
      <Point><coordinates>-72.64816367,2.560865333,0</coordinates></Point>
    </Placemark>
    <Placemark>
      <n>#1096 HERMES-01</n>
      <description> No disponible | Estado: NUEVA UBICACION | Bat: 0%</description>
      <styleUrl>#pointStyle</styleUrl>
      <Point><coordinates>-72.64816683,2.560881,0</coordinates></Point>
    </Placemark>
    <Placemark>
      <n>#1097 HERMES-01</n>
      <description>14/07/2026 01:10:47 | Estado: NUEVA UBICACION | Bat: 0%</description>
      <styleUrl>#pointStyle</styleUrl>
      <Point><coordinates>-72.64811967,2.5608475,0</coordinates></Point>
    </Placemark>
    <Placemark>
      <n>#1098 HERMES-01</n>
      <description> No disponible | Estado: NUEVA UBICACION | Bat: 0%</description>
      <styleUrl>#pointStyle</styleUrl>
      <Point><coordinates>-72.64816933,2.560854833,0</coordinates></Point>
    </Placemark>
    <Placemark>
      <n>#1099 HERMES-01</n>
      <description> No disponible | Estado: NUEVA UBICACION | Bat: 0%</description>
      <styleUrl>#pointStyle</styleUrl>
      <Point><coordinates>-72.64814817,2.560861667,0</coordinates></Point>
    </Placemark>
    <Placemark>
      <n>#1100 HERMES-01</n>
      <description>14/07/2026 01:26:50 | Estado: NUEVA UBICACION | Bat: 0%</description>
      <styleUrl>#pointStyle</styleUrl>
      <Point><coordinates>-72.64814617,2.560818667,0</coordinates></Point>
    </Placemark>
    <Placemark>
      <n>#1101 HERMES-01</n>
      <description>14/07/2026 01:32:10 | Estado: NUEVA UBICACION | Bat: 0%</description>
      <styleUrl>#pointStyle</styleUrl>
      <Point><coordinates>-72.648146,2.5608545,0</coordinates></Point>
    </Placemark>
    <Placemark>
      <n>#1102 HERMES-01</n>
      <description>14/07/2026 01:37:28 | Estado: NUEVA UBICACION | Bat: 0%</description>
      <styleUrl>#pointStyle</styleUrl>
      <Point><coordinates>-72.64815383,2.560851,0</coordinates></Point>
    </Placemark>
    <Placemark>
      <n>#1103 HERMES-01</n>
      <description>14/07/2026 01:42:53 | Estado: NUEVA UBICACION | Bat: 0%</description>
      <styleUrl>#pointStyle</styleUrl>
      <Point><coordinates>-72.6481525,2.5608745,0</coordinates></Point>
    </Placemark>
    <Placemark>
      <n>#1104 HERMES-01</n>
      <description> No disponible | Estado: NUEVA UBICACION | Bat: 0%</description>
      <styleUrl>#pointStyle</styleUrl>
      <Point><coordinates>-72.6481595,2.560865167,0</coordinates></Point>
    </Placemark>
    <Placemark>
      <n>#1105 HERMES-01</n>
      <description> No disponible | Estado: NUEVA UBICACION | Bat: 0%</description>
      <styleUrl>#pointStyle</styleUrl>
      <Point><coordinates>-72.64817017,2.560854,0</coordinates></Point>
    </Placemark>
    <Placemark>
      <n>#1106 HERMES-01</n>
      <description> No disponible | Estado: NUEVA UBICACION | Bat: 0%</description>
      <styleUrl>#pointStyle</styleUrl>
      <Point><coordinates>-72.64816933,2.5608645,0</coordinates></Point>
    </Placemark>
    <Placemark>
      <n>#1107 HERMES-01</n>
      <description>14/07/2026 02:04:11 | Estado: NUEVA UBICACION | Bat: 0%</description>
      <styleUrl>#pointStyle</styleUrl>
      <Point><coordinates>-72.64816517,2.560863833,0</coordinates></Point>
    </Placemark>
    <Placemark>
      <n>#1108 HERMES-01</n>
      <description> No disponible | Estado: NUEVA UBICACION | Bat: 0%</description>
      <styleUrl>#pointStyle</styleUrl>
      <Point><coordinates>-72.6481675,2.560864833,0</coordinates></Point>
    </Placemark>
    <Placemark>
      <n>#1109 HERMES-01</n>
      <description>14/07/2026 02:15:27 | Estado: NUEVA UBICACION | Bat: 0%</description>
      <styleUrl>#pointStyle</styleUrl>
      <Point><coordinates>-72.648155,2.560842833,0</coordinates></Point>
    </Placemark>
    <Placemark>
      <n>#1110 HERMES-01</n>
      <description> No disponible | Estado: NUEVA UBICACION | Bat: 0%</description>
      <styleUrl>#pointStyle</styleUrl>
      <Point><coordinates>-72.64815467,2.560827667,0</coordinates></Point>
    </Placemark>
    <Placemark>
      <n>#1111 HERMES-01</n>
      <description>14/07/2026 02:26:06 | Estado: NUEVA UBICACION | Bat: 0%</description>
      <styleUrl>#pointStyle</styleUrl>
      <Point><coordinates>-72.6481385,2.560884167,0</coordinates></Point>
    </Placemark>
    <Placemark>
      <n>#1112 HERMES-01</n>
      <description>14/07/2026 02:31:30 | Estado: NUEVA UBICACION | Bat: 0%</description>
      <styleUrl>#pointStyle</styleUrl>
      <Point><coordinates>-72.6481365,2.560877833,0</coordinates></Point>
    </Placemark>
    <Placemark>
      <n>#1113 HERMES-01</n>
      <description> No disponible | Estado: NUEVA UBICACION | Bat: 0%</description>
      <styleUrl>#pointStyle</styleUrl>
      <Point><coordinates>-72.64814483,2.5608745,0</coordinates></Point>
    </Placemark>
    <Placemark>
      <n>#1114 HERMES-01</n>
      <description>14/07/2026 02:42:08 | Estado: NUEVA UBICACION | Bat: 0%</description>
      <styleUrl>#pointStyle</styleUrl>
      <Point><coordinates>-72.64815183,2.560881333,0</coordinates></Point>
    </Placemark>
    <Placemark>
      <n>#1115 HERMES-01</n>
      <description>14/07/2026 02:47:29 | Estado: NUEVA UBICACION | Bat: 0%</description>
      <styleUrl>#pointStyle</styleUrl>
      <Point><coordinates>-72.648157,2.560874,0</coordinates></Point>
    </Placemark>
    <Placemark>
      <n>#1116 HERMES-01</n>
      <description>14/07/2026 02:52:49 | Estado: NUEVA UBICACION | Bat: 0%</description>
      <styleUrl>#pointStyle</styleUrl>
      <Point><coordinates>-72.64815917,2.560849833,0</coordinates></Point>
    </Placemark>
    <Placemark>
      <n>#1117 HERMES-01</n>
      <description>14/07/2026 02:58:07 | Estado: NUEVA UBICACION | Bat: 0%</description>
      <styleUrl>#pointStyle</styleUrl>
      <Point><coordinates>-72.64815567,2.560888167,0</coordinates></Point>
    </Placemark>
    <Placemark>
      <n>#1118 HERMES-01</n>
      <description> No disponible | Estado: NUEVA UBICACION | Bat: 0%</description>
      <styleUrl>#pointStyle</styleUrl>
      <Point><coordinates>-72.64815417,2.560870667,0</coordinates></Point>
    </Placemark>
    <Placemark>
      <n>#1119 HERMES-01</n>
      <description>14/07/2026 03:08:49 | Estado: NUEVA UBICACION | Bat: 0%</description>
      <styleUrl>#pointStyle</styleUrl>
      <Point><coordinates>-72.64815067,2.560860167,0</coordinates></Point>
    </Placemark>
    <Placemark>
      <n>#1120 HERMES-01</n>
      <description>14/07/2026 03:14:09 | Estado: NUEVA UBICACION | Bat: 0%</description>
      <styleUrl>#pointStyle</styleUrl>
      <Point><coordinates>-72.64814567,2.56086,0</coordinates></Point>
    </Placemark>
    <Placemark>
      <n>#1121 HERMES-01</n>
      <description>14/07/2026 03:19:29 | Estado: NUEVA UBICACION | Bat: 0%</description>
      <styleUrl>#pointStyle</styleUrl>
      <Point><coordinates>-72.64814767,2.560855667,0</coordinates></Point>
    </Placemark>
    <Placemark>
      <n>#1122 HERMES-01</n>
      <description> No disponible | Estado: NUEVA UBICACION | Bat: 0%</description>
      <styleUrl>#pointStyle</styleUrl>
      <Point><coordinates>-72.64813533,2.560853167,0</coordinates></Point>
    </Placemark>
    <Placemark>
      <n>#1123 HERMES-01</n>
      <description>14/07/2026 03:30:10 | Estado: NUEVA UBICACION | Bat: 0%</description>
      <styleUrl>#pointStyle</styleUrl>
      <Point><coordinates>-72.64813567,2.560861167,0</coordinates></Point>
    </Placemark>
    <Placemark>
      <n>#1124 HERMES-01</n>
      <description>14/07/2026 03:35:29 | Estado: NUEVA UBICACION | Bat: 0%</description>
      <styleUrl>#pointStyle</styleUrl>
      <Point><coordinates>-72.64815667,2.560852833,0</coordinates></Point>
    </Placemark>
    <Placemark>
      <n>#1125 HERMES-01</n>
      <description>14/07/2026 03:40:47 | Estado: NUEVA UBICACION | Bat: 0%</description>
      <styleUrl>#pointStyle</styleUrl>
      <Point><coordinates>-72.64814883,2.5608525,0</coordinates></Point>
    </Placemark>
    <Placemark>
      <n>#1126 HERMES-01</n>
      <description>14/07/2026 03:46:08 | Estado: NUEVA UBICACION | Bat: 0%</description>
      <styleUrl>#pointStyle</styleUrl>
      <Point><coordinates>-72.64816367,2.560872,0</coordinates></Point>
    </Placemark>
    <Placemark>
      <n>#1127 HERMES-01</n>
      <description>14/07/2026 03:51:27 | Estado: NUEVA UBICACION | Bat: 0%</description>
      <styleUrl>#pointStyle</styleUrl>
      <Point><coordinates>-72.64814517,2.560847,0</coordinates></Point>
    </Placemark>
    <Placemark>
      <n>#1128 HERMES-01</n>
      <description>14/07/2026 03:56:45 | Estado: NUEVA UBICACION | Bat: 0%</description>
      <styleUrl>#pointStyle</styleUrl>
      <Point><coordinates>-72.64815883,2.5608485,0</coordinates></Point>
    </Placemark>
    <Placemark>
      <n>#1129 HERMES-01</n>
      <description>14/07/2026 04:02:03 | Estado: NUEVA UBICACION | Bat: 0%</description>
      <styleUrl>#pointStyle</styleUrl>
      <Point><coordinates>-72.64815333,2.5608215,0</coordinates></Point>
    </Placemark>
    <Placemark>
      <n>#1130 HERMES-01</n>
      <description>14/07/2026 04:07:22 | Estado: NUEVA UBICACION | Bat: 0%</description>
      <styleUrl>#pointStyle</styleUrl>
      <Point><coordinates>-72.64815817,2.560841,0</coordinates></Point>
    </Placemark>
    <Placemark>
      <n>#1131 HERMES-01</n>
      <description>14/07/2026 04:12:41 | Estado: NUEVA UBICACION | Bat: 0%</description>
      <styleUrl>#pointStyle</styleUrl>
      <Point><coordinates>-72.64816233,2.560865167,0</coordinates></Point>
    </Placemark>
    <Placemark>
      <n>#1132 HERMES-01</n>
      <description>14/07/2026 04:18:01 | Estado: NUEVA UBICACION | Bat: 0%</description>
      <styleUrl>#pointStyle</styleUrl>
      <Point><coordinates>-72.64816933,2.560873,0</coordinates></Point>
    </Placemark>
    <Placemark>
      <n>#1133 HERMES-01</n>
      <description>14/07/2026 04:23:19 | Estado: NUEVA UBICACION | Bat: 0%</description>
      <styleUrl>#pointStyle</styleUrl>
      <Point><coordinates>-72.64815217,2.560859667,0</coordinates></Point>
    </Placemark>
    <Placemark>
      <n>#1134 HERMES-01</n>
      <description> No disponible | Estado: NUEVA UBICACION | Bat: 0%</description>
      <styleUrl>#pointStyle</styleUrl>
      <Point><coordinates>-72.64815317,2.5608765,0</coordinates></Point>
    </Placemark>
    <Placemark>
      <n>#1135 HERMES-01</n>
      <description>14/07/2026 04:34:01 | Estado: NUEVA UBICACION | Bat: 0%</description>
      <styleUrl>#pointStyle</styleUrl>
      <Point><coordinates>-72.64815483,2.560863333,0</coordinates></Point>
    </Placemark>
    <Placemark>
      <n>#1136 HERMES-01</n>
      <description>14/07/2026 04:39:21 | Estado: NUEVA UBICACION | Bat: 0%</description>
      <styleUrl>#pointStyle</styleUrl>
      <Point><coordinates>-72.6481405,2.5608535,0</coordinates></Point>
    </Placemark>
    <Placemark>
      <n>#1137 HERMES-01</n>
      <description>14/07/2026 04:45:00 | Estado: NUEVA UBICACION | Bat: 0%</description>
      <styleUrl>#pointStyle</styleUrl>
      <Point><coordinates>-72.64814333,2.560836167,0</coordinates></Point>
    </Placemark>
    <Placemark>
      <n>#1138 HERMES-01</n>
      <description>14/07/2026 04:50:34 | Estado: NUEVA UBICACION | Bat: 0%</description>
      <styleUrl>#pointStyle</styleUrl>
      <Point><coordinates>-72.64815683,2.560828833,0</coordinates></Point>
    </Placemark>
    <Placemark>
      <n>#1139 HERMES-01</n>
      <description> No disponible | Estado: NUEVA UBICACION | Bat: 0%</description>
      <styleUrl>#pointStyle</styleUrl>
      <Point><coordinates>-72.64815167,2.560870333,0</coordinates></Point>
    </Placemark>
    <Placemark>
      <n>#1140 HERMES-01</n>
      <description>14/07/2026 05:01:18 | Estado: NUEVA UBICACION | Bat: 0%</description>
      <styleUrl>#pointStyle</styleUrl>
      <Point><coordinates>-72.64815117,2.560852833,0</coordinates></Point>
    </Placemark>
    <Placemark>
      <n>#1141 HERMES-01</n>
      <description>14/07/2026 05:06:37 | Estado: NUEVA UBICACION | Bat: 0%</description>
      <styleUrl>#pointStyle</styleUrl>
      <Point><coordinates>-72.6481635,2.560903167,0</coordinates></Point>
    </Placemark>
    <Placemark>
      <n>#1142 HERMES-01</n>
      <description> No disponible | Estado: NUEVA UBICACION | Bat: 0%</description>
      <styleUrl>#pointStyle</styleUrl>
      <Point><coordinates>-72.64816933,2.560861167,0</coordinates></Point>
    </Placemark>
    <Placemark>
      <n>#1143 HERMES-01</n>
      <description>14/07/2026 05:17:16 | Estado: NUEVA UBICACION | Bat: 0%</description>
      <styleUrl>#pointStyle</styleUrl>
      <Point><coordinates>-72.64814483,2.560891,0</coordinates></Point>
    </Placemark>
    <Placemark>
      <n>#1144 HERMES-01</n>
      <description>14/07/2026 05:22:35 | Estado: NUEVA UBICACION | Bat: 0%</description>
      <styleUrl>#pointStyle</styleUrl>
      <Point><coordinates>-72.64814833,2.560873167,0</coordinates></Point>
    </Placemark>
    <Placemark>
      <n>#1145 HERMES-01</n>
      <description>14/07/2026 05:27:55 | Estado: NUEVA UBICACION | Bat: 0%</description>
      <styleUrl>#pointStyle</styleUrl>
      <Point><coordinates>-72.64815567,2.560861833,0</coordinates></Point>
    </Placemark>
    <Placemark>
      <n>#1146 HERMES-01</n>
      <description>14/07/2026 05:33:19 | Estado: NUEVA UBICACION | Bat: 0%</description>
      <styleUrl>#pointStyle</styleUrl>
      <Point><coordinates>-72.64815783,2.560864167,0</coordinates></Point>
    </Placemark>
    <Placemark>
      <n>#1147 HERMES-01</n>
      <description> No disponible | Estado: NUEVA UBICACION | Bat: 0%</description>
      <styleUrl>#pointStyle</styleUrl>
      <Point><coordinates>-72.648152,2.560866167,0</coordinates></Point>
    </Placemark>
    <Placemark>
      <n>#1148 HERMES-01</n>
      <description>14/07/2026 05:43:58 | Estado: NUEVA UBICACION | Bat: 0%</description>
      <styleUrl>#pointStyle</styleUrl>
      <Point><coordinates>-72.64816617,2.560846667,0</coordinates></Point>
    </Placemark>
    <Placemark>
      <n>#1149 HERMES-01</n>
      <description>14/07/2026 05:49:18 | Estado: NUEVA UBICACION | Bat: 0%</description>
      <styleUrl>#pointStyle</styleUrl>
      <Point><coordinates>-72.64815017,2.560861167,0</coordinates></Point>
    </Placemark>
    <Placemark>
      <n>#1150 HERMES-01</n>
      <description>14/07/2026 05:54:43 | Estado: NUEVA UBICACION | Bat: 0%</description>
      <styleUrl>#pointStyle</styleUrl>
      <Point><coordinates>-72.648157,2.5608485,0</coordinates></Point>
    </Placemark>
    <Placemark>
      <n>#1151 HERMES-01</n>
      <description> No disponible | Estado: NUEVA UBICACION | Bat: 0%</description>
      <styleUrl>#pointStyle</styleUrl>
      <Point><coordinates>-72.6481425,2.5608915,0</coordinates></Point>
    </Placemark>
    <Placemark>
      <n>#1152 HERMES-01</n>
      <description>14/07/2026 06:05:25 | Estado: NUEVA UBICACION | Bat: 0%</description>
      <styleUrl>#pointStyle</styleUrl>
      <Point><coordinates>-72.6481495,2.560860333,0</coordinates></Point>
    </Placemark>
    <Placemark>
      <n>#1153 HERMES-01</n>
      <description> No disponible | Estado: NUEVA UBICACION | Bat: 0%</description>
      <styleUrl>#pointStyle</styleUrl>
      <Point><coordinates>-72.648161,2.560858,0</coordinates></Point>
    </Placemark>
    <Placemark>
      <n>#1154 HERMES-01</n>
      <description>14/07/2026 06:16:04 | Estado: NUEVA UBICACION | Bat: 0%</description>
      <styleUrl>#pointStyle</styleUrl>
      <Point><coordinates>-72.64814417,2.560827,0</coordinates></Point>
    </Placemark>
    <Placemark>
      <n>#1155 HERMES-01</n>
      <description>14/07/2026 06:33:14 | Estado: REENVIO PENDIENTE | Bat: 0%</description>
      <styleUrl>#pointStyle</styleUrl>
      <Point><coordinates>-72.648168,2.560943,0</coordinates></Point>
    </Placemark>
    <Placemark>
      <n>#1156 HERMES-01</n>
      <description>14/07/2026 06:39:21 | Estado: REENVIO PENDIENTE | Bat: 0%</description>
      <styleUrl>#pointStyle</styleUrl>
      <Point><coordinates>-72.646526,2.559044,0</coordinates></Point>
    </Placemark>
    <Placemark>
      <n>#1157 HERMES-01</n>
      <description>14/07/2026 06:45:29 | Estado: REENVIO PENDIENTE | Bat: 0%</description>
      <styleUrl>#pointStyle</styleUrl>
      <Point><coordinates>-72.635738,2.554177,0</coordinates></Point>
    </Placemark>
    <Placemark>
      <n>#1158 HERMES-01</n>
      <description>14/07/2026 06:57:45 | Estado: REENVIO PENDIENTE | Bat: 0%</description>
      <styleUrl>#pointStyle</styleUrl>
      <Point><coordinates>-72.579452,2.526908,0</coordinates></Point>
    </Placemark>
    <Placemark>
      <n>#1159 HERMES-01</n>
      <description>14/07/2026 07:03:53 | Estado: REENVIO PENDIENTE | Bat: 0%</description>
      <styleUrl>#pointStyle</styleUrl>
      <Point><coordinates>-72.570918,2.520923,0</coordinates></Point>
    </Placemark>
    <Placemark>
      <n>#1160 HERMES-01</n>
      <description>14/07/2026 07:10:01 | Estado: REENVIO PENDIENTE | Bat: 0%</description>
      <styleUrl>#pointStyle</styleUrl>
      <Point><coordinates>-72.562026,2.519521,0</coordinates></Point>
    </Placemark>
    <Placemark>
      <n>#1161 HERMES-01</n>
      <description>14/07/2026 07:16:10 | Estado: REENVIO PENDIENTE | Bat: 0%</description>
      <styleUrl>#pointStyle</styleUrl>
      <Point><coordinates>-72.538305,2.520549,0</coordinates></Point>
    </Placemark>
    <Placemark>
      <n>#1162 HERMES-01</n>
      <description>14/07/2026 07:28:27 | Estado: REENVIO PENDIENTE | Bat: 0%</description>
      <styleUrl>#pointStyle</styleUrl>
      <Point><coordinates>-72.518546,2.520779,0</coordinates></Point>
    </Placemark>
    <Placemark>
      <n>#1163 HERMES-01</n>
      <description>14/07/2026 07:34:35 | Estado: REENVIO PENDIENTE | Bat: 0%</description>
      <styleUrl>#pointStyle</styleUrl>
      <Point><coordinates>-72.500293,2.528437,0</coordinates></Point>
    </Placemark>
    <Placemark>
      <n>#1164 HERMES-01</n>
      <description>14/07/2026 07:40:42 | Estado: REENVIO PENDIENTE | Bat: 0%</description>
      <styleUrl>#pointStyle</styleUrl>
      <Point><coordinates>-72.479443,2.547954,0</coordinates></Point>
    </Placemark>
    <Placemark>
      <n>#1165 HERMES-01</n>
      <description>14/07/2026 07:46:51 | Estado: REENVIO PENDIENTE | Bat: 0%</description>
      <styleUrl>#pointStyle</styleUrl>
      <Point><coordinates>-72.458856,2.548406,0</coordinates></Point>
    </Placemark>
    <Placemark>
      <n>#1166 HERMES-01</n>
      <description>14/07/2026 07:52:59 | Estado: REENVIO PENDIENTE | Bat: 0%</description>
      <styleUrl>#pointStyle</styleUrl>
      <Point><coordinates>-72.442007,2.553526,0</coordinates></Point>
    </Placemark>
    <Placemark>
      <n>#1167 HERMES-01</n>
      <description>14/07/2026 08:23:40 | Estado: REENVIO PENDIENTE | Bat: 0%</description>
      <styleUrl>#pointStyle</styleUrl>
      <Point><coordinates>-72.345958,2.554323,0</coordinates></Point>
    </Placemark>
    <Placemark>
      <n>#1168 HERMES-01</n>
      <description>14/07/2026 08:29:48 | Estado: REENVIO PENDIENTE | Bat: 0%</description>
      <styleUrl>#pointStyle</styleUrl>
      <Point><coordinates>-72.317735,2.552844,0</coordinates></Point>
    </Placemark>
    <Placemark>
      <n>#1169 HERMES-01</n>
      <description>14/07/2026 08:35:57 | Estado: REENVIO PENDIENTE | Bat: 0%</description>
      <styleUrl>#pointStyle</styleUrl>
      <Point><coordinates>-72.314576,2.554922,0</coordinates></Point>
    </Placemark>
    <Placemark>
      <n>#1170 HERMES-01</n>
      <description>14/07/2026 08:48:13 | Estado: REENVIO PENDIENTE | Bat: 0%</description>
      <styleUrl>#pointStyle</styleUrl>
      <Point><coordinates>-72.31456,2.554929,0</coordinates></Point>
    </Placemark>
    <Placemark>
      <n>#1171 HERMES-01</n>
      <description>14/07/2026 08:54:23 | Estado: REENVIO PENDIENTE | Bat: 0%</description>
      <styleUrl>#pointStyle</styleUrl>
      <Point><coordinates>-72.310466,2.549707,0</coordinates></Point>
    </Placemark>
    <Placemark>
      <n>#1172 HERMES-01</n>
      <description>14/07/2026 09:00:30 | Estado: REENVIO PENDIENTE | Bat: 0%</description>
      <styleUrl>#pointStyle</styleUrl>
      <Point><coordinates>-72.297691,2.539077,0</coordinates></Point>
    </Placemark>
    <Placemark>
      <n>#1173 HERMES-01</n>
      <description>14/07/2026 09:06:39 | Estado: REENVIO PENDIENTE | Bat: 0%</description>
      <styleUrl>#pointStyle</styleUrl>
      <Point><coordinates>-72.286905,2.533076,0</coordinates></Point>
    </Placemark>
    <Placemark>
      <n>#1174 HERMES-01</n>
      <description>14/07/2026 09:12:47 | Estado: REENVIO PENDIENTE | Bat: 0%</description>
      <styleUrl>#pointStyle</styleUrl>
      <Point><coordinates>-72.26658,2.52224,0</coordinates></Point>
    </Placemark>
    <Placemark>
      <n>#1175 HERMES-01</n>
      <description>14/07/2026 09:18:55 | Estado: REENVIO PENDIENTE | Bat: 0%</description>
      <styleUrl>#pointStyle</styleUrl>
      <Point><coordinates>-72.249887,2.537152,0</coordinates></Point>
    </Placemark>
    <Placemark>
      <n>#1176 HERMES-01</n>
      <description>14/07/2026 09:25:03 | Estado: REENVIO PENDIENTE | Bat: 0%</description>
      <styleUrl>#pointStyle</styleUrl>
      <Point><coordinates>-72.230883,2.555917,0</coordinates></Point>
    </Placemark>
    <Placemark>
      <n>#1177 HERMES-01</n>
      <description>14/07/2026 09:43:27 | Estado: REENVIO PENDIENTE | Bat: 0%</description>
      <styleUrl>#pointStyle</styleUrl>
      <Point><coordinates>-72.197464,2.535675,0</coordinates></Point>
    </Placemark>
    <Placemark>
      <n>#1178 HERMES-01</n>
      <description>14/07/2026 09:49:36 | Estado: REENVIO PENDIENTE | Bat: 0%</description>
      <styleUrl>#pointStyle</styleUrl>
      <Point><coordinates>-72.196802,2.531139,0</coordinates></Point>
    </Placemark>
    <Placemark>
      <n>#1179 HERMES-01</n>
      <description>14/07/2026 09:55:44 | Estado: REENVIO PENDIENTE | Bat: 0%</description>
      <styleUrl>#pointStyle</styleUrl>
      <Point><coordinates>-72.193787,2.538461,0</coordinates></Point>
    </Placemark>
    <Placemark>
      <n>#1180 HERMES-01</n>
      <description> No disponible | Estado: REENVIO PENDIENTE | Bat: 0%</description>
      <styleUrl>#pointStyle</styleUrl>
      <Point><coordinates>-72.617157,2.522771,0</coordinates></Point>
    </Placemark>
    <Placemark>
      <n>#1181 HERMES-01</n>
      <description> No disponible | Estado: REENVIO PENDIENTE | Bat: 0%</description>
      <styleUrl>#pointStyle</styleUrl>
      <Point><coordinates>-72.527917,2.521217,0</coordinates></Point>
    </Placemark>
    <Placemark>
      <n>#1182 HERMES-01</n>
      <description> No disponible | Estado: REENVIO PENDIENTE | Bat: 0%</description>
      <styleUrl>#pointStyle</styleUrl>
      <Point><coordinates>-72.423565,2.549579,0</coordinates></Point>
    </Placemark>
    <Placemark>
      <n>#1183 HERMES-01</n>
      <description> No disponible | Estado: REENVIO PENDIENTE | Bat: 0%</description>
      <styleUrl>#pointStyle</styleUrl>
      <Point><coordinates>-72.40428,2.545257,0</coordinates></Point>
    </Placemark>
    <Placemark>
      <n>#1184 HERMES-01</n>
      <description> No disponible | Estado: REENVIO PENDIENTE | Bat: 0%</description>
      <styleUrl>#pointStyle</styleUrl>
      <Point><coordinates>-72.386261,2.536951,0</coordinates></Point>
    </Placemark>
    <Placemark>
      <n>#1185 HERMES-01</n>
      <description> No disponible | Estado: REENVIO PENDIENTE | Bat: 0%</description>
      <styleUrl>#pointStyle</styleUrl>
      <Point><coordinates>-72.36777,2.543316,0</coordinates></Point>
    </Placemark>
    <Placemark>
      <n>#1186 HERMES-01</n>
      <description> No disponible | Estado: REENVIO PENDIENTE | Bat: 0%</description>
      <styleUrl>#pointStyle</styleUrl>
      <Point><coordinates>-72.314571,2.554897,0</coordinates></Point>
    </Placemark>
    <Placemark>
      <n>#1187 HERMES-01</n>
      <description> No disponible | Estado: REENVIO PENDIENTE | Bat: 0%</description>
      <styleUrl>#pointStyle</styleUrl>
      <Point><coordinates>-72.231125,2.568556,0</coordinates></Point>
    </Placemark>
    <Placemark>
      <n>#1188 HERMES-01</n>
      <description> No disponible | Estado: REENVIO PENDIENTE | Bat: 0%</description>
      <styleUrl>#pointStyle</styleUrl>
      <Point><coordinates>-72.221454,2.575252,0</coordinates></Point>
    </Placemark>
    <Placemark>
      <n>#1189 HERMES-01</n>
      <description> No disponible | Estado: REENVIO PENDIENTE | Bat: 0%</description>
      <styleUrl>#pointStyle</styleUrl>
      <Point><coordinates>-72.191599,2.539948,0</coordinates></Point>
    </Placemark>
    <Placemark>
      <n>#1190 HERMES-01</n>
      <description>14/07/2026 10:11:13 | Estado: NUEVA UBICACION | Bat: 0%</description>
      <styleUrl>#pointStyle</styleUrl>
      <Point><coordinates>-72.1915035,2.540051667,0</coordinates></Point>
    </Placemark>
    <Placemark>
      <n>#1191 HERMES-01</n>
      <description>14/07/2026 10:16:31 | Estado: NUEVA UBICACION | Bat: 0%</description>
      <styleUrl>#pointStyle</styleUrl>
      <Point><coordinates>-72.19149017,2.540006833,0</coordinates></Point>
    </Placemark>
    <Placemark>
      <n>#1192 HERMES-01</n>
      <description>14/07/2026 10:21:49 | Estado: NUEVA UBICACION | Bat: 0%</description>
      <styleUrl>#pointStyle</styleUrl>
      <Point><coordinates>-72.191512,2.540023,0</coordinates></Point>
    </Placemark>
    <Placemark>
      <n>#1193 HERMES-01</n>
      <description>14/07/2026 10:27:08 | Estado: NUEVA UBICACION | Bat: 0%</description>
      <styleUrl>#pointStyle</styleUrl>
      <Point><coordinates>-72.19148817,2.540010167,0</coordinates></Point>
    </Placemark>
    <Placemark>
      <n>#1194 HERMES-01</n>
      <description>14/07/2026 10:32:25 | Estado: NUEVA UBICACION | Bat: 0%</description>
      <styleUrl>#pointStyle</styleUrl>
      <Point><coordinates>-72.19149717,2.540017333,0</coordinates></Point>
    </Placemark>
    <Placemark>
      <n>#1195 HERMES-01</n>
      <description>14/07/2026 10:37:45 | Estado: NUEVA UBICACION | Bat: 0%</description>
      <styleUrl>#pointStyle</styleUrl>
      <Point><coordinates>-72.19149983,2.540009833,0</coordinates></Point>
    </Placemark>
    <Placemark>
      <n>#1196 HERMES-01</n>
      <description>14/07/2026 10:43:03 | Estado: NUEVA UBICACION | Bat: 0%</description>
      <styleUrl>#pointStyle</styleUrl>
      <Point><coordinates>-72.19149583,2.540018333,0</coordinates></Point>
    </Placemark>
    <Placemark>
      <n>#1197 HERMES-01</n>
      <description>14/07/2026 10:48:21 | Estado: NUEVA UBICACION | Bat: 0%</description>
      <styleUrl>#pointStyle</styleUrl>
      <Point><coordinates>-72.191509,2.540024167,0</coordinates></Point>
    </Placemark>
    <Placemark>
      <n>#1198 HERMES-01</n>
      <description>14/07/2026 10:53:39 | Estado: NUEVA UBICACION | Bat: 0%</description>
      <styleUrl>#pointStyle</styleUrl>
      <Point><coordinates>-72.19150467,2.540017667,0</coordinates></Point>
    </Placemark>
    <Placemark>
      <n>#1199 HERMES-01</n>
      <description> No disponible | Estado: NUEVA UBICACION | Bat: 0%</description>
      <styleUrl>#pointStyle</styleUrl>
      <Point><coordinates>-72.19147283,2.5400095,0</coordinates></Point>
    </Placemark>
    <Placemark>
      <n>#1200 HERMES-01</n>
      <description>14/07/2026 11:04:16 | Estado: NUEVA UBICACION | Bat: 0%</description>
      <styleUrl>#pointStyle</styleUrl>
      <Point><coordinates>-72.19151633,2.540008833,0</coordinates></Point>
    </Placemark>
    <Placemark>
      <n>#1201 HERMES-01</n>
      <description> No disponible | Estado: NUEVA UBICACION | Bat: 0%</description>
      <styleUrl>#pointStyle</styleUrl>
      <Point><coordinates>-72.1914745,2.539998,0</coordinates></Point>
    </Placemark>
    <Placemark>
      <n>#1202 HERMES-01</n>
      <description>14/07/2026 11:14:54 | Estado: NUEVA UBICACION | Bat: 0%</description>
      <styleUrl>#pointStyle</styleUrl>
      <Point><coordinates>-72.1914925,2.540025,0</coordinates></Point>
    </Placemark>
    <Placemark>
      <n>#1203 HERMES-01</n>
      <description>14/07/2026 11:20:11 | Estado: NUEVA UBICACION | Bat: 0%</description>
      <styleUrl>#pointStyle</styleUrl>
      <Point><coordinates>-72.19148317,2.5399925,0</coordinates></Point>
    </Placemark>
    <Placemark>
      <n>#1204 HERMES-01</n>
      <description> No disponible | Estado: NUEVA UBICACION | Bat: 0%</description>
      <styleUrl>#pointStyle</styleUrl>
      <Point><coordinates>-72.191482,2.539986167,0</coordinates></Point>
    </Placemark>
    <Placemark>
      <n>#1205 HERMES-01</n>
      <description>14/07/2026 11:30:48 | Estado: NUEVA UBICACION | Bat: 0%</description>
      <styleUrl>#pointStyle</styleUrl>
      <Point><coordinates>-72.1915045,2.540027667,0</coordinates></Point>
    </Placemark>
    <Placemark>
      <n>#1206 HERMES-01</n>
      <description>14/07/2026 11:36:08 | Estado: NUEVA UBICACION | Bat: 0%</description>
      <styleUrl>#pointStyle</styleUrl>
      <Point><coordinates>-72.19149233,2.53999,0</coordinates></Point>
    </Placemark>
    <Placemark>
      <n>#1207 HERMES-01</n>
      <description>14/07/2026 11:41:28 | Estado: NUEVA UBICACION | Bat: 0%</description>
      <styleUrl>#pointStyle</styleUrl>
      <Point><coordinates>-72.191488,2.540005667,0</coordinates></Point>
    </Placemark>
    <Placemark>
      <n>#1208 HERMES-01</n>
      <description>14/07/2026 11:46:46 | Estado: NUEVA UBICACION | Bat: 0%</description>
      <styleUrl>#pointStyle</styleUrl>
      <Point><coordinates>-72.19147267,2.540012667,0</coordinates></Point>
    </Placemark>
    <Placemark>
      <n>#1209 HERMES-01</n>
      <description>14/07/2026 11:52:04 | Estado: NUEVA UBICACION | Bat: 0%</description>
      <styleUrl>#pointStyle</styleUrl>
      <Point><coordinates>-72.19149867,2.5400465,0</coordinates></Point>
    </Placemark>
    <Placemark>
      <n>#1210 HERMES-01</n>
      <description>14/07/2026 11:57:22 | Estado: NUEVA UBICACION | Bat: 0%</description>
      <styleUrl>#pointStyle</styleUrl>
      <Point><coordinates>-72.19149667,2.540043833,0</coordinates></Point>
    </Placemark>
    <Placemark>
      <n>#1211 HERMES-01</n>
      <description>14/07/2026 12:02:42 | Estado: NUEVA UBICACION | Bat: 0%</description>
      <styleUrl>#pointStyle</styleUrl>
      <Point><coordinates>-72.1915245,2.540035333,0</coordinates></Point>
    </Placemark>
    <Placemark>
      <n>#1212 HERMES-01</n>
      <description> No disponible | Estado: NUEVA UBICACION | Bat: 0%</description>
      <styleUrl>#pointStyle</styleUrl>
      <Point><coordinates>-72.19149483,2.540032167,0</coordinates></Point>
    </Placemark>
    <Placemark>
      <n>#1213 HERMES-01</n>
      <description>14/07/2026 12:13:17 | Estado: NUEVA UBICACION | Bat: 0%</description>
      <styleUrl>#pointStyle</styleUrl>
      <Point><coordinates>-72.19149,2.540025,0</coordinates></Point>
    </Placemark>
    <Placemark>
      <n>#1214 HERMES-01</n>
      <description>14/07/2026 12:18:37 | Estado: NUEVA UBICACION | Bat: 0%</description>
      <styleUrl>#pointStyle</styleUrl>
      <Point><coordinates>-72.191495,2.5400115,0</coordinates></Point>
    </Placemark>
    <Placemark>
      <n>#1215 HERMES-01</n>
      <description>14/07/2026 12:23:57 | Estado: NUEVA UBICACION | Bat: 0%</description>
      <styleUrl>#pointStyle</styleUrl>
      <Point><coordinates>-72.19152517,2.540018833,0</coordinates></Point>
    </Placemark>
    <Placemark>
      <n>#1216 HERMES-01</n>
      <description>14/07/2026 12:29:15 | Estado: NUEVA UBICACION | Bat: 0%</description>
      <styleUrl>#pointStyle</styleUrl>
      <Point><coordinates>-72.19149283,2.540013333,0</coordinates></Point>
    </Placemark>
    <Placemark>
      <n>#1217 HERMES-01</n>
      <description>14/07/2026 12:34:32 | Estado: NUEVA UBICACION | Bat: 0%</description>
      <styleUrl>#pointStyle</styleUrl>
      <Point><coordinates>-72.19150883,2.540016,0</coordinates></Point>
    </Placemark>
    <Placemark>
      <n>#1218 HERMES-01</n>
      <description>14/07/2026 12:39:51 | Estado: NUEVA UBICACION | Bat: 0%</description>
      <styleUrl>#pointStyle</styleUrl>
      <Point><coordinates>-72.1915095,2.540064333,0</coordinates></Point>
    </Placemark>
    <Placemark>
      <n>#1219 HERMES-01</n>
      <description>14/07/2026 12:45:09 | Estado: NUEVA UBICACION | Bat: 0%</description>
      <styleUrl>#pointStyle</styleUrl>
      <Point><coordinates>-72.19154383,2.540047333,0</coordinates></Point>
    </Placemark>
    <Placemark>
      <n>#1220 HERMES-01</n>
      <description>14/07/2026 12:50:28 | Estado: NUEVA UBICACION | Bat: 0%</description>
      <styleUrl>#pointStyle</styleUrl>
      <Point><coordinates>-72.19149617,2.5399845,0</coordinates></Point>
    </Placemark>
    <Placemark>
      <n>#1221 HERMES-01</n>
      <description>14/07/2026 12:55:46 | Estado: NUEVA UBICACION | Bat: 0%</description>
      <styleUrl>#pointStyle</styleUrl>
      <Point><coordinates>-72.191543,2.540034167,0</coordinates></Point>
    </Placemark>
    <Placemark>
      <n>#1222 HERMES-01</n>
      <description>14/07/2026 13:01:04 | Estado: NUEVA UBICACION | Bat: 0%</description>
      <styleUrl>#pointStyle</styleUrl>
      <Point><coordinates>-72.1914015,2.539990333,0</coordinates></Point>
    </Placemark>
    <Placemark>
      <n>#1223 HERMES-01</n>
      <description>14/07/2026 13:06:23 | Estado: NUEVA UBICACION | Bat: 0%</description>
      <styleUrl>#pointStyle</styleUrl>
      <Point><coordinates>-72.19151383,2.540003667,0</coordinates></Point>
    </Placemark>
    <Placemark>
      <n>#1224 HERMES-01</n>
      <description>14/07/2026 13:11:42 | Estado: NUEVA UBICACION | Bat: 0%</description>
      <styleUrl>#pointStyle</styleUrl>
      <Point><coordinates>-72.19150067,2.540006167,0</coordinates></Point>
    </Placemark>
    <Placemark>
      <n>#1225 HERMES-01</n>
      <description>14/07/2026 13:17:00 | Estado: NUEVA UBICACION | Bat: 0%</description>
      <styleUrl>#pointStyle</styleUrl>
      <Point><coordinates>-72.19151583,2.540019333,0</coordinates></Point>
    </Placemark>
    <Placemark>
      <n>#1226 HERMES-01</n>
      <description>14/07/2026 13:22:18 | Estado: NUEVA UBICACION | Bat: 0%</description>
      <styleUrl>#pointStyle</styleUrl>
      <Point><coordinates>-72.19150167,2.5399825,0</coordinates></Point>
    </Placemark>
    <Placemark>
      <n>#1227 HERMES-01</n>
      <description>14/07/2026 13:27:38 | Estado: NUEVA UBICACION | Bat: 0%</description>
      <styleUrl>#pointStyle</styleUrl>
      <Point><coordinates>-72.19150417,2.540035833,0</coordinates></Point>
    </Placemark>
    <Placemark>
      <n>#1228 HERMES-01</n>
      <description> No disponible | Estado: NUEVA UBICACION | Bat: 0%</description>
      <styleUrl>#pointStyle</styleUrl>
      <Point><coordinates>-72.19146533,2.539994167,0</coordinates></Point>
    </Placemark>
    <Placemark>
      <n>#1229 HERMES-01</n>
      <description> No disponible | Estado: NUEVA UBICACION | Bat: 0%</description>
      <styleUrl>#pointStyle</styleUrl>
      <Point><coordinates>-72.19150217,2.539964,0</coordinates></Point>
    </Placemark>
    <Placemark>
      <n>#1230 HERMES-01</n>
      <description>14/07/2026 13:43:36 | Estado: NUEVA UBICACION | Bat: 0%</description>
      <styleUrl>#pointStyle</styleUrl>
      <Point><coordinates>-72.19149383,2.540020833,0</coordinates></Point>
    </Placemark>
    <Placemark>
      <n>#1231 HERMES-01</n>
      <description>14/07/2026 13:48:54 | Estado: NUEVA UBICACION | Bat: 0%</description>
      <styleUrl>#pointStyle</styleUrl>
      <Point><coordinates>-72.19154533,2.5400035,0</coordinates></Point>
    </Placemark>
    <Placemark>
      <n>#1232 HERMES-01</n>
      <description>14/07/2026 13:54:13 | Estado: NUEVA UBICACION | Bat: 0%</description>
      <styleUrl>#pointStyle</styleUrl>
      <Point><coordinates>-72.19152683,2.540023333,0</coordinates></Point>
    </Placemark>
    <Placemark>
      <n>#1233 HERMES-01</n>
      <description> No disponible | Estado: NUEVA UBICACION | Bat: 0%</description>
      <styleUrl>#pointStyle</styleUrl>
      <Point><coordinates>-72.191528,2.5400135,0</coordinates></Point>
    </Placemark>
    <Placemark>
      <n>#1234 HERMES-01</n>
      <description>14/07/2026 14:04:54 | Estado: NUEVA UBICACION | Bat: 0%</description>
      <styleUrl>#pointStyle</styleUrl>
      <Point><coordinates>-72.19151083,2.540055,0</coordinates></Point>
    </Placemark>
    <Placemark>
      <n>#1235 HERMES-01</n>
      <description>14/07/2026 14:10:13 | Estado: NUEVA UBICACION | Bat: 0%</description>
      <styleUrl>#pointStyle</styleUrl>
      <Point><coordinates>-72.19149017,2.5400015,0</coordinates></Point>
    </Placemark>
    <Placemark>
      <n>#1236 HERMES-01</n>
      <description>14/07/2026 14:15:33 | Estado: NUEVA UBICACION | Bat: 0%</description>
      <styleUrl>#pointStyle</styleUrl>
      <Point><coordinates>-72.19149733,2.5400065,0</coordinates></Point>
    </Placemark>
    <Placemark>
      <n>#1237 HERMES-01</n>
      <description>14/07/2026 14:20:55 | Estado: NUEVA UBICACION | Bat: 0%</description>
      <styleUrl>#pointStyle</styleUrl>
      <Point><coordinates>-72.1915015,2.53999,0</coordinates></Point>
    </Placemark>
    <Placemark>
      <n>#1238 HERMES-01</n>
      <description> No disponible | Estado: NUEVA UBICACION | Bat: 0%</description>
      <styleUrl>#pointStyle</styleUrl>
      <Point><coordinates>-72.19148,2.539991667,0</coordinates></Point>
    </Placemark>
    <Placemark>
      <n>#1239 HERMES-01</n>
      <description>14/07/2026 14:31:37 | Estado: NUEVA UBICACION | Bat: 0%</description>
      <styleUrl>#pointStyle</styleUrl>
      <Point><coordinates>-72.19145633,2.539975167,0</coordinates></Point>
    </Placemark>
    <Placemark>
      <n>#1240 HERMES-01</n>
      <description>14/07/2026 14:36:55 | Estado: NUEVA UBICACION | Bat: 0%</description>
      <styleUrl>#pointStyle</styleUrl>
      <Point><coordinates>-72.19144667,2.539947,0</coordinates></Point>
    </Placemark>
    <Placemark>
      <n>#1241 HERMES-01</n>
      <description> No disponible | Estado: NUEVA UBICACION | Bat: 0%</description>
      <styleUrl>#pointStyle</styleUrl>
      <Point><coordinates>-72.1914785,2.539956,0</coordinates></Point>
    </Placemark>
    <Placemark>
      <n>#1242 HERMES-01</n>
      <description>14/07/2026 14:47:34 | Estado: NUEVA UBICACION | Bat: 0%</description>
      <styleUrl>#pointStyle</styleUrl>
      <Point><coordinates>-72.1914805,2.539987833,0</coordinates></Point>
    </Placemark>
    <Placemark>
      <n>#1243 HERMES-01</n>
      <description>14/07/2026 14:53:04 | Estado: NUEVA UBICACION | Bat: 0%</description>
      <styleUrl>#pointStyle</styleUrl>
      <Point><coordinates>-72.19147383,2.539958667,0</coordinates></Point>
    </Placemark>
    <Placemark>
      <n>#1244 HERMES-01</n>
      <description> No disponible | Estado: NUEVA UBICACION | Bat: 0%</description>
      <styleUrl>#pointStyle</styleUrl>
      <Point><coordinates>-72.19145683,2.539971333,0</coordinates></Point>
    </Placemark>
    <Placemark>
      <n>#1245 HERMES-01</n>
      <description> No disponible | Estado: NUEVA UBICACION | Bat: 0%</description>
      <styleUrl>#pointStyle</styleUrl>
      <Point><coordinates>-72.19151883,2.539960667,0</coordinates></Point>
    </Placemark>
    <Placemark>
      <n>#1246 HERMES-01</n>
      <description> No disponible | Estado: NUEVA UBICACION | Bat: 0%</description>
      <styleUrl>#pointStyle</styleUrl>
      <Point><coordinates>-72.19149917,2.540009,0</coordinates></Point>
    </Placemark>
    <Placemark>
      <n>#1247 HERMES-01</n>
      <description>14/07/2026 15:14:22 | Estado: NUEVA UBICACION | Bat: 0%</description>
      <styleUrl>#pointStyle</styleUrl>
      <Point><coordinates>-72.19152583,2.540038333,0</coordinates></Point>
    </Placemark>
    <Placemark>
      <n>#1248 HERMES-01</n>
      <description>14/07/2026 15:19:41 | Estado: NUEVA UBICACION | Bat: 0%</description>
      <styleUrl>#pointStyle</styleUrl>
      <Point><coordinates>-72.1915275,2.5400325,0</coordinates></Point>
    </Placemark>
    <Placemark>
      <n>#1249 HERMES-01</n>
      <description>14/07/2026 15:25:00 | Estado: NUEVA UBICACION | Bat: 0%</description>
      <styleUrl>#pointStyle</styleUrl>
      <Point><coordinates>-72.191456,2.5399575,0</coordinates></Point>
    </Placemark>
    <Placemark>
      <n>#1250 HERMES-01</n>
      <description>14/07/2026 15:30:19 | Estado: NUEVA UBICACION | Bat: 0%</description>
      <styleUrl>#pointStyle</styleUrl>
      <Point><coordinates>-72.19149483,2.539985167,0</coordinates></Point>
    </Placemark>
    <Placemark>
      <n>#1251 HERMES-01</n>
      <description>14/07/2026 15:35:38 | Estado: NUEVA UBICACION | Bat: 0%</description>
      <styleUrl>#pointStyle</styleUrl>
      <Point><coordinates>-72.1914835,2.540018333,0</coordinates></Point>
    </Placemark>
    <Placemark>
      <n>#1252 HERMES-01</n>
      <description>14/07/2026 15:40:56 | Estado: NUEVA UBICACION | Bat: 0%</description>
      <styleUrl>#pointStyle</styleUrl>
      <Point><coordinates>-72.19146733,2.5399905,0</coordinates></Point>
    </Placemark>
    <Placemark>
      <n>#1253 HERMES-01</n>
      <description>14/07/2026 15:46:14 | Estado: NUEVA UBICACION | Bat: 0%</description>
      <styleUrl>#pointStyle</styleUrl>
      <Point><coordinates>-72.19148067,2.539995333,0</coordinates></Point>
    </Placemark>
    <Placemark>
      <n>#1254 HERMES-01</n>
      <description>14/07/2026 15:51:33 | Estado: NUEVA UBICACION | Bat: 0%</description>
      <styleUrl>#pointStyle</styleUrl>
      <Point><coordinates>-72.19148033,2.540021333,0</coordinates></Point>
    </Placemark>
    <Placemark>
      <n>#1255 HERMES-01</n>
      <description>14/07/2026 15:56:52 | Estado: NUEVA UBICACION | Bat: 0%</description>
      <styleUrl>#pointStyle</styleUrl>
      <Point><coordinates>-72.19152,2.540063167,0</coordinates></Point>
    </Placemark>
    <Placemark>
      <n>#1256 HERMES-01</n>
      <description> No disponible | Estado: NUEVA UBICACION | Bat: 0%</description>
      <styleUrl>#pointStyle</styleUrl>
      <Point><coordinates>-72.19147833,2.539969833,0</coordinates></Point>
    </Placemark>
    <Placemark>
      <n>#1257 HERMES-01</n>
      <description>14/07/2026 16:07:28 | Estado: NUEVA UBICACION | Bat: 0%</description>
      <styleUrl>#pointStyle</styleUrl>
      <Point><coordinates>-72.19147367,2.5400235,0</coordinates></Point>
    </Placemark>
    <Placemark>
      <n>#1258 HERMES-01</n>
      <description>14/07/2026 16:12:47 | Estado: NUEVA UBICACION | Bat: 0%</description>
      <styleUrl>#pointStyle</styleUrl>
      <Point><coordinates>-72.19147933,2.539962167,0</coordinates></Point>
    </Placemark>
    <Placemark>
      <n>#1259 HERMES-01</n>
      <description>14/07/2026 16:18:06 | Estado: NUEVA UBICACION | Bat: 0%</description>
      <styleUrl>#pointStyle</styleUrl>
      <Point><coordinates>-72.191514,2.540067,0</coordinates></Point>
    </Placemark>
    <Placemark>
      <n>#1260 HERMES-01</n>
      <description>14/07/2026 16:23:25 | Estado: NUEVA UBICACION | Bat: 0%</description>
      <styleUrl>#pointStyle</styleUrl>
      <Point><coordinates>-72.1914945,2.540004,0</coordinates></Point>
    </Placemark>
    <Placemark>
      <n>#1261 HERMES-01</n>
      <description> No disponible | Estado: NUEVA UBICACION | Bat: 0%</description>
      <styleUrl>#pointStyle</styleUrl>
      <Point><coordinates>-72.19146583,2.539947833,0</coordinates></Point>
    </Placemark>
    <Placemark>
      <n>#1262 HERMES-01</n>
      <description>14/07/2026 16:34:04 | Estado: NUEVA UBICACION | Bat: 0%</description>
      <styleUrl>#pointStyle</styleUrl>
      <Point><coordinates>-72.19148683,2.540002333,0</coordinates></Point>
    </Placemark>
    <Placemark>
      <n>#1263 HERMES-01</n>
      <description>14/07/2026 16:39:23 | Estado: NUEVA UBICACION | Bat: 0%</description>
      <styleUrl>#pointStyle</styleUrl>
      <Point><coordinates>-72.19152317,2.5400235,0</coordinates></Point>
    </Placemark>
    <Placemark>
      <n>#1264 HERMES-01</n>
      <description>14/07/2026 16:44:42 | Estado: NUEVA UBICACION | Bat: 0%</description>
      <styleUrl>#pointStyle</styleUrl>
      <Point><coordinates>-72.19150333,2.540018,0</coordinates></Point>
    </Placemark>
    <Placemark>
      <n>#1265 HERMES-01</n>
      <description> No disponible | Estado: NUEVA UBICACION | Bat: 0%</description>
      <styleUrl>#pointStyle</styleUrl>
      <Point><coordinates>-72.191494,2.539996333,0</coordinates></Point>
    </Placemark>
    <Placemark>
      <n>#1266 HERMES-01</n>
      <description> No disponible | Estado: NUEVA UBICACION | Bat: 0%</description>
      <styleUrl>#pointStyle</styleUrl>
      <Point><coordinates>-72.19150533,2.540015833,0</coordinates></Point>
    </Placemark>
    <Placemark>
      <n>#1267 HERMES-01</n>
      <description>14/07/2026 17:00:38 | Estado: NUEVA UBICACION | Bat: 0%</description>
      <styleUrl>#pointStyle</styleUrl>
      <Point><coordinates>-72.191511,2.540020833,0</coordinates></Point>
    </Placemark>
    <Placemark>
      <n>#1268 HERMES-01</n>
      <description>14/07/2026 17:05:57 | Estado: NUEVA UBICACION | Bat: 0%</description>
      <styleUrl>#pointStyle</styleUrl>
      <Point><coordinates>-72.19149717,2.539997,0</coordinates></Point>
    </Placemark>
    <Placemark>
      <n>#1269 HERMES-01</n>
      <description>14/07/2026 17:11:16 | Estado: NUEVA UBICACION | Bat: 0%</description>
      <styleUrl>#pointStyle</styleUrl>
      <Point><coordinates>-72.19147983,2.539999167,0</coordinates></Point>
    </Placemark>
    <Placemark>
      <n>#1270 HERMES-01</n>
      <description>14/07/2026 17:16:36 | Estado: NUEVA UBICACION | Bat: 0%</description>
      <styleUrl>#pointStyle</styleUrl>
      <Point><coordinates>-72.19144817,2.5399565,0</coordinates></Point>
    </Placemark>
    <Placemark>
      <n>#1271 HERMES-01</n>
      <description>14/07/2026 17:21:54 | Estado: NUEVA UBICACION | Bat: 0%</description>
      <styleUrl>#pointStyle</styleUrl>
      <Point><coordinates>-72.19149467,2.540014,0</coordinates></Point>
    </Placemark>
    <Placemark>
      <n>#1272 HERMES-01</n>
      <description>14/07/2026 17:27:12 | Estado: NUEVA UBICACION | Bat: 0%</description>
      <styleUrl>#pointStyle</styleUrl>
      <Point><coordinates>-72.191502,2.540029,0</coordinates></Point>
    </Placemark>
    <Placemark>
      <n>#1273 HERMES-01</n>
      <description>14/07/2026 17:32:30 | Estado: NUEVA UBICACION | Bat: 0%</description>
      <styleUrl>#pointStyle</styleUrl>
      <Point><coordinates>-72.1914715,2.540005833,0</coordinates></Point>
    </Placemark>
    <Placemark>
      <n>#1274 HERMES-01</n>
      <description>14/07/2026 17:37:48 | Estado: NUEVA UBICACION | Bat: 0%</description>
      <styleUrl>#pointStyle</styleUrl>
      <Point><coordinates>-72.1914875,2.540012,0</coordinates></Point>
    </Placemark>
    <Placemark>
      <n>#1275 HERMES-01</n>
      <description>14/07/2026 17:43:06 | Estado: NUEVA UBICACION | Bat: 0%</description>
      <styleUrl>#pointStyle</styleUrl>
      <Point><coordinates>-72.19148683,2.540008667,0</coordinates></Point>
    </Placemark>
    <Placemark>
      <n>#1276 HERMES-01</n>
      <description>14/07/2026 17:48:26 | Estado: NUEVA UBICACION | Bat: 0%</description>
      <styleUrl>#pointStyle</styleUrl>
      <Point><coordinates>-72.19148667,2.540018333,0</coordinates></Point>
    </Placemark>
    <Placemark>
      <n>#1277 HERMES-01</n>
      <description>14/07/2026 17:53:45 | Estado: NUEVA UBICACION | Bat: 0%</description>
      <styleUrl>#pointStyle</styleUrl>
      <Point><coordinates>-72.1914605,2.539989167,0</coordinates></Point>
    </Placemark>
    <Placemark>
      <n>#1278 HERMES-01</n>
      <description> No disponible | Estado: NUEVA UBICACION | Bat: 0%</description>
      <styleUrl>#pointStyle</styleUrl>
      <Point><coordinates>-72.1914965,2.540000833,0</coordinates></Point>
    </Placemark>
    <Placemark>
      <n>#1279 HERMES-01</n>
      <description>14/07/2026 18:04:20 | Estado: NUEVA UBICACION | Bat: 0%</description>
      <styleUrl>#pointStyle</styleUrl>
      <Point><coordinates>-72.19150983,2.5400235,0</coordinates></Point>
    </Placemark>
    <Placemark>
      <n>#1280 HERMES-01</n>
      <description>14/07/2026 18:09:38 | Estado: NUEVA UBICACION | Bat: 0%</description>
      <styleUrl>#pointStyle</styleUrl>
      <Point><coordinates>-72.19149883,2.540030667,0</coordinates></Point>
    </Placemark>
    <Placemark>
      <n>#1281 HERMES-01</n>
      <description>14/07/2026 18:14:56 | Estado: NUEVA UBICACION | Bat: 0%</description>
      <styleUrl>#pointStyle</styleUrl>
      <Point><coordinates>-72.1914715,2.539995,0</coordinates></Point>
    </Placemark>
    <Placemark>
      <n>#1282 HERMES-01</n>
      <description>14/07/2026 18:26:48 | Estado: REENVIO PENDIENTE | Bat: 0%</description>
      <styleUrl>#pointStyle</styleUrl>
      <Point><coordinates>-72.193974,2.538477,0</coordinates></Point>
    </Placemark>
    <Placemark>
      <n>#1283 HERMES-01</n>
      <description>14/07/2026 18:32:56 | Estado: REENVIO PENDIENTE | Bat: 0%</description>
      <styleUrl>#pointStyle</styleUrl>
      <Point><coordinates>-72.19411,2.538423,0</coordinates></Point>
    </Placemark>
    <Placemark>
      <n>#1284 HERMES-01</n>
      <description>14/07/2026 18:39:04 | Estado: REENVIO PENDIENTE | Bat: 0%</description>
      <styleUrl>#pointStyle</styleUrl>
      <Point><coordinates>-72.204295,2.544404,0</coordinates></Point>
    </Placemark>
    <Placemark>
      <n>#1285 HERMES-01</n>
      <description>14/07/2026 18:45:12 | Estado: REENVIO PENDIENTE | Bat: 0%</description>
      <styleUrl>#pointStyle</styleUrl>
      <Point><coordinates>-72.218551,2.567468,0</coordinates></Point>
    </Placemark>
    <Placemark>
      <n>#1286 HERMES-01</n>
      <description>14/07/2026 18:51:20 | Estado: REENVIO PENDIENTE | Bat: 0%</description>
      <styleUrl>#pointStyle</styleUrl>
      <Point><coordinates>-72.219675,2.57041,0</coordinates></Point>
    </Placemark>
    <Placemark>
      <n>#1287 HERMES-01</n>
      <description>14/07/2026 18:57:27 | Estado: REENVIO PENDIENTE | Bat: 0%</description>
      <styleUrl>#pointStyle</styleUrl>
      <Point><coordinates>-72.229072,2.593363,0</coordinates></Point>
    </Placemark>
    <Placemark>
      <n>#1288 HERMES-01</n>
      <description>14/07/2026 19:02:41 | Estado: REENVIO PENDIENTE | Bat: 0%</description>
      <styleUrl>#pointStyle</styleUrl>
      <Point><coordinates>-72.648203,2.560811,0</coordinates></Point>
    </Placemark>
    <Placemark>
      <n>#1289 HERMES-01</n>
      <description>14/07/2026 19:13:43 | Estado: REENVIO PENDIENTE | Bat: 0%</description>
      <styleUrl>#pointStyle</styleUrl>
      <Point><coordinates>-72.648197,2.560798,0</coordinates></Point>
    </Placemark>
    <Placemark>
      <n>#1290 HERMES-01</n>
      <description>14/07/2026 19:24:46 | Estado: REENVIO PENDIENTE | Bat: 0%</description>
      <styleUrl>#pointStyle</styleUrl>
      <Point><coordinates>-72.648389,2.560863,0</coordinates></Point>
    </Placemark>
    <Placemark>
      <n>#1291 HERMES-01</n>
      <description>14/07/2026 19:35:49 | Estado: REENVIO PENDIENTE | Bat: 0%</description>
      <styleUrl>#pointStyle</styleUrl>
      <Point><coordinates>-72.648215,2.560829,0</coordinates></Point>
    </Placemark>
    <Placemark>
      <n>#1292 HERMES-01</n>
      <description>14/07/2026 19:46:52 | Estado: REENVIO PENDIENTE | Bat: 0%</description>
      <styleUrl>#pointStyle</styleUrl>
      <Point><coordinates>-72.648347,2.560847,0</coordinates></Point>
    </Placemark>
    <Placemark>
      <n>#1293 HERMES-01</n>
      <description>14/07/2026 19:57:54 | Estado: REENVIO PENDIENTE | Bat: 0%</description>
      <styleUrl>#pointStyle</styleUrl>
      <Point><coordinates>-72.648088,2.560849,0</coordinates></Point>
    </Placemark>
    <Placemark>
      <n>#1294 HERMES-01</n>
      <description>14/07/2026 20:10:01 | Estado: REENVIO PENDIENTE | Bat: 0%</description>
      <styleUrl>#pointStyle</styleUrl>
      <Point><coordinates>-72.647991,2.560889,0</coordinates></Point>
    </Placemark>
    <Placemark>
      <n>#1295 HERMES-01</n>
      <description>14/07/2026 20:25:04 | Estado: NUEVA UBICACION | Bat: 0%</description>
      <styleUrl>#pointStyle</styleUrl>
      <Point><coordinates>-72.64816883,2.560830333,0</coordinates></Point>
    </Placemark>
    <Placemark>
      <n>#1296 HERMES-01</n>
      <description>14/07/2026 20:30:39 | Estado: NUEVA UBICACION | Bat: 0%</description>
      <styleUrl>#pointStyle</styleUrl>
      <Point><coordinates>-72.64812067,2.560855667,0</coordinates></Point>
    </Placemark>
    <Placemark>
      <n>#1297 HERMES-01</n>
      <description>14/07/2026 20:36:26 | Estado: NUEVA UBICACION | Bat: 0%</description>
      <styleUrl>#pointStyle</styleUrl>
      <Point><coordinates>-72.64813967,2.56083,0</coordinates></Point>
    </Placemark>
    <Placemark>
      <n>#1298 HERMES-01</n>
      <description>14/07/2026 20:41:45 | Estado: NUEVA UBICACION | Bat: 0%</description>
      <styleUrl>#pointStyle</styleUrl>
      <Point><coordinates>-72.64816733,2.560851167,0</coordinates></Point>
    </Placemark>
    <Placemark>
      <n>#1299 HERMES-01</n>
      <description>14/07/2026 20:47:04 | Estado: NUEVA UBICACION | Bat: 0%</description>
      <styleUrl>#pointStyle</styleUrl>
      <Point><coordinates>-72.64814833,2.560798167,0</coordinates></Point>
    </Placemark>
    <Placemark>
      <n>#1300 HERMES-01</n>
      <description>14/07/2026 20:52:24 | Estado: NUEVA UBICACION | Bat: 0%</description>
      <styleUrl>#pointStyle</styleUrl>
      <Point><coordinates>-72.64815667,2.560834333,0</coordinates></Point>
    </Placemark>
    <Placemark>
      <n>#1301 HERMES-01</n>
      <description>14/07/2026 20:57:43 | Estado: NUEVA UBICACION | Bat: 0%</description>
      <styleUrl>#pointStyle</styleUrl>
      <Point><coordinates>-72.64815117,2.5608465,0</coordinates></Point>
    </Placemark>
    <Placemark>
      <n>#1302 HERMES-01</n>
      <description>14/07/2026 21:03:02 | Estado: NUEVA UBICACION | Bat: 0%</description>
      <styleUrl>#pointStyle</styleUrl>
      <Point><coordinates>-72.64816067,2.560845833,0</coordinates></Point>
    </Placemark>
    <Placemark>
      <n>#1303 HERMES-01</n>
      <description>14/07/2026 21:08:22 | Estado: NUEVA UBICACION | Bat: 0%</description>
      <styleUrl>#pointStyle</styleUrl>
      <Point><coordinates>-72.64814467,2.560833167,0</coordinates></Point>
    </Placemark>
    <Placemark>
      <n>#1304 HERMES-01</n>
      <description>14/07/2026 21:14:07 | Estado: REENVIO PENDIENTE | Bat: 0%</description>
      <styleUrl>#pointStyle</styleUrl>
      <Point><coordinates>-72.648163,2.560852,0</coordinates></Point>
    </Placemark>
    <Placemark>
      <n>#1305 HERMES-01</n>
      <description>14/07/2026 21:19:54 | Estado: NUEVA UBICACION | Bat: 0%</description>
      <styleUrl>#pointStyle</styleUrl>
      <Point><coordinates>-72.64815967,2.560855833,0</coordinates></Point>
    </Placemark>
    <Placemark>
      <n>#1306 HERMES-01</n>
      <description>14/07/2026 21:25:26 | Estado: NUEVA UBICACION | Bat: 0%</description>
      <styleUrl>#pointStyle</styleUrl>
      <Point><coordinates>-72.6481545,2.560845,0</coordinates></Point>
    </Placemark>
    <Placemark>
      <n>#1307 HERMES-01</n>
      <description>14/07/2026 21:30:53 | Estado: NUEVA UBICACION | Bat: 0%</description>
      <styleUrl>#pointStyle</styleUrl>
      <Point><coordinates>-72.64815167,2.560872667,0</coordinates></Point>
    </Placemark>
    <Placemark>
      <n>#1308 HERMES-01</n>
      <description>14/07/2026 21:36:22 | Estado: NUEVA UBICACION | Bat: 0%</description>
      <styleUrl>#pointStyle</styleUrl>
      <Point><coordinates>-72.648167,2.560858,0</coordinates></Point>
    </Placemark>
    <Placemark>
      <n>#1309 HERMES-01</n>
      <description>14/07/2026 21:41:43 | Estado: NUEVA UBICACION | Bat: 0%</description>
      <styleUrl>#pointStyle</styleUrl>
      <Point><coordinates>-72.64816,2.5608475,0</coordinates></Point>
    </Placemark>
    <Placemark>
      <n>#1310 HERMES-01</n>
      <description>14/07/2026 21:47:01 | Estado: NUEVA UBICACION | Bat: 0%</description>
      <styleUrl>#pointStyle</styleUrl>
      <Point><coordinates>-72.64814967,2.560844667,0</coordinates></Point>
    </Placemark>
    <Placemark>
      <n>#1311 HERMES-01</n>
      <description>14/07/2026 21:52:20 | Estado: NUEVA UBICACION | Bat: 0%</description>
      <styleUrl>#pointStyle</styleUrl>
      <Point><coordinates>-72.64815633,2.560847167,0</coordinates></Point>
    </Placemark>
    <Placemark>
      <n>#1312 HERMES-01</n>
      <description>14/07/2026 21:58:23 | Estado: NUEVA UBICACION | Bat: 0%</description>
      <styleUrl>#pointStyle</styleUrl>
      <Point><coordinates>-72.64816417,2.560860167,0</coordinates></Point>
    </Placemark>
    <Placemark>
      <n>#1313 HERMES-01</n>
      <description>14/07/2026 22:03:55 | Estado: NUEVA UBICACION | Bat: 0%</description>
      <styleUrl>#pointStyle</styleUrl>
      <Point><coordinates>-72.64815383,2.560826333,0</coordinates></Point>
    </Placemark>
    <Placemark>
      <n>#1314 HERMES-01</n>
      <description>14/07/2026 22:09:34 | Estado: NUEVA UBICACION | Bat: 0%</description>
      <styleUrl>#pointStyle</styleUrl>
      <Point><coordinates>-72.648162,2.560848667,0</coordinates></Point>
    </Placemark>
    <Placemark>
      <n>#1315 HERMES-01</n>
      <description>14/07/2026 22:14:52 | Estado: NUEVA UBICACION | Bat: 0%</description>
      <styleUrl>#pointStyle</styleUrl>
      <Point><coordinates>-72.64816617,2.560892,0</coordinates></Point>
    </Placemark>
    <Placemark>
      <n>#1316 HERMES-01</n>
      <description>14/07/2026 22:25:29 | Estado: NUEVA UBICACION | Bat: 0%</description>
      <styleUrl>#pointStyle</styleUrl>
      <Point><coordinates>-72.6481575,2.560874167,0</coordinates></Point>
    </Placemark>
    <Placemark>
      <n>#1317 HERMES-01</n>
      <description>14/07/2026 22:30:48 | Estado: NUEVA UBICACION | Bat: 0%</description>
      <styleUrl>#pointStyle</styleUrl>
      <Point><coordinates>-72.64815767,2.560858667,0</coordinates></Point>
    </Placemark>
    <Placemark>
      <n>#1318 HERMES-01</n>
      <description>14/07/2026 22:51:58 | Estado: NUEVA UBICACION | Bat: 0%</description>
      <styleUrl>#pointStyle</styleUrl>
      <Point><coordinates>-72.64815333,2.560873833,0</coordinates></Point>
    </Placemark>
    <Placemark>
      <n>#1319 HERMES-01</n>
      <description>14/07/2026 22:57:15 | Estado: NUEVA UBICACION | Bat: 0%</description>
      <styleUrl>#pointStyle</styleUrl>
      <Point><coordinates>-72.6481535,2.560866833,0</coordinates></Point>
    </Placemark>
    <Placemark>
      <n>#1320 HERMES-01</n>
      <description>14/07/2026 23:02:46 | Estado: NUEVA UBICACION | Bat: 0%</description>
      <styleUrl>#pointStyle</styleUrl>
      <Point><coordinates>-72.64819367,2.560884333,0</coordinates></Point>
    </Placemark>
    <Placemark>
      <n>#1321 HERMES-01</n>
      <description> No disponible | Estado: REENVIO PENDIENTE | Bat: 0%</description>
      <styleUrl>#pointStyle</styleUrl>
      <Point><coordinates>-72.26066,2.523179,0</coordinates></Point>
    </Placemark>
    <Placemark>
      <n>#1322 HERMES-01</n>
      <description> No disponible | Estado: REENVIO PENDIENTE | Bat: 0%</description>
      <styleUrl>#pointStyle</styleUrl>
      <Point><coordinates>-72.2908,2.536812,0</coordinates></Point>
    </Placemark>
    <Placemark>
      <n>#1323 HERMES-01</n>
      <description> No disponible | Estado: REENVIO PENDIENTE | Bat: 0%</description>
      <styleUrl>#pointStyle</styleUrl>
      <Point><coordinates>-72.396064,2.542173,0</coordinates></Point>
    </Placemark>
    <Placemark>
      <n>#1324 HERMES-01</n>
      <description> No disponible | Estado: REENVIO PENDIENTE | Bat: 0%</description>
      <styleUrl>#pointStyle</styleUrl>
      <Point><coordinates>-72.470148,2.551782,0</coordinates></Point>
    </Placemark>
    <Placemark>
      <n>#1325 HERMES-01</n>
      <description> No disponible | Estado: REENVIO PENDIENTE | Bat: 0%</description>
      <styleUrl>#pointStyle</styleUrl>
      <Point><coordinates>-72.462075,2.535601,0</coordinates></Point>
    </Placemark>
    <Placemark>
      <n>#1326 HERMES-01</n>
      <description> No disponible | Estado: REENVIO PENDIENTE | Bat: 0%</description>
      <styleUrl>#pointStyle</styleUrl>
      <Point><coordinates>-72.4521,2.51232,0</coordinates></Point>
    </Placemark>
    <Placemark>
      <n>#1327 HERMES-01</n>
      <description> No disponible | Estado: REENVIO PENDIENTE | Bat: 0%</description>
      <styleUrl>#pointStyle</styleUrl>
      <Point><coordinates>-72.456171,2.523787,0</coordinates></Point>
    </Placemark>
    <Placemark>
      <n>#1328 HERMES-01</n>
      <description> No disponible | Estado: REENVIO PENDIENTE | Bat: 0%</description>
      <styleUrl>#pointStyle</styleUrl>
      <Point><coordinates>-72.524429,2.483587,0</coordinates></Point>
    </Placemark>
    <Placemark>
      <n>#1329 HERMES-01</n>
      <description> No disponible | Estado: REENVIO PENDIENTE | Bat: 0%</description>
      <styleUrl>#pointStyle</styleUrl>
      <Point><coordinates>-72.512331,2.431993,0</coordinates></Point>
    </Placemark>
    <Placemark>
      <n>#1330 HERMES-01</n>
      <description>14/07/2026 23:08:04 | Estado: NUEVA UBICACION | Bat: 0%</description>
      <styleUrl>#pointStyle</styleUrl>
      <Point><coordinates>-72.64814133,2.560866833,0</coordinates></Point>
    </Placemark>
    <Placemark>
      <n>#1331 HERMES-01</n>
      <description>14/07/2026 23:13:30 | Estado: NUEVA UBICACION | Bat: 0%</description>
      <styleUrl>#pointStyle</styleUrl>
      <Point><coordinates>-72.64817467,2.560824833,0</coordinates></Point>
    </Placemark>
    <Placemark>
      <n>#1332 HERMES-01</n>
      <description>14/07/2026 23:18:47 | Estado: NUEVA UBICACION | Bat: 0%</description>
      <styleUrl>#pointStyle</styleUrl>
      <Point><coordinates>-72.64813217,2.560836,0</coordinates></Point>
    </Placemark>
    <Placemark>
      <n>#1333 HERMES-01</n>
      <description>14/07/2026 23:24:06 | Estado: NUEVA UBICACION | Bat: 0%</description>
      <styleUrl>#pointStyle</styleUrl>
      <Point><coordinates>-72.648153,2.560846833,0</coordinates></Point>
    </Placemark>
    <Placemark>
      <n>#1334 HERMES-01</n>
      <description>14/07/2026 23:29:27 | Estado: NUEVA UBICACION | Bat: 0%</description>
      <styleUrl>#pointStyle</styleUrl>
      <Point><coordinates>-72.64814283,2.560855333,0</coordinates></Point>
    </Placemark>
    <Placemark>
      <n>#1335 HERMES-01</n>
      <description>14/07/2026 23:34:44 | Estado: NUEVA UBICACION | Bat: 0%</description>
      <styleUrl>#pointStyle</styleUrl>
      <Point><coordinates>-72.64815967,2.560872667,0</coordinates></Point>
    </Placemark>
    <Placemark>
      <n>#1336 HERMES-01</n>
      <description>14/07/2026 23:45:21 | Estado: NUEVA UBICACION | Bat: 0%</description>
      <styleUrl>#pointStyle</styleUrl>
      <Point><coordinates>-72.64817017,2.560843167,0</coordinates></Point>
    </Placemark>
    <Placemark>
      <n>#1337 HERMES-01</n>
      <description>14/07/2026 23:50:40 | Estado: NUEVA UBICACION | Bat: 0%</description>
      <styleUrl>#pointStyle</styleUrl>
      <Point><coordinates>-72.64817583,2.560838,0</coordinates></Point>
    </Placemark>
    <Placemark>
      <n>#1338 HERMES-01</n>
      <description>14/07/2026 23:56:00 | Estado: NUEVA UBICACION | Bat: 0%</description>
      <styleUrl>#pointStyle</styleUrl>
      <Point><coordinates>-72.64817167,2.560856167,0</coordinates></Point>
    </Placemark>
    <Placemark>
      <n>#1339 HERMES-01</n>
      <description>15/07/2026 00:04:55 | Estado: NUEVA UBICACION | Bat: 0%</description>
      <styleUrl>#pointStyle</styleUrl>
      <Point><coordinates>-72.548159,2.392756,0</coordinates></Point>
    </Placemark>
    <Placemark>
      <n>#1340 HERMES-01</n>
      <description>15/07/2026 00:10:13 | Estado: NUEVA UBICACION | Bat: 0%</description>
      <styleUrl>#pointStyle</styleUrl>
      <Point><coordinates>-72.54819333,2.392745167,0</coordinates></Point>
    </Placemark>
    <Placemark>
      <n>#1341 HERMES-01</n>
      <description>15/07/2026 00:15:32 | Estado: NUEVA UBICACION | Bat: 0%</description>
      <styleUrl>#pointStyle</styleUrl>
      <Point><coordinates>-72.548165,2.3927375,0</coordinates></Point>
    </Placemark>
    <Placemark>
      <n>#1342 HERMES-01</n>
      <description>15/07/2026 00:20:50 | Estado: NUEVA UBICACION | Bat: 0%</description>
      <styleUrl>#pointStyle</styleUrl>
      <Point><coordinates>-72.54816783,2.392734,0</coordinates></Point>
    </Placemark>
    <Placemark>
      <n>#1343 HERMES-01</n>
      <description> No disponible | Estado: NUEVA UBICACION | Bat: 0%</description>
      <styleUrl>#pointStyle</styleUrl>
      <Point><coordinates>-72.548156,2.392741,0</coordinates></Point>
    </Placemark>
    <Placemark>
      <n>#1344 HERMES-01</n>
      <description>15/07/2026 00:31:31 | Estado: NUEVA UBICACION | Bat: 0%</description>
      <styleUrl>#pointStyle</styleUrl>
      <Point><coordinates>-72.5482085,2.392737667,0</coordinates></Point>
    </Placemark>
    <Placemark>
      <n>#1345 HERMES-01</n>
      <description>15/07/2026 00:36:49 | Estado: NUEVA UBICACION | Bat: 0%</description>
      <styleUrl>#pointStyle</styleUrl>
      <Point><coordinates>-72.54818917,2.392737333,0</coordinates></Point>
    </Placemark>
    <Placemark>
      <n>#1346 HERMES-01</n>
      <description> No disponible | Estado: NUEVA UBICACION | Bat: 0%</description>
      <styleUrl>#pointStyle</styleUrl>
      <Point><coordinates>-72.54814517,2.392748833,0</coordinates></Point>
    </Placemark>
    <Placemark>
      <n>#1347 HERMES-01</n>
      <description>15/07/2026 00:47:25 | Estado: NUEVA UBICACION | Bat: 0%</description>
      <styleUrl>#pointStyle</styleUrl>
      <Point><coordinates>-72.54817933,2.392759833,0</coordinates></Point>
    </Placemark>
    <Placemark>
      <n>#1348 HERMES-01</n>
      <description>15/07/2026 00:59:18 | Estado: REENVIO PENDIENTE | Bat: 0%</description>
      <styleUrl>#pointStyle</styleUrl>
      <Point><coordinates>-72.548159,2.39274,0</coordinates></Point>
    </Placemark>
    <Placemark>
      <n>#1349 HERMES-01</n>
      <description>15/07/2026 01:05:26 | Estado: REENVIO PENDIENTE | Bat: 0%</description>
      <styleUrl>#pointStyle</styleUrl>
      <Point><coordinates>-72.548196,2.39274,0</coordinates></Point>
    </Placemark>
    <Placemark>
      <n>#1350 HERMES-01</n>
      <description>15/07/2026 01:11:33 | Estado: REENVIO PENDIENTE | Bat: 0%</description>
      <styleUrl>#pointStyle</styleUrl>
      <Point><coordinates>-72.548174,2.392731,0</coordinates></Point>
    </Placemark>
    <Placemark>
      <n>#1351 HERMES-01</n>
      <description>15/07/2026 01:17:41 | Estado: REENVIO PENDIENTE | Bat: 0%</description>
      <styleUrl>#pointStyle</styleUrl>
      <Point><coordinates>-72.548182,2.392755,0</coordinates></Point>
    </Placemark>
    <Placemark>
      <n>#1352 HERMES-01</n>
      <description>15/07/2026 01:29:56 | Estado: REENVIO PENDIENTE | Bat: 0%</description>
      <styleUrl>#pointStyle</styleUrl>
      <Point><coordinates>-72.548153,2.39277,0</coordinates></Point>
    </Placemark>
    <Placemark>
      <n>#1353 HERMES-01</n>
      <description>15/07/2026 01:36:04 | Estado: REENVIO PENDIENTE | Bat: 0%</description>
      <styleUrl>#pointStyle</styleUrl>
      <Point><coordinates>-72.548189,2.39278,0</coordinates></Point>
    </Placemark>
    <Placemark>
      <n>#1354 HERMES-01</n>
      <description>15/07/2026 01:48:19 | Estado: REENVIO PENDIENTE | Bat: 0%</description>
      <styleUrl>#pointStyle</styleUrl>
      <Point><coordinates>-72.548185,2.392758,0</coordinates></Point>
    </Placemark>
    <Placemark>
      <n>#1355 HERMES-01</n>
      <description>15/07/2026 01:54:27 | Estado: REENVIO PENDIENTE | Bat: 0%</description>
      <styleUrl>#pointStyle</styleUrl>
      <Point><coordinates>-72.548186,2.392797,0</coordinates></Point>
    </Placemark>
    <Placemark>
      <n>#1356 HERMES-01</n>
      <description>15/07/2026 02:00:35 | Estado: REENVIO PENDIENTE | Bat: 0%</description>
      <styleUrl>#pointStyle</styleUrl>
      <Point><coordinates>-72.548189,2.392764,0</coordinates></Point>
    </Placemark>
    <Placemark>
      <n>#1357 HERMES-01</n>
      <description>15/07/2026 02:06:43 | Estado: REENVIO PENDIENTE | Bat: 0%</description>
      <styleUrl>#pointStyle</styleUrl>
      <Point><coordinates>-72.548177,2.392752,0</coordinates></Point>
    </Placemark>
    <Placemark>
      <n>#1358 HERMES-01</n>
      <description>15/07/2026 02:12:51 | Estado: REENVIO PENDIENTE | Bat: 0%</description>
      <styleUrl>#pointStyle</styleUrl>
      <Point><coordinates>-72.548178,2.392752,0</coordinates></Point>
    </Placemark>
    <Placemark>
      <n>#1359 HERMES-01</n>
      <description>15/07/2026 02:25:06 | Estado: REENVIO PENDIENTE | Bat: 0%</description>
      <styleUrl>#pointStyle</styleUrl>
      <Point><coordinates>-72.548174,2.392746,0</coordinates></Point>
    </Placemark>
    <Placemark>
      <n>#1360 HERMES-01</n>
      <description>15/07/2026 02:31:14 | Estado: REENVIO PENDIENTE | Bat: 0%</description>
      <styleUrl>#pointStyle</styleUrl>
      <Point><coordinates>-72.548159,2.392742,0</coordinates></Point>
    </Placemark>
    <Placemark>
      <n>#1361 HERMES-01</n>
      <description>15/07/2026 02:37:22 | Estado: REENVIO PENDIENTE | Bat: 0%</description>
      <styleUrl>#pointStyle</styleUrl>
      <Point><coordinates>-72.548171,2.39276,0</coordinates></Point>
    </Placemark>
    <Placemark>
      <n>#1362 HERMES-01</n>
      <description>15/07/2026 02:43:30 | Estado: REENVIO PENDIENTE | Bat: 0%</description>
      <styleUrl>#pointStyle</styleUrl>
      <Point><coordinates>-72.54814,2.392775,0</coordinates></Point>
    </Placemark>
    <Placemark>
      <n>#1363 HERMES-01</n>
      <description>15/07/2026 02:49:37 | Estado: REENVIO PENDIENTE | Bat: 0%</description>
      <styleUrl>#pointStyle</styleUrl>
      <Point><coordinates>-72.548161,2.392739,0</coordinates></Point>
    </Placemark>
    <Placemark>
      <n>#1364 HERMES-01</n>
      <description>15/07/2026 02:55:45 | Estado: REENVIO PENDIENTE | Bat: 0%</description>
      <styleUrl>#pointStyle</styleUrl>
      <Point><coordinates>-72.548183,2.392765,0</coordinates></Point>
    </Placemark>
    <Placemark>
      <n>#1365 HERMES-01</n>
      <description>15/07/2026 03:01:53 | Estado: REENVIO PENDIENTE | Bat: 0%</description>
      <styleUrl>#pointStyle</styleUrl>
      <Point><coordinates>-72.548164,2.392765,0</coordinates></Point>
    </Placemark>
    <Placemark>
      <n>#1366 HERMES-01</n>
      <description>15/07/2026 03:08:01 | Estado: REENVIO PENDIENTE | Bat: 0%</description>
      <styleUrl>#pointStyle</styleUrl>
      <Point><coordinates>-72.5482,2.392721,0</coordinates></Point>
    </Placemark>
    <Placemark>
      <n>#1367 HERMES-01</n>
      <description>15/07/2026 03:14:09 | Estado: REENVIO PENDIENTE | Bat: 0%</description>
      <styleUrl>#pointStyle</styleUrl>
      <Point><coordinates>-72.548186,2.392711,0</coordinates></Point>
    </Placemark>
    <Placemark>
      <n>#1368 HERMES-01</n>
      <description>15/07/2026 03:20:17 | Estado: REENVIO PENDIENTE | Bat: 0%</description>
      <styleUrl>#pointStyle</styleUrl>
      <Point><coordinates>-72.548181,2.39273,0</coordinates></Point>
    </Placemark>
    <Placemark>
      <n>#1369 HERMES-01</n>
      <description>15/07/2026 03:26:25 | Estado: REENVIO PENDIENTE | Bat: 0%</description>
      <styleUrl>#pointStyle</styleUrl>
      <Point><coordinates>-72.54817,2.392745,0</coordinates></Point>
    </Placemark>
    <Placemark>
      <n>#1370 HERMES-01</n>
      <description>15/07/2026 03:32:33 | Estado: REENVIO PENDIENTE | Bat: 0%</description>
      <styleUrl>#pointStyle</styleUrl>
      <Point><coordinates>-72.548194,2.392757,0</coordinates></Point>
    </Placemark>
    <Placemark>
      <n>#1371 HERMES-01</n>
      <description>15/07/2026 03:38:41 | Estado: REENVIO PENDIENTE | Bat: 0%</description>
      <styleUrl>#pointStyle</styleUrl>
      <Point><coordinates>-72.548167,2.39275,0</coordinates></Point>
    </Placemark>
    <Placemark>
      <n>#1372 HERMES-01</n>
      <description>15/07/2026 04:03:12 | Estado: REENVIO PENDIENTE | Bat: 0%</description>
      <styleUrl>#pointStyle</styleUrl>
      <Point><coordinates>-72.548154,2.392745,0</coordinates></Point>
    </Placemark>
    <Placemark>
      <n>#1373 HERMES-01</n>
      <description>15/07/2026 04:09:19 | Estado: REENVIO PENDIENTE | Bat: 0%</description>
      <styleUrl>#pointStyle</styleUrl>
      <Point><coordinates>-72.548184,2.392743,0</coordinates></Point>
    </Placemark>
    <Placemark>
      <n>#1374 HERMES-01</n>
      <description>15/07/2026 04:15:27 | Estado: REENVIO PENDIENTE | Bat: 0%</description>
      <styleUrl>#pointStyle</styleUrl>
      <Point><coordinates>-72.54817,2.392752,0</coordinates></Point>
    </Placemark>
    <Placemark>
      <n>#1375 HERMES-01</n>
      <description>15/07/2026 04:21:35 | Estado: REENVIO PENDIENTE | Bat: 0%</description>
      <styleUrl>#pointStyle</styleUrl>
      <Point><coordinates>-72.548177,2.392737,0</coordinates></Point>
    </Placemark>
    <Placemark>
      <n>#1376 HERMES-01</n>
      <description>15/07/2026 04:27:43 | Estado: REENVIO PENDIENTE | Bat: 0%</description>
      <styleUrl>#pointStyle</styleUrl>
      <Point><coordinates>-72.548168,2.392758,0</coordinates></Point>
    </Placemark>
    <Placemark>
      <n>#1377 HERMES-01</n>
      <description>15/07/2026 04:33:51 | Estado: REENVIO PENDIENTE | Bat: 0%</description>
      <styleUrl>#pointStyle</styleUrl>
      <Point><coordinates>-72.548179,2.392753,0</coordinates></Point>
    </Placemark>
    <Placemark>
      <n>#1378 HERMES-01</n>
      <description>15/07/2026 04:39:59 | Estado: REENVIO PENDIENTE | Bat: 0%</description>
      <styleUrl>#pointStyle</styleUrl>
      <Point><coordinates>-72.548184,2.392755,0</coordinates></Point>
    </Placemark>
    <Placemark>
      <n>#1379 HERMES-01</n>
      <description>15/07/2026 04:46:06 | Estado: REENVIO PENDIENTE | Bat: 0%</description>
      <styleUrl>#pointStyle</styleUrl>
      <Point><coordinates>-72.548182,2.392744,0</coordinates></Point>
    </Placemark>
    <Placemark>
      <n>#1380 HERMES-01</n>
      <description>15/07/2026 04:52:14 | Estado: REENVIO PENDIENTE | Bat: 0%</description>
      <styleUrl>#pointStyle</styleUrl>
      <Point><coordinates>-72.548209,2.392767,0</coordinates></Point>
    </Placemark>
    <Placemark>
      <n>#1381 HERMES-01</n>
      <description>15/07/2026 04:58:22 | Estado: REENVIO PENDIENTE | Bat: 0%</description>
      <styleUrl>#pointStyle</styleUrl>
      <Point><coordinates>-72.548199,2.392761,0</coordinates></Point>
    </Placemark>
    <Placemark>
      <n>#1382 HERMES-01</n>
      <description>15/07/2026 05:04:30 | Estado: REENVIO PENDIENTE | Bat: 0%</description>
      <styleUrl>#pointStyle</styleUrl>
      <Point><coordinates>-72.548215,2.392786,0</coordinates></Point>
    </Placemark>
    <Placemark>
      <n>#1383 HERMES-01</n>
      <description>15/07/2026 05:10:38 | Estado: REENVIO PENDIENTE | Bat: 0%</description>
      <styleUrl>#pointStyle</styleUrl>
      <Point><coordinates>-72.548189,2.392777,0</coordinates></Point>
    </Placemark>
    <Placemark>
      <n>#1384 HERMES-01</n>
      <description>15/07/2026 05:16:46 | Estado: REENVIO PENDIENTE | Bat: 0%</description>
      <styleUrl>#pointStyle</styleUrl>
      <Point><coordinates>-72.548159,2.392797,0</coordinates></Point>
    </Placemark>
    <Placemark>
      <n>#1385 HERMES-01</n>
      <description> No disponible | Estado: REENVIO PENDIENTE | Bat: 0%</description>
      <styleUrl>#pointStyle</styleUrl>
      <Point><coordinates>-72.548175,2.392709,0</coordinates></Point>
    </Placemark>
    <Placemark>
      <n>#1386 HERMES-01</n>
      <description> No disponible | Estado: REENVIO PENDIENTE | Bat: 0%</description>
      <styleUrl>#pointStyle</styleUrl>
      <Point><coordinates>-72.548164,2.392763,0</coordinates></Point>
    </Placemark>
    <Placemark>
      <n>#1387 HERMES-01</n>
      <description> No disponible | Estado: REENVIO PENDIENTE | Bat: 0%</description>
      <styleUrl>#pointStyle</styleUrl>
      <Point><coordinates>-72.548208,2.392751,0</coordinates></Point>
    </Placemark>
    <Placemark>
      <n>#1388 HERMES-01</n>
      <description> No disponible | Estado: REENVIO PENDIENTE | Bat: 0%</description>
      <styleUrl>#pointStyle</styleUrl>
      <Point><coordinates>-72.548161,2.392766,0</coordinates></Point>
    </Placemark>
    <Placemark>
      <n>#1389 HERMES-01</n>
      <description> No disponible | Estado: REENVIO PENDIENTE | Bat: 0%</description>
      <styleUrl>#pointStyle</styleUrl>
      <Point><coordinates>-72.548147,2.392745,0</coordinates></Point>
    </Placemark>
    <Placemark>
      <n>#1390 HERMES-01</n>
      <description> No disponible | Estado: REENVIO PENDIENTE | Bat: 0%</description>
      <styleUrl>#pointStyle</styleUrl>
      <Point><coordinates>-72.548168,2.392735,0</coordinates></Point>
    </Placemark>
    <Placemark>
      <n>#1391 HERMES-01</n>
      <description>15/07/2026 05:26:20 | Estado: NUEVA UBICACION | Bat: 0%</description>
      <styleUrl>#pointStyle</styleUrl>
      <Point><coordinates>-72.54817133,2.392735333,0</coordinates></Point>
    </Placemark>
    <Placemark>
      <n>#1392 HERMES-01</n>
      <description>15/07/2026 05:31:36 | Estado: NUEVA UBICACION | Bat: 0%</description>
      <styleUrl>#pointStyle</styleUrl>
      <Point><coordinates>-72.54819367,2.392753833,0</coordinates></Point>
    </Placemark>
    <Placemark>
      <n>#1393 HERMES-01</n>
      <description>15/07/2026 05:36:55 | Estado: NUEVA UBICACION | Bat: 0%</description>
      <styleUrl>#pointStyle</styleUrl>
      <Point><coordinates>-72.548222,2.392716167,0</coordinates></Point>
    </Placemark>
    <Placemark>
      <n>#1394 HERMES-01</n>
      <description>15/07/2026 05:42:12 | Estado: NUEVA UBICACION | Bat: 0%</description>
      <styleUrl>#pointStyle</styleUrl>
      <Point><coordinates>-72.54817267,2.392734333,0</coordinates></Point>
    </Placemark>
    <Placemark>
      <n>#1395 HERMES-01</n>
      <description>15/07/2026 05:47:30 | Estado: NUEVA UBICACION | Bat: 0%</description>
      <styleUrl>#pointStyle</styleUrl>
      <Point><coordinates>-72.54817333,2.3927765,0</coordinates></Point>
    </Placemark>
    <Placemark>
      <n>#1396 HERMES-01</n>
      <description> No disponible | Estado: NUEVA UBICACION | Bat: 0%</description>
      <styleUrl>#pointStyle</styleUrl>
      <Point><coordinates>-72.54815483,2.392765333,0</coordinates></Point>
    </Placemark>
    <Placemark>
      <n>#1397 HERMES-01</n>
      <description>15/07/2026 06:04:39 | Estado: REENVIO PENDIENTE | Bat: 0%</description>
      <styleUrl>#pointStyle</styleUrl>
      <Point><coordinates>-72.548238,2.392808,0</coordinates></Point>
    </Placemark>
    <Placemark>
      <n>#1398 HERMES-01</n>
      <description>15/07/2026 06:29:10 | Estado: REENVIO PENDIENTE | Bat: 0%</description>
      <styleUrl>#pointStyle</styleUrl>
      <Point><coordinates>-72.556995,2.412345,0</coordinates></Point>
    </Placemark>
    <Placemark>
      <n>#1399 HERMES-01</n>
      <description>15/07/2026 06:35:18 | Estado: REENVIO PENDIENTE | Bat: 0%</description>
      <styleUrl>#pointStyle</styleUrl>
      <Point><coordinates>-72.566306,2.403472,0</coordinates></Point>
    </Placemark>
    <Placemark>
      <n>#1400 HERMES-01</n>
      <description>15/07/2026 06:41:26 | Estado: REENVIO PENDIENTE | Bat: 0%</description>
      <styleUrl>#pointStyle</styleUrl>
      <Point><coordinates>-72.566285,2.403621,0</coordinates></Point>
    </Placemark>
    <Placemark>
      <n>#1401 HERMES-01</n>
      <description>15/07/2026 06:47:34 | Estado: REENVIO PENDIENTE | Bat: 0%</description>
      <styleUrl>#pointStyle</styleUrl>
      <Point><coordinates>-72.556194,2.411726,0</coordinates></Point>
    </Placemark>
    <Placemark>
      <n>#1402 HERMES-01</n>
      <description>15/07/2026 06:53:42 | Estado: REENVIO PENDIENTE | Bat: 0%</description>
      <styleUrl>#pointStyle</styleUrl>
      <Point><coordinates>-72.537063,2.411736,0</coordinates></Point>
    </Placemark>
    <Placemark>
      <n>#1403 HERMES-01</n>
      <description>15/07/2026 07:05:58 | Estado: REENVIO PENDIENTE | Bat: 0%</description>
      <styleUrl>#pointStyle</styleUrl>
      <Point><coordinates>-72.526825,2.404997,0</coordinates></Point>
    </Placemark>
    <Placemark>
      <n>#1404 HERMES-01</n>
      <description>15/07/2026 07:12:06 | Estado: REENVIO PENDIENTE | Bat: 0%</description>
      <styleUrl>#pointStyle</styleUrl>
      <Point><coordinates>-72.5248,2.400745,0</coordinates></Point>
    </Placemark>
    <Placemark>
      <n>#1405 HERMES-01</n>
      <description>15/07/2026 07:24:22 | Estado: REENVIO PENDIENTE | Bat: 0%</description>
      <styleUrl>#pointStyle</styleUrl>
      <Point><coordinates>-72.490005,2.373692,0</coordinates></Point>
    </Placemark>
    <Placemark>
      <n>#1406 HERMES-01</n>
      <description>15/07/2026 07:30:31 | Estado: REENVIO PENDIENTE | Bat: 0%</description>
      <styleUrl>#pointStyle</styleUrl>
      <Point><coordinates>-72.466365,2.354146,0</coordinates></Point>
    </Placemark>
    <Placemark>
      <n>#1407 HERMES-01</n>
      <description>15/07/2026 07:36:39 | Estado: REENVIO PENDIENTE | Bat: 0%</description>
      <styleUrl>#pointStyle</styleUrl>
      <Point><coordinates>-72.457122,2.342036,0</coordinates></Point>
    </Placemark>
    <Placemark>
      <n>#1408 HERMES-01</n>
      <description>15/07/2026 07:42:46 | Estado: REENVIO PENDIENTE | Bat: 0%</description>
      <styleUrl>#pointStyle</styleUrl>
      <Point><coordinates>-72.446364,2.351171,0</coordinates></Point>
    </Placemark>
    <Placemark>
      <n>#1409 HERMES-01</n>
      <description>15/07/2026 07:48:54 | Estado: REENVIO PENDIENTE | Bat: 0%</description>
      <styleUrl>#pointStyle</styleUrl>
      <Point><coordinates>-72.434034,2.341757,0</coordinates></Point>
    </Placemark>
    <Placemark>
      <n>#1410 HERMES-01</n>
      <description>15/07/2026 08:01:10 | Estado: REENVIO PENDIENTE | Bat: 0%</description>
      <styleUrl>#pointStyle</styleUrl>
      <Point><coordinates>-72.425848,2.349778,0</coordinates></Point>
    </Placemark>
    <Placemark>
      <n>#1411 HERMES-01</n>
      <description>15/07/2026 08:13:25 | Estado: REENVIO PENDIENTE | Bat: 0%</description>
      <styleUrl>#pointStyle</styleUrl>
      <Point><coordinates>-72.435903,2.340212,0</coordinates></Point>
    </Placemark>
    <Placemark>
      <n>#1412 HERMES-01</n>
      <description>15/07/2026 08:19:34 | Estado: REENVIO PENDIENTE | Bat: 0%</description>
      <styleUrl>#pointStyle</styleUrl>
      <Point><coordinates>-72.435899,2.340209,0</coordinates></Point>
    </Placemark>
    <Placemark>
      <n>#1413 HERMES-01</n>
      <description>15/07/2026 08:25:42 | Estado: REENVIO PENDIENTE | Bat: 0%</description>
      <styleUrl>#pointStyle</styleUrl>
      <Point><coordinates>-72.435909,2.340217,0</coordinates></Point>
    </Placemark>
    <Placemark>
      <n>#1414 HERMES-01</n>
      <description> No disponible | Estado: REENVIO PENDIENTE | Bat: 0%</description>
      <styleUrl>#pointStyle</styleUrl>
      <Point><coordinates>-72.548217,2.392818,0</coordinates></Point>
    </Placemark>
    <Placemark>
      <n>#1415 HERMES-01</n>
      <description> No disponible | Estado: REENVIO PENDIENTE | Bat: 0%</description>
      <styleUrl>#pointStyle</styleUrl>
      <Point><coordinates>-72.547693,2.392847,0</coordinates></Point>
    </Placemark>
    <Placemark>
      <n>#1416 HERMES-01</n>
      <description> No disponible | Estado: REENVIO PENDIENTE | Bat: 0%</description>
      <styleUrl>#pointStyle</styleUrl>
      <Point><coordinates>-72.547887,2.392856,0</coordinates></Point>
    </Placemark>
    <Placemark>
      <n>#1417 HERMES-01</n>
      <description> No disponible | Estado: REENVIO PENDIENTE | Bat: 0%</description>
      <styleUrl>#pointStyle</styleUrl>
      <Point><coordinates>-72.541997,2.396252,0</coordinates></Point>
    </Placemark>
    <Placemark>
      <n>#1418 HERMES-01</n>
      <description> No disponible | Estado: REENVIO PENDIENTE | Bat: 0%</description>
      <styleUrl>#pointStyle</styleUrl>
      <Point><coordinates>-72.526913,2.405124,0</coordinates></Point>
    </Placemark>
    <Placemark>
      <n>#1419 HERMES-01</n>
      <description> No disponible | Estado: REENVIO PENDIENTE | Bat: 0%</description>
      <styleUrl>#pointStyle</styleUrl>
      <Point><coordinates>-72.510692,2.379911,0</coordinates></Point>
    </Placemark>
    <Placemark>
      <n>#1420 HERMES-01</n>
      <description> No disponible | Estado: REENVIO PENDIENTE | Bat: 0%</description>
      <styleUrl>#pointStyle</styleUrl>
      <Point><coordinates>-72.425859,2.349772,0</coordinates></Point>
    </Placemark>
    <Placemark>
      <n>#1421 HERMES-01</n>
      <description> No disponible | Estado: REENVIO PENDIENTE | Bat: 0%</description>
      <styleUrl>#pointStyle</styleUrl>
      <Point><coordinates>-72.425926,2.349762,0</coordinates></Point>
    </Placemark>
    <Placemark>
      <n>#1422 HERMES-01</n>
      <description>15/07/2026 08:33:30 | Estado: NUEVA UBICACION | Bat: 0%</description>
      <styleUrl>#pointStyle</styleUrl>
      <Point><coordinates>-72.435718,2.340122833,0</coordinates></Point>
    </Placemark>
    <Placemark>
      <n>#1423 HERMES-01</n>
      <description>15/07/2026 08:38:48 | Estado: NUEVA UBICACION | Bat: 0%</description>
      <styleUrl>#pointStyle</styleUrl>
      <Point><coordinates>-72.43572433,2.340098333,0</coordinates></Point>
    </Placemark>
    <Placemark>
      <n>#1424 HERMES-01</n>
      <description>15/07/2026 08:49:51 | Estado: REENVIO PENDIENTE | Bat: 0%</description>
      <styleUrl>#pointStyle</styleUrl>
      <Point><coordinates>-72.435671,2.339886,0</coordinates></Point>
    </Placemark>
    <Placemark>
      <n>#1425 HERMES-01</n>
      <description>15/07/2026 08:55:58 | Estado: REENVIO PENDIENTE | Bat: 0%</description>
      <styleUrl>#pointStyle</styleUrl>
      <Point><coordinates>-72.435808,2.33994,0</coordinates></Point>
    </Placemark>
    <Placemark>
      <n>#1426 HERMES-01</n>
      <description>15/07/2026 09:02:06 | Estado: REENVIO PENDIENTE | Bat: 0%</description>
      <styleUrl>#pointStyle</styleUrl>
      <Point><coordinates>-72.4364,2.33959,0</coordinates></Point>
    </Placemark>
    <Placemark>
      <n>#1427 HERMES-01</n>
      <description>15/07/2026 09:08:15 | Estado: REENVIO PENDIENTE | Bat: 0%</description>
      <styleUrl>#pointStyle</styleUrl>
      <Point><coordinates>-72.438955,2.337263,0</coordinates></Point>
    </Placemark>
    <Placemark>
      <n>#1428 HERMES-01</n>
      <description>15/07/2026 09:26:38 | Estado: REENVIO PENDIENTE | Bat: 0%</description>
      <styleUrl>#pointStyle</styleUrl>
      <Point><coordinates>-72.439866,2.336464,0</coordinates></Point>
    </Placemark>
    <Placemark>
      <n>#1429 HERMES-01</n>
      <description>15/07/2026 09:32:47 | Estado: REENVIO PENDIENTE | Bat: 0%</description>
      <styleUrl>#pointStyle</styleUrl>
      <Point><coordinates>-72.439856,2.336426,0</coordinates></Point>
    </Placemark>
    <Placemark>
      <n>#1430 HERMES-01</n>
      <description>15/07/2026 09:38:55 | Estado: REENVIO PENDIENTE | Bat: 0%</description>
      <styleUrl>#pointStyle</styleUrl>
      <Point><coordinates>-72.439915,2.336489,0</coordinates></Point>
    </Placemark>
    <Placemark>
      <n>#1431 HERMES-01</n>
      <description>15/07/2026 09:45:04 | Estado: REENVIO PENDIENTE | Bat: 0%</description>
      <styleUrl>#pointStyle</styleUrl>
      <Point><coordinates>-72.439924,2.336461,0</coordinates></Point>
    </Placemark>
    <Placemark>
      <n>#1432 HERMES-01</n>
      <description>15/07/2026 09:51:11 | Estado: REENVIO PENDIENTE | Bat: 0%</description>
      <styleUrl>#pointStyle</styleUrl>
      <Point><coordinates>-72.439887,2.336476,0</coordinates></Point>
    </Placemark>
    <Placemark>
      <n>#1433 HERMES-01</n>
      <description>15/07/2026 10:15:43 | Estado: REENVIO PENDIENTE | Bat: 0%</description>
      <styleUrl>#pointStyle</styleUrl>
      <Point><coordinates>-72.439891,2.336451,0</coordinates></Point>
    </Placemark>
    <Placemark>
      <n>#1434 HERMES-01</n>
      <description>15/07/2026 10:21:51 | Estado: REENVIO PENDIENTE | Bat: 0%</description>
      <styleUrl>#pointStyle</styleUrl>
      <Point><coordinates>-72.4399,2.336462,0</coordinates></Point>
    </Placemark>
    <Placemark>
      <n>#1435 HERMES-01</n>
      <description>15/07/2026 10:27:59 | Estado: REENVIO PENDIENTE | Bat: 0%</description>
      <styleUrl>#pointStyle</styleUrl>
      <Point><coordinates>-72.439888,2.336483,0</coordinates></Point>
    </Placemark>
    <Placemark>
      <n>#1436 HERMES-01</n>
      <description>15/07/2026 10:34:07 | Estado: REENVIO PENDIENTE | Bat: 0%</description>
      <styleUrl>#pointStyle</styleUrl>
      <Point><coordinates>-72.439899,2.336476,0</coordinates></Point>
    </Placemark>
    <Placemark>
      <n>#1437 HERMES-01</n>
      <description>15/07/2026 10:40:15 | Estado: REENVIO PENDIENTE | Bat: 0%</description>
      <styleUrl>#pointStyle</styleUrl>
      <Point><coordinates>-72.439882,2.336476,0</coordinates></Point>
    </Placemark>
    <Placemark>
      <n>#1438 HERMES-01</n>
      <description>15/07/2026 10:46:23 | Estado: REENVIO PENDIENTE | Bat: 0%</description>
      <styleUrl>#pointStyle</styleUrl>
      <Point><coordinates>-72.439909,2.336458,0</coordinates></Point>
    </Placemark>
    <Placemark>
      <n>#1439 HERMES-01</n>
      <description>15/07/2026 10:52:31 | Estado: REENVIO PENDIENTE | Bat: 0%</description>
      <styleUrl>#pointStyle</styleUrl>
      <Point><coordinates>-72.439901,2.336491,0</coordinates></Point>
    </Placemark>
    <Placemark>
      <n>#1440 HERMES-01</n>
      <description>15/07/2026 10:58:39 | Estado: REENVIO PENDIENTE | Bat: 0%</description>
      <styleUrl>#pointStyle</styleUrl>
      <Point><coordinates>-72.439912,2.336471,0</coordinates></Point>
    </Placemark>
    <Placemark>
      <n>#1441 HERMES-01</n>
      <description>15/07/2026 11:10:55 | Estado: REENVIO PENDIENTE | Bat: 0%</description>
      <styleUrl>#pointStyle</styleUrl>
      <Point><coordinates>-72.44232,2.334609,0</coordinates></Point>
    </Placemark>
    <Placemark>
      <n>#1442 HERMES-01</n>
      <description>15/07/2026 11:17:03 | Estado: REENVIO PENDIENTE | Bat: 0%</description>
      <styleUrl>#pointStyle</styleUrl>
      <Point><coordinates>-72.444421,2.333432,0</coordinates></Point>
    </Placemark>
    <Placemark>
      <n>#1443 HERMES-01</n>
      <description>15/07/2026 11:23:12 | Estado: REENVIO PENDIENTE | Bat: 0%</description>
      <styleUrl>#pointStyle</styleUrl>
      <Point><coordinates>-72.446954,2.332066,0</coordinates></Point>
    </Placemark>
    <Placemark>
      <n>#1444 HERMES-01</n>
      <description>15/07/2026 11:29:20 | Estado: REENVIO PENDIENTE | Bat: 0%</description>
      <styleUrl>#pointStyle</styleUrl>
      <Point><coordinates>-72.448602,2.331168,0</coordinates></Point>
    </Placemark>
    <Placemark>
      <n>#1445 HERMES-01</n>
      <description>15/07/2026 11:35:28 | Estado: REENVIO PENDIENTE | Bat: 0%</description>
      <styleUrl>#pointStyle</styleUrl>
      <Point><coordinates>-72.448597,2.331181,0</coordinates></Point>
    </Placemark>
    <Placemark>
      <n>#1446 HERMES-01</n>
      <description>15/07/2026 11:41:36 | Estado: REENVIO PENDIENTE | Bat: 0%</description>
      <styleUrl>#pointStyle</styleUrl>
      <Point><coordinates>-72.449939,2.330378,0</coordinates></Point>
    </Placemark>
    <Placemark>
      <n>#1447 HERMES-01</n>
      <description>15/07/2026 11:47:44 | Estado: REENVIO PENDIENTE | Bat: 0%</description>
      <styleUrl>#pointStyle</styleUrl>
      <Point><coordinates>-72.450094,2.330233,0</coordinates></Point>
    </Placemark>
    <Placemark>
      <n>#1448 HERMES-01</n>
      <description>15/07/2026 11:53:52 | Estado: REENVIO PENDIENTE | Bat: 0%</description>
      <styleUrl>#pointStyle</styleUrl>
      <Point><coordinates>-72.464636,2.320597,0</coordinates></Point>
    </Placemark>
    <Placemark>
      <n>#1449 HERMES-01</n>
      <description>15/07/2026 12:00:01 | Estado: REENVIO PENDIENTE | Bat: 0%</description>
      <styleUrl>#pointStyle</styleUrl>
      <Point><coordinates>-72.439221,2.296597,0</coordinates></Point>
    </Placemark>
    <Placemark>
      <n>#1450 HERMES-01</n>
      <description>15/07/2026 12:06:08 | Estado: REENVIO PENDIENTE | Bat: 0%</description>
      <styleUrl>#pointStyle</styleUrl>
      <Point><coordinates>-72.419403,2.287284,0</coordinates></Point>
    </Placemark>
    <Placemark>
      <n>#1451 HERMES-01</n>
      <description>15/07/2026 12:12:17 | Estado: REENVIO PENDIENTE | Bat: 0%</description>
      <styleUrl>#pointStyle</styleUrl>
      <Point><coordinates>-72.414253,2.28181,0</coordinates></Point>
    </Placemark>
    <Placemark>
      <n>#1452 HERMES-01</n>
      <description>15/07/2026 12:18:25 | Estado: REENVIO PENDIENTE | Bat: 0%</description>
      <styleUrl>#pointStyle</styleUrl>
      <Point><coordinates>-72.414154,2.281746,0</coordinates></Point>
    </Placemark>
    <Placemark>
      <n>#1453 HERMES-01</n>
      <description>15/07/2026 12:24:33 | Estado: REENVIO PENDIENTE | Bat: 0%</description>
      <styleUrl>#pointStyle</styleUrl>
      <Point><coordinates>-72.41414,2.281729,0</coordinates></Point>
    </Placemark>
    <Placemark>
      <n>#1454 HERMES-01</n>
      <description>15/07/2026 12:30:42 | Estado: REENVIO PENDIENTE | Bat: 0%</description>
      <styleUrl>#pointStyle</styleUrl>
      <Point><coordinates>-72.413887,2.281593,0</coordinates></Point>
    </Placemark>
    <Placemark>
      <n>#1455 HERMES-01</n>
      <description>15/07/2026 12:36:51 | Estado: REENVIO PENDIENTE | Bat: 0%</description>
      <styleUrl>#pointStyle</styleUrl>
      <Point><coordinates>-72.413981,2.281666,0</coordinates></Point>
    </Placemark>
    <Placemark>
      <n>#1456 HERMES-01</n>
      <description> No disponible | Estado: REENVIO PENDIENTE | Bat: 0%</description>
      <styleUrl>#pointStyle</styleUrl>
      <Point><coordinates>-72.439892,2.336491,0</coordinates></Point>
    </Placemark>
    <Placemark>
      <n>#1457 HERMES-01</n>
      <description> No disponible | Estado: REENVIO PENDIENTE | Bat: 0%</description>
      <styleUrl>#pointStyle</styleUrl>
      <Point><coordinates>-72.43991,2.336473,0</coordinates></Point>
    </Placemark>
    <Placemark>
      <n>#1458 HERMES-01</n>
      <description> No disponible | Estado: REENVIO PENDIENTE | Bat: 0%</description>
      <styleUrl>#pointStyle</styleUrl>
      <Point><coordinates>-72.43989,2.336471,0</coordinates></Point>
    </Placemark>
    <Placemark>
      <n>#1459 HERMES-01</n>
      <description> No disponible | Estado: REENVIO PENDIENTE | Bat: 0%</description>
      <styleUrl>#pointStyle</styleUrl>
      <Point><coordinates>-72.439934,2.336475,0</coordinates></Point>
    </Placemark>
    <Placemark>
      <n>#1460 HERMES-01</n>
      <description> No disponible | Estado: REENVIO PENDIENTE | Bat: 0%</description>
      <styleUrl>#pointStyle</styleUrl>
      <Point><coordinates>-72.439887,2.336469,0</coordinates></Point>
    </Placemark>
    <Placemark>
      <n>#1461 HERMES-01</n>
      <description> No disponible | Estado: REENVIO PENDIENTE | Bat: 0%</description>
      <styleUrl>#pointStyle</styleUrl>
      <Point><coordinates>-72.440959,2.335641,0</coordinates></Point>
    </Placemark>
    <Placemark>
      <n>#1462 HERMES-01</n>
      <description>15/07/2026 12:45:40 | Estado: NUEVA UBICACION | Bat: 0%</description>
      <styleUrl>#pointStyle</styleUrl>
      <Point><coordinates>-72.4139705,2.281671333,0</coordinates></Point>
    </Placemark>
    <Placemark>
      <n>#1463 HERMES-01</n>
      <description> No disponible | Estado: NUEVA UBICACION | Bat: 0%</description>
      <styleUrl>#pointStyle</styleUrl>
      <Point><coordinates>-72.41394667,2.281681333,0</coordinates></Point>
    </Placemark>
    <Placemark>
      <n>#1464 HERMES-01</n>
      <description>15/07/2026 12:56:16 | Estado: NUEVA UBICACION | Bat: 0%</description>
      <styleUrl>#pointStyle</styleUrl>
      <Point><coordinates>-72.41396067,2.281687667,0</coordinates></Point>
    </Placemark>
    <Placemark>
      <n>#1465 HERMES-01</n>
      <description>15/07/2026 13:01:36 | Estado: NUEVA UBICACION | Bat: 0%</description>
      <styleUrl>#pointStyle</styleUrl>
      <Point><coordinates>-72.41398217,2.2816665,0</coordinates></Point>
    </Placemark>
    <Placemark>
      <n>#1466 HERMES-01</n>
      <description>15/07/2026 13:06:56 | Estado: NUEVA UBICACION | Bat: 0%</description>
      <styleUrl>#pointStyle</styleUrl>
      <Point><coordinates>-72.41395183,2.281690833,0</coordinates></Point>
    </Placemark>
    <Placemark>
      <n>#1467 HERMES-01</n>
      <description>15/07/2026 13:12:14 | Estado: NUEVA UBICACION | Bat: 0%</description>
      <styleUrl>#pointStyle</styleUrl>
      <Point><coordinates>-72.413948,2.281671333,0</coordinates></Point>
    </Placemark>
    <Placemark>
      <n>#1468 HERMES-01</n>
      <description>15/07/2026 13:17:34 | Estado: NUEVA UBICACION | Bat: 0%</description>
      <styleUrl>#pointStyle</styleUrl>
      <Point><coordinates>-72.41393717,2.281650167,0</coordinates></Point>
    </Placemark>
    <Placemark>
      <n>#1469 HERMES-01</n>
      <description>15/07/2026 13:22:55 | Estado: NUEVA UBICACION | Bat: 0%</description>
      <styleUrl>#pointStyle</styleUrl>
      <Point><coordinates>-72.41397383,2.281675333,0</coordinates></Point>
    </Placemark>
    <Placemark>
      <n>#1470 HERMES-01</n>
      <description> No disponible | Estado: NUEVA UBICACION | Bat: 0%</description>
      <styleUrl>#pointStyle</styleUrl>
      <Point><coordinates>-72.413971,2.28165,0</coordinates></Point>
    </Placemark>
    <Placemark>
      <n>#1471 HERMES-01</n>
      <description> No disponible | Estado: NUEVA UBICACION | Bat: 0%</description>
      <styleUrl>#pointStyle</styleUrl>
      <Point><coordinates>-72.41393117,2.281680667,0</coordinates></Point>
    </Placemark>
    <Placemark>
      <n>#1472 HERMES-01</n>
      <description>15/07/2026 13:38:50 | Estado: NUEVA UBICACION | Bat: 0%</description>
      <styleUrl>#pointStyle</styleUrl>
      <Point><coordinates>-72.41392783,2.281653667,0</coordinates></Point>
    </Placemark>
    <Placemark>
      <n>#1473 HERMES-01</n>
      <description>15/07/2026 13:44:11 | Estado: NUEVA UBICACION | Bat: 0%</description>
      <styleUrl>#pointStyle</styleUrl>
      <Point><coordinates>-72.41395833,2.281664667,0</coordinates></Point>
    </Placemark>
    <Placemark>
      <n>#1474 HERMES-01</n>
      <description>15/07/2026 13:49:29 | Estado: NUEVA UBICACION | Bat: 0%</description>
      <styleUrl>#pointStyle</styleUrl>
      <Point><coordinates>-72.413963,2.281673667,0</coordinates></Point>
    </Placemark>
    <Placemark>
      <n>#1475 HERMES-01</n>
      <description>15/07/2026 13:54:48 | Estado: NUEVA UBICACION | Bat: 0%</description>
      <styleUrl>#pointStyle</styleUrl>
      <Point><coordinates>-72.41394033,2.2816655,0</coordinates></Point>
    </Placemark>
    <Placemark>
      <n>#1476 HERMES-01</n>
      <description>15/07/2026 14:00:07 | Estado: NUEVA UBICACION | Bat: 0%</description>
      <styleUrl>#pointStyle</styleUrl>
      <Point><coordinates>-72.41394583,2.281655,0</coordinates></Point>
    </Placemark>
    <Placemark>
      <n>#1477 HERMES-01</n>
      <description>15/07/2026 14:05:25 | Estado: NUEVA UBICACION | Bat: 0%</description>
      <styleUrl>#pointStyle</styleUrl>
      <Point><coordinates>-72.4139655,2.2817005,0</coordinates></Point>
    </Placemark>
    <Placemark>
      <n>#1478 HERMES-01</n>
      <description>15/07/2026 14:10:44 | Estado: NUEVA UBICACION | Bat: 0%</description>
      <styleUrl>#pointStyle</styleUrl>
      <Point><coordinates>-72.41396517,2.281683667,0</coordinates></Point>
    </Placemark>
    <Placemark>
      <n>#1479 HERMES-01</n>
      <description>15/07/2026 14:16:03 | Estado: NUEVA UBICACION | Bat: 0%</description>
      <styleUrl>#pointStyle</styleUrl>
      <Point><coordinates>-72.41397117,2.281693667,0</coordinates></Point>
    </Placemark>
    <Placemark>
      <n>#1480 HERMES-01</n>
      <description> No disponible | Estado: NUEVA UBICACION | Bat: 0%</description>
      <styleUrl>#pointStyle</styleUrl>
      <Point><coordinates>-72.41395933,2.281681,0</coordinates></Point>
    </Placemark>
    <Placemark>
      <n>#1481 HERMES-01</n>
      <description> No disponible | Estado: NUEVA UBICACION | Bat: 0%</description>
      <styleUrl>#pointStyle</styleUrl>
      <Point><coordinates>-72.41397583,2.281708667,0</coordinates></Point>
    </Placemark>
    <Placemark>
      <n>#1482 HERMES-01</n>
      <description> No disponible | Estado: NUEVA UBICACION | Bat: 0%</description>
      <styleUrl>#pointStyle</styleUrl>
      <Point><coordinates>-72.41397817,2.281693,0</coordinates></Point>
    </Placemark>
    <Placemark>
      <n>#1483 HERMES-01</n>
      <description>15/07/2026 14:37:42 | Estado: REENVIO PENDIENTE | Bat: 0%</description>
      <styleUrl>#pointStyle</styleUrl>
      <Point><coordinates>-72.413952,2.281678,0</coordinates></Point>
    </Placemark>
    <Placemark>
      <n>#1484 HERMES-01</n>
      <description>15/07/2026 14:43:30 | Estado: NUEVA UBICACION | Bat: 0%</description>
      <styleUrl>#pointStyle</styleUrl>
      <Point><coordinates>-72.413974,2.281693,0</coordinates></Point>
    </Placemark>
    <Placemark>
      <n>#1485 HERMES-01</n>
      <description>15/07/2026 14:48:48 | Estado: NUEVA UBICACION | Bat: 0%</description>
      <styleUrl>#pointStyle</styleUrl>
      <Point><coordinates>-72.4139615,2.28169,0</coordinates></Point>
    </Placemark>
    <Placemark>
      <n>#1486 HERMES-01</n>
      <description>15/07/2026 14:54:06 | Estado: NUEVA UBICACION | Bat: 0%</description>
      <styleUrl>#pointStyle</styleUrl>
      <Point><coordinates>-72.413982,2.281710333,0</coordinates></Point>
    </Placemark>
    <Placemark>
      <n>#1487 HERMES-01</n>
      <description>15/07/2026 14:59:25 | Estado: NUEVA UBICACION | Bat: 0%</description>
      <styleUrl>#pointStyle</styleUrl>
      <Point><coordinates>-72.4139755,2.281673333,0</coordinates></Point>
    </Placemark>
    <Placemark>
      <n>#1488 HERMES-01</n>
      <description>15/07/2026 15:04:45 | Estado: NUEVA UBICACION | Bat: 0%</description>
      <styleUrl>#pointStyle</styleUrl>
      <Point><coordinates>-72.4139695,2.28169,0</coordinates></Point>
    </Placemark>
    <Placemark>
      <n>#1489 HERMES-01</n>
      <description>15/07/2026 15:10:07 | Estado: NUEVA UBICACION | Bat: 0%</description>
      <styleUrl>#pointStyle</styleUrl>
      <Point><coordinates>-72.41398383,2.281653833,0</coordinates></Point>
    </Placemark>
    <Placemark>
      <n>#1490 HERMES-01</n>
      <description>15/07/2026 15:15:26 | Estado: NUEVA UBICACION | Bat: 0%</description>
      <styleUrl>#pointStyle</styleUrl>
      <Point><coordinates>-72.41396133,2.281682,0</coordinates></Point>
    </Placemark>
    <Placemark>
      <n>#1491 HERMES-01</n>
      <description>15/07/2026 15:20:43 | Estado: NUEVA UBICACION | Bat: 0%</description>
      <styleUrl>#pointStyle</styleUrl>
      <Point><coordinates>-72.41393717,2.281664667,0</coordinates></Point>
    </Placemark>
    <Placemark>
      <n>#1492 HERMES-01</n>
      <description> No disponible | Estado: NUEVA UBICACION | Bat: 0%</description>
      <styleUrl>#pointStyle</styleUrl>
      <Point><coordinates>-72.4139615,2.281685333,0</coordinates></Point>
    </Placemark>
    <Placemark>
      <n>#1493 HERMES-01</n>
      <description>15/07/2026 15:31:21 | Estado: NUEVA UBICACION | Bat: 0%</description>
      <styleUrl>#pointStyle</styleUrl>
      <Point><coordinates>-72.41395717,2.2816835,0</coordinates></Point>
    </Placemark>
    <Placemark>
      <n>#1494 HERMES-01</n>
      <description>15/07/2026 15:36:41 | Estado: NUEVA UBICACION | Bat: 0%</description>
      <styleUrl>#pointStyle</styleUrl>
      <Point><coordinates>-72.4139505,2.281689333,0</coordinates></Point>
    </Placemark>
    <Placemark>
      <n>#1495 HERMES-01</n>
      <description>15/07/2026 15:42:00 | Estado: NUEVA UBICACION | Bat: 0%</description>
      <styleUrl>#pointStyle</styleUrl>
      <Point><coordinates>-72.41397683,2.281662833,0</coordinates></Point>
    </Placemark>
    <Placemark>
      <n>#1496 HERMES-01</n>
      <description> No disponible | Estado: NUEVA UBICACION | Bat: 0%</description>
      <styleUrl>#pointStyle</styleUrl>
      <Point><coordinates>-72.41392633,2.281666,0</coordinates></Point>
    </Placemark>
    <Placemark>
      <n>#1497 HERMES-01</n>
      <description>15/07/2026 15:52:52 | Estado: NUEVA UBICACION | Bat: 0%</description>
      <styleUrl>#pointStyle</styleUrl>
      <Point><coordinates>-72.41395033,2.281665833,0</coordinates></Point>
    </Placemark>
    <Placemark>
      <n>#1498 HERMES-01</n>
      <description>15/07/2026 15:58:10 | Estado: NUEVA UBICACION | Bat: 0%</description>
      <styleUrl>#pointStyle</styleUrl>
      <Point><coordinates>-72.413955,2.281642,0</coordinates></Point>
    </Placemark>
    <Placemark>
      <n>#1499 HERMES-01</n>
      <description> No disponible | Estado: NUEVA UBICACION | Bat: 0%</description>
      <styleUrl>#pointStyle</styleUrl>
      <Point><coordinates>-72.41395083,2.281667,0</coordinates></Point>
    </Placemark>
    <Placemark>
      <n>#1500 HERMES-01</n>
      <description>15/07/2026 16:08:50 | Estado: NUEVA UBICACION | Bat: 0%</description>
      <styleUrl>#pointStyle</styleUrl>
      <Point><coordinates>-72.4139565,2.281675333,0</coordinates></Point>
    </Placemark>
    <Placemark>
      <n>#1501 HERMES-01</n>
      <description>15/07/2026 16:14:11 | Estado: NUEVA UBICACION | Bat: 0%</description>
      <styleUrl>#pointStyle</styleUrl>
      <Point><coordinates>-72.41395167,2.281645667,0</coordinates></Point>
    </Placemark>
    <Placemark>
      <n>#1502 HERMES-01</n>
      <description>15/07/2026 16:19:31 | Estado: NUEVA UBICACION | Bat: 0%</description>
      <styleUrl>#pointStyle</styleUrl>
      <Point><coordinates>-72.413955,2.281649833,0</coordinates></Point>
    </Placemark>
    <Placemark>
      <n>#1503 HERMES-01</n>
      <description>15/07/2026 16:24:51 | Estado: NUEVA UBICACION | Bat: 0%</description>
      <styleUrl>#pointStyle</styleUrl>
      <Point><coordinates>-72.41394383,2.281652,0</coordinates></Point>
    </Placemark>
    <Placemark>
      <n>#1504 HERMES-01</n>
      <description>15/07/2026 16:30:09 | Estado: NUEVA UBICACION | Bat: 0%</description>
      <styleUrl>#pointStyle</styleUrl>
      <Point><coordinates>-72.41396267,2.28164,0</coordinates></Point>
    </Placemark>
    <Placemark>
      <n>#1505 HERMES-01</n>
      <description>15/07/2026 16:35:28 | Estado: NUEVA UBICACION | Bat: 0%</description>
      <styleUrl>#pointStyle</styleUrl>
      <Point><coordinates>-72.4139505,2.281667833,0</coordinates></Point>
    </Placemark>
    <Placemark>
      <n>#1506 HERMES-01</n>
      <description>15/07/2026 16:40:46 | Estado: NUEVA UBICACION | Bat: 0%</description>
      <styleUrl>#pointStyle</styleUrl>
      <Point><coordinates>-72.41392467,2.281662333,0</coordinates></Point>
    </Placemark>
    <Placemark>
      <n>#1507 HERMES-01</n>
      <description>15/07/2026 16:46:05 | Estado: NUEVA UBICACION | Bat: 0%</description>
      <styleUrl>#pointStyle</styleUrl>
      <Point><coordinates>-72.41395617,2.281650167,0</coordinates></Point>
    </Placemark>
    <Placemark>
      <n>#1508 HERMES-01</n>
      <description>15/07/2026 16:51:24 | Estado: NUEVA UBICACION | Bat: 0%</description>
      <styleUrl>#pointStyle</styleUrl>
      <Point><coordinates>-72.4139715,2.281670667,0</coordinates></Point>
    </Placemark>
    <Placemark>
      <n>#1509 HERMES-01</n>
      <description>15/07/2026 16:56:44 | Estado: NUEVA UBICACION | Bat: 0%</description>
      <styleUrl>#pointStyle</styleUrl>
      <Point><coordinates>-72.41396283,2.281695833,0</coordinates></Point>
    </Placemark>
    <Placemark>
      <n>#1510 HERMES-01</n>
      <description>15/07/2026 17:02:02 | Estado: NUEVA UBICACION | Bat: 0%</description>
      <styleUrl>#pointStyle</styleUrl>
      <Point><coordinates>-72.4139745,2.281679,0</coordinates></Point>
    </Placemark>
    <Placemark>
      <n>#1511 HERMES-01</n>
      <description> No disponible | Estado: NUEVA UBICACION | Bat: 0%</description>
      <styleUrl>#pointStyle</styleUrl>
      <Point><coordinates>-72.413978,2.281667167,0</coordinates></Point>
    </Placemark>
    <Placemark>
      <n>#1512 HERMES-01</n>
      <description>15/07/2026 17:12:39 | Estado: NUEVA UBICACION | Bat: 0%</description>
      <styleUrl>#pointStyle</styleUrl>
      <Point><coordinates>-72.41397383,2.28169,0</coordinates></Point>
    </Placemark>
    <Placemark>
      <n>#1513 HERMES-01</n>
      <description>15/07/2026 17:18:00 | Estado: NUEVA UBICACION | Bat: 0%</description>
      <styleUrl>#pointStyle</styleUrl>
      <Point><coordinates>-72.41398717,2.2817,0</coordinates></Point>
    </Placemark>
    <Placemark>
      <n>#1514 HERMES-01</n>
      <description>15/07/2026 17:23:18 | Estado: NUEVA UBICACION | Bat: 0%</description>
      <styleUrl>#pointStyle</styleUrl>
      <Point><coordinates>-72.41397483,2.2816825,0</coordinates></Point>
    </Placemark>
    <Placemark>
      <n>#1515 HERMES-01</n>
      <description>15/07/2026 17:28:41 | Estado: NUEVA UBICACION | Bat: 0%</description>
      <styleUrl>#pointStyle</styleUrl>
      <Point><coordinates>-72.41397683,2.281699667,0</coordinates></Point>
    </Placemark>
    <Placemark>
      <n>#1516 HERMES-01</n>
      <description>15/07/2026 17:33:59 | Estado: NUEVA UBICACION | Bat: 0%</description>
      <styleUrl>#pointStyle</styleUrl>
      <Point><coordinates>-72.4139775,2.2816825,0</coordinates></Point>
    </Placemark>
    <Placemark>
      <n>#1517 HERMES-01</n>
      <description>15/07/2026 17:39:18 | Estado: NUEVA UBICACION | Bat: 0%</description>
      <styleUrl>#pointStyle</styleUrl>
      <Point><coordinates>-72.41396917,2.281673,0</coordinates></Point>
    </Placemark>
    <Placemark>
      <n>#1518 HERMES-01</n>
      <description>15/07/2026 17:44:39 | Estado: NUEVA UBICACION | Bat: 0%</description>
      <styleUrl>#pointStyle</styleUrl>
      <Point><coordinates>-72.41402133,2.281666333,0</coordinates></Point>
    </Placemark>
    <Placemark>
      <n>#1519 HERMES-01</n>
      <description> No disponible | Estado: NUEVA UBICACION | Bat: 0%</description>
      <styleUrl>#pointStyle</styleUrl>
      <Point><coordinates>-72.4139605,2.28165,0</coordinates></Point>
    </Placemark>
    <Placemark>
      <n>#1520 HERMES-01</n>
      <description>15/07/2026 17:55:14 | Estado: NUEVA UBICACION | Bat: 0%</description>
      <styleUrl>#pointStyle</styleUrl>
      <Point><coordinates>-72.41399167,2.281680333,0</coordinates></Point>
    </Placemark>
    <Placemark>
      <n>#1521 HERMES-01</n>
      <description>15/07/2026 18:00:34 | Estado: NUEVA UBICACION | Bat: 0%</description>
      <styleUrl>#pointStyle</styleUrl>
      <Point><coordinates>-72.4139685,2.281678,0</coordinates></Point>
    </Placemark>
    <Placemark>
      <n>#1522 HERMES-01</n>
      <description>15/07/2026 18:05:52 | Estado: NUEVA UBICACION | Bat: 0%</description>
      <styleUrl>#pointStyle</styleUrl>
      <Point><coordinates>-72.413971,2.2817005,0</coordinates></Point>
    </Placemark>
    <Placemark>
      <n>#1523 HERMES-01</n>
      <description>15/07/2026 18:11:12 | Estado: NUEVA UBICACION | Bat: 0%</description>
      <styleUrl>#pointStyle</styleUrl>
      <Point><coordinates>-72.41395533,2.281676333,0</coordinates></Point>
    </Placemark>
    <Placemark>
      <n>#1524 HERMES-01</n>
      <description>15/07/2026 18:16:30 | Estado: NUEVA UBICACION | Bat: 0%</description>
      <styleUrl>#pointStyle</styleUrl>
      <Point><coordinates>-72.41396783,2.281684,0</coordinates></Point>
    </Placemark>
    <Placemark>
      <n>#1525 HERMES-01</n>
      <description>15/07/2026 18:21:49 | Estado: NUEVA UBICACION | Bat: 0%</description>
      <styleUrl>#pointStyle</styleUrl>
      <Point><coordinates>-72.41397033,2.281686333,0</coordinates></Point>
    </Placemark>
    <Placemark>
      <n>#1526 HERMES-01</n>
      <description>15/07/2026 18:27:08 | Estado: NUEVA UBICACION | Bat: 0%</description>
      <styleUrl>#pointStyle</styleUrl>
      <Point><coordinates>-72.413935,2.28172,0</coordinates></Point>
    </Placemark>
    <Placemark>
      <n>#1527 HERMES-01</n>
      <description>15/07/2026 18:32:27 | Estado: NUEVA UBICACION | Bat: 0%</description>
      <styleUrl>#pointStyle</styleUrl>
      <Point><coordinates>-72.41395417,2.281672833,0</coordinates></Point>
    </Placemark>
    <Placemark>
      <n>#1528 HERMES-01</n>
      <description>15/07/2026 18:37:49 | Estado: NUEVA UBICACION | Bat: 0%</description>
      <styleUrl>#pointStyle</styleUrl>
      <Point><coordinates>-72.41393883,2.2816785,0</coordinates></Point>
    </Placemark>
    <Placemark>
      <n>#1529 HERMES-01</n>
      <description>15/07/2026 18:43:08 | Estado: NUEVA UBICACION | Bat: 0%</description>
      <styleUrl>#pointStyle</styleUrl>
      <Point><coordinates>-72.41395767,2.28168,0</coordinates></Point>
    </Placemark>
    <Placemark>
      <n>#1530 HERMES-01</n>
      <description> No disponible | Estado: NUEVA UBICACION | Bat: 0%</description>
      <styleUrl>#pointStyle</styleUrl>
      <Point><coordinates>-72.41394717,2.281666167,0</coordinates></Point>
    </Placemark>
    <Placemark>
      <n>#1531 HERMES-01</n>
      <description>15/07/2026 18:53:46 | Estado: NUEVA UBICACION | Bat: 0%</description>
      <styleUrl>#pointStyle</styleUrl>
      <Point><coordinates>-72.41395617,2.281659167,0</coordinates></Point>
    </Placemark>
    <Placemark>
      <n>#1532 HERMES-01</n>
      <description>15/07/2026 18:59:04 | Estado: NUEVA UBICACION | Bat: 0%</description>
      <styleUrl>#pointStyle</styleUrl>
      <Point><coordinates>-72.41396733,2.281677833,0</coordinates></Point>
    </Placemark>
    <Placemark>
      <n>#1533 HERMES-01</n>
      <description>15/07/2026 19:03:35 | Estado: REENVIO PENDIENTE | Bat: 0%</description>
      <styleUrl>#pointStyle</styleUrl>
      <Point><coordinates>-72.230592,2.571258,0</coordinates></Point>
    </Placemark>
    <Placemark>
      <n>#1534 HERMES-01</n>
      <description> No disponible | Estado: NUEVA UBICACION | Bat: 0%</description>
      <styleUrl>#pointStyle</styleUrl>
      <Point><coordinates>-72.4139695,2.281676833,0</coordinates></Point>
    </Placemark>
    <Placemark>
      <n>#1535 HERMES-01</n>
      <description>15/07/2026 19:09:43 | Estado: REENVIO PENDIENTE | Bat: 0%</description>
      <styleUrl>#pointStyle</styleUrl>
      <Point><coordinates>-72.238005,2.550803,0</coordinates></Point>
    </Placemark>
    <Placemark>
      <n>#1536 HERMES-01</n>
      <description>15/07/2026 19:15:52 | Estado: REENVIO PENDIENTE | Bat: 0%</description>
      <styleUrl>#pointStyle</styleUrl>
      <Point><coordinates>-72.251059,2.53577,0</coordinates></Point>
    </Placemark>
    <Placemark>
      <n>#1537 HERMES-01</n>
      <description>15/07/2026 19:28:07 | Estado: REENVIO PENDIENTE | Bat: 0%</description>
      <styleUrl>#pointStyle</styleUrl>
      <Point><coordinates>-72.275456,2.524489,0</coordinates></Point>
    </Placemark>
    <Placemark>
      <n>#1538 HERMES-01</n>
      <description>15/07/2026 19:40:23 | Estado: REENVIO PENDIENTE | Bat: 0%</description>
      <styleUrl>#pointStyle</styleUrl>
      <Point><coordinates>-72.305362,2.543583,0</coordinates></Point>
    </Placemark>
    <Placemark>
      <n>#1539 HERMES-01</n>
      <description>15/07/2026 19:46:31 | Estado: REENVIO PENDIENTE | Bat: 0%</description>
      <styleUrl>#pointStyle</styleUrl>
      <Point><coordinates>-72.322139,2.553582,0</coordinates></Point>
    </Placemark>
    <Placemark>
      <n>#1540 HERMES-01</n>
      <description>15/07/2026 19:52:39 | Estado: REENVIO PENDIENTE | Bat: 0%</description>
      <styleUrl>#pointStyle</styleUrl>
      <Point><coordinates>-72.345916,2.554315,0</coordinates></Point>
    </Placemark>
    <Placemark>
      <n>#1541 HERMES-01</n>
      <description> No disponible | Estado: NUEVA UBICACION | Bat: 0%</description>
      <styleUrl>#pointStyle</styleUrl>
      <Point><coordinates>-72.4139705,2.281638167,0</coordinates></Point>
    </Placemark>
    <Placemark>
      <n>#1542 HERMES-01</n>
      <description>15/07/2026 19:58:47 | Estado: REENVIO PENDIENTE | Bat: 0%</description>
      <styleUrl>#pointStyle</styleUrl>
      <Point><coordinates>-72.359111,2.549806,0</coordinates></Point>
    </Placemark>
    <Placemark>
      <n>#1543 HERMES-01</n>
      <description>15/07/2026 20:04:55 | Estado: REENVIO PENDIENTE | Bat: 0%</description>
      <styleUrl>#pointStyle</styleUrl>
      <Point><coordinates>-72.376055,2.538946,0</coordinates></Point>
    </Placemark>
    <Placemark>
      <n>#1544 HERMES-01</n>
      <description> No disponible | Estado: NUEVA UBICACION | Bat: 0%</description>
      <styleUrl>#pointStyle</styleUrl>
      <Point><coordinates>-72.41398433,2.281655833,0</coordinates></Point>
    </Placemark>
    <Placemark>
      <n>#1545 HERMES-01</n>
      <description>15/07/2026 20:17:11 | Estado: REENVIO PENDIENTE | Bat: 0%</description>
      <styleUrl>#pointStyle</styleUrl>
      <Point><coordinates>-72.412706,2.54528,0</coordinates></Point>
    </Placemark>
    <Placemark>
      <n>#1546 HERMES-01</n>
      <description>15/07/2026 20:23:19 | Estado: REENVIO PENDIENTE | Bat: 0%</description>
      <styleUrl>#pointStyle</styleUrl>
      <Point><coordinates>-72.429921,2.550194,0</coordinates></Point>
    </Placemark>
    <Placemark>
      <n>#1547 HERMES-01</n>
      <description>15/07/2026 20:29:27 | Estado: REENVIO PENDIENTE | Bat: 0%</description>
      <styleUrl>#pointStyle</styleUrl>
      <Point><coordinates>-72.436087,2.552876,0</coordinates></Point>
    </Placemark>
    <Placemark>
      <n>#1548 HERMES-01</n>
      <description> No disponible | Estado: NUEVA UBICACION | Bat: 0%</description>
      <styleUrl>#pointStyle</styleUrl>
      <Point><coordinates>-72.4139625,2.281667333,0</coordinates></Point>
    </Placemark>
    <Placemark>
      <n>#1549 HERMES-01</n>
      <description>15/07/2026 20:35:35 | Estado: REENVIO PENDIENTE | Bat: 0%</description>
      <styleUrl>#pointStyle</styleUrl>
      <Point><coordinates>-72.444215,2.55487,0</coordinates></Point>
    </Placemark>
    <Placemark>
      <n>#1550 HERMES-01</n>
      <description> No disponible | Estado: NUEVA UBICACION | Bat: 0%</description>
      <styleUrl>#pointStyle</styleUrl>
      <Point><coordinates>-72.41398,2.281675333,0</coordinates></Point>
    </Placemark>
    <Placemark>
      <n>#1551 HERMES-01</n>
      <description>15/07/2026 20:41:43 | Estado: REENVIO PENDIENTE | Bat: 0%</description>
      <styleUrl>#pointStyle</styleUrl>
      <Point><coordinates>-72.458682,2.548277,0</coordinates></Point>
    </Placemark>
    <Placemark>
      <n>#1552 HERMES-01</n>
      <description>15/07/2026 21:00:07 | Estado: REENVIO PENDIENTE | Bat: 0%</description>
      <styleUrl>#pointStyle</styleUrl>
      <Point><coordinates>-72.4535,2.517404,0</coordinates></Point>
    </Placemark>
    <Placemark>
      <n>#1553 HERMES-01</n>
      <description>15/07/2026 21:18:31 | Estado: REENVIO PENDIENTE | Bat: 0%</description>
      <styleUrl>#pointStyle</styleUrl>
      <Point><coordinates>-72.465825,2.542423,0</coordinates></Point>
    </Placemark>
    <Placemark>
      <n>#1554 HERMES-01</n>
      <description>15/07/2026 21:24:39 | Estado: REENVIO PENDIENTE | Bat: 0%</description>
      <styleUrl>#pointStyle</styleUrl>
      <Point><coordinates>-72.47971,2.547789,0</coordinates></Point>
    </Placemark>
    <Placemark>
      <n>#1555 HERMES-01</n>
      <description>15/07/2026 21:30:47 | Estado: REENVIO PENDIENTE | Bat: 0%</description>
      <styleUrl>#pointStyle</styleUrl>
      <Point><coordinates>-72.493998,2.532397,0</coordinates></Point>
    </Placemark>
    <Placemark>
      <n>#1556 HERMES-01</n>
      <description>15/07/2026 21:36:55 | Estado: REENVIO PENDIENTE | Bat: 0%</description>
      <styleUrl>#pointStyle</styleUrl>
      <Point><coordinates>-72.510025,2.523342,0</coordinates></Point>
    </Placemark>
    <Placemark>
      <n>#1557 HERMES-01</n>
      <description>15/07/2026 21:43:03 | Estado: REENVIO PENDIENTE | Bat: 0%</description>
      <styleUrl>#pointStyle</styleUrl>
      <Point><coordinates>-72.526586,2.521664,0</coordinates></Point>
    </Placemark>
    <Placemark>
      <n>#1558 HERMES-01</n>
      <description> No disponible | Estado: NUEVA UBICACION | Bat: 0%</description>
      <styleUrl>#pointStyle</styleUrl>
      <Point><coordinates>-72.41396467,2.281620333,0</coordinates></Point>
    </Placemark>
    <Placemark>
      <n>#1559 HERMES-01</n>
      <description>15/07/2026 21:49:10 | Estado: REENVIO PENDIENTE | Bat: 0%</description>
      <styleUrl>#pointStyle</styleUrl>
      <Point><coordinates>-72.545145,2.517486,0</coordinates></Point>
    </Placemark>
    <Placemark>
      <n>#1560 HERMES-01</n>
      <description> No disponible | Estado: NUEVA UBICACION | Bat: 0%</description>
      <styleUrl>#pointStyle</styleUrl>
      <Point><coordinates>-72.41399817,2.281672333,0</coordinates></Point>
    </Placemark>
    <Placemark>
      <n>#1561 HERMES-01</n>
      <description>15/07/2026 21:55:18 | Estado: REENVIO PENDIENTE | Bat: 0%</description>
      <styleUrl>#pointStyle</styleUrl>
      <Point><coordinates>-72.542196,2.497677,0</coordinates></Point>
    </Placemark>
    <Placemark>
      <n>#1562 HERMES-01</n>
      <description>15/07/2026 22:07:34 | Estado: REENVIO PENDIENTE | Bat: 0%</description>
      <styleUrl>#pointStyle</styleUrl>
      <Point><coordinates>-72.512243,2.468536,0</coordinates></Point>
    </Placemark>
    <Placemark>
      <n>#1563 HERMES-01</n>
      <description>15/07/2026 22:13:42 | Estado: REENVIO PENDIENTE | Bat: 0%</description>
      <styleUrl>#pointStyle</styleUrl>
      <Point><coordinates>-72.507532,2.448631,0</coordinates></Point>
    </Placemark>
    <Placemark>
      <n>#1564 HERMES-01</n>
      <description>15/07/2026 22:25:57 | Estado: REENVIO PENDIENTE | Bat: 0%</description>
      <styleUrl>#pointStyle</styleUrl>
      <Point><coordinates>-72.516576,2.414467,0</coordinates></Point>
    </Placemark>
    <Placemark>
      <n>#1565 HERMES-01</n>
      <description> No disponible | Estado: NUEVA UBICACION | Bat: 0%</description>
      <styleUrl>#pointStyle</styleUrl>
      <Point><coordinates>-72.41399183,2.281689833,0</coordinates></Point>
    </Placemark>
    <Placemark>
      <n>#1566 HERMES-01</n>
      <description>15/07/2026 22:32:05 | Estado: REENVIO PENDIENTE | Bat: 0%</description>
      <styleUrl>#pointStyle</styleUrl>
      <Point><coordinates>-72.527707,2.406521,0</coordinates></Point>
    </Placemark>
    <Placemark>
      <n>#1567 HERMES-01</n>
      <description>15/07/2026 22:38:13 | Estado: REENVIO PENDIENTE | Bat: 0%</description>
      <styleUrl>#pointStyle</styleUrl>
      <Point><coordinates>-72.543935,2.406308,0</coordinates></Point>
    </Placemark>
    <Placemark>
      <n>#1568 HERMES-01</n>
      <description>15/07/2026 22:44:21 | Estado: REENVIO PENDIENTE | Bat: 0%</description>
      <styleUrl>#pointStyle</styleUrl>
      <Point><coordinates>-72.543347,2.392544,0</coordinates></Point>
    </Placemark>
    <Placemark>
      <n>#1569 HERMES-01</n>
      <description> No disponible | Estado: NUEVA UBICACION | Bat: 0%</description>
      <styleUrl>#pointStyle</styleUrl>
      <Point><coordinates>-72.41395133,2.281598167,0</coordinates></Point>
    </Placemark>
    <Placemark>
      <n>#1570 HERMES-01</n>
      <description>15/07/2026 22:50:29 | Estado: REENVIO PENDIENTE | Bat: 0%</description>
      <styleUrl>#pointStyle</styleUrl>
      <Point><coordinates>-72.548248,2.392802,0</coordinates></Point>
    </Placemark>
    <Placemark>
      <n>#1571 HERMES-01</n>
      <description> No disponible | Estado: NUEVA UBICACION | Bat: 0%</description>
      <styleUrl>#pointStyle</styleUrl>
      <Point><coordinates>-72.41397633,2.281643667,0</coordinates></Point>
    </Placemark>
    <Placemark>
      <n>#1572 HERMES-01</n>
      <description>15/07/2026 22:56:37 | Estado: REENVIO PENDIENTE | Bat: 0%</description>
      <styleUrl>#pointStyle</styleUrl>
      <Point><coordinates>-72.548244,2.392773,0</coordinates></Point>
    </Placemark>
    <Placemark>
      <n>#1573 HERMES-01</n>
      <description>15/07/2026 23:06:25 | Estado: NUEVA UBICACION | Bat: 0%</description>
      <styleUrl>#pointStyle</styleUrl>
      <Point><coordinates>-72.5481745,2.392744833,0</coordinates></Point>
    </Placemark>
    <Placemark>
      <n>#1574 HERMES-01</n>
      <description>15/07/2026 23:11:42 | Estado: NUEVA UBICACION | Bat: 0%</description>
      <styleUrl>#pointStyle</styleUrl>
      <Point><coordinates>-72.5481885,2.392734833,0</coordinates></Point>
    </Placemark>
    <Placemark>
      <n>#1575 HERMES-01</n>
      <description>15/07/2026 23:17:02 | Estado: NUEVA UBICACION | Bat: 0%</description>
      <styleUrl>#pointStyle</styleUrl>
      <Point><coordinates>-72.54816667,2.392754667,0</coordinates></Point>
    </Placemark>
    <Placemark>
      <n>#1576 HERMES-01</n>
      <description>15/07/2026 23:22:22 | Estado: NUEVA UBICACION | Bat: 0%</description>
      <styleUrl>#pointStyle</styleUrl>
      <Point><coordinates>-72.54818383,2.392757667,0</coordinates></Point>
    </Placemark>
    <Placemark>
      <n>#1577 HERMES-01</n>
      <description>15/07/2026 23:27:41 | Estado: NUEVA UBICACION | Bat: 0%</description>
      <styleUrl>#pointStyle</styleUrl>
      <Point><coordinates>-72.54816667,2.3926945,0</coordinates></Point>
    </Placemark>
    <Placemark>
      <n>#1578 HERMES-01</n>
      <description>15/07/2026 23:33:00 | Estado: NUEVA UBICACION | Bat: 0%</description>
      <styleUrl>#pointStyle</styleUrl>
      <Point><coordinates>-72.5481855,2.392744,0</coordinates></Point>
    </Placemark>
    <Placemark>
      <n>#1579 HERMES-01</n>
      <description>15/07/2026 23:38:18 | Estado: NUEVA UBICACION | Bat: 0%</description>
      <styleUrl>#pointStyle</styleUrl>
      <Point><coordinates>-72.54815967,2.392742833,0</coordinates></Point>
    </Placemark>
    <Placemark>
      <n>#1580 HERMES-01</n>
      <description>15/07/2026 23:43:39 | Estado: NUEVA UBICACION | Bat: 0%</description>
      <styleUrl>#pointStyle</styleUrl>
      <Point><coordinates>-72.5482065,2.392754167,0</coordinates></Point>
    </Placemark>
    <Placemark>
      <n>#1581 HERMES-01</n>
      <description>15/07/2026 23:48:58 | Estado: NUEVA UBICACION | Bat: 0%</description>
      <styleUrl>#pointStyle</styleUrl>
      <Point><coordinates>-72.54818033,2.392743,0</coordinates></Point>
    </Placemark>
    <Placemark>
      <n>#1582 HERMES-01</n>
      <description>15/07/2026 23:54:18 | Estado: NUEVA UBICACION | Bat: 0%</description>
      <styleUrl>#pointStyle</styleUrl>
      <Point><coordinates>-72.54817783,2.392750667,0</coordinates></Point>
    </Placemark>
    <Placemark>
      <n>#1583 HERMES-01</n>
      <description>15/07/2026 23:59:35 | Estado: NUEVA UBICACION | Bat: 0%</description>
      <styleUrl>#pointStyle</styleUrl>
      <Point><coordinates>-72.548201,2.392745167,0</coordinates></Point>
    </Placemark>
    <Placemark>
      <n>#1584 HERMES-01</n>
      <description>16/07/2026 00:12:41 | Estado: REENVIO PENDIENTE | Bat: 0%</description>
      <styleUrl>#pointStyle</styleUrl>
      <Point><coordinates>-72.413948,2.281664,0</coordinates></Point>
    </Placemark>
    <Placemark>
      <n>#1585 HERMES-01</n>
      <description>16/07/2026 00:24:56 | Estado: REENVIO PENDIENTE | Bat: 0%</description>
      <styleUrl>#pointStyle</styleUrl>
      <Point><coordinates>-72.41394,2.281659,0</coordinates></Point>
    </Placemark>
    <Placemark>
      <n>#1586 HERMES-01</n>
      <description>16/07/2026 00:31:04 | Estado: REENVIO PENDIENTE | Bat: 0%</description>
      <styleUrl>#pointStyle</styleUrl>
      <Point><coordinates>-72.413955,2.281665,0</coordinates></Point>
    </Placemark>
    <Placemark>
      <n>#1587 HERMES-01</n>
      <description>16/07/2026 00:43:19 | Estado: REENVIO PENDIENTE | Bat: 0%</description>
      <styleUrl>#pointStyle</styleUrl>
      <Point><coordinates>-72.413958,2.281676,0</coordinates></Point>
    </Placemark>
    <Placemark>
      <n>#1588 HERMES-01</n>
      <description>16/07/2026 00:49:27 | Estado: REENVIO PENDIENTE | Bat: 0%</description>
      <styleUrl>#pointStyle</styleUrl>
      <Point><coordinates>-72.413947,2.281644,0</coordinates></Point>
    </Placemark>
    <Placemark>
      <n>#1589 HERMES-01</n>
      <description>16/07/2026 00:55:35 | Estado: REENVIO PENDIENTE | Bat: 0%</description>
      <styleUrl>#pointStyle</styleUrl>
      <Point><coordinates>-72.413961,2.281668,0</coordinates></Point>
    </Placemark>
    <Placemark>
      <n>#1590 HERMES-01</n>
      <description>16/07/2026 01:01:43 | Estado: REENVIO PENDIENTE | Bat: 0%</description>
      <styleUrl>#pointStyle</styleUrl>
      <Point><coordinates>-72.413942,2.281633,0</coordinates></Point>
    </Placemark>
    <Placemark>
      <n>#1591 HERMES-01</n>
      <description>16/07/2026 01:07:50 | Estado: REENVIO PENDIENTE | Bat: 0%</description>
      <styleUrl>#pointStyle</styleUrl>
      <Point><coordinates>-72.413948,2.281638,0</coordinates></Point>
    </Placemark>
    <Placemark>
      <n>#1592 HERMES-01</n>
      <description> No disponible | Estado: REENVIO PENDIENTE | Bat: 0%</description>
      <styleUrl>#pointStyle</styleUrl>
      <Point><coordinates>-72.413965,2.281678,0</coordinates></Point>
    </Placemark>
    <Placemark>
      <n>#1593 HERMES-01</n>
      <description> No disponible | Estado: REENVIO PENDIENTE | Bat: 0%</description>
      <styleUrl>#pointStyle</styleUrl>
      <Point><coordinates>-72.413983,2.281665,0</coordinates></Point>
    </Placemark>
    <Placemark>
      <n>#1594 HERMES-01</n>
      <description> No disponible | Estado: REENVIO PENDIENTE | Bat: 0%</description>
      <styleUrl>#pointStyle</styleUrl>
      <Point><coordinates>-72.413952,2.281691,0</coordinates></Point>
    </Placemark>
    <Placemark>
      <n>#1595 HERMES-01</n>
      <description> No disponible | Estado: REENVIO PENDIENTE | Bat: 0%</description>
      <styleUrl>#pointStyle</styleUrl>
      <Point><coordinates>-72.413952,2.281658,0</coordinates></Point>
    </Placemark>
    <Placemark>
      <n>#1596 HERMES-01</n>
      <description> No disponible | Estado: REENVIO PENDIENTE | Bat: 0%</description>
      <styleUrl>#pointStyle</styleUrl>
      <Point><coordinates>-72.413957,2.281672,0</coordinates></Point>
    </Placemark>
    <Placemark>
      <n>#1597 HERMES-01</n>
      <description>16/07/2026 01:15:43 | Estado: NUEVA UBICACION | Bat: 0%</description>
      <styleUrl>#pointStyle</styleUrl>
      <Point><coordinates>-72.41392033,2.281608,0</coordinates></Point>
    </Placemark>
    <Placemark>
      <n>#1598 HERMES-01</n>
      <description>16/07/2026 01:20:58 | Estado: NUEVA UBICACION | Bat: 0%</description>
      <styleUrl>#pointStyle</styleUrl>
      <Point><coordinates>-72.41394067,2.2816315,0</coordinates></Point>
    </Placemark>
    <Placemark>
      <n>#1599 HERMES-01</n>
      <description>16/07/2026 01:26:17 | Estado: NUEVA UBICACION | Bat: 0%</description>
      <styleUrl>#pointStyle</styleUrl>
      <Point><coordinates>-72.41396933,2.281687167,0</coordinates></Point>
    </Placemark>
    <Placemark>
      <n>#1600 HERMES-01</n>
      <description>16/07/2026 01:31:35 | Estado: NUEVA UBICACION | Bat: 0%</description>
      <styleUrl>#pointStyle</styleUrl>
      <Point><coordinates>-72.41394083,2.281611,0</coordinates></Point>
    </Placemark>
    <Placemark>
      <n>#1601 HERMES-01</n>
      <description>16/07/2026 01:36:54 | Estado: NUEVA UBICACION | Bat: 0%</description>
      <styleUrl>#pointStyle</styleUrl>
      <Point><coordinates>-72.41394733,2.2816155,0</coordinates></Point>
    </Placemark>
    <Placemark>
      <n>#1602 HERMES-01</n>
      <description> No disponible | Estado: NUEVA UBICACION | Bat: 0%</description>
      <styleUrl>#pointStyle</styleUrl>
      <Point><coordinates>-72.41393783,2.281648667,0</coordinates></Point>
    </Placemark>
    <Placemark>
      <n>#1603 HERMES-01</n>
      <description> No disponible | Estado: NUEVA UBICACION | Bat: 0%</description>
      <styleUrl>#pointStyle</styleUrl>
      <Point><coordinates>-72.413959,2.281673,0</coordinates></Point>
    </Placemark>
    <Placemark>
      <n>#1604 HERMES-01</n>
      <description> No disponible | Estado: NUEVA UBICACION | Bat: 0%</description>
      <styleUrl>#pointStyle</styleUrl>
      <Point><coordinates>-72.41396233,2.281689167,0</coordinates></Point>
    </Placemark>
    <Placemark>
      <n>#1605 HERMES-01</n>
      <description>16/07/2026 01:58:09 | Estado: NUEVA UBICACION | Bat: 0%</description>
      <styleUrl>#pointStyle</styleUrl>
      <Point><coordinates>-72.41397267,2.281654,0</coordinates></Point>
    </Placemark>
    <Placemark>
      <n>#1606 HERMES-01</n>
      <description>16/07/2026 02:03:27 | Estado: NUEVA UBICACION | Bat: 0%</description>
      <styleUrl>#pointStyle</styleUrl>
      <Point><coordinates>-72.413974,2.281672,0</coordinates></Point>
    </Placemark>
    <Placemark>
      <n>#1607 HERMES-01</n>
      <description>16/07/2026 02:08:45 | Estado: NUEVA UBICACION | Bat: 0%</description>
      <styleUrl>#pointStyle</styleUrl>
      <Point><coordinates>-72.41397283,2.281690667,0</coordinates></Point>
    </Placemark>
    <Placemark>
      <n>#1608 HERMES-01</n>
      <description> No disponible | Estado: NUEVA UBICACION | Bat: 0%</description>
      <styleUrl>#pointStyle</styleUrl>
      <Point><coordinates>-72.413959,2.2816485,0</coordinates></Point>
    </Placemark>
    <Placemark>
      <n>#1609 HERMES-01</n>
      <description>16/07/2026 02:19:22 | Estado: NUEVA UBICACION | Bat: 0%</description>
      <styleUrl>#pointStyle</styleUrl>
      <Point><coordinates>-72.4139265,2.281670333,0</coordinates></Point>
    </Placemark>
    <Placemark>
      <n>#1610 HERMES-01</n>
      <description>16/07/2026 02:24:40 | Estado: NUEVA UBICACION | Bat: 0%</description>
      <styleUrl>#pointStyle</styleUrl>
      <Point><coordinates>-72.41394433,2.2816615,0</coordinates></Point>
    </Placemark>
    <Placemark>
      <n>#1611 HERMES-01</n>
      <description>16/07/2026 02:29:58 | Estado: NUEVA UBICACION | Bat: 0%</description>
      <styleUrl>#pointStyle</styleUrl>
      <Point><coordinates>-72.4139435,2.281644,0</coordinates></Point>
    </Placemark>
    <Placemark>
      <n>#1612 HERMES-01</n>
      <description>16/07/2026 02:35:18 | Estado: NUEVA UBICACION | Bat: 0%</description>
      <styleUrl>#pointStyle</styleUrl>
      <Point><coordinates>-72.41397833,2.281711167,0</coordinates></Point>
    </Placemark>
    <Placemark>
      <n>#1613 HERMES-01</n>
      <description> No disponible | Estado: NUEVA UBICACION | Bat: 0%</description>
      <styleUrl>#pointStyle</styleUrl>
      <Point><coordinates>-72.41395417,2.281699167,0</coordinates></Point>
    </Placemark>
    <Placemark>
      <n>#1614 HERMES-01</n>
      <description>16/07/2026 02:45:55 | Estado: NUEVA UBICACION | Bat: 0%</description>
      <styleUrl>#pointStyle</styleUrl>
      <Point><coordinates>-72.41395533,2.281689333,0</coordinates></Point>
    </Placemark>
    <Placemark>
      <n>#1615 HERMES-01</n>
      <description>16/07/2026 02:51:13 | Estado: NUEVA UBICACION | Bat: 0%</description>
      <styleUrl>#pointStyle</styleUrl>
      <Point><coordinates>-72.413958,2.281688,0</coordinates></Point>
    </Placemark>
    <Placemark>
      <n>#1616 HERMES-01</n>
      <description>16/07/2026 02:56:31 | Estado: NUEVA UBICACION | Bat: 0%</description>
      <styleUrl>#pointStyle</styleUrl>
      <Point><coordinates>-72.413966,2.281675833,0</coordinates></Point>
    </Placemark>
    <Placemark>
      <n>#1617 HERMES-01</n>
      <description>16/07/2026 03:01:49 | Estado: NUEVA UBICACION | Bat: 0%</description>
      <styleUrl>#pointStyle</styleUrl>
      <Point><coordinates>-72.41396283,2.2816565,0</coordinates></Point>
    </Placemark>
    <Placemark>
      <n>#1618 HERMES-01</n>
      <description>16/07/2026 03:07:08 | Estado: NUEVA UBICACION | Bat: 0%</description>
      <styleUrl>#pointStyle</styleUrl>
      <Point><coordinates>-72.41396683,2.281668833,0</coordinates></Point>
    </Placemark>
    <Placemark>
      <n>#1619 HERMES-01</n>
      <description> No disponible | Estado: NUEVA UBICACION | Bat: 0%</description>
      <styleUrl>#pointStyle</styleUrl>
      <Point><coordinates>-72.41396233,2.281664333,0</coordinates></Point>
    </Placemark>
    <Placemark>
      <n>#1620 HERMES-01</n>
      <description> No disponible | Estado: NUEVA UBICACION | Bat: 0%</description>
      <styleUrl>#pointStyle</styleUrl>
      <Point><coordinates>-72.41395883,2.281656167,0</coordinates></Point>
    </Placemark>
    <Placemark>
      <n>#1621 HERMES-01</n>
      <description>16/07/2026 03:23:02 | Estado: NUEVA UBICACION | Bat: 0%</description>
      <styleUrl>#pointStyle</styleUrl>
      <Point><coordinates>-72.41394967,2.281652,0</coordinates></Point>
    </Placemark>
    <Placemark>
      <n>#1622 HERMES-01</n>
      <description>16/07/2026 03:28:19 | Estado: NUEVA UBICACION | Bat: 0%</description>
      <styleUrl>#pointStyle</styleUrl>
      <Point><coordinates>-72.41395667,2.281662167,0</coordinates></Point>
    </Placemark>
    <Placemark>
      <n>#1623 HERMES-01</n>
      <description> No disponible | Estado: NUEVA UBICACION | Bat: 0%</description>
      <styleUrl>#pointStyle</styleUrl>
      <Point><coordinates>-72.41395567,2.281650167,0</coordinates></Point>
    </Placemark>
    <Placemark>
      <n>#1624 HERMES-01</n>
      <description>16/07/2026 03:38:54 | Estado: NUEVA UBICACION | Bat: 0%</description>
      <styleUrl>#pointStyle</styleUrl>
      <Point><coordinates>-72.41396567,2.281667833,0</coordinates></Point>
    </Placemark>
    <Placemark>
      <n>#1625 HERMES-01</n>
      <description>16/07/2026 03:44:14 | Estado: NUEVA UBICACION | Bat: 0%</description>
      <styleUrl>#pointStyle</styleUrl>
      <Point><coordinates>-72.41396717,2.281687333,0</coordinates></Point>
    </Placemark>
    <Placemark>
      <n>#1626 HERMES-01</n>
      <description>16/07/2026 03:49:33 | Estado: NUEVA UBICACION | Bat: 0%</description>
      <styleUrl>#pointStyle</styleUrl>
      <Point><coordinates>-72.41397233,2.28165,0</coordinates></Point>
    </Placemark>
    <Placemark>
      <n>#1627 HERMES-01</n>
      <description>16/07/2026 03:54:52 | Estado: NUEVA UBICACION | Bat: 0%</description>
      <styleUrl>#pointStyle</styleUrl>
      <Point><coordinates>-72.41397583,2.281655667,0</coordinates></Point>
    </Placemark>
    <Placemark>
      <n>#1628 HERMES-01</n>
      <description>16/07/2026 04:00:10 | Estado: NUEVA UBICACION | Bat: 0%</description>
      <styleUrl>#pointStyle</styleUrl>
      <Point><coordinates>-72.41394267,2.281656667,0</coordinates></Point>
    </Placemark>
    <Placemark>
      <n>#1629 HERMES-01</n>
      <description> No disponible | Estado: NUEVA UBICACION | Bat: 0%</description>
      <styleUrl>#pointStyle</styleUrl>
      <Point><coordinates>-72.41397083,2.2816575,0</coordinates></Point>
    </Placemark>
    <Placemark>
      <n>#1630 HERMES-01</n>
      <description>16/07/2026 04:10:47 | Estado: NUEVA UBICACION | Bat: 0%</description>
      <styleUrl>#pointStyle</styleUrl>
      <Point><coordinates>-72.413909,2.281640833,0</coordinates></Point>
    </Placemark>
    <Placemark>
      <n>#1631 HERMES-01</n>
      <description>16/07/2026 04:16:05 | Estado: NUEVA UBICACION | Bat: 0%</description>
      <styleUrl>#pointStyle</styleUrl>
      <Point><coordinates>-72.41401517,2.281676833,0</coordinates></Point>
    </Placemark>
    <Placemark>
      <n>#1632 HERMES-01</n>
      <description>16/07/2026 04:21:24 | Estado: NUEVA UBICACION | Bat: 0%</description>
      <styleUrl>#pointStyle</styleUrl>
      <Point><coordinates>-72.41395367,2.281667333,0</coordinates></Point>
    </Placemark>
    <Placemark>
      <n>#1633 HERMES-01</n>
      <description> No disponible | Estado: NUEVA UBICACION | Bat: 0%</description>
      <styleUrl>#pointStyle</styleUrl>
      <Point><coordinates>-72.41398883,2.281680167,0</coordinates></Point>
    </Placemark>
    <Placemark>
      <n>#1634 HERMES-01</n>
      <description> No disponible | Estado: NUEVA UBICACION | Bat: 0%</description>
      <styleUrl>#pointStyle</styleUrl>
      <Point><coordinates>-72.41397583,2.281650833,0</coordinates></Point>
    </Placemark>
    <Placemark>
      <n>#1635 HERMES-01</n>
      <description> No disponible | Estado: NUEVA UBICACION | Bat: 0%</description>
      <styleUrl>#pointStyle</styleUrl>
      <Point><coordinates>-72.41397267,2.281673167,0</coordinates></Point>
    </Placemark>
    <Placemark>
      <n>#1636 HERMES-01</n>
      <description> No disponible | Estado: NUEVA UBICACION | Bat: 0%</description>
      <styleUrl>#pointStyle</styleUrl>
      <Point><coordinates>-72.413941,2.2816505,0</coordinates></Point>
    </Placemark>
    <Placemark>
      <n>#1637 HERMES-01</n>
      <description>16/07/2026 04:47:57 | Estado: NUEVA UBICACION | Bat: 0%</description>
      <styleUrl>#pointStyle</styleUrl>
      <Point><coordinates>-72.4139505,2.281653333,0</coordinates></Point>
    </Placemark>
    <Placemark>
      <n>#1638 HERMES-01</n>
      <description>16/07/2026 04:53:17 | Estado: NUEVA UBICACION | Bat: 0%</description>
      <styleUrl>#pointStyle</styleUrl>
      <Point><coordinates>-72.41394483,2.281655333,0</coordinates></Point>
    </Placemark>
    <Placemark>
      <n>#1639 HERMES-01</n>
      <description>16/07/2026 04:58:36 | Estado: NUEVA UBICACION | Bat: 0%</description>
      <styleUrl>#pointStyle</styleUrl>
      <Point><coordinates>-72.413931,2.281683167,0</coordinates></Point>
    </Placemark>
    <Placemark>
      <n>#1640 HERMES-01</n>
      <description>16/07/2026 05:03:54 | Estado: NUEVA UBICACION | Bat: 0%</description>
      <styleUrl>#pointStyle</styleUrl>
      <Point><coordinates>-72.41396083,2.281707833,0</coordinates></Point>
    </Placemark>
    <Placemark>
      <n>#1641 HERMES-01</n>
      <description>16/07/2026 05:09:16 | Estado: NUEVA UBICACION | Bat: 0%</description>
      <styleUrl>#pointStyle</styleUrl>
      <Point><coordinates>-72.4139835,2.281659167,0</coordinates></Point>
    </Placemark>
    <Placemark>
      <n>#1642 HERMES-01</n>
      <description>16/07/2026 05:14:34 | Estado: NUEVA UBICACION | Bat: 0%</description>
      <styleUrl>#pointStyle</styleUrl>
      <Point><coordinates>-72.4139705,2.281665833,0</coordinates></Point>
    </Placemark>
    <Placemark>
      <n>#1643 HERMES-01</n>
      <description>16/07/2026 05:19:54 | Estado: NUEVA UBICACION | Bat: 0%</description>
      <styleUrl>#pointStyle</styleUrl>
      <Point><coordinates>-72.41396867,2.281663833,0</coordinates></Point>
    </Placemark>
    <Placemark>
      <n>#1644 HERMES-01</n>
      <description>16/07/2026 05:43:35 | Estado: NUEVA UBICACION | Bat: 0%</description>
      <styleUrl>#pointStyle</styleUrl>
      <Point><coordinates>-72.41395433,2.281668333,0</coordinates></Point>
    </Placemark>
    <Placemark>
      <n>#1645 HERMES-01</n>
      <description>16/07/2026 05:48:52 | Estado: NUEVA UBICACION | Bat: 0%</description>
      <styleUrl>#pointStyle</styleUrl>
      <Point><coordinates>-72.41397033,2.281679167,0</coordinates></Point>
    </Placemark>
    <Placemark>
      <n>#1646 HERMES-01</n>
      <description> No disponible | Estado: NUEVA UBICACION | Bat: 0%</description>
      <styleUrl>#pointStyle</styleUrl>
      <Point><coordinates>-72.41395467,2.281694,0</coordinates></Point>
    </Placemark>
    <Placemark>
      <n>#1647 HERMES-01</n>
      <description>16/07/2026 05:59:30 | Estado: NUEVA UBICACION | Bat: 0%</description>
      <styleUrl>#pointStyle</styleUrl>
      <Point><coordinates>-72.413974,2.281712167,0</coordinates></Point>
    </Placemark>
    <Placemark>
      <n>#1648 HERMES-01</n>
      <description>16/07/2026 06:04:50 | Estado: NUEVA UBICACION | Bat: 0%</description>
      <styleUrl>#pointStyle</styleUrl>
      <Point><coordinates>-72.41397983,2.281697667,0</coordinates></Point>
    </Placemark>
    <Placemark>
      <n>#1649 HERMES-01</n>
      <description>16/07/2026 06:10:08 | Estado: NUEVA UBICACION | Bat: 0%</description>
      <styleUrl>#pointStyle</styleUrl>
      <Point><coordinates>-72.413975,2.281677333,0</coordinates></Point>
    </Placemark>
    <Placemark>
      <n>#1650 HERMES-01</n>
      <description>16/07/2026 06:15:27 | Estado: NUEVA UBICACION | Bat: 0%</description>
      <styleUrl>#pointStyle</styleUrl>
      <Point><coordinates>-72.41395783,2.281649833,0</coordinates></Point>
    </Placemark>
    <Placemark>
      <n>#1651 HERMES-01</n>
      <description> No disponible | Estado: NUEVA UBICACION | Bat: 0%</description>
      <styleUrl>#pointStyle</styleUrl>
      <Point><coordinates>-72.41396917,2.281665333,0</coordinates></Point>
    </Placemark>
    <Placemark>
      <n>#1652 HERMES-01</n>
      <description>16/07/2026 06:26:04 | Estado: NUEVA UBICACION | Bat: 0%</description>
      <styleUrl>#pointStyle</styleUrl>
      <Point><coordinates>-72.41397433,2.281663833,0</coordinates></Point>
    </Placemark>
    <Placemark>
      <n>#1653 HERMES-01</n>
      <description>16/07/2026 06:31:23 | Estado: NUEVA UBICACION | Bat: 0%</description>
      <styleUrl>#pointStyle</styleUrl>
      <Point><coordinates>-72.41398517,2.2816805,0</coordinates></Point>
    </Placemark>
    <Placemark>
      <n>#1654 HERMES-01</n>
      <description>16/07/2026 06:36:41 | Estado: NUEVA UBICACION | Bat: 0%</description>
      <styleUrl>#pointStyle</styleUrl>
      <Point><coordinates>-72.4139395,2.281612833,0</coordinates></Point>
    </Placemark>
    <Placemark>
      <n>#1655 HERMES-01</n>
      <description>16/07/2026 06:42:01 | Estado: NUEVA UBICACION | Bat: 0%</description>
      <styleUrl>#pointStyle</styleUrl>
      <Point><coordinates>-72.4139845,2.281680167,0</coordinates></Point>
    </Placemark>
    <Placemark>
      <n>#1656 HERMES-01</n>
      <description>16/07/2026 06:47:19 | Estado: NUEVA UBICACION | Bat: 0%</description>
      <styleUrl>#pointStyle</styleUrl>
      <Point><coordinates>-72.41398867,2.2816775,0</coordinates></Point>
    </Placemark>
    <Placemark>
      <n>#1657 HERMES-01</n>
      <description>16/07/2026 06:52:38 | Estado: NUEVA UBICACION | Bat: 0%</description>
      <styleUrl>#pointStyle</styleUrl>
      <Point><coordinates>-72.41401017,2.281645167,0</coordinates></Point>
    </Placemark>
    <Placemark>
      <n>#1658 HERMES-01</n>
      <description>16/07/2026 06:57:59 | Estado: NUEVA UBICACION | Bat: 0%</description>
      <styleUrl>#pointStyle</styleUrl>
      <Point><coordinates>-72.41397517,2.281662833,0</coordinates></Point>
    </Placemark>
    <Placemark>
      <n>#1659 HERMES-01</n>
      <description>16/07/2026 07:03:18 | Estado: NUEVA UBICACION | Bat: 0%</description>
      <styleUrl>#pointStyle</styleUrl>
      <Point><coordinates>-72.413984,2.281680667,0</coordinates></Point>
    </Placemark>
    <Placemark>
      <n>#1660 HERMES-01</n>
      <description>16/07/2026 07:08:38 | Estado: NUEVA UBICACION | Bat: 0%</description>
      <styleUrl>#pointStyle</styleUrl>
      <Point><coordinates>-72.41397667,2.281673667,0</coordinates></Point>
    </Placemark>
    <Placemark>
      <n>#1661 HERMES-01</n>
      <description>16/07/2026 07:13:57 | Estado: NUEVA UBICACION | Bat: 0%</description>
      <styleUrl>#pointStyle</styleUrl>
      <Point><coordinates>-72.41399483,2.281660833,0</coordinates></Point>
    </Placemark>
    <Placemark>
      <n>#1662 HERMES-01</n>
      <description>16/07/2026 07:19:18 | Estado: NUEVA UBICACION | Bat: 0%</description>
      <styleUrl>#pointStyle</styleUrl>
      <Point><coordinates>-72.413962,2.281661667,0</coordinates></Point>
    </Placemark>
    <Placemark>
      <n>#1663 HERMES-01</n>
      <description>16/07/2026 07:24:39 | Estado: NUEVA UBICACION | Bat: 0%</description>
      <styleUrl>#pointStyle</styleUrl>
      <Point><coordinates>-72.41397167,2.281672,0</coordinates></Point>
    </Placemark>
    <Placemark>
      <n>#1664 HERMES-01</n>
      <description> No disponible | Estado: NUEVA UBICACION | Bat: 0%</description>
      <styleUrl>#pointStyle</styleUrl>
      <Point><coordinates>-72.4139975,2.281694167,0</coordinates></Point>
    </Placemark>
    <Placemark>
      <n>#1665 HERMES-01</n>
      <description>16/07/2026 07:35:17 | Estado: NUEVA UBICACION | Bat: 0%</description>
      <styleUrl>#pointStyle</styleUrl>
      <Point><coordinates>-72.41393133,2.281665667,0</coordinates></Point>
    </Placemark>
    <Placemark>
      <n>#1666 HERMES-01</n>
      <description>16/07/2026 07:40:36 | Estado: NUEVA UBICACION | Bat: 0%</description>
      <styleUrl>#pointStyle</styleUrl>
      <Point><coordinates>-72.4139735,2.281657333,0</coordinates></Point>
    </Placemark>
    <Placemark>
      <n>#1667 HERMES-01</n>
      <description>16/07/2026 07:45:55 | Estado: NUEVA UBICACION | Bat: 0%</description>
      <styleUrl>#pointStyle</styleUrl>
      <Point><coordinates>-72.4140045,2.2817175,0</coordinates></Point>
    </Placemark>
    <Placemark>
      <n>#1668 HERMES-01</n>
      <description>16/07/2026 07:51:16 | Estado: NUEVA UBICACION | Bat: 0%</description>
      <styleUrl>#pointStyle</styleUrl>
      <Point><coordinates>-72.41398067,2.281683833,0</coordinates></Point>
    </Placemark>
    <Placemark>
      <n>#1669 HERMES-01</n>
      <description>16/07/2026 07:56:37 | Estado: NUEVA UBICACION | Bat: 0%</description>
      <styleUrl>#pointStyle</styleUrl>
      <Point><coordinates>-72.41393217,2.281646,0</coordinates></Point>
    </Placemark>
    <Placemark>
      <n>#1670 HERMES-01</n>
      <description>16/07/2026 08:01:55 | Estado: NUEVA UBICACION | Bat: 0%</description>
      <styleUrl>#pointStyle</styleUrl>
      <Point><coordinates>-72.41399333,2.281676167,0</coordinates></Point>
    </Placemark>
    <Placemark>
      <n>#1671 HERMES-01</n>
      <description> No disponible | Estado: NUEVA UBICACION | Bat: 0%</description>
      <styleUrl>#pointStyle</styleUrl>
      <Point><coordinates>-72.4139915,2.2816835,0</coordinates></Point>
    </Placemark>
    <Placemark>
      <n>#1672 HERMES-01</n>
      <description>16/07/2026 08:12:33 | Estado: NUEVA UBICACION | Bat: 0%</description>
      <styleUrl>#pointStyle</styleUrl>
      <Point><coordinates>-72.41399267,2.281680667,0</coordinates></Point>
    </Placemark>
    <Placemark>
      <n>#1673 HERMES-01</n>
      <description>16/07/2026 08:17:52 | Estado: NUEVA UBICACION | Bat: 0%</description>
      <styleUrl>#pointStyle</styleUrl>
      <Point><coordinates>-72.41398767,2.281629667,0</coordinates></Point>
    </Placemark>
    <Placemark>
      <n>#1674 HERMES-01</n>
      <description>16/07/2026 08:23:11 | Estado: NUEVA UBICACION | Bat: 0%</description>
      <styleUrl>#pointStyle</styleUrl>
      <Point><coordinates>-72.4139775,2.281657167,0</coordinates></Point>
    </Placemark>
    <Placemark>
      <n>#1675 HERMES-01</n>
      <description>16/07/2026 08:28:30 | Estado: NUEVA UBICACION | Bat: 0%</description>
      <styleUrl>#pointStyle</styleUrl>
      <Point><coordinates>-72.41397917,2.2816685,0</coordinates></Point>
    </Placemark>
    <Placemark>
      <n>#1676 HERMES-01</n>
      <description>16/07/2026 08:33:50 | Estado: NUEVA UBICACION | Bat: 0%</description>
      <styleUrl>#pointStyle</styleUrl>
      <Point><coordinates>-72.41399583,2.281673667,0</coordinates></Point>
    </Placemark>
    <Placemark>
      <n>#1677 HERMES-01</n>
      <description>16/07/2026 08:39:08 | Estado: NUEVA UBICACION | Bat: 0%</description>
      <styleUrl>#pointStyle</styleUrl>
      <Point><coordinates>-72.41399017,2.281679333,0</coordinates></Point>
    </Placemark>
    <Placemark>
      <n>#1678 HERMES-01</n>
      <description>16/07/2026 08:44:33 | Estado: NUEVA UBICACION | Bat: 0%</description>
      <styleUrl>#pointStyle</styleUrl>
      <Point><coordinates>-72.41397917,2.281703667,0</coordinates></Point>
    </Placemark>
    <Placemark>
      <n>#1679 HERMES-01</n>
      <description>16/07/2026 08:49:53 | Estado: NUEVA UBICACION | Bat: 0%</description>
      <styleUrl>#pointStyle</styleUrl>
      <Point><coordinates>-72.413998,2.2816975,0</coordinates></Point>
    </Placemark>
    <Placemark>
      <n>#1680 HERMES-01</n>
      <description>16/07/2026 08:55:11 | Estado: NUEVA UBICACION | Bat: 0%</description>
      <styleUrl>#pointStyle</styleUrl>
      <Point><coordinates>-72.41398017,2.281680667,0</coordinates></Point>
    </Placemark>
    <Placemark>
      <n>#1681 HERMES-01</n>
      <description>16/07/2026 09:00:32 | Estado: NUEVA UBICACION | Bat: 0%</description>
      <styleUrl>#pointStyle</styleUrl>
      <Point><coordinates>-72.41396,2.2816685,0</coordinates></Point>
    </Placemark>
    <Placemark>
      <n>#1682 HERMES-01</n>
      <description>16/07/2026 09:05:53 | Estado: NUEVA UBICACION | Bat: 0%</description>
      <styleUrl>#pointStyle</styleUrl>
      <Point><coordinates>-72.41396083,2.281720167,0</coordinates></Point>
    </Placemark>
    <Placemark>
      <n>#1683 HERMES-01</n>
      <description>16/07/2026 09:11:11 | Estado: NUEVA UBICACION | Bat: 0%</description>
      <styleUrl>#pointStyle</styleUrl>
      <Point><coordinates>-72.41393,2.281698333,0</coordinates></Point>
    </Placemark>
    <Placemark>
      <n>#1684 HERMES-01</n>
      <description>16/07/2026 09:16:30 | Estado: NUEVA UBICACION | Bat: 0%</description>
      <styleUrl>#pointStyle</styleUrl>
      <Point><coordinates>-72.41396717,2.281706833,0</coordinates></Point>
    </Placemark>
    <Placemark>
      <n>#1685 HERMES-01</n>
      <description>16/07/2026 09:21:49 | Estado: NUEVA UBICACION | Bat: 0%</description>
      <styleUrl>#pointStyle</styleUrl>
      <Point><coordinates>-72.41397,2.281659,0</coordinates></Point>
    </Placemark>
    <Placemark>
      <n>#1686 HERMES-01</n>
      <description>16/07/2026 09:27:11 | Estado: NUEVA UBICACION | Bat: 0%</description>
      <styleUrl>#pointStyle</styleUrl>
      <Point><coordinates>-72.41397367,2.2816635,0</coordinates></Point>
    </Placemark>
    <Placemark>
      <n>#1687 HERMES-01</n>
      <description>16/07/2026 09:32:33 | Estado: NUEVA UBICACION | Bat: 0%</description>
      <styleUrl>#pointStyle</styleUrl>
      <Point><coordinates>-72.41396233,2.281667833,0</coordinates></Point>
    </Placemark>
    <Placemark>
      <n>#1688 HERMES-01</n>
      <description>16/07/2026 09:37:53 | Estado: NUEVA UBICACION | Bat: 0%</description>
      <styleUrl>#pointStyle</styleUrl>
      <Point><coordinates>-72.413995,2.281702833,0</coordinates></Point>
    </Placemark>
    <Placemark>
      <n>#1689 HERMES-01</n>
      <description>16/07/2026 09:43:12 | Estado: NUEVA UBICACION | Bat: 0%</description>
      <styleUrl>#pointStyle</styleUrl>
      <Point><coordinates>-72.41396867,2.2816715,0</coordinates></Point>
    </Placemark>
    <Placemark>
      <n>#1690 HERMES-01</n>
      <description>16/07/2026 09:48:32 | Estado: NUEVA UBICACION | Bat: 0%</description>
      <styleUrl>#pointStyle</styleUrl>
      <Point><coordinates>-72.41398133,2.281694833,0</coordinates></Point>
    </Placemark>
    <Placemark>
      <n>#1691 HERMES-01</n>
      <description>16/07/2026 09:53:52 | Estado: NUEVA UBICACION | Bat: 0%</description>
      <styleUrl>#pointStyle</styleUrl>
      <Point><coordinates>-72.41397133,2.2817,0</coordinates></Point>
    </Placemark>
    <Placemark>
      <n>#1692 HERMES-01</n>
      <description> No disponible | Estado: NUEVA UBICACION | Bat: 0%</description>
      <styleUrl>#pointStyle</styleUrl>
      <Point><coordinates>-72.41396967,2.281677167,0</coordinates></Point>
    </Placemark>
    <Placemark>
      <n>#1693 HERMES-01</n>
      <description>16/07/2026 10:04:33 | Estado: NUEVA UBICACION | Bat: 0%</description>
      <styleUrl>#pointStyle</styleUrl>
      <Point><coordinates>-72.41396317,2.281678667,0</coordinates></Point>
    </Placemark>
    <Placemark>
      <n>#1694 HERMES-01</n>
      <description>16/07/2026 10:09:52 | Estado: NUEVA UBICACION | Bat: 0%</description>
      <styleUrl>#pointStyle</styleUrl>
      <Point><coordinates>-72.41396367,2.281685667,0</coordinates></Point>
    </Placemark>
    <Placemark>
      <n>#1695 HERMES-01</n>
      <description>16/07/2026 10:15:14 | Estado: NUEVA UBICACION | Bat: 0%</description>
      <styleUrl>#pointStyle</styleUrl>
      <Point><coordinates>-72.41396067,2.281655167,0</coordinates></Point>
    </Placemark>
    <Placemark>
      <n>#1696 HERMES-01</n>
      <description>16/07/2026 10:20:35 | Estado: NUEVA UBICACION | Bat: 0%</description>
      <styleUrl>#pointStyle</styleUrl>
      <Point><coordinates>-72.41395417,2.281652333,0</coordinates></Point>
    </Placemark>
    <Placemark>
      <n>#1697 HERMES-01</n>
      <description> No disponible | Estado: NUEVA UBICACION | Bat: 0%</description>
      <styleUrl>#pointStyle</styleUrl>
      <Point><coordinates>-72.4139825,2.281691667,0</coordinates></Point>
    </Placemark>
    <Placemark>
      <n>#1698 HERMES-01</n>
      <description>16/07/2026 10:31:16 | Estado: NUEVA UBICACION | Bat: 0%</description>
      <styleUrl>#pointStyle</styleUrl>
      <Point><coordinates>-72.41395733,2.2816665,0</coordinates></Point>
    </Placemark>
    <Placemark>
      <n>#1699 HERMES-01</n>
      <description>16/07/2026 10:36:38 | Estado: NUEVA UBICACION | Bat: 0%</description>
      <styleUrl>#pointStyle</styleUrl>
      <Point><coordinates>-72.41394017,2.2816715,0</coordinates></Point>
    </Placemark>
    <Placemark>
      <n>#1700 HERMES-01</n>
      <description>16/07/2026 10:41:58 | Estado: NUEVA UBICACION | Bat: 0%</description>
      <styleUrl>#pointStyle</styleUrl>
      <Point><coordinates>-72.41397033,2.281701667,0</coordinates></Point>
    </Placemark>
    <Placemark>
      <n>#1701 HERMES-01</n>
      <description> No disponible | Estado: NUEVA UBICACION | Bat: 0%</description>
      <styleUrl>#pointStyle</styleUrl>
      <Point><coordinates>-72.41397483,2.2816785,0</coordinates></Point>
    </Placemark>
    <Placemark>
      <n>#1702 HERMES-01</n>
      <description>16/07/2026 10:52:40 | Estado: NUEVA UBICACION | Bat: 0%</description>
      <styleUrl>#pointStyle</styleUrl>
      <Point><coordinates>-72.41395833,2.281679833,0</coordinates></Point>
    </Placemark>
    <Placemark>
      <n>#1703 HERMES-01</n>
      <description>16/07/2026 10:57:59 | Estado: NUEVA UBICACION | Bat: 0%</description>
      <styleUrl>#pointStyle</styleUrl>
      <Point><coordinates>-72.41397767,2.281690667,0</coordinates></Point>
    </Placemark>
    <Placemark>
      <n>#1704 HERMES-01</n>
      <description>16/07/2026 11:03:19 | Estado: NUEVA UBICACION | Bat: 0%</description>
      <styleUrl>#pointStyle</styleUrl>
      <Point><coordinates>-72.41396483,2.281691,0</coordinates></Point>
    </Placemark>
    <Placemark>
      <n>#1705 HERMES-01</n>
      <description>16/07/2026 11:08:38 | Estado: NUEVA UBICACION | Bat: 0%</description>
      <styleUrl>#pointStyle</styleUrl>
      <Point><coordinates>-72.413971,2.28169,0</coordinates></Point>
    </Placemark>
    <Placemark>
      <n>#1706 HERMES-01</n>
      <description>16/07/2026 11:14:01 | Estado: NUEVA UBICACION | Bat: 0%</description>
      <styleUrl>#pointStyle</styleUrl>
      <Point><coordinates>-72.41397633,2.281682,0</coordinates></Point>
    </Placemark>
    <Placemark>
      <n>#1707 HERMES-01</n>
      <description> No disponible | Estado: NUEVA UBICACION | Bat: 0%</description>
      <styleUrl>#pointStyle</styleUrl>
      <Point><coordinates>-72.41395617,2.281686833,0</coordinates></Point>
    </Placemark>
    <Placemark>
      <n>#1708 HERMES-01</n>
      <description>16/07/2026 11:24:41 | Estado: NUEVA UBICACION | Bat: 0%</description>
      <styleUrl>#pointStyle</styleUrl>
      <Point><coordinates>-72.41393567,2.281674833,0</coordinates></Point>
    </Placemark>
    <Placemark>
      <n>#1709 HERMES-01</n>
      <description>16/07/2026 11:30:11 | Estado: NUEVA UBICACION | Bat: 0%</description>
      <styleUrl>#pointStyle</styleUrl>
      <Point><coordinates>-72.41396583,2.281680167,0</coordinates></Point>
    </Placemark>
    <Placemark>
      <n>#1710 HERMES-01</n>
      <description>16/07/2026 11:35:41 | Estado: NUEVA UBICACION | Bat: 0%</description>
      <styleUrl>#pointStyle</styleUrl>
      <Point><coordinates>-72.4139545,2.281666833,0</coordinates></Point>
    </Placemark>
    <Placemark>
      <n>#1711 HERMES-01</n>
      <description>16/07/2026 11:41:02 | Estado: NUEVA UBICACION | Bat: 0%</description>
      <styleUrl>#pointStyle</styleUrl>
      <Point><coordinates>-72.413946,2.2816805,0</coordinates></Point>
    </Placemark>
    <Placemark>
      <n>#1712 HERMES-01</n>
      <description>16/07/2026 11:46:25 | Estado: NUEVA UBICACION | Bat: 0%</description>
      <styleUrl>#pointStyle</styleUrl>
      <Point><coordinates>-72.41396617,2.2816795,0</coordinates></Point>
    </Placemark>
    <Placemark>
      <n>#1713 HERMES-01</n>
      <description>16/07/2026 11:51:44 | Estado: NUEVA UBICACION | Bat: 0%</description>
      <styleUrl>#pointStyle</styleUrl>
      <Point><coordinates>-72.41395083,2.281658,0</coordinates></Point>
    </Placemark>
    <Placemark>
      <n>#1714 HERMES-01</n>
      <description>16/07/2026 11:57:04 | Estado: NUEVA UBICACION | Bat: 0%</description>
      <styleUrl>#pointStyle</styleUrl>
      <Point><coordinates>-72.41396133,2.281720167,0</coordinates></Point>
    </Placemark>
    <Placemark>
      <n>#1715 HERMES-01</n>
      <description>16/07/2026 12:02:26 | Estado: NUEVA UBICACION | Bat: 0%</description>
      <styleUrl>#pointStyle</styleUrl>
      <Point><coordinates>-72.41395033,2.281651333,0</coordinates></Point>
    </Placemark>
    <Placemark>
      <n>#1716 HERMES-01</n>
      <description> No disponible | Estado: NUEVA UBICACION | Bat: 0%</description>
      <styleUrl>#pointStyle</styleUrl>
      <Point><coordinates>-72.41393883,2.281653167,0</coordinates></Point>
    </Placemark>
    <Placemark>
      <n>#1717 HERMES-01</n>
      <description>16/07/2026 12:13:08 | Estado: NUEVA UBICACION | Bat: 0%</description>
      <styleUrl>#pointStyle</styleUrl>
      <Point><coordinates>-72.41393967,2.2816775,0</coordinates></Point>
    </Placemark>
    <Placemark>
      <n>#1718 HERMES-01</n>
      <description>16/07/2026 12:18:30 | Estado: NUEVA UBICACION | Bat: 0%</description>
      <styleUrl>#pointStyle</styleUrl>
      <Point><coordinates>-72.41394133,2.281654333,0</coordinates></Point>
    </Placemark>
    <Placemark>
      <n>#1719 HERMES-01</n>
      <description>16/07/2026 12:23:55 | Estado: NUEVA UBICACION | Bat: 0%</description>
      <styleUrl>#pointStyle</styleUrl>
      <Point><coordinates>-72.41398117,2.281658667,0</coordinates></Point>
    </Placemark>
    <Placemark>
      <n>#1720 HERMES-01</n>
      <description>16/07/2026 12:29:16 | Estado: NUEVA UBICACION | Bat: 0%</description>
      <styleUrl>#pointStyle</styleUrl>
      <Point><coordinates>-72.41400683,2.281704,0</coordinates></Point>
    </Placemark>
    <Placemark>
      <n>#1721 HERMES-01</n>
      <description>16/07/2026 12:34:38 | Estado: NUEVA UBICACION | Bat: 0%</description>
      <styleUrl>#pointStyle</styleUrl>
      <Point><coordinates>-72.41395983,2.281682167,0</coordinates></Point>
    </Placemark>
    <Placemark>
      <n>#1722 HERMES-01</n>
      <description>16/07/2026 12:40:01 | Estado: NUEVA UBICACION | Bat: 0%</description>
      <styleUrl>#pointStyle</styleUrl>
      <Point><coordinates>-72.413981,2.281656333,0</coordinates></Point>
    </Placemark>
    <Placemark>
      <n>#1723 HERMES-01</n>
      <description>16/07/2026 12:45:22 | Estado: NUEVA UBICACION | Bat: 0%</description>
      <styleUrl>#pointStyle</styleUrl>
      <Point><coordinates>-72.41398667,2.281689333,0</coordinates></Point>
    </Placemark>
    <Placemark>
      <n>#1724 HERMES-01</n>
      <description> No disponible | Estado: NUEVA UBICACION | Bat: 0%</description>
      <styleUrl>#pointStyle</styleUrl>
      <Point><coordinates>-72.4139555,2.281661,0</coordinates></Point>
    </Placemark>
    <Placemark>
      <n>#1725 HERMES-01</n>
      <description>16/07/2026 12:56:06 | Estado: NUEVA UBICACION | Bat: 0%</description>
      <styleUrl>#pointStyle</styleUrl>
      <Point><coordinates>-72.41391117,2.281675833,0</coordinates></Point>
    </Placemark>
    <Placemark>
      <n>#1726 HERMES-01</n>
      <description>16/07/2026 13:01:25 | Estado: NUEVA UBICACION | Bat: 0%</description>
      <styleUrl>#pointStyle</styleUrl>
      <Point><coordinates>-72.4139235,2.281647333,0</coordinates></Point>
    </Placemark>
    <Placemark>
      <n>#1727 HERMES-01</n>
      <description>16/07/2026 13:06:45 | Estado: NUEVA UBICACION | Bat: 0%</description>
      <styleUrl>#pointStyle</styleUrl>
      <Point><coordinates>-72.41396317,2.281672833,0</coordinates></Point>
    </Placemark>
    <Placemark>
      <n>#1728 HERMES-01</n>
      <description> No disponible | Estado: NUEVA UBICACION | Bat: 0%</description>
      <styleUrl>#pointStyle</styleUrl>
      <Point><coordinates>-72.4139715,2.281654167,0</coordinates></Point>
    </Placemark>
    <Placemark>
      <n>#1729 HERMES-01</n>
      <description>16/07/2026 13:17:23 | Estado: NUEVA UBICACION | Bat: 0%</description>
      <styleUrl>#pointStyle</styleUrl>
      <Point><coordinates>-72.41396617,2.281651,0</coordinates></Point>
    </Placemark>
    <Placemark>
      <n>#1730 HERMES-01</n>
      <description>16/07/2026 13:22:46 | Estado: NUEVA UBICACION | Bat: 0%</description>
      <styleUrl>#pointStyle</styleUrl>
      <Point><coordinates>-72.41397633,2.28167,0</coordinates></Point>
    </Placemark>
    <Placemark>
      <n>#1731 HERMES-01</n>
      <description>16/07/2026 13:28:08 | Estado: NUEVA UBICACION | Bat: 0%</description>
      <styleUrl>#pointStyle</styleUrl>
      <Point><coordinates>-72.41394083,2.2816665,0</coordinates></Point>
    </Placemark>
    <Placemark>
      <n>#1732 HERMES-01</n>
      <description>16/07/2026 13:33:29 | Estado: NUEVA UBICACION | Bat: 0%</description>
      <styleUrl>#pointStyle</styleUrl>
      <Point><coordinates>-72.413953,2.281675,0</coordinates></Point>
    </Placemark>
    <Placemark>
      <n>#1733 HERMES-01</n>
      <description>16/07/2026 13:38:49 | Estado: NUEVA UBICACION | Bat: 0%</description>
      <styleUrl>#pointStyle</styleUrl>
      <Point><coordinates>-72.413972,2.281662333,0</coordinates></Point>
    </Placemark>
    <Placemark>
      <n>#1734 HERMES-01</n>
      <description> No disponible | Estado: NUEVA UBICACION | Bat: 0%</description>
      <styleUrl>#pointStyle</styleUrl>
      <Point><coordinates>-72.41397067,2.281662,0</coordinates></Point>
    </Placemark>
    <Placemark>
      <n>#1735 HERMES-01</n>
      <description> No disponible | Estado: NUEVA UBICACION | Bat: 0%</description>
      <styleUrl>#pointStyle</styleUrl>
      <Point><coordinates>-72.41395933,2.281700333,0</coordinates></Point>
    </Placemark>
    <Placemark>
      <n>#1736 HERMES-01</n>
      <description> No disponible | Estado: NUEVA UBICACION | Bat: 0%</description>
      <styleUrl>#pointStyle</styleUrl>
      <Point><coordinates>-72.41397033,2.281683333,0</coordinates></Point>
    </Placemark>
    <Placemark>
      <n>#1737 HERMES-01</n>
      <description>16/07/2026 14:00:31 | Estado: NUEVA UBICACION | Bat: 0%</description>
      <styleUrl>#pointStyle</styleUrl>
      <Point><coordinates>-72.413961,2.2816925,0</coordinates></Point>
    </Placemark>
    <Placemark>
      <n>#1738 HERMES-01</n>
      <description>16/07/2026 14:05:50 | Estado: NUEVA UBICACION | Bat: 0%</description>
      <styleUrl>#pointStyle</styleUrl>
      <Point><coordinates>-72.4139665,2.281682167,0</coordinates></Point>
    </Placemark>
    <Placemark>
      <n>#1739 HERMES-01</n>
      <description>16/07/2026 14:11:11 | Estado: NUEVA UBICACION | Bat: 0%</description>
      <styleUrl>#pointStyle</styleUrl>
      <Point><coordinates>-72.41396033,2.2816875,0</coordinates></Point>
    </Placemark>
    <Placemark>
      <n>#1740 HERMES-01</n>
      <description>16/07/2026 14:16:31 | Estado: NUEVA UBICACION | Bat: 0%</description>
      <styleUrl>#pointStyle</styleUrl>
      <Point><coordinates>-72.41396117,2.281645833,0</coordinates></Point>
    </Placemark>
    <Placemark>
      <n>#1741 HERMES-01</n>
      <description>16/07/2026 14:21:52 | Estado: NUEVA UBICACION | Bat: 0%</description>
      <styleUrl>#pointStyle</styleUrl>
      <Point><coordinates>-72.41396983,2.281671,0</coordinates></Point>
    </Placemark>
    <Placemark>
      <n>#1742 HERMES-01</n>
      <description>16/07/2026 14:27:14 | Estado: NUEVA UBICACION | Bat: 0%</description>
      <styleUrl>#pointStyle</styleUrl>
      <Point><coordinates>-72.4139735,2.281677667,0</coordinates></Point>
    </Placemark>
    <Placemark>
      <n>#1743 HERMES-01</n>
      <description>16/07/2026 14:32:36 | Estado: NUEVA UBICACION | Bat: 0%</description>
      <styleUrl>#pointStyle</styleUrl>
      <Point><coordinates>-72.41397667,2.2816835,0</coordinates></Point>
    </Placemark>
    <Placemark>
      <n>#1744 HERMES-01</n>
      <description>16/07/2026 14:37:56 | Estado: NUEVA UBICACION | Bat: 0%</description>
      <styleUrl>#pointStyle</styleUrl>
      <Point><coordinates>-72.41395183,2.281656333,0</coordinates></Point>
    </Placemark>
    <Placemark>
      <n>#1745 HERMES-01</n>
      <description>16/07/2026 14:43:17 | Estado: NUEVA UBICACION | Bat: 0%</description>
      <styleUrl>#pointStyle</styleUrl>
      <Point><coordinates>-72.413959,2.2816705,0</coordinates></Point>
    </Placemark>
    <Placemark>
      <n>#1746 HERMES-01</n>
      <description>16/07/2026 14:48:40 | Estado: NUEVA UBICACION | Bat: 0%</description>
      <styleUrl>#pointStyle</styleUrl>
      <Point><coordinates>-72.4140385,2.281666167,0</coordinates></Point>
    </Placemark>
    <Placemark>
      <n>#1747 HERMES-01</n>
      <description>16/07/2026 14:54:00 | Estado: NUEVA UBICACION | Bat: 0%</description>
      <styleUrl>#pointStyle</styleUrl>
      <Point><coordinates>-72.41398333,2.281651167,0</coordinates></Point>
    </Placemark>
    <Placemark>
      <n>#1748 HERMES-01</n>
      <description>16/07/2026 14:59:21 | Estado: NUEVA UBICACION | Bat: 0%</description>
      <styleUrl>#pointStyle</styleUrl>
      <Point><coordinates>-72.41397,2.2816855,0</coordinates></Point>
    </Placemark>
    <Placemark>
      <n>#1749 HERMES-01</n>
      <description>16/07/2026 15:04:43 | Estado: NUEVA UBICACION | Bat: 0%</description>
      <styleUrl>#pointStyle</styleUrl>
      <Point><coordinates>-72.414009,2.2816805,0</coordinates></Point>
    </Placemark>
    <Placemark>
      <n>#1750 HERMES-01</n>
      <description>16/07/2026 15:10:04 | Estado: NUEVA UBICACION | Bat: 0%</description>
      <styleUrl>#pointStyle</styleUrl>
      <Point><coordinates>-72.41398233,2.2816705,0</coordinates></Point>
    </Placemark>
    <Placemark>
      <n>#1751 HERMES-01</n>
      <description>16/07/2026 15:15:24 | Estado: NUEVA UBICACION | Bat: 0%</description>
      <styleUrl>#pointStyle</styleUrl>
      <Point><coordinates>-72.41395867,2.2816655,0</coordinates></Point>
    </Placemark>
    <Placemark>
      <n>#1752 HERMES-01</n>
      <description>16/07/2026 15:20:44 | Estado: NUEVA UBICACION | Bat: 0%</description>
      <styleUrl>#pointStyle</styleUrl>
      <Point><coordinates>-72.41397183,2.281677167,0</coordinates></Point>
    </Placemark>
    <Placemark>
      <n>#1753 HERMES-01</n>
      <description>16/07/2026 15:26:03 | Estado: NUEVA UBICACION | Bat: 0%</description>
      <styleUrl>#pointStyle</styleUrl>
      <Point><coordinates>-72.413966,2.2816715,0</coordinates></Point>
    </Placemark>
    <Placemark>
      <n>#1754 HERMES-01</n>
      <description>16/07/2026 15:31:23 | Estado: NUEVA UBICACION | Bat: 0%</description>
      <styleUrl>#pointStyle</styleUrl>
      <Point><coordinates>-72.41396683,2.281665667,0</coordinates></Point>
    </Placemark>
    <Placemark>
      <n>#1755 HERMES-01</n>
      <description>16/07/2026 15:36:54 | Estado: NUEVA UBICACION | Bat: 0%</description>
      <styleUrl>#pointStyle</styleUrl>
      <Point><coordinates>-72.413935,2.281696333,0</coordinates></Point>
    </Placemark>
    <Placemark>
      <n>#1756 HERMES-01</n>
      <description>16/07/2026 15:42:16 | Estado: NUEVA UBICACION | Bat: 0%</description>
      <styleUrl>#pointStyle</styleUrl>
      <Point><coordinates>-72.41397283,2.281676667,0</coordinates></Point>
    </Placemark>
    <Placemark>
      <n>#1757 HERMES-01</n>
      <description>16/07/2026 15:47:33 | Estado: NUEVA UBICACION | Bat: 0%</description>
      <styleUrl>#pointStyle</styleUrl>
      <Point><coordinates>-72.41396967,2.281668667,0</coordinates></Point>
    </Placemark>
    <Placemark>
      <n>#1758 HERMES-01</n>
      <description>16/07/2026 15:52:53 | Estado: NUEVA UBICACION | Bat: 0%</description>
      <styleUrl>#pointStyle</styleUrl>
      <Point><coordinates>-72.413961,2.281667333,0</coordinates></Point>
    </Placemark>
    <Placemark>
      <n>#1759 HERMES-01</n>
      <description>16/07/2026 15:58:13 | Estado: NUEVA UBICACION | Bat: 0%</description>
      <styleUrl>#pointStyle</styleUrl>
      <Point><coordinates>-72.4139505,2.2816275,0</coordinates></Point>
    </Placemark>
    <Placemark>
      <n>#1760 HERMES-01</n>
      <description> No disponible | Estado: NUEVA UBICACION | Bat: 0%</description>
      <styleUrl>#pointStyle</styleUrl>
      <Point><coordinates>-72.41397267,2.281664667,0</coordinates></Point>
    </Placemark>
    <Placemark>
      <n>#1761 HERMES-01</n>
      <description>16/07/2026 16:08:50 | Estado: NUEVA UBICACION | Bat: 0%</description>
      <styleUrl>#pointStyle</styleUrl>
      <Point><coordinates>-72.413949,2.281647667,0</coordinates></Point>
    </Placemark>
    <Placemark>
      <n>#1762 HERMES-01</n>
      <description>16/07/2026 16:14:10 | Estado: NUEVA UBICACION | Bat: 0%</description>
      <styleUrl>#pointStyle</styleUrl>
      <Point><coordinates>-72.41393567,2.281651833,0</coordinates></Point>
    </Placemark>
    <Placemark>
      <n>#1763 HERMES-01</n>
      <description> No disponible | Estado: NUEVA UBICACION | Bat: 0%</description>
      <styleUrl>#pointStyle</styleUrl>
      <Point><coordinates>-72.413964,2.281614333,0</coordinates></Point>
    </Placemark>
    <Placemark>
      <n>#1764 HERMES-01</n>
      <description>16/07/2026 16:24:49 | Estado: NUEVA UBICACION | Bat: 0%</description>
      <styleUrl>#pointStyle</styleUrl>
      <Point><coordinates>-72.41394433,2.281613667,0</coordinates></Point>
    </Placemark>
    <Placemark>
      <n>#1765 HERMES-01</n>
      <description>16/07/2026 16:30:09 | Estado: NUEVA UBICACION | Bat: 0%</description>
      <styleUrl>#pointStyle</styleUrl>
      <Point><coordinates>-72.413941,2.281667167,0</coordinates></Point>
    </Placemark>
    <Placemark>
      <n>#1766 HERMES-01</n>
      <description>16/07/2026 16:35:44 | Estado: NUEVA UBICACION | Bat: 0%</description>
      <styleUrl>#pointStyle</styleUrl>
      <Point><coordinates>-72.41395683,2.281663833,0</coordinates></Point>
    </Placemark>
    <Placemark>
      <n>#1767 HERMES-01</n>
      <description>16/07/2026 16:41:03 | Estado: NUEVA UBICACION | Bat: 0%</description>
      <styleUrl>#pointStyle</styleUrl>
      <Point><coordinates>-72.41393933,2.281690833,0</coordinates></Point>
    </Placemark>
    <Placemark>
      <n>#1768 HERMES-01</n>
      <description>16/07/2026 16:46:22 | Estado: NUEVA UBICACION | Bat: 0%</description>
      <styleUrl>#pointStyle</styleUrl>
      <Point><coordinates>-72.4139495,2.281662333,0</coordinates></Point>
    </Placemark>
    <Placemark>
      <n>#1769 HERMES-01</n>
      <description>16/07/2026 16:51:42 | Estado: NUEVA UBICACION | Bat: 0%</description>
      <styleUrl>#pointStyle</styleUrl>
      <Point><coordinates>-72.41397117,2.2816575,0</coordinates></Point>
    </Placemark>
    <Placemark>
      <n>#1770 HERMES-01</n>
      <description>16/07/2026 16:57:02 | Estado: NUEVA UBICACION | Bat: 0%</description>
      <styleUrl>#pointStyle</styleUrl>
      <Point><coordinates>-72.413961,2.281696667,0</coordinates></Point>
    </Placemark>
    <Placemark>
      <n>#1771 HERMES-01</n>
      <description>16/07/2026 17:02:21 | Estado: NUEVA UBICACION | Bat: 0%</description>
      <styleUrl>#pointStyle</styleUrl>
      <Point><coordinates>-72.4139675,2.281667833,0</coordinates></Point>
    </Placemark>
    <Placemark>
      <n>#1772 HERMES-01</n>
      <description>16/07/2026 17:07:43 | Estado: NUEVA UBICACION | Bat: 0%</description>
      <styleUrl>#pointStyle</styleUrl>
      <Point><coordinates>-72.41395283,2.281673833,0</coordinates></Point>
    </Placemark>
    <Placemark>
      <n>#1773 HERMES-01</n>
      <description>16/07/2026 17:13:03 | Estado: NUEVA UBICACION | Bat: 0%</description>
      <styleUrl>#pointStyle</styleUrl>
      <Point><coordinates>-72.41395667,2.2816715,0</coordinates></Point>
    </Placemark>
    <Placemark>
      <n>#1774 HERMES-01</n>
      <description>16/07/2026 17:18:23 | Estado: NUEVA UBICACION | Bat: 0%</description>
      <styleUrl>#pointStyle</styleUrl>
      <Point><coordinates>-72.41396517,2.281698333,0</coordinates></Point>
    </Placemark>
    <Placemark>
      <n>#1775 HERMES-01</n>
      <description>16/07/2026 17:23:43 | Estado: NUEVA UBICACION | Bat: 0%</description>
      <styleUrl>#pointStyle</styleUrl>
      <Point><coordinates>-72.41397033,2.281678167,0</coordinates></Point>
    </Placemark>
    <Placemark>
      <n>#1776 HERMES-01</n>
      <description>16/07/2026 17:29:01 | Estado: NUEVA UBICACION | Bat: 0%</description>
      <styleUrl>#pointStyle</styleUrl>
      <Point><coordinates>-72.4139445,2.281671333,0</coordinates></Point>
    </Placemark>
    <Placemark>
      <n>#1777 HERMES-01</n>
      <description>16/07/2026 17:34:21 | Estado: NUEVA UBICACION | Bat: 0%</description>
      <styleUrl>#pointStyle</styleUrl>
      <Point><coordinates>-72.41394567,2.281660833,0</coordinates></Point>
    </Placemark>
    <Placemark>
      <n>#1778 HERMES-01</n>
      <description>16/07/2026 17:39:40 | Estado: NUEVA UBICACION | Bat: 0%</description>
      <styleUrl>#pointStyle</styleUrl>
      <Point><coordinates>-72.41392967,2.281664333,0</coordinates></Point>
    </Placemark>
    <Placemark>
      <n>#1779 HERMES-01</n>
      <description> No disponible | Estado: NUEVA UBICACION | Bat: 0%</description>
      <styleUrl>#pointStyle</styleUrl>
      <Point><coordinates>-72.413942,2.281667833,0</coordinates></Point>
    </Placemark>
    <Placemark>
      <n>#1780 HERMES-01</n>
      <description> No disponible | Estado: NUEVA UBICACION | Bat: 0%</description>
      <styleUrl>#pointStyle</styleUrl>
      <Point><coordinates>-72.41395567,2.2816675,0</coordinates></Point>
    </Placemark>
    <Placemark>
      <n>#1781 HERMES-01</n>
      <description>16/07/2026 17:55:40 | Estado: NUEVA UBICACION | Bat: 0%</description>
      <styleUrl>#pointStyle</styleUrl>
      <Point><coordinates>-72.41390733,2.281667333,0</coordinates></Point>
    </Placemark>
    <Placemark>
      <n>#1782 HERMES-01</n>
      <description> No disponible | Estado: NUEVA UBICACION | Bat: 0%</description>
      <styleUrl>#pointStyle</styleUrl>
      <Point><coordinates>-72.413973,2.281703167,0</coordinates></Point>
    </Placemark>
    <Placemark>
      <n>#1783 HERMES-01</n>
      <description>16/07/2026 18:06:22 | Estado: NUEVA UBICACION | Bat: 0%</description>
      <styleUrl>#pointStyle</styleUrl>
      <Point><coordinates>-72.4139705,2.2817145,0</coordinates></Point>
    </Placemark>
    <Placemark>
      <n>#1784 HERMES-01</n>
      <description> No disponible | Estado: NUEVA UBICACION | Bat: 0%</description>
      <styleUrl>#pointStyle</styleUrl>
      <Point><coordinates>-72.41396383,2.281695167,0</coordinates></Point>
    </Placemark>
    <Placemark>
      <n>#1785 HERMES-01</n>
      <description>16/07/2026 18:17:02 | Estado: NUEVA UBICACION | Bat: 0%</description>
      <styleUrl>#pointStyle</styleUrl>
      <Point><coordinates>-72.41395767,2.2816695,0</coordinates></Point>
    </Placemark>
    <Placemark>
      <n>#1786 HERMES-01</n>
      <description>16/07/2026 18:22:48 | Estado: REENVIO PENDIENTE | Bat: 0%</description>
      <styleUrl>#pointStyle</styleUrl>
      <Point><coordinates>-72.413955,2.28167,0</coordinates></Point>
    </Placemark>
    <Placemark>
      <n>#1787 HERMES-01</n>
      <description>16/07/2026 18:28:56 | Estado: REENVIO PENDIENTE | Bat: 0%</description>
      <styleUrl>#pointStyle</styleUrl>
      <Point><coordinates>-72.413934,2.281662,0</coordinates></Point>
    </Placemark>
    <Placemark>
      <n>#1788 HERMES-01</n>
      <description>16/07/2026 18:34:49 | Estado: NUEVA UBICACION | Bat: 0%</description>
      <styleUrl>#pointStyle</styleUrl>
      <Point><coordinates>-72.41394067,2.281692833,0</coordinates></Point>
    </Placemark>
    <Placemark>
      <n>#1789 HERMES-01</n>
      <description>16/07/2026 18:40:06 | Estado: NUEVA UBICACION | Bat: 0%</description>
      <styleUrl>#pointStyle</styleUrl>
      <Point><coordinates>-72.4139655,2.281670167,0</coordinates></Point>
    </Placemark>
    <Placemark>
      <n>#1790 HERMES-01</n>
      <description>16/07/2026 18:45:25 | Estado: NUEVA UBICACION | Bat: 0%</description>
      <styleUrl>#pointStyle</styleUrl>
      <Point><coordinates>-72.41395133,2.281628,0</coordinates></Point>
    </Placemark>
    <Placemark>
      <n>#1791 HERMES-01</n>
      <description>16/07/2026 18:50:44 | Estado: NUEVA UBICACION | Bat: 0%</description>
      <styleUrl>#pointStyle</styleUrl>
      <Point><coordinates>-72.413953,2.281642,0</coordinates></Point>
    </Placemark>
    <Placemark>
      <n>#1792 HERMES-01</n>
      <description>16/07/2026 18:56:02 | Estado: NUEVA UBICACION | Bat: 0%</description>
      <styleUrl>#pointStyle</styleUrl>
      <Point><coordinates>-72.41394467,2.281662,0</coordinates></Point>
    </Placemark>
    <Placemark>
      <n>#1793 HERMES-01</n>
      <description> No disponible | Estado: NUEVA UBICACION | Bat: 0%</description>
      <styleUrl>#pointStyle</styleUrl>
      <Point><coordinates>-72.413969,2.281660333,0</coordinates></Point>
    </Placemark>
    <Placemark>
      <n>#1794 HERMES-01</n>
      <description>16/07/2026 19:09:42 | Estado: NUEVA UBICACION | Bat: 0%</description>
      <styleUrl>#pointStyle</styleUrl>
      <Point><coordinates>-72.4139815,2.281679667,0</coordinates></Point>
    </Placemark>
    <Placemark>
      <n>#1795 HERMES-01</n>
      <description> No disponible | Estado: NUEVA UBICACION | Bat: 0%</description>
      <styleUrl>#pointStyle</styleUrl>
      <Point><coordinates>-72.41399217,2.281688,0</coordinates></Point>
    </Placemark>
    <Placemark>
      <n>#1796 HERMES-01</n>
      <description>16/07/2026 19:14:59 | Estado: NUEVA UBICACION | Bat: 0%</description>
      <styleUrl>#pointStyle</styleUrl>
      <Point><coordinates>-72.41395867,2.281669,0</coordinates></Point>
    </Placemark>
    <Placemark>
      <n>#1797 HERMES-01</n>
      <description>16/07/2026 19:20:19 | Estado: NUEVA UBICACION | Bat: 0%</description>
      <styleUrl>#pointStyle</styleUrl>
      <Point><coordinates>-72.41396667,2.2816555,0</coordinates></Point>
    </Placemark>
    <Placemark>
      <n>#1798 HERMES-01</n>
      <description>16/07/2026 19:25:37 | Estado: NUEVA UBICACION | Bat: 0%</description>
      <styleUrl>#pointStyle</styleUrl>
      <Point><coordinates>-72.41396883,2.281656,0</coordinates></Point>
    </Placemark>
    <Placemark>
      <n>#1799 HERMES-01</n>
      <description>16/07/2026 19:30:58 | Estado: NUEVA UBICACION | Bat: 0%</description>
      <styleUrl>#pointStyle</styleUrl>
      <Point><coordinates>-72.41399633,2.281685833,0</coordinates></Point>
    </Placemark>
    <Placemark>
      <n>#1800 HERMES-01</n>
      <description>16/07/2026 19:36:18 | Estado: NUEVA UBICACION | Bat: 0%</description>
      <styleUrl>#pointStyle</styleUrl>
      <Point><coordinates>-72.41397217,2.2816705,0</coordinates></Point>
    </Placemark>
    <Placemark>
      <n>#1801 HERMES-01</n>
      <description>16/07/2026 19:41:36 | Estado: NUEVA UBICACION | Bat: 0%</description>
      <styleUrl>#pointStyle</styleUrl>
      <Point><coordinates>-72.4139755,2.281700333,0</coordinates></Point>
    </Placemark>
    <Placemark>
      <n>#1802 HERMES-01</n>
      <description>16/07/2026 19:46:55 | Estado: NUEVA UBICACION | Bat: 0%</description>
      <styleUrl>#pointStyle</styleUrl>
      <Point><coordinates>-72.41395517,2.281639833,0</coordinates></Point>
    </Placemark>
    <Placemark>
      <n>#1803 HERMES-01</n>
      <description> No disponible | Estado: NUEVA UBICACION | Bat: 0%</description>
      <styleUrl>#pointStyle</styleUrl>
      <Point><coordinates>-72.413931,2.281652667,0</coordinates></Point>
    </Placemark>
    <Placemark>
      <n>#1804 HERMES-01</n>
      <description>16/07/2026 19:52:17 | Estado: NUEVA UBICACION | Bat: 0%</description>
      <styleUrl>#pointStyle</styleUrl>
      <Point><coordinates>-72.41393817,2.281648167,0</coordinates></Point>
    </Placemark>
    <Placemark>
      <n>#1805 HERMES-01</n>
      <description>16/07/2026 20:02:55 | Estado: NUEVA UBICACION | Bat: 0%</description>
      <styleUrl>#pointStyle</styleUrl>
      <Point><coordinates>-72.4139575,2.281670833,0</coordinates></Point>
    </Placemark>
    <Placemark>
      <n>#1806 HERMES-01</n>
      <description>16/07/2026 20:13:32 | Estado: NUEVA UBICACION | Bat: 0%</description>
      <styleUrl>#pointStyle</styleUrl>
      <Point><coordinates>-72.41395667,2.281663,0</coordinates></Point>
    </Placemark>
    <Placemark>
      <n>#1807 HERMES-01</n>
      <description>16/07/2026 20:18:51 | Estado: NUEVA UBICACION | Bat: 0%</description>
      <styleUrl>#pointStyle</styleUrl>
      <Point><coordinates>-72.41398583,2.2816775,0</coordinates></Point>
    </Placemark>
    <Placemark>
      <n>#1808 HERMES-01</n>
      <description>16/07/2026 20:24:11 | Estado: NUEVA UBICACION | Bat: 0%</description>
      <styleUrl>#pointStyle</styleUrl>
      <Point><coordinates>-72.41398483,2.281659,0</coordinates></Point>
    </Placemark>
    <Placemark>
      <n>#1809 HERMES-01</n>
      <description> No disponible | Estado: NUEVA UBICACION | Bat: 0%</description>
      <styleUrl>#pointStyle</styleUrl>
      <Point><coordinates>-72.41397,2.281665667,0</coordinates></Point>
    </Placemark>
    <Placemark>
      <n>#1810 HERMES-01</n>
      <description>16/07/2026 20:34:49 | Estado: NUEVA UBICACION | Bat: 0%</description>
      <styleUrl>#pointStyle</styleUrl>
      <Point><coordinates>-72.413975,2.281653,0</coordinates></Point>
    </Placemark>
    <Placemark>
      <n>#1811 HERMES-01</n>
      <description>16/07/2026 20:45:27 | Estado: NUEVA UBICACION | Bat: 0%</description>
      <styleUrl>#pointStyle</styleUrl>
      <Point><coordinates>-72.413971,2.281681,0</coordinates></Point>
    </Placemark>
    <Placemark>
      <n>#1812 HERMES-01</n>
      <description>16/07/2026 20:50:46 | Estado: NUEVA UBICACION | Bat: 0%</description>
      <styleUrl>#pointStyle</styleUrl>
      <Point><coordinates>-72.4139895,2.2816565,0</coordinates></Point>
    </Placemark>
    <Placemark>
      <n>#1813 HERMES-01</n>
      <description>16/07/2026 20:56:04 | Estado: NUEVA UBICACION | Bat: 0%</description>
      <styleUrl>#pointStyle</styleUrl>
      <Point><coordinates>-72.413969,2.281672333,0</coordinates></Point>
    </Placemark>
    <Placemark>
      <n>#1814 HERMES-01</n>
      <description> No disponible | Estado: NUEVA UBICACION | Bat: 0%</description>
      <styleUrl>#pointStyle</styleUrl>
      <Point><coordinates>-72.41397233,2.281665833,0</coordinates></Point>
    </Placemark>
    <Placemark>
      <n>#1815 HERMES-01</n>
      <description>16/07/2026 21:01:23 | Estado: NUEVA UBICACION | Bat: 0%</description>
      <styleUrl>#pointStyle</styleUrl>
      <Point><coordinates>-72.41400183,2.281681167,0</coordinates></Point>
    </Placemark>
    <Placemark>
      <n>#1816 HERMES-01</n>
      <description>16/07/2026 21:06:42 | Estado: NUEVA UBICACION | Bat: 0%</description>
      <styleUrl>#pointStyle</styleUrl>
      <Point><coordinates>-72.41399033,2.281673333,0</coordinates></Point>
    </Placemark>
    <Placemark>
      <n>#1817 HERMES-01</n>
      <description>16/07/2026 21:12:01 | Estado: NUEVA UBICACION | Bat: 0%</description>
      <styleUrl>#pointStyle</styleUrl>
      <Point><coordinates>-72.4140055,2.281673333,0</coordinates></Point>
    </Placemark>
    <Placemark>
      <n>#1818 HERMES-01</n>
      <description>16/07/2026 21:17:21 | Estado: NUEVA UBICACION | Bat: 0%</description>
      <styleUrl>#pointStyle</styleUrl>
      <Point><coordinates>-72.4139745,2.281654667,0</coordinates></Point>
    </Placemark>
    <Placemark>
      <n>#1819 HERMES-01</n>
      <description>16/07/2026 21:22:41 | Estado: NUEVA UBICACION | Bat: 0%</description>
      <styleUrl>#pointStyle</styleUrl>
      <Point><coordinates>-72.413974,2.281646167,0</coordinates></Point>
    </Placemark>
    <Placemark>
      <n>#1820 HERMES-01</n>
      <description>16/07/2026 21:28:00 | Estado: NUEVA UBICACION | Bat: 0%</description>
      <styleUrl>#pointStyle</styleUrl>
      <Point><coordinates>-72.41398733,2.281677167,0</coordinates></Point>
    </Placemark>
    <Placemark>
      <n>#1821 HERMES-01</n>
      <description>16/07/2026 21:33:22 | Estado: NUEVA UBICACION | Bat: 0%</description>
      <styleUrl>#pointStyle</styleUrl>
      <Point><coordinates>-72.41397433,2.281640167,0</coordinates></Point>
    </Placemark>
    <Placemark>
      <n>#1822 HERMES-01</n>
      <description>16/07/2026 21:38:43 | Estado: NUEVA UBICACION | Bat: 0%</description>
      <styleUrl>#pointStyle</styleUrl>
      <Point><coordinates>-72.41396167,2.281651833,0</coordinates></Point>
    </Placemark>
    <Placemark>
      <n>#1823 HERMES-01</n>
      <description>16/07/2026 21:49:21 | Estado: NUEVA UBICACION | Bat: 0%</description>
      <styleUrl>#pointStyle</styleUrl>
      <Point><coordinates>-72.41397067,2.281684833,0</coordinates></Point>
    </Placemark>
    <Placemark>
      <n>#1824 HERMES-01</n>
      <description> No disponible | Estado: NUEVA UBICACION | Bat: 0%</description>
      <styleUrl>#pointStyle</styleUrl>
      <Point><coordinates>-72.4139565,2.2816435,0</coordinates></Point>
    </Placemark>
    <Placemark>
      <n>#1825 HERMES-01</n>
      <description>16/07/2026 22:00:02 | Estado: NUEVA UBICACION | Bat: 0%</description>
      <styleUrl>#pointStyle</styleUrl>
      <Point><coordinates>-72.41392017,2.281628333,0</coordinates></Point>
    </Placemark>
    <Placemark>
      <n>#1826 HERMES-01</n>
      <description>16/07/2026 22:05:23 | Estado: NUEVA UBICACION | Bat: 0%</description>
      <styleUrl>#pointStyle</styleUrl>
      <Point><coordinates>-72.41398783,2.281665167,0</coordinates></Point>
    </Placemark>
    <Placemark>
      <n>#1827 HERMES-01</n>
      <description>16/07/2026 22:10:44 | Estado: NUEVA UBICACION | Bat: 0%</description>
      <styleUrl>#pointStyle</styleUrl>
      <Point><coordinates>-72.41396533,2.281652833,0</coordinates></Point>
    </Placemark>
    <Placemark>
      <n>#1828 HERMES-01</n>
      <description>16/07/2026 22:16:03 | Estado: NUEVA UBICACION | Bat: 0%</description>
      <styleUrl>#pointStyle</styleUrl>
      <Point><coordinates>-72.413949,2.281648333,0</coordinates></Point>
    </Placemark>
    <Placemark>
      <n>#1829 HERMES-01</n>
      <description>16/07/2026 22:21:22 | Estado: NUEVA UBICACION | Bat: 0%</description>
      <styleUrl>#pointStyle</styleUrl>
      <Point><coordinates>-72.4139685,2.281660667,0</coordinates></Point>
    </Placemark>
    <Placemark>
      <n>#1830 HERMES-01</n>
      <description>16/07/2026 22:32:02 | Estado: NUEVA UBICACION | Bat: 0%</description>
      <styleUrl>#pointStyle</styleUrl>
      <Point><coordinates>-72.41397,2.2816405,0</coordinates></Point>
    </Placemark>
    <Placemark>
      <n>#1831 HERMES-01</n>
      <description>16/07/2026 22:37:22 | Estado: NUEVA UBICACION | Bat: 0%</description>
      <styleUrl>#pointStyle</styleUrl>
      <Point><coordinates>-72.413981,2.2816305,0</coordinates></Point>
    </Placemark>
    <Placemark>
      <n>#1832 HERMES-01</n>
      <description>16/07/2026 22:42:42 | Estado: NUEVA UBICACION | Bat: 0%</description>
      <styleUrl>#pointStyle</styleUrl>
      <Point><coordinates>-72.41395467,2.281618833,0</coordinates></Point>
    </Placemark>
    <Placemark>
      <n>#1833 HERMES-01</n>
      <description>16/07/2026 23:05:15 | Estado: REENVIO PENDIENTE | Bat: 0%</description>
      <styleUrl>#pointStyle</styleUrl>
      <Point><coordinates>-72.413966,2.28167,0</coordinates></Point>
    </Placemark>
    <Placemark>
      <n>#1834 HERMES-01</n>
      <description> No disponible | Estado: NUEVA UBICACION | Bat: 0%</description>
      <styleUrl>#pointStyle</styleUrl>
      <Point><coordinates>-72.4139555,2.2816945,0</coordinates></Point>
    </Placemark>
    <Placemark>
      <n>#1835 HERMES-01</n>
      <description>16/07/2026 23:11:23 | Estado: REENVIO PENDIENTE | Bat: 0%</description>
      <styleUrl>#pointStyle</styleUrl>
      <Point><coordinates>-72.413983,2.281712,0</coordinates></Point>
    </Placemark>
    <Placemark>
      <n>#1836 HERMES-01</n>
      <description>16/07/2026 23:17:31 | Estado: REENVIO PENDIENTE | Bat: 0%</description>
      <styleUrl>#pointStyle</styleUrl>
      <Point><coordinates>-72.413968,2.281708,0</coordinates></Point>
    </Placemark>
    <Placemark>
      <n>#1837 HERMES-01</n>
      <description>16/07/2026 23:23:39 | Estado: REENVIO PENDIENTE | Bat: 0%</description>
      <styleUrl>#pointStyle</styleUrl>
      <Point><coordinates>-72.413968,2.281669,0</coordinates></Point>
    </Placemark>
    <Placemark>
      <n>#1838 HERMES-01</n>
      <description>16/07/2026 23:29:47 | Estado: REENVIO PENDIENTE | Bat: 0%</description>
      <styleUrl>#pointStyle</styleUrl>
      <Point><coordinates>-72.413949,2.281653,0</coordinates></Point>
    </Placemark>
    <Placemark>
      <n>#1839 HERMES-01</n>
      <description>16/07/2026 23:35:54 | Estado: REENVIO PENDIENTE | Bat: 0%</description>
      <styleUrl>#pointStyle</styleUrl>
      <Point><coordinates>-72.413972,2.281668,0</coordinates></Point>
    </Placemark>
    <Placemark>
      <n>#1840 HERMES-01</n>
      <description>16/07/2026 23:42:02 | Estado: REENVIO PENDIENTE | Bat: 0%</description>
      <styleUrl>#pointStyle</styleUrl>
      <Point><coordinates>-72.413987,2.281685,0</coordinates></Point>
    </Placemark>
    <Placemark>
      <n>#1841 HERMES-01</n>
      <description>16/07/2026 23:48:10 | Estado: REENVIO PENDIENTE | Bat: 0%</description>
      <styleUrl>#pointStyle</styleUrl>
      <Point><coordinates>-72.413977,2.281662,0</coordinates></Point>
    </Placemark>
    <Placemark>
      <n>#1842 HERMES-01</n>
      <description> No disponible | Estado: NUEVA UBICACION | Bat: 0%</description>
      <styleUrl>#pointStyle</styleUrl>
      <Point><coordinates>-72.41395567,2.281670833,0</coordinates></Point>
    </Placemark>
    <Placemark>
      <n>#1843 HERMES-01</n>
      <description> No disponible | Estado: NUEVA UBICACION | Bat: 0%</description>
      <styleUrl>#pointStyle</styleUrl>
      <Point><coordinates>-72.41397833,2.281678833,0</coordinates></Point>
    </Placemark>
    <Placemark>
      <n>#1844 HERMES-01</n>
      <description>17/07/2026 00:09:32 | Estado: NUEVA UBICACION | Bat: 0%</description>
      <styleUrl>#pointStyle</styleUrl>
      <Point><coordinates>-72.4139575,2.281648667,0</coordinates></Point>
    </Placemark>
    <Placemark>
      <n>#1845 HERMES-01</n>
      <description>17/07/2026 00:14:52 | Estado: NUEVA UBICACION | Bat: 0%</description>
      <styleUrl>#pointStyle</styleUrl>
      <Point><coordinates>-72.41391667,2.281640167,0</coordinates></Point>
    </Placemark>
    <Placemark>
      <n>#1846 HERMES-01</n>
      <description>17/07/2026 00:20:11 | Estado: NUEVA UBICACION | Bat: 0%</description>
      <styleUrl>#pointStyle</styleUrl>
      <Point><coordinates>-72.41397917,2.2817025,0</coordinates></Point>
    </Placemark>
    <Placemark>
      <n>#1847 HERMES-01</n>
      <description>17/07/2026 00:25:32 | Estado: NUEVA UBICACION | Bat: 0%</description>
      <styleUrl>#pointStyle</styleUrl>
      <Point><coordinates>-72.413965,2.281621,0</coordinates></Point>
    </Placemark>
    <Placemark>
      <n>#1848 HERMES-01</n>
      <description>17/07/2026 00:30:50 | Estado: NUEVA UBICACION | Bat: 0%</description>
      <styleUrl>#pointStyle</styleUrl>
      <Point><coordinates>-72.41398517,2.281687833,0</coordinates></Point>
    </Placemark>
    <Placemark>
      <n>#1849 HERMES-01</n>
      <description>17/07/2026 00:36:10 | Estado: NUEVA UBICACION | Bat: 0%</description>
      <styleUrl>#pointStyle</styleUrl>
      <Point><coordinates>-72.41394683,2.281632667,0</coordinates></Point>
    </Placemark>
    <Placemark>
      <n>#1850 HERMES-01</n>
      <description>17/07/2026 00:41:28 | Estado: NUEVA UBICACION | Bat: 0%</description>
      <styleUrl>#pointStyle</styleUrl>
      <Point><coordinates>-72.413971,2.281685833,0</coordinates></Point>
    </Placemark>
    <Placemark>
      <n>#1851 HERMES-01</n>
      <description>17/07/2026 00:46:46 | Estado: NUEVA UBICACION | Bat: 0%</description>
      <styleUrl>#pointStyle</styleUrl>
      <Point><coordinates>-72.41398683,2.281658833,0</coordinates></Point>
    </Placemark>
    <Placemark>
      <n>#1852 HERMES-01</n>
      <description> No disponible | Estado: NUEVA UBICACION | Bat: 0%</description>
      <styleUrl>#pointStyle</styleUrl>
      <Point><coordinates>-72.41395867,2.281663833,0</coordinates></Point>
    </Placemark>
    <Placemark>
      <n>#1853 HERMES-01</n>
      <description>17/07/2026 00:57:24 | Estado: NUEVA UBICACION | Bat: 0%</description>
      <styleUrl>#pointStyle</styleUrl>
      <Point><coordinates>-72.413967,2.281664333,0</coordinates></Point>
    </Placemark>
    <Placemark>
      <n>#1854 HERMES-01</n>
      <description>17/07/2026 01:02:43 | Estado: NUEVA UBICACION | Bat: 0%</description>
      <styleUrl>#pointStyle</styleUrl>
      <Point><coordinates>-72.413959,2.2816595,0</coordinates></Point>
    </Placemark>
    <Placemark>
      <n>#1855 HERMES-01</n>
      <description>17/07/2026 01:08:02 | Estado: NUEVA UBICACION | Bat: 0%</description>
      <styleUrl>#pointStyle</styleUrl>
      <Point><coordinates>-72.41398133,2.281645333,0</coordinates></Point>
    </Placemark>
    <Placemark>
      <n>#1856 HERMES-01</n>
      <description>17/07/2026 01:13:20 | Estado: NUEVA UBICACION | Bat: 0%</description>
      <styleUrl>#pointStyle</styleUrl>
      <Point><coordinates>-72.4139715,2.281678,0</coordinates></Point>
    </Placemark>
    <Placemark>
      <n>#1857 HERMES-01</n>
      <description>17/07/2026 01:18:39 | Estado: NUEVA UBICACION | Bat: 0%</description>
      <styleUrl>#pointStyle</styleUrl>
      <Point><coordinates>-72.41399033,2.281603167,0</coordinates></Point>
    </Placemark>
    <Placemark>
      <n>#1858 HERMES-01</n>
      <description>17/07/2026 01:23:58 | Estado: NUEVA UBICACION | Bat: 0%</description>
      <styleUrl>#pointStyle</styleUrl>
      <Point><coordinates>-72.41395283,2.281653667,0</coordinates></Point>
    </Placemark>
    <Placemark>
      <n>#1859 HERMES-01</n>
      <description>17/07/2026 01:29:16 | Estado: NUEVA UBICACION | Bat: 0%</description>
      <styleUrl>#pointStyle</styleUrl>
      <Point><coordinates>-72.41394667,2.281632833,0</coordinates></Point>
    </Placemark>
    <Placemark>
      <n>#1860 HERMES-01</n>
      <description>17/07/2026 01:34:34 | Estado: NUEVA UBICACION | Bat: 0%</description>
      <styleUrl>#pointStyle</styleUrl>
      <Point><coordinates>-72.41393817,2.281608167,0</coordinates></Point>
    </Placemark>
    <Placemark>
      <n>#1861 HERMES-01</n>
      <description> No disponible | Estado: NUEVA UBICACION | Bat: 0%</description>
      <styleUrl>#pointStyle</styleUrl>
      <Point><coordinates>-72.413953,2.281639833,0</coordinates></Point>
    </Placemark>
    <Placemark>
      <n>#1862 HERMES-01</n>
      <description> No disponible | Estado: NUEVA UBICACION | Bat: 0%</description>
      <styleUrl>#pointStyle</styleUrl>
      <Point><coordinates>-72.41394867,2.281659167,0</coordinates></Point>
    </Placemark>
    <Placemark>
      <n>#1863 HERMES-01</n>
      <description>17/07/2026 01:50:28 | Estado: NUEVA UBICACION | Bat: 0%</description>
      <styleUrl>#pointStyle</styleUrl>
      <Point><coordinates>-72.414004,2.281687167,0</coordinates></Point>
    </Placemark>
    <Placemark>
      <n>#1864 HERMES-01</n>
      <description>17/07/2026 01:55:47 | Estado: NUEVA UBICACION | Bat: 0%</description>
      <styleUrl>#pointStyle</styleUrl>
      <Point><coordinates>-72.41395417,2.281647167,0</coordinates></Point>
    </Placemark>
    <Placemark>
      <n>#1865 HERMES-01</n>
      <description>17/07/2026 02:01:05 | Estado: NUEVA UBICACION | Bat: 0%</description>
      <styleUrl>#pointStyle</styleUrl>
      <Point><coordinates>-72.413945,2.281635333,0</coordinates></Point>
    </Placemark>
    <Placemark>
      <n>#1866 HERMES-01</n>
      <description>17/07/2026 02:06:24 | Estado: NUEVA UBICACION | Bat: 0%</description>
      <styleUrl>#pointStyle</styleUrl>
      <Point><coordinates>-72.41395167,2.281641667,0</coordinates></Point>
    </Placemark>
    <Placemark>
      <n>#1867 HERMES-01</n>
      <description>17/07/2026 02:11:42 | Estado: NUEVA UBICACION | Bat: 0%</description>
      <styleUrl>#pointStyle</styleUrl>
      <Point><coordinates>-72.4139815,2.281664333,0</coordinates></Point>
    </Placemark>
    <Placemark>
      <n>#1868 HERMES-01</n>
      <description>17/07/2026 02:17:00 | Estado: NUEVA UBICACION | Bat: 0%</description>
      <styleUrl>#pointStyle</styleUrl>
      <Point><coordinates>-72.41394633,2.2816345,0</coordinates></Point>
    </Placemark>
    <Placemark>
      <n>#1869 HERMES-01</n>
      <description>17/07/2026 02:22:18 | Estado: NUEVA UBICACION | Bat: 0%</description>
      <styleUrl>#pointStyle</styleUrl>
      <Point><coordinates>-72.41395217,2.281648,0</coordinates></Point>
    </Placemark>
    <Placemark>
      <n>#1870 HERMES-01</n>
      <description>17/07/2026 02:27:35 | Estado: NUEVA UBICACION | Bat: 0%</description>
      <styleUrl>#pointStyle</styleUrl>
      <Point><coordinates>-72.41399083,2.281642833,0</coordinates></Point>
    </Placemark>
    <Placemark>
      <n>#1871 HERMES-01</n>
      <description> No disponible | Estado: NUEVA UBICACION | Bat: 0%</description>
      <styleUrl>#pointStyle</styleUrl>
      <Point><coordinates>-72.41397317,2.281675167,0</coordinates></Point>
    </Placemark>
    <Placemark>
      <n>#1872 HERMES-01</n>
      <description>17/07/2026 02:38:11 | Estado: NUEVA UBICACION | Bat: 0%</description>
      <styleUrl>#pointStyle</styleUrl>
      <Point><coordinates>-72.41398383,2.2816895,0</coordinates></Point>
    </Placemark>
    <Placemark>
      <n>#1873 HERMES-01</n>
      <description>17/07/2026 02:43:28 | Estado: NUEVA UBICACION | Bat: 0%</description>
      <styleUrl>#pointStyle</styleUrl>
      <Point><coordinates>-72.4139675,2.281696833,0</coordinates></Point>
    </Placemark>
    <Placemark>
      <n>#1874 HERMES-01</n>
      <description>17/07/2026 02:48:46 | Estado: NUEVA UBICACION | Bat: 0%</description>
      <styleUrl>#pointStyle</styleUrl>
      <Point><coordinates>-72.41396483,2.281689167,0</coordinates></Point>
    </Placemark>
    <Placemark>
      <n>#1875 HERMES-01</n>
      <description> No disponible | Estado: NUEVA UBICACION | Bat: 0%</description>
      <styleUrl>#pointStyle</styleUrl>
      <Point><coordinates>-72.41395267,2.281668333,0</coordinates></Point>
    </Placemark>
    <Placemark>
      <n>#1876 HERMES-01</n>
      <description>17/07/2026 02:59:23 | Estado: NUEVA UBICACION | Bat: 0%</description>
      <styleUrl>#pointStyle</styleUrl>
      <Point><coordinates>-72.41396983,2.281673333,0</coordinates></Point>
    </Placemark>
    <Placemark>
      <n>#1877 HERMES-01</n>
      <description>17/07/2026 03:04:40 | Estado: NUEVA UBICACION | Bat: 0%</description>
      <styleUrl>#pointStyle</styleUrl>
      <Point><coordinates>-72.41395517,2.2816905,0</coordinates></Point>
    </Placemark>
    <Placemark>
      <n>#1878 HERMES-01</n>
      <description>17/07/2026 03:10:00 | Estado: NUEVA UBICACION | Bat: 0%</description>
      <styleUrl>#pointStyle</styleUrl>
      <Point><coordinates>-72.41396467,2.281666667,0</coordinates></Point>
    </Placemark>
    <Placemark>
      <n>#1879 HERMES-01</n>
      <description>17/07/2026 03:15:17 | Estado: NUEVA UBICACION | Bat: 0%</description>
      <styleUrl>#pointStyle</styleUrl>
      <Point><coordinates>-72.413978,2.281648333,0</coordinates></Point>
    </Placemark>
    <Placemark>
      <n>#1880 HERMES-01</n>
      <description> No disponible | Estado: NUEVA UBICACION | Bat: 0%</description>
      <styleUrl>#pointStyle</styleUrl>
      <Point><coordinates>-72.41395683,2.281668833,0</coordinates></Point>
    </Placemark>
    <Placemark>
      <n>#1881 HERMES-01</n>
      <description>17/07/2026 03:25:54 | Estado: NUEVA UBICACION | Bat: 0%</description>
      <styleUrl>#pointStyle</styleUrl>
      <Point><coordinates>-72.41389717,2.281604667,0</coordinates></Point>
    </Placemark>
    <Placemark>
      <n>#1882 HERMES-01</n>
      <description>17/07/2026 03:50:01 | Estado: REENVIO PENDIENTE | Bat: 0%</description>
      <styleUrl>#pointStyle</styleUrl>
      <Point><coordinates>-72.413973,2.281674,0</coordinates></Point>
    </Placemark>
    <Placemark>
      <n>#1883 HERMES-01</n>
      <description>17/07/2026 03:56:08 | Estado: REENVIO PENDIENTE | Bat: 0%</description>
      <styleUrl>#pointStyle</styleUrl>
      <Point><coordinates>-72.413949,2.281656,0</coordinates></Point>
    </Placemark>
    <Placemark>
      <n>#1884 HERMES-01</n>
      <description>17/07/2026 04:02:16 | Estado: REENVIO PENDIENTE | Bat: 0%</description>
      <styleUrl>#pointStyle</styleUrl>
      <Point><coordinates>-72.413963,2.281661,0</coordinates></Point>
    </Placemark>
    <Placemark>
      <n>#1885 HERMES-01</n>
      <description>17/07/2026 04:08:23 | Estado: REENVIO PENDIENTE | Bat: 0%</description>
      <styleUrl>#pointStyle</styleUrl>
      <Point><coordinates>-72.413972,2.281667,0</coordinates></Point>
    </Placemark>
    <Placemark>
      <n>#1886 HERMES-01</n>
      <description>17/07/2026 04:14:31 | Estado: REENVIO PENDIENTE | Bat: 0%</description>
      <styleUrl>#pointStyle</styleUrl>
      <Point><coordinates>-72.413954,2.281664,0</coordinates></Point>
    </Placemark>
    <Placemark>
      <n>#1887 HERMES-01</n>
      <description>17/07/2026 04:26:47 | Estado: REENVIO PENDIENTE | Bat: 0%</description>
      <styleUrl>#pointStyle</styleUrl>
      <Point><coordinates>-72.413953,2.281666,0</coordinates></Point>
    </Placemark>
    <Placemark>
      <n>#1888 HERMES-01</n>
      <description>17/07/2026 04:32:54 | Estado: REENVIO PENDIENTE | Bat: 0%</description>
      <styleUrl>#pointStyle</styleUrl>
      <Point><coordinates>-72.413948,2.281642,0</coordinates></Point>
    </Placemark>
    <Placemark>
      <n>#1889 HERMES-01</n>
      <description>17/07/2026 04:39:02 | Estado: REENVIO PENDIENTE | Bat: 0%</description>
      <styleUrl>#pointStyle</styleUrl>
      <Point><coordinates>-72.413958,2.281672,0</coordinates></Point>
    </Placemark>
    <Placemark>
      <n>#1890 HERMES-01</n>
      <description>17/07/2026 04:45:10 | Estado: REENVIO PENDIENTE | Bat: 0%</description>
      <styleUrl>#pointStyle</styleUrl>
      <Point><coordinates>-72.413952,2.28166,0</coordinates></Point>
    </Placemark>
    <Placemark>
      <n>#1891 HERMES-01</n>
      <description>17/07/2026 04:51:18 | Estado: REENVIO PENDIENTE | Bat: 0%</description>
      <styleUrl>#pointStyle</styleUrl>
      <Point><coordinates>-72.413971,2.281653,0</coordinates></Point>
    </Placemark>
    <Placemark>
      <n>#1892 HERMES-01</n>
      <description>17/07/2026 04:57:26 | Estado: REENVIO PENDIENTE | Bat: 0%</description>
      <styleUrl>#pointStyle</styleUrl>
      <Point><coordinates>-72.413955,2.281671,0</coordinates></Point>
    </Placemark>
    <Placemark>
      <n>#1893 HERMES-01</n>
      <description>17/07/2026 05:15:49 | Estado: REENVIO PENDIENTE | Bat: 0%</description>
      <styleUrl>#pointStyle</styleUrl>
      <Point><coordinates>-72.413957,2.281641,0</coordinates></Point>
    </Placemark>
    <Placemark>
      <n>#1894 HERMES-01</n>
      <description>17/07/2026 05:28:04 | Estado: REENVIO PENDIENTE | Bat: 0%</description>
      <styleUrl>#pointStyle</styleUrl>
      <Point><coordinates>-72.413957,2.281649,0</coordinates></Point>
    </Placemark>
    <Placemark>
      <n>#1895 HERMES-01</n>
      <description>17/07/2026 05:34:12 | Estado: REENVIO PENDIENTE | Bat: 0%</description>
      <styleUrl>#pointStyle</styleUrl>
      <Point><coordinates>-72.413967,2.281658,0</coordinates></Point>
    </Placemark>
    <Placemark>
      <n>#1896 HERMES-01</n>
      <description> No disponible | Estado: REENVIO PENDIENTE | Bat: 0%</description>
      <styleUrl>#pointStyle</styleUrl>
      <Point><coordinates>-72.413966,2.281675,0</coordinates></Point>
    </Placemark>
    <Placemark>
      <n>#1897 HERMES-01</n>
      <description> No disponible | Estado: REENVIO PENDIENTE | Bat: 0%</description>
      <styleUrl>#pointStyle</styleUrl>
      <Point><coordinates>-72.413947,2.281649,0</coordinates></Point>
    </Placemark>
    <Placemark>
      <n>#1898 HERMES-01</n>
      <description> No disponible | Estado: REENVIO PENDIENTE | Bat: 0%</description>
      <styleUrl>#pointStyle</styleUrl>
      <Point><coordinates>-72.413951,2.281642,0</coordinates></Point>
    </Placemark>
    <Placemark>
      <n>#1899 HERMES-01</n>
      <description> No disponible | Estado: REENVIO PENDIENTE | Bat: 0%</description>
      <styleUrl>#pointStyle</styleUrl>
      <Point><coordinates>-72.413961,2.281655,0</coordinates></Point>
    </Placemark>
    <Placemark>
      <n>#1900 HERMES-01</n>
      <description>17/07/2026 05:42:19 | Estado: NUEVA UBICACION | Bat: 0%</description>
      <styleUrl>#pointStyle</styleUrl>
      <Point><coordinates>-72.4139835,2.281627167,0</coordinates></Point>
    </Placemark>
    <Placemark>
      <n>#1901 HERMES-01</n>
      <description>17/07/2026 05:47:34 | Estado: NUEVA UBICACION | Bat: 0%</description>
      <styleUrl>#pointStyle</styleUrl>
      <Point><coordinates>-72.41397867,2.281647,0</coordinates></Point>
    </Placemark>
    <Placemark>
      <n>#1902 HERMES-01</n>
      <description> No disponible | Estado: NUEVA UBICACION | Bat: 0%</description>
      <styleUrl>#pointStyle</styleUrl>
      <Point><coordinates>-72.413942,2.281630667,0</coordinates></Point>
    </Placemark>
    <Placemark>
      <n>#1903 HERMES-01</n>
      <description>17/07/2026 05:58:11 | Estado: NUEVA UBICACION | Bat: 0%</description>
      <styleUrl>#pointStyle</styleUrl>
      <Point><coordinates>-72.41395333,2.281664667,0</coordinates></Point>
    </Placemark>
    <Placemark>
      <n>#1904 HERMES-01</n>
      <description>17/07/2026 06:03:29 | Estado: NUEVA UBICACION | Bat: 0%</description>
      <styleUrl>#pointStyle</styleUrl>
      <Point><coordinates>-72.41396867,2.281688,0</coordinates></Point>
    </Placemark>
    <Placemark>
      <n>#1905 HERMES-01</n>
      <description>17/07/2026 06:08:47 | Estado: NUEVA UBICACION | Bat: 0%</description>
      <styleUrl>#pointStyle</styleUrl>
      <Point><coordinates>-72.41398967,2.2816315,0</coordinates></Point>
    </Placemark>
    <Placemark>
      <n>#1906 HERMES-01</n>
      <description>17/07/2026 06:14:05 | Estado: NUEVA UBICACION | Bat: 0%</description>
      <styleUrl>#pointStyle</styleUrl>
      <Point><coordinates>-72.413978,2.2816545,0</coordinates></Point>
    </Placemark>
    <Placemark>
      <n>#1907 HERMES-01</n>
      <description>17/07/2026 06:19:23 | Estado: NUEVA UBICACION | Bat: 0%</description>
      <styleUrl>#pointStyle</styleUrl>
      <Point><coordinates>-72.41396683,2.281664333,0</coordinates></Point>
    </Placemark>
    <Placemark>
      <n>#1908 HERMES-01</n>
      <description>17/07/2026 06:24:44 | Estado: NUEVA UBICACION | Bat: 0%</description>
      <styleUrl>#pointStyle</styleUrl>
      <Point><coordinates>-72.41398733,2.281658333,0</coordinates></Point>
    </Placemark>
    <Placemark>
      <n>#1909 HERMES-01</n>
      <description>17/07/2026 06:30:03 | Estado: NUEVA UBICACION | Bat: 0%</description>
      <styleUrl>#pointStyle</styleUrl>
      <Point><coordinates>-72.41397567,2.281650333,0</coordinates></Point>
    </Placemark>
    <Placemark>
      <n>#1910 HERMES-01</n>
      <description>17/07/2026 06:35:23 | Estado: NUEVA UBICACION | Bat: 0%</description>
      <styleUrl>#pointStyle</styleUrl>
      <Point><coordinates>-72.4139665,2.281667,0</coordinates></Point>
    </Placemark>
    <Placemark>
      <n>#1911 HERMES-01</n>
      <description> No disponible | Estado: NUEVA UBICACION | Bat: 0%</description>
      <styleUrl>#pointStyle</styleUrl>
      <Point><coordinates>-72.41395483,2.281656667,0</coordinates></Point>
    </Placemark>
    <Placemark>
      <n>#1912 HERMES-01</n>
      <description>17/07/2026 06:45:59 | Estado: NUEVA UBICACION | Bat: 0%</description>
      <styleUrl>#pointStyle</styleUrl>
      <Point><coordinates>-72.41396583,2.281657833,0</coordinates></Point>
    </Placemark>
    <Placemark>
      <n>#1913 HERMES-01</n>
      <description> No disponible | Estado: NUEVA UBICACION | Bat: 0%</description>
      <styleUrl>#pointStyle</styleUrl>
      <Point><coordinates>-72.41397767,2.281667333,0</coordinates></Point>
    </Placemark>
    <Placemark>
      <n>#1914 HERMES-01</n>
      <description> No disponible | Estado: NUEVA UBICACION | Bat: 0%</description>
      <styleUrl>#pointStyle</styleUrl>
      <Point><coordinates>-72.41398783,2.281651,0</coordinates></Point>
    </Placemark>
    <Placemark>
      <n>#1915 HERMES-01</n>
      <description> No disponible | Estado: NUEVA UBICACION | Bat: 0%</description>
      <styleUrl>#pointStyle</styleUrl>
      <Point><coordinates>-72.4140135,2.281726167,0</coordinates></Point>
    </Placemark>
    <Placemark>
      <n>#1916 HERMES-01</n>
      <description>17/07/2026 07:07:21 | Estado: NUEVA UBICACION | Bat: 0%</description>
      <styleUrl>#pointStyle</styleUrl>
      <Point><coordinates>-72.41397367,2.281628,0</coordinates></Point>
    </Placemark>
    <Placemark>
      <n>#1917 HERMES-01</n>
      <description>17/07/2026 07:12:45 | Estado: NUEVA UBICACION | Bat: 0%</description>
      <styleUrl>#pointStyle</styleUrl>
      <Point><coordinates>-72.41397667,2.281674833,0</coordinates></Point>
    </Placemark>
    <Placemark>
      <n>#1918 HERMES-01</n>
      <description>17/07/2026 07:18:03 | Estado: NUEVA UBICACION | Bat: 0%</description>
      <styleUrl>#pointStyle</styleUrl>
      <Point><coordinates>-72.41400117,2.281687,0</coordinates></Point>
    </Placemark>
    <Placemark>
      <n>#1919 HERMES-01</n>
      <description> No disponible | Estado: NUEVA UBICACION | Bat: 0%</description>
      <styleUrl>#pointStyle</styleUrl>
      <Point><coordinates>-72.41398783,2.281671167,0</coordinates></Point>
    </Placemark>
    <Placemark>
      <n>#1920 HERMES-01</n>
      <description> No disponible | Estado: NUEVA UBICACION | Bat: 0%</description>
      <styleUrl>#pointStyle</styleUrl>
      <Point><coordinates>-72.41396467,2.281648167,0</coordinates></Point>
    </Placemark>
    <Placemark>
      <n>#1921 HERMES-01</n>
      <description>17/07/2026 07:33:57 | Estado: NUEVA UBICACION | Bat: 0%</description>
      <styleUrl>#pointStyle</styleUrl>
      <Point><coordinates>-72.413946,2.281699,0</coordinates></Point>
    </Placemark>
    <Placemark>
      <n>#1922 HERMES-01</n>
      <description>17/07/2026 07:39:15 | Estado: NUEVA UBICACION | Bat: 0%</description>
      <styleUrl>#pointStyle</styleUrl>
      <Point><coordinates>-72.41396883,2.281715333,0</coordinates></Point>
    </Placemark>
    <Placemark>
      <n>#1923 HERMES-01</n>
      <description>17/07/2026 07:44:33 | Estado: NUEVA UBICACION | Bat: 0%</description>
      <styleUrl>#pointStyle</styleUrl>
      <Point><coordinates>-72.41397333,2.281665333,0</coordinates></Point>
    </Placemark>
    <Placemark>
      <n>#1924 HERMES-01</n>
      <description>17/07/2026 07:49:54 | Estado: NUEVA UBICACION | Bat: 0%</description>
      <styleUrl>#pointStyle</styleUrl>
      <Point><coordinates>-72.41396183,2.281676,0</coordinates></Point>
    </Placemark>
    <Placemark>
      <n>#1925 HERMES-01</n>
      <description>17/07/2026 07:55:13 | Estado: NUEVA UBICACION | Bat: 0%</description>
      <styleUrl>#pointStyle</styleUrl>
      <Point><coordinates>-72.41397567,2.281691833,0</coordinates></Point>
    </Placemark>
    <Placemark>
      <n>#1926 HERMES-01</n>
      <description>17/07/2026 08:00:32 | Estado: NUEVA UBICACION | Bat: 0%</description>
      <styleUrl>#pointStyle</styleUrl>
      <Point><coordinates>-72.41396583,2.281665333,0</coordinates></Point>
    </Placemark>
    <Placemark>
      <n>#1927 HERMES-01</n>
      <description> No disponible | Estado: NUEVA UBICACION | Bat: 0%</description>
      <styleUrl>#pointStyle</styleUrl>
      <Point><coordinates>-72.41395567,2.281682667,0</coordinates></Point>
    </Placemark>
    <Placemark>
      <n>#1928 HERMES-01</n>
      <description>17/07/2026 08:11:09 | Estado: NUEVA UBICACION | Bat: 0%</description>
      <styleUrl>#pointStyle</styleUrl>
      <Point><coordinates>-72.41394383,2.281656833,0</coordinates></Point>
    </Placemark>
    <Placemark>
      <n>#1929 HERMES-01</n>
      <description>17/07/2026 08:16:28 | Estado: NUEVA UBICACION | Bat: 0%</description>
      <styleUrl>#pointStyle</styleUrl>
      <Point><coordinates>-72.41396067,2.2816545,0</coordinates></Point>
    </Placemark>
    <Placemark>
      <n>#1930 HERMES-01</n>
      <description>17/07/2026 08:21:46 | Estado: NUEVA UBICACION | Bat: 0%</description>
      <styleUrl>#pointStyle</styleUrl>
      <Point><coordinates>-72.41397367,2.2816865,0</coordinates></Point>
    </Placemark>
    <Placemark>
      <n>#1931 HERMES-01</n>
      <description>17/07/2026 08:27:06 | Estado: NUEVA UBICACION | Bat: 0%</description>
      <styleUrl>#pointStyle</styleUrl>
      <Point><coordinates>-72.41395833,2.281678333,0</coordinates></Point>
    </Placemark>
    <Placemark>
      <n>#1932 HERMES-01</n>
      <description>17/07/2026 08:32:24 | Estado: NUEVA UBICACION | Bat: 0%</description>
      <styleUrl>#pointStyle</styleUrl>
      <Point><coordinates>-72.41396317,2.2816615,0</coordinates></Point>
    </Placemark>
    <Placemark>
      <n>#1933 HERMES-01</n>
      <description>17/07/2026 08:37:42 | Estado: NUEVA UBICACION | Bat: 0%</description>
      <styleUrl>#pointStyle</styleUrl>
      <Point><coordinates>-72.41397783,2.281674333,0</coordinates></Point>
    </Placemark>
    <Placemark>
      <n>#1934 HERMES-01</n>
      <description>17/07/2026 08:43:01 | Estado: NUEVA UBICACION | Bat: 0%</description>
      <styleUrl>#pointStyle</styleUrl>
      <Point><coordinates>-72.4139685,2.281671167,0</coordinates></Point>
    </Placemark>
    <Placemark>
      <n>#1935 HERMES-01</n>
      <description>17/07/2026 08:48:20 | Estado: NUEVA UBICACION | Bat: 0%</description>
      <styleUrl>#pointStyle</styleUrl>
      <Point><coordinates>-72.4139825,2.281694667,0</coordinates></Point>
    </Placemark>
    <Placemark>
      <n>#1936 HERMES-01</n>
      <description>17/07/2026 08:53:38 | Estado: NUEVA UBICACION | Bat: 0%</description>
      <styleUrl>#pointStyle</styleUrl>
      <Point><coordinates>-72.41399267,2.2816935,0</coordinates></Point>
    </Placemark>
    <Placemark>
      <n>#1937 HERMES-01</n>
      <description>17/07/2026 08:58:56 | Estado: NUEVA UBICACION | Bat: 0%</description>
      <styleUrl>#pointStyle</styleUrl>
      <Point><coordinates>-72.4140005,2.281697833,0</coordinates></Point>
    </Placemark>
    <Placemark>
      <n>#1938 HERMES-01</n>
      <description>17/07/2026 09:04:16 | Estado: NUEVA UBICACION | Bat: 0%</description>
      <styleUrl>#pointStyle</styleUrl>
      <Point><coordinates>-72.41396883,2.281665167,0</coordinates></Point>
    </Placemark>
    <Placemark>
      <n>#1939 HERMES-01</n>
      <description>17/07/2026 09:09:35 | Estado: NUEVA UBICACION | Bat: 0%</description>
      <styleUrl>#pointStyle</styleUrl>
      <Point><coordinates>-72.41396533,2.281701667,0</coordinates></Point>
    </Placemark>
    <Placemark>
      <n>#1940 HERMES-01</n>
      <description>17/07/2026 09:14:55 | Estado: NUEVA UBICACION | Bat: 0%</description>
      <styleUrl>#pointStyle</styleUrl>
      <Point><coordinates>-72.413972,2.281676667,0</coordinates></Point>
    </Placemark>
    <Placemark>
      <n>#1941 HERMES-01</n>
      <description>17/07/2026 09:20:15 | Estado: NUEVA UBICACION | Bat: 0%</description>
      <styleUrl>#pointStyle</styleUrl>
      <Point><coordinates>-72.41395483,2.281685,0</coordinates></Point>
    </Placemark>
    <Placemark>
      <n>#1942 HERMES-01</n>
      <description>17/07/2026 09:25:34 | Estado: NUEVA UBICACION | Bat: 0%</description>
      <styleUrl>#pointStyle</styleUrl>
      <Point><coordinates>-72.41398717,2.281683,0</coordinates></Point>
    </Placemark>
    <Placemark>
      <n>#1943 HERMES-01</n>
      <description>17/07/2026 09:30:52 | Estado: NUEVA UBICACION | Bat: 0%</description>
      <styleUrl>#pointStyle</styleUrl>
      <Point><coordinates>-72.41396817,2.281653,0</coordinates></Point>
    </Placemark>
    <Placemark>
      <n>#1944 HERMES-01</n>
      <description>17/07/2026 09:36:12 | Estado: NUEVA UBICACION | Bat: 0%</description>
      <styleUrl>#pointStyle</styleUrl>
      <Point><coordinates>-72.41397217,2.281697167,0</coordinates></Point>
    </Placemark>
    <Placemark>
      <n>#1945 HERMES-01</n>
      <description>17/07/2026 09:41:32 | Estado: NUEVA UBICACION | Bat: 0%</description>
      <styleUrl>#pointStyle</styleUrl>
      <Point><coordinates>-72.4139765,2.2816685,0</coordinates></Point>
    </Placemark>
    <Placemark>
      <n>#1946 HERMES-01</n>
      <description>17/07/2026 09:46:52 | Estado: NUEVA UBICACION | Bat: 0%</description>
      <styleUrl>#pointStyle</styleUrl>
      <Point><coordinates>-72.41397233,2.281686667,0</coordinates></Point>
    </Placemark>
    <Placemark>
      <n>#1947 HERMES-01</n>
      <description>17/07/2026 09:52:11 | Estado: NUEVA UBICACION | Bat: 0%</description>
      <styleUrl>#pointStyle</styleUrl>
      <Point><coordinates>-72.41398067,2.281692,0</coordinates></Point>
    </Placemark>
    <Placemark>
      <n>#1948 HERMES-01</n>
      <description>17/07/2026 09:57:31 | Estado: NUEVA UBICACION | Bat: 0%</description>
      <styleUrl>#pointStyle</styleUrl>
      <Point><coordinates>-72.41396633,2.281683333,0</coordinates></Point>
    </Placemark>
    <Placemark>
      <n>#1949 HERMES-01</n>
      <description>17/07/2026 10:02:54 | Estado: NUEVA UBICACION | Bat: 0%</description>
      <styleUrl>#pointStyle</styleUrl>
      <Point><coordinates>-72.4139695,2.281684667,0</coordinates></Point>
    </Placemark>
    <Placemark>
      <n>#1950 HERMES-01</n>
      <description>17/07/2026 10:08:13 | Estado: NUEVA UBICACION | Bat: 0%</description>
      <styleUrl>#pointStyle</styleUrl>
      <Point><coordinates>-72.41393583,2.281706333,0</coordinates></Point>
    </Placemark>
    <Placemark>
      <n>#1951 HERMES-01</n>
      <description>17/07/2026 10:13:31 | Estado: NUEVA UBICACION | Bat: 0%</description>
      <styleUrl>#pointStyle</styleUrl>
      <Point><coordinates>-72.413958,2.281672667,0</coordinates></Point>
    </Placemark>
    <Placemark>
      <n>#1952 HERMES-01</n>
      <description> No disponible | Estado: NUEVA UBICACION | Bat: 0%</description>
      <styleUrl>#pointStyle</styleUrl>
      <Point><coordinates>-72.41397367,2.281676167,0</coordinates></Point>
    </Placemark>
    <Placemark>
      <n>#1953 HERMES-01</n>
      <description>17/07/2026 10:24:11 | Estado: NUEVA UBICACION | Bat: 0%</description>
      <styleUrl>#pointStyle</styleUrl>
      <Point><coordinates>-72.4139835,2.2816755,0</coordinates></Point>
    </Placemark>
    <Placemark>
      <n>#1954 HERMES-01</n>
      <description> No disponible | Estado: NUEVA UBICACION | Bat: 0%</description>
      <styleUrl>#pointStyle</styleUrl>
      <Point><coordinates>-72.41396317,2.281678,0</coordinates></Point>
    </Placemark>
    <Placemark>
      <n>#1955 HERMES-01</n>
      <description>17/07/2026 10:34:47 | Estado: NUEVA UBICACION | Bat: 0%</description>
      <styleUrl>#pointStyle</styleUrl>
      <Point><coordinates>-72.41396383,2.281691167,0</coordinates></Point>
    </Placemark>
    <Placemark>
      <n>#1956 HERMES-01</n>
      <description>17/07/2026 10:40:06 | Estado: NUEVA UBICACION | Bat: 0%</description>
      <styleUrl>#pointStyle</styleUrl>
      <Point><coordinates>-72.4139605,2.2816705,0</coordinates></Point>
    </Placemark>
    <Placemark>
      <n>#1957 HERMES-01</n>
      <description>17/07/2026 10:45:24 | Estado: NUEVA UBICACION | Bat: 0%</description>
      <styleUrl>#pointStyle</styleUrl>
      <Point><coordinates>-72.41397667,2.281671,0</coordinates></Point>
    </Placemark>
    <Placemark>
      <n>#1958 HERMES-01</n>
      <description>17/07/2026 10:50:43 | Estado: NUEVA UBICACION | Bat: 0%</description>
      <styleUrl>#pointStyle</styleUrl>
      <Point><coordinates>-72.41396533,2.281703167,0</coordinates></Point>
    </Placemark>
    <Placemark>
      <n>#1959 HERMES-01</n>
      <description>17/07/2026 10:56:02 | Estado: NUEVA UBICACION | Bat: 0%</description>
      <styleUrl>#pointStyle</styleUrl>
      <Point><coordinates>-72.413976,2.281655167,0</coordinates></Point>
    </Placemark>
    <Placemark>
      <n>#1960 HERMES-01</n>
      <description>17/07/2026 11:01:22 | Estado: NUEVA UBICACION | Bat: 0%</description>
      <styleUrl>#pointStyle</styleUrl>
      <Point><coordinates>-72.4139785,2.281678,0</coordinates></Point>
    </Placemark>
    <Placemark>
      <n>#1961 HERMES-01</n>
      <description>17/07/2026 11:06:40 | Estado: NUEVA UBICACION | Bat: 0%</description>
      <styleUrl>#pointStyle</styleUrl>
      <Point><coordinates>-72.4139615,2.281704333,0</coordinates></Point>
    </Placemark>
    <Placemark>
      <n>#1962 HERMES-01</n>
      <description>17/07/2026 11:12:01 | Estado: NUEVA UBICACION | Bat: 0%</description>
      <styleUrl>#pointStyle</styleUrl>
      <Point><coordinates>-72.41397233,2.281668,0</coordinates></Point>
    </Placemark>
    <Placemark>
      <n>#1963 HERMES-01</n>
      <description>17/07/2026 11:17:22 | Estado: NUEVA UBICACION | Bat: 0%</description>
      <styleUrl>#pointStyle</styleUrl>
      <Point><coordinates>-72.4139605,2.2816695,0</coordinates></Point>
    </Placemark>
    <Placemark>
      <n>#1964 HERMES-01</n>
      <description>17/07/2026 11:22:40 | Estado: NUEVA UBICACION | Bat: 0%</description>
      <styleUrl>#pointStyle</styleUrl>
      <Point><coordinates>-72.413982,2.281678833,0</coordinates></Point>
    </Placemark>
    <Placemark>
      <n>#1965 HERMES-01</n>
      <description>17/07/2026 11:28:01 | Estado: NUEVA UBICACION | Bat: 0%</description>
      <styleUrl>#pointStyle</styleUrl>
      <Point><coordinates>-72.413975,2.281761167,0</coordinates></Point>
    </Placemark>
    <Placemark>
      <n>#1966 HERMES-01</n>
      <description>17/07/2026 11:33:25 | Estado: NUEVA UBICACION | Bat: 0%</description>
      <styleUrl>#pointStyle</styleUrl>
      <Point><coordinates>-72.41398733,2.281630333,0</coordinates></Point>
    </Placemark>
    <Placemark>
      <n>#1967 HERMES-01</n>
      <description>17/07/2026 11:38:43 | Estado: NUEVA UBICACION | Bat: 0%</description>
      <styleUrl>#pointStyle</styleUrl>
      <Point><coordinates>-72.41393283,2.281695667,0</coordinates></Point>
    </Placemark>
    <Placemark>
      <n>#1968 HERMES-01</n>
      <description> No disponible | Estado: NUEVA UBICACION | Bat: 0%</description>
      <styleUrl>#pointStyle</styleUrl>
      <Point><coordinates>-72.41395317,2.281672,0</coordinates></Point>
    </Placemark>
    <Placemark>
      <n>#1969 HERMES-01</n>
      <description>17/07/2026 11:49:22 | Estado: NUEVA UBICACION | Bat: 0%</description>
      <styleUrl>#pointStyle</styleUrl>
      <Point><coordinates>-72.41392617,2.281682833,0</coordinates></Point>
    </Placemark>
    <Placemark>
      <n>#1970 HERMES-01</n>
      <description>17/07/2026 11:54:42 | Estado: NUEVA UBICACION | Bat: 0%</description>
      <styleUrl>#pointStyle</styleUrl>
      <Point><coordinates>-72.41396433,2.281676667,0</coordinates></Point>
    </Placemark>
    <Placemark>
      <n>#1971 HERMES-01</n>
      <description>17/07/2026 12:00:03 | Estado: NUEVA UBICACION | Bat: 0%</description>
      <styleUrl>#pointStyle</styleUrl>
      <Point><coordinates>-72.4139185,2.281717667,0</coordinates></Point>
    </Placemark>
    <Placemark>
      <n>#1972 HERMES-01</n>
      <description>17/07/2026 12:05:22 | Estado: NUEVA UBICACION | Bat: 0%</description>
      <styleUrl>#pointStyle</styleUrl>
      <Point><coordinates>-72.41396567,2.281672167,0</coordinates></Point>
    </Placemark>
    <Placemark>
      <n>#1973 HERMES-01</n>
      <description> No disponible | Estado: NUEVA UBICACION | Bat: 0%</description>
      <styleUrl>#pointStyle</styleUrl>
      <Point><coordinates>-72.41398367,2.2816705,0</coordinates></Point>
    </Placemark>
    <Placemark>
      <n>#1974 HERMES-01</n>
      <description>17/07/2026 12:16:03 | Estado: NUEVA UBICACION | Bat: 0%</description>
      <styleUrl>#pointStyle</styleUrl>
      <Point><coordinates>-72.4139685,2.281673333,0</coordinates></Point>
    </Placemark>
    <Placemark>
      <n>#1975 HERMES-01</n>
      <description>17/07/2026 12:21:22 | Estado: NUEVA UBICACION | Bat: 0%</description>
      <styleUrl>#pointStyle</styleUrl>
      <Point><coordinates>-72.41398417,2.281674167,0</coordinates></Point>
    </Placemark>
    <Placemark>
      <n>#1976 HERMES-01</n>
      <description>17/07/2026 12:26:41 | Estado: NUEVA UBICACION | Bat: 0%</description>
      <styleUrl>#pointStyle</styleUrl>
      <Point><coordinates>-72.4139715,2.281658167,0</coordinates></Point>
    </Placemark>
    <Placemark>
      <n>#1977 HERMES-01</n>
      <description>17/07/2026 12:32:01 | Estado: NUEVA UBICACION | Bat: 0%</description>
      <styleUrl>#pointStyle</styleUrl>
      <Point><coordinates>-72.41398267,2.281693167,0</coordinates></Point>
    </Placemark>
    <Placemark>
      <n>#1978 HERMES-01</n>
      <description>17/07/2026 12:42:55 | Estado: NUEVA UBICACION | Bat: 0%</description>
      <styleUrl>#pointStyle</styleUrl>
      <Point><coordinates>-72.41395933,2.281666333,0</coordinates></Point>
    </Placemark>
    <Placemark>
      <n>#1979 HERMES-01</n>
      <description>17/07/2026 12:48:15 | Estado: NUEVA UBICACION | Bat: 0%</description>
      <styleUrl>#pointStyle</styleUrl>
      <Point><coordinates>-72.413962,2.281652667,0</coordinates></Point>
    </Placemark>
    <Placemark>
      <n>#1980 HERMES-01</n>
      <description>17/07/2026 12:53:35 | Estado: NUEVA UBICACION | Bat: 0%</description>
      <styleUrl>#pointStyle</styleUrl>
      <Point><coordinates>-72.41396767,2.281649667,0</coordinates></Point>
    </Placemark>
    <Placemark>
      <n>#1981 HERMES-01</n>
      <description>17/07/2026 12:58:54 | Estado: NUEVA UBICACION | Bat: 0%</description>
      <styleUrl>#pointStyle</styleUrl>
      <Point><coordinates>-72.41395467,2.281640833,0</coordinates></Point>
    </Placemark>
    <Placemark>
      <n>#1982 HERMES-01</n>
      <description>17/07/2026 13:04:13 | Estado: NUEVA UBICACION | Bat: 0%</description>
      <styleUrl>#pointStyle</styleUrl>
      <Point><coordinates>-72.41396067,2.281676667,0</coordinates></Point>
    </Placemark>
    <Placemark>
      <n>#1983 HERMES-01</n>
      <description>17/07/2026 13:09:31 | Estado: NUEVA UBICACION | Bat: 0%</description>
      <styleUrl>#pointStyle</styleUrl>
      <Point><coordinates>-72.41397583,2.281663833,0</coordinates></Point>
    </Placemark>
    <Placemark>
      <n>#1984 HERMES-01</n>
      <description>17/07/2026 13:14:50 | Estado: NUEVA UBICACION | Bat: 0%</description>
      <styleUrl>#pointStyle</styleUrl>
      <Point><coordinates>-72.41398083,2.281647833,0</coordinates></Point>
    </Placemark>
    <Placemark>
      <n>#1985 HERMES-01</n>
      <description>17/07/2026 13:20:09 | Estado: NUEVA UBICACION | Bat: 0%</description>
      <styleUrl>#pointStyle</styleUrl>
      <Point><coordinates>-72.41397283,2.281655667,0</coordinates></Point>
    </Placemark>
    <Placemark>
      <n>#1986 HERMES-01</n>
      <description>17/07/2026 13:25:26 | Estado: NUEVA UBICACION | Bat: 0%</description>
      <styleUrl>#pointStyle</styleUrl>
      <Point><coordinates>-72.413956,2.281659333,0</coordinates></Point>
    </Placemark>
    <Placemark>
      <n>#1987 HERMES-01</n>
      <description>17/07/2026 13:30:44 | Estado: NUEVA UBICACION | Bat: 0%</description>
      <styleUrl>#pointStyle</styleUrl>
      <Point><coordinates>-72.41396383,2.281676667,0</coordinates></Point>
    </Placemark>
    <Placemark>
      <n>#1988 HERMES-01</n>
      <description>17/07/2026 13:36:04 | Estado: NUEVA UBICACION | Bat: 0%</description>
      <styleUrl>#pointStyle</styleUrl>
      <Point><coordinates>-72.41396867,2.281672167,0</coordinates></Point>
    </Placemark>
    <Placemark>
      <n>#1989 HERMES-01</n>
      <description>17/07/2026 13:41:23 | Estado: NUEVA UBICACION | Bat: 0%</description>
      <styleUrl>#pointStyle</styleUrl>
      <Point><coordinates>-72.41397317,2.281653333,0</coordinates></Point>
    </Placemark>
    <Placemark>
      <n>#1990 HERMES-01</n>
      <description>17/07/2026 13:46:41 | Estado: NUEVA UBICACION | Bat: 0%</description>
      <styleUrl>#pointStyle</styleUrl>
      <Point><coordinates>-72.41395933,2.281623667,0</coordinates></Point>
    </Placemark>
    <Placemark>
      <n>#1991 HERMES-01</n>
      <description>17/07/2026 13:51:59 | Estado: NUEVA UBICACION | Bat: 0%</description>
      <styleUrl>#pointStyle</styleUrl>
      <Point><coordinates>-72.41396117,2.281656167,0</coordinates></Point>
    </Placemark>
    <Placemark>
      <n>#1992 HERMES-01</n>
      <description>17/07/2026 13:57:18 | Estado: NUEVA UBICACION | Bat: 0%</description>
      <styleUrl>#pointStyle</styleUrl>
      <Point><coordinates>-72.41396183,2.281661167,0</coordinates></Point>
    </Placemark>
    <Placemark>
      <n>#1993 HERMES-01</n>
      <description>17/07/2026 14:02:39 | Estado: NUEVA UBICACION | Bat: 0%</description>
      <styleUrl>#pointStyle</styleUrl>
      <Point><coordinates>-72.41398133,2.281665167,0</coordinates></Point>
    </Placemark>
    <Placemark>
      <n>#1994 HERMES-01</n>
      <description>17/07/2026 14:07:57 | Estado: NUEVA UBICACION | Bat: 0%</description>
      <styleUrl>#pointStyle</styleUrl>
      <Point><coordinates>-72.41395117,2.281653333,0</coordinates></Point>
    </Placemark>
    <Placemark>
      <n>#1995 HERMES-01</n>
      <description>17/07/2026 14:13:15 | Estado: NUEVA UBICACION | Bat: 0%</description>
      <styleUrl>#pointStyle</styleUrl>
      <Point><coordinates>-72.413973,2.281653833,0</coordinates></Point>
    </Placemark>
    <Placemark>
      <n>#1996 HERMES-01</n>
      <description>17/07/2026 14:18:33 | Estado: NUEVA UBICACION | Bat: 0%</description>
      <styleUrl>#pointStyle</styleUrl>
      <Point><coordinates>-72.41398267,2.281664833,0</coordinates></Point>
    </Placemark>
    <Placemark>
      <n>#1997 HERMES-01</n>
      <description>17/07/2026 14:23:52 | Estado: NUEVA UBICACION | Bat: 0%</description>
      <styleUrl>#pointStyle</styleUrl>
      <Point><coordinates>-72.41395267,2.281665167,0</coordinates></Point>
    </Placemark>
    <Placemark>
      <n>#1998 HERMES-01</n>
      <description> No disponible | Estado: NUEVA UBICACION | Bat: 0%</description>
      <styleUrl>#pointStyle</styleUrl>
      <Point><coordinates>-72.41397283,2.281668833,0</coordinates></Point>
    </Placemark>
    <Placemark>
      <n>#1999 HERMES-01</n>
      <description>17/07/2026 14:34:29 | Estado: NUEVA UBICACION | Bat: 0%</description>
      <styleUrl>#pointStyle</styleUrl>
      <Point><coordinates>-72.41397533,2.281662333,0</coordinates></Point>
    </Placemark>
    <Placemark>
      <n>#2000 HERMES-01</n>
      <description>17/07/2026 14:39:47 | Estado: NUEVA UBICACION | Bat: 0%</description>
      <styleUrl>#pointStyle</styleUrl>
      <Point><coordinates>-72.41396333,2.281677333,0</coordinates></Point>
    </Placemark>
    <Placemark>
      <n>#2001 HERMES-01</n>
      <description>17/07/2026 14:45:05 | Estado: NUEVA UBICACION | Bat: 0%</description>
      <styleUrl>#pointStyle</styleUrl>
      <Point><coordinates>-72.41396317,2.281676833,0</coordinates></Point>
    </Placemark>
    <Placemark>
      <n>#2002 HERMES-01</n>
      <description> No disponible | Estado: NUEVA UBICACION | Bat: 0%</description>
      <styleUrl>#pointStyle</styleUrl>
      <Point><coordinates>-72.413967,2.281670833,0</coordinates></Point>
    </Placemark>
    <Placemark>
      <n>#2003 HERMES-01</n>
      <description>17/07/2026 14:55:45 | Estado: NUEVA UBICACION | Bat: 0%</description>
      <styleUrl>#pointStyle</styleUrl>
      <Point><coordinates>-72.41395617,2.2816655,0</coordinates></Point>
    </Placemark>
    <Placemark>
      <n>#2004 HERMES-01</n>
      <description>17/07/2026 15:01:04 | Estado: NUEVA UBICACION | Bat: 0%</description>
      <styleUrl>#pointStyle</styleUrl>
      <Point><coordinates>-72.41396233,2.281642333,0</coordinates></Point>
    </Placemark>
    <Placemark>
      <n>#2005 HERMES-01</n>
      <description>17/07/2026 15:06:24 | Estado: NUEVA UBICACION | Bat: 0%</description>
      <styleUrl>#pointStyle</styleUrl>
      <Point><coordinates>-72.41395667,2.281654833,0</coordinates></Point>
    </Placemark>
    <Placemark>
      <n>#2006 HERMES-01</n>
      <description>17/07/2026 15:11:43 | Estado: NUEVA UBICACION | Bat: 0%</description>
      <styleUrl>#pointStyle</styleUrl>
      <Point><coordinates>-72.41395983,2.281660333,0</coordinates></Point>
    </Placemark>
    <Placemark>
      <n>#2007 HERMES-01</n>
      <description>17/07/2026 15:17:05 | Estado: NUEVA UBICACION | Bat: 0%</description>
      <styleUrl>#pointStyle</styleUrl>
      <Point><coordinates>-72.41396867,2.2816575,0</coordinates></Point>
    </Placemark>
    <Placemark>
      <n>#2008 HERMES-01</n>
      <description>17/07/2026 15:22:23 | Estado: NUEVA UBICACION | Bat: 0%</description>
      <styleUrl>#pointStyle</styleUrl>
      <Point><coordinates>-72.413975,2.281670167,0</coordinates></Point>
    </Placemark>
    <Placemark>
      <n>#2009 HERMES-01</n>
      <description>17/07/2026 15:27:42 | Estado: NUEVA UBICACION | Bat: 0%</description>
      <styleUrl>#pointStyle</styleUrl>
      <Point><coordinates>-72.41397083,2.281624667,0</coordinates></Point>
    </Placemark>
    <Placemark>
      <n>#2010 HERMES-01</n>
      <description> No disponible | Estado: NUEVA UBICACION | Bat: 0%</description>
      <styleUrl>#pointStyle</styleUrl>
      <Point><coordinates>-72.41398883,2.281687167,0</coordinates></Point>
    </Placemark>
    <Placemark>
      <n>#2011 HERMES-01</n>
      <description> No disponible | Estado: NUEVA UBICACION | Bat: 0%</description>
      <styleUrl>#pointStyle</styleUrl>
      <Point><coordinates>-72.4139905,2.2816605,0</coordinates></Point>
    </Placemark>
    <Placemark>
      <n>#2012 HERMES-01</n>
      <description>17/07/2026 15:43:40 | Estado: NUEVA UBICACION | Bat: 0%</description>
      <styleUrl>#pointStyle</styleUrl>
      <Point><coordinates>-72.41399417,2.2817005,0</coordinates></Point>
    </Placemark>
    <Placemark>
      <n>#2013 HERMES-01</n>
      <description>17/07/2026 15:48:59 | Estado: NUEVA UBICACION | Bat: 0%</description>
      <styleUrl>#pointStyle</styleUrl>
      <Point><coordinates>-72.41398583,2.281665167,0</coordinates></Point>
    </Placemark>
    <Placemark>
      <n>#2014 HERMES-01</n>
      <description>17/07/2026 15:54:17 | Estado: NUEVA UBICACION | Bat: 0%</description>
      <styleUrl>#pointStyle</styleUrl>
      <Point><coordinates>-72.4139835,2.281638,0</coordinates></Point>
    </Placemark>
    <Placemark>
      <n>#2015 HERMES-01</n>
      <description>17/07/2026 15:59:35 | Estado: NUEVA UBICACION | Bat: 0%</description>
      <styleUrl>#pointStyle</styleUrl>
      <Point><coordinates>-72.413954,2.281668833,0</coordinates></Point>
    </Placemark>
    <Placemark>
      <n>#2016 HERMES-01</n>
      <description>17/07/2026 16:04:54 | Estado: NUEVA UBICACION | Bat: 0%</description>
      <styleUrl>#pointStyle</styleUrl>
      <Point><coordinates>-72.41394283,2.281699333,0</coordinates></Point>
    </Placemark>
    <Placemark>
      <n>#2017 HERMES-01</n>
      <description>17/07/2026 16:10:14 | Estado: NUEVA UBICACION | Bat: 0%</description>
      <styleUrl>#pointStyle</styleUrl>
      <Point><coordinates>-72.41395183,2.281651333,0</coordinates></Point>
    </Placemark>
    <Placemark>
      <n>#2018 HERMES-01</n>
      <description>17/07/2026 16:15:35 | Estado: NUEVA UBICACION | Bat: 0%</description>
      <styleUrl>#pointStyle</styleUrl>
      <Point><coordinates>-72.41395867,2.2816645,0</coordinates></Point>
    </Placemark>
    <Placemark>
      <n>#2019 HERMES-01</n>
      <description>17/07/2026 16:20:54 | Estado: NUEVA UBICACION | Bat: 0%</description>
      <styleUrl>#pointStyle</styleUrl>
      <Point><coordinates>-72.41397,2.281668667,0</coordinates></Point>
    </Placemark>
    <Placemark>
      <n>#2020 HERMES-01</n>
      <description>17/07/2026 16:26:13 | Estado: NUEVA UBICACION | Bat: 0%</description>
      <styleUrl>#pointStyle</styleUrl>
      <Point><coordinates>-72.41396783,2.281665,0</coordinates></Point>
    </Placemark>
    <Placemark>
      <n>#2021 HERMES-01</n>
      <description>17/07/2026 16:31:33 | Estado: NUEVA UBICACION | Bat: 0%</description>
      <styleUrl>#pointStyle</styleUrl>
      <Point><coordinates>-72.41396733,2.281669,0</coordinates></Point>
    </Placemark>
    <Placemark>
      <n>#2022 HERMES-01</n>
      <description>17/07/2026 16:36:53 | Estado: NUEVA UBICACION | Bat: 0%</description>
      <styleUrl>#pointStyle</styleUrl>
      <Point><coordinates>-72.41396667,2.281667167,0</coordinates></Point>
    </Placemark>
    <Placemark>
      <n>#2023 HERMES-01</n>
      <description>17/07/2026 16:42:12 | Estado: NUEVA UBICACION | Bat: 0%</description>
      <styleUrl>#pointStyle</styleUrl>
      <Point><coordinates>-72.41397233,2.2816525,0</coordinates></Point>
    </Placemark>
    <Placemark>
      <n>#2024 HERMES-01</n>
      <description>17/07/2026 16:47:37 | Estado: NUEVA UBICACION | Bat: 0%</description>
      <styleUrl>#pointStyle</styleUrl>
      <Point><coordinates>-72.41397167,2.281665,0</coordinates></Point>
    </Placemark>
    <Placemark>
      <n>#2025 HERMES-01</n>
      <description>17/07/2026 16:52:55 | Estado: NUEVA UBICACION | Bat: 0%</description>
      <styleUrl>#pointStyle</styleUrl>
      <Point><coordinates>-72.413974,2.281675333,0</coordinates></Point>
    </Placemark>
    <Placemark>
      <n>#2026 HERMES-01</n>
      <description>17/07/2026 16:58:14 | Estado: NUEVA UBICACION | Bat: 0%</description>
      <styleUrl>#pointStyle</styleUrl>
      <Point><coordinates>-72.41397117,2.281663667,0</coordinates></Point>
    </Placemark>
    <Placemark>
      <n>#2027 HERMES-01</n>
      <description>17/07/2026 17:03:34 | Estado: NUEVA UBICACION | Bat: 0%</description>
      <styleUrl>#pointStyle</styleUrl>
      <Point><coordinates>-72.41395717,2.281653167,0</coordinates></Point>
    </Placemark>
    <Placemark>
      <n>#2028 HERMES-01</n>
      <description> No disponible | Estado: NUEVA UBICACION | Bat: 0%</description>
      <styleUrl>#pointStyle</styleUrl>
      <Point><coordinates>-72.4139735,2.281664833,0</coordinates></Point>
    </Placemark>
    <Placemark>
      <n>#2029 HERMES-01</n>
      <description>17/07/2026 17:14:14 | Estado: NUEVA UBICACION | Bat: 0%</description>
      <styleUrl>#pointStyle</styleUrl>
      <Point><coordinates>-72.41395833,2.281685,0</coordinates></Point>
    </Placemark>
    <Placemark>
      <n>#2030 HERMES-01</n>
      <description>17/07/2026 17:19:34 | Estado: NUEVA UBICACION | Bat: 0%</description>
      <styleUrl>#pointStyle</styleUrl>
      <Point><coordinates>-72.41397683,2.281692167,0</coordinates></Point>
    </Placemark>
    <Placemark>
      <n>#2031 HERMES-01</n>
      <description> No disponible | Estado: NUEVA UBICACION | Bat: 0%</description>
      <styleUrl>#pointStyle</styleUrl>
      <Point><coordinates>-72.41395983,2.281686333,0</coordinates></Point>
    </Placemark>
    <Placemark>
      <n>#2032 HERMES-01</n>
      <description>17/07/2026 17:30:16 | Estado: NUEVA UBICACION | Bat: 0%</description>
      <styleUrl>#pointStyle</styleUrl>
      <Point><coordinates>-72.41397917,2.281662167,0</coordinates></Point>
    </Placemark>
    <Placemark>
      <n>#2033 HERMES-01</n>
      <description> No disponible | Estado: NUEVA UBICACION | Bat: 0%</description>
      <styleUrl>#pointStyle</styleUrl>
      <Point><coordinates>-72.41395667,2.281654167,0</coordinates></Point>
    </Placemark>
    <Placemark>
      <n>#2034 HERMES-01</n>
      <description>17/07/2026 17:40:54 | Estado: NUEVA UBICACION | Bat: 0%</description>
      <styleUrl>#pointStyle</styleUrl>
      <Point><coordinates>-72.41397567,2.281660333,0</coordinates></Point>
    </Placemark>
    <Placemark>
      <n>#2035 HERMES-01</n>
      <description>17/07/2026 17:46:14 | Estado: NUEVA UBICACION | Bat: 0%</description>
      <styleUrl>#pointStyle</styleUrl>
      <Point><coordinates>-72.41399283,2.2816515,0</coordinates></Point>
    </Placemark>
    <Placemark>
      <n>#2036 HERMES-01</n>
      <description>17/07/2026 17:51:34 | Estado: NUEVA UBICACION | Bat: 0%</description>
      <styleUrl>#pointStyle</styleUrl>
      <Point><coordinates>-72.41397183,2.281685,0</coordinates></Point>
    </Placemark>
    <Placemark>
      <n>#2037 HERMES-01</n>
      <description>17/07/2026 17:56:54 | Estado: NUEVA UBICACION | Bat: 0%</description>
      <styleUrl>#pointStyle</styleUrl>
      <Point><coordinates>-72.41399033,2.281689667,0</coordinates></Point>
    </Placemark>
    <Placemark>
      <n>#2038 HERMES-01</n>
      <description>17/07/2026 18:02:16 | Estado: NUEVA UBICACION | Bat: 0%</description>
      <styleUrl>#pointStyle</styleUrl>
      <Point><coordinates>-72.41397283,2.281659667,0</coordinates></Point>
    </Placemark>
    <Placemark>
      <n>#2039 HERMES-01</n>
      <description>17/07/2026 18:07:35 | Estado: NUEVA UBICACION | Bat: 0%</description>
      <styleUrl>#pointStyle</styleUrl>
      <Point><coordinates>-72.413975,2.2816585,0</coordinates></Point>
    </Placemark>
    <Placemark>
      <n>#2040 HERMES-01</n>
      <description>17/07/2026 18:12:54 | Estado: NUEVA UBICACION | Bat: 0%</description>
      <styleUrl>#pointStyle</styleUrl>
      <Point><coordinates>-72.41394967,2.281641667,0</coordinates></Point>
    </Placemark>
    <Placemark>
      <n>#2041 HERMES-01</n>
      <description>17/07/2026 18:18:12 | Estado: NUEVA UBICACION | Bat: 0%</description>
      <styleUrl>#pointStyle</styleUrl>
      <Point><coordinates>-72.41397183,2.281626167,0</coordinates></Point>
    </Placemark>
    <Placemark>
      <n>#2042 HERMES-01</n>
      <description>17/07/2026 18:23:30 | Estado: NUEVA UBICACION | Bat: 0%</description>
      <styleUrl>#pointStyle</styleUrl>
      <Point><coordinates>-72.41397367,2.281643667,0</coordinates></Point>
    </Placemark>
    <Placemark>
      <n>#2043 HERMES-01</n>
      <description>17/07/2026 18:28:50 | Estado: NUEVA UBICACION | Bat: 0%</description>
      <styleUrl>#pointStyle</styleUrl>
      <Point><coordinates>-72.41396983,2.281663333,0</coordinates></Point>
    </Placemark>
    <Placemark>
      <n>#2044 HERMES-01</n>
      <description>17/07/2026 18:34:09 | Estado: NUEVA UBICACION | Bat: 0%</description>
      <styleUrl>#pointStyle</styleUrl>
      <Point><coordinates>-72.41397433,2.281643667,0</coordinates></Point>
    </Placemark>
    <Placemark>
      <n>#2045 HERMES-01</n>
      <description>17/07/2026 18:39:30 | Estado: NUEVA UBICACION | Bat: 0%</description>
      <styleUrl>#pointStyle</styleUrl>
      <Point><coordinates>-72.41399067,2.281659333,0</coordinates></Point>
    </Placemark>
    <Placemark>
      <n>#2046 HERMES-01</n>
      <description>17/07/2026 18:44:51 | Estado: NUEVA UBICACION | Bat: 0%</description>
      <styleUrl>#pointStyle</styleUrl>
      <Point><coordinates>-72.41398167,2.281657833,0</coordinates></Point>
    </Placemark>
    <Placemark>
      <n>#2047 HERMES-01</n>
      <description>17/07/2026 18:50:10 | Estado: NUEVA UBICACION | Bat: 0%</description>
      <styleUrl>#pointStyle</styleUrl>
      <Point><coordinates>-72.41398433,2.2816465,0</coordinates></Point>
    </Placemark>
    <Placemark>
      <n>#2048 HERMES-01</n>
      <description>17/07/2026 18:55:32 | Estado: NUEVA UBICACION | Bat: 0%</description>
      <styleUrl>#pointStyle</styleUrl>
      <Point><coordinates>-72.414031,2.281589333,0</coordinates></Point>
    </Placemark>
    <Placemark>
      <n>#2049 HERMES-01</n>
      <description>17/07/2026 19:01:21 | Estado: NUEVA UBICACION | Bat: 0%</description>
      <styleUrl>#pointStyle</styleUrl>
      <Point><coordinates>-72.41397967,2.2816515,0</coordinates></Point>
    </Placemark>
    <Placemark>
      <n>#2050 HERMES-01</n>
      <description>17/07/2026 19:22:53 | Estado: NUEVA UBICACION | Bat: 0%</description>
      <styleUrl>#pointStyle</styleUrl>
      <Point><coordinates>-72.4139725,2.281699333,0</coordinates></Point>
    </Placemark>
    <Placemark>
      <n>#2051 HERMES-01</n>
      <description>17/07/2026 19:28:13 | Estado: NUEVA UBICACION | Bat: 0%</description>
      <styleUrl>#pointStyle</styleUrl>
      <Point><coordinates>-72.413965,2.281666167,0</coordinates></Point>
    </Placemark>
    <Placemark>
      <n>#2052 HERMES-01</n>
      <description>17/07/2026 19:33:32 | Estado: NUEVA UBICACION | Bat: 0%</description>
      <styleUrl>#pointStyle</styleUrl>
      <Point><coordinates>-72.41394617,2.281653167,0</coordinates></Point>
    </Placemark>
    <Placemark>
      <n>#2053 HERMES-01</n>
      <description>17/07/2026 19:38:50 | Estado: NUEVA UBICACION | Bat: 0%</description>
      <styleUrl>#pointStyle</styleUrl>
      <Point><coordinates>-72.4139565,2.281668,0</coordinates></Point>
    </Placemark>
    <Placemark>
      <n>#2054 HERMES-01</n>
      <description>17/07/2026 19:44:09 | Estado: NUEVA UBICACION | Bat: 0%</description>
      <styleUrl>#pointStyle</styleUrl>
      <Point><coordinates>-72.41395983,2.281655833,0</coordinates></Point>
    </Placemark>
    <Placemark>
      <n>#2055 HERMES-01</n>
      <description>17/07/2026 19:54:45 | Estado: NUEVA UBICACION | Bat: 0%</description>
      <styleUrl>#pointStyle</styleUrl>
      <Point><coordinates>-72.413968,2.281662833,0</coordinates></Point>
    </Placemark>
    <Placemark>
      <n>#2056 HERMES-01</n>
      <description>17/07/2026 20:00:03 | Estado: NUEVA UBICACION | Bat: 0%</description>
      <styleUrl>#pointStyle</styleUrl>
      <Point><coordinates>-72.41395017,2.281641167,0</coordinates></Point>
    </Placemark>
    <Placemark>
      <n>#2057 HERMES-01</n>
      <description>17/07/2026 20:05:20 | Estado: NUEVA UBICACION | Bat: 0%</description>
      <styleUrl>#pointStyle</styleUrl>
      <Point><coordinates>-72.4139895,2.281673833,0</coordinates></Point>
    </Placemark>
    <Placemark>
      <n>#2058 HERMES-01</n>
      <description>17/07/2026 20:10:39 | Estado: NUEVA UBICACION | Bat: 0%</description>
      <styleUrl>#pointStyle</styleUrl>
      <Point><coordinates>-72.41398333,2.281677833,0</coordinates></Point>
    </Placemark>
    <Placemark>
      <n>#2059 HERMES-01</n>
      <description>17/07/2026 20:16:00 | Estado: NUEVA UBICACION | Bat: 0%</description>
      <styleUrl>#pointStyle</styleUrl>
      <Point><coordinates>-72.41399267,2.281693667,0</coordinates></Point>
    </Placemark>
    <Placemark>
      <n>#2060 HERMES-01</n>
      <description>17/07/2026 20:21:21 | Estado: NUEVA UBICACION | Bat: 0%</description>
      <styleUrl>#pointStyle</styleUrl>
      <Point><coordinates>-72.41398267,2.281685333,0</coordinates></Point>
    </Placemark>
    <Placemark>
      <n>#2061 HERMES-01</n>
      <description>17/07/2026 20:26:39 | Estado: NUEVA UBICACION | Bat: 0%</description>
      <styleUrl>#pointStyle</styleUrl>
      <Point><coordinates>-72.4139935,2.281709833,0</coordinates></Point>
    </Placemark>
    <Placemark>
      <n>#2062 HERMES-01</n>
      <description>17/07/2026 20:37:19 | Estado: NUEVA UBICACION | Bat: 0%</description>
      <styleUrl>#pointStyle</styleUrl>
      <Point><coordinates>-72.41396217,2.2816355,0</coordinates></Point>
    </Placemark>
    <Placemark>
      <n>#2063 HERMES-01</n>
      <description>17/07/2026 20:42:38 | Estado: NUEVA UBICACION | Bat: 0%</description>
      <styleUrl>#pointStyle</styleUrl>
      <Point><coordinates>-72.4139535,2.281653333,0</coordinates></Point>
    </Placemark>
    <Placemark>
      <n>#2064 HERMES-01</n>
      <description>17/07/2026 20:47:56 | Estado: NUEVA UBICACION | Bat: 0%</description>
      <styleUrl>#pointStyle</styleUrl>
      <Point><coordinates>-72.41393967,2.281620333,0</coordinates></Point>
    </Placemark>
    <Placemark>
      <n>#2065 HERMES-01</n>
      <description>17/07/2026 20:53:15 | Estado: NUEVA UBICACION | Bat: 0%</description>
      <styleUrl>#pointStyle</styleUrl>
      <Point><coordinates>-72.4139445,2.281653,0</coordinates></Point>
    </Placemark>
    <Placemark>
      <n>#2066 HERMES-01</n>
      <description>17/07/2026 21:03:51 | Estado: NUEVA UBICACION | Bat: 0%</description>
      <styleUrl>#pointStyle</styleUrl>
      <Point><coordinates>-72.4139575,2.281666,0</coordinates></Point>
    </Placemark>
    <Placemark>
      <n>#2067 HERMES-01</n>
      <description>17/07/2026 21:09:11 | Estado: NUEVA UBICACION | Bat: 0%</description>
      <styleUrl>#pointStyle</styleUrl>
      <Point><coordinates>-72.41397367,2.281666833,0</coordinates></Point>
    </Placemark>
    <Placemark>
      <n>#2068 HERMES-01</n>
      <description> No disponible | Estado: NUEVA UBICACION | Bat: 0%</description>
      <styleUrl>#pointStyle</styleUrl>
      <Point><coordinates>-72.41394433,2.281671,0</coordinates></Point>
    </Placemark>
    <Placemark>
      <n>#2069 HERMES-01</n>
      <description>17/07/2026 21:14:31 | Estado: NUEVA UBICACION | Bat: 0%</description>
      <styleUrl>#pointStyle</styleUrl>
      <Point><coordinates>-72.41396483,2.281671167,0</coordinates></Point>
    </Placemark>
    <Placemark>
      <n>#2070 HERMES-01</n>
      <description>17/07/2026 21:19:48 | Estado: NUEVA UBICACION | Bat: 0%</description>
      <styleUrl>#pointStyle</styleUrl>
      <Point><coordinates>-72.41394383,2.281681667,0</coordinates></Point>
    </Placemark>
    <Placemark>
      <n>#2071 HERMES-01</n>
      <description>17/07/2026 21:25:06 | Estado: NUEVA UBICACION | Bat: 0%</description>
      <styleUrl>#pointStyle</styleUrl>
      <Point><coordinates>-72.413948,2.281666833,0</coordinates></Point>
    </Placemark>
    <Placemark>
      <n>#2072 HERMES-01</n>
      <description>17/07/2026 21:30:24 | Estado: NUEVA UBICACION | Bat: 0%</description>
      <styleUrl>#pointStyle</styleUrl>
      <Point><coordinates>-72.4139705,2.281649833,0</coordinates></Point>
    </Placemark>
    <Placemark>
      <n>#2073 HERMES-01</n>
      <description>17/07/2026 21:35:40 | Estado: NUEVA UBICACION | Bat: 0%</description>
      <styleUrl>#pointStyle</styleUrl>
      <Point><coordinates>-72.413964,2.281655167,0</coordinates></Point>
    </Placemark>
    <Placemark>
      <n>#2074 HERMES-01</n>
      <description> No disponible | Estado: NUEVA UBICACION | Bat: 0%</description>
      <styleUrl>#pointStyle</styleUrl>
      <Point><coordinates>-72.41396567,2.281682833,0</coordinates></Point>
    </Placemark>
    <Placemark>
      <n>#2075 HERMES-01</n>
      <description>17/07/2026 21:40:59 | Estado: NUEVA UBICACION | Bat: 0%</description>
      <styleUrl>#pointStyle</styleUrl>
      <Point><coordinates>-72.4139595,2.281632833,0</coordinates></Point>
    </Placemark>
    <Placemark>
      <n>#2076 HERMES-01</n>
      <description>17/07/2026 21:46:17 | Estado: NUEVA UBICACION | Bat: 0%</description>
      <styleUrl>#pointStyle</styleUrl>
      <Point><coordinates>-72.41396133,2.2816575,0</coordinates></Point>
    </Placemark>
    <Placemark>
      <n>#2077 HERMES-01</n>
      <description>17/07/2026 21:51:37 | Estado: NUEVA UBICACION | Bat: 0%</description>
      <styleUrl>#pointStyle</styleUrl>
      <Point><coordinates>-72.41395683,2.281676667,0</coordinates></Point>
    </Placemark>
    <Placemark>
      <n>#2078 HERMES-01</n>
      <description>17/07/2026 22:02:15 | Estado: NUEVA UBICACION | Bat: 0%</description>
      <styleUrl>#pointStyle</styleUrl>
      <Point><coordinates>-72.41394283,2.281640833,0</coordinates></Point>
    </Placemark>
    <Placemark>
      <n>#2079 HERMES-01</n>
      <description> No disponible | Estado: NUEVA UBICACION | Bat: 0%</description>
      <styleUrl>#pointStyle</styleUrl>
      <Point><coordinates>-72.41398383,2.281651,0</coordinates></Point>
    </Placemark>
    <Placemark>
      <n>#2080 HERMES-01</n>
      <description>17/07/2026 22:07:32 | Estado: NUEVA UBICACION | Bat: 0%</description>
      <styleUrl>#pointStyle</styleUrl>
      <Point><coordinates>-72.41396617,2.281649833,0</coordinates></Point>
    </Placemark>
    <Placemark>
      <n>#2081 HERMES-01</n>
      <description>17/07/2026 22:12:51 | Estado: NUEVA UBICACION | Bat: 0%</description>
      <styleUrl>#pointStyle</styleUrl>
      <Point><coordinates>-72.41395233,2.281645833,0</coordinates></Point>
    </Placemark>
    <Placemark>
      <n>#2082 HERMES-01</n>
      <description>17/07/2026 22:18:09 | Estado: NUEVA UBICACION | Bat: 0%</description>
      <styleUrl>#pointStyle</styleUrl>
      <Point><coordinates>-72.41396383,2.281672167,0</coordinates></Point>
    </Placemark>
    <Placemark>
      <n>#2083 HERMES-01</n>
      <description> No disponible | Estado: NUEVA UBICACION | Bat: 0%</description>
      <styleUrl>#pointStyle</styleUrl>
      <Point><coordinates>-72.41396617,2.281647833,0</coordinates></Point>
    </Placemark>
    <Placemark>
      <n>#2084 HERMES-01</n>
      <description>17/07/2026 22:23:27 | Estado: NUEVA UBICACION | Bat: 0%</description>
      <styleUrl>#pointStyle</styleUrl>
      <Point><coordinates>-72.41395217,2.281665833,0</coordinates></Point>
    </Placemark>
    <Placemark>
      <n>#2085 HERMES-01</n>
      <description>17/07/2026 22:28:45 | Estado: NUEVA UBICACION | Bat: 0%</description>
      <styleUrl>#pointStyle</styleUrl>
      <Point><coordinates>-72.4139265,2.281636,0</coordinates></Point>
    </Placemark>
    <Placemark>
      <n>#2086 HERMES-01</n>
      <description> No disponible | Estado: NUEVA UBICACION | Bat: 0%</description>
      <styleUrl>#pointStyle</styleUrl>
      <Point><coordinates>-72.413964,2.281681333,0</coordinates></Point>
    </Placemark>
    <Placemark>
      <n>#2087 HERMES-01</n>
      <description>17/07/2026 22:34:04 | Estado: NUEVA UBICACION | Bat: 0%</description>
      <styleUrl>#pointStyle</styleUrl>
      <Point><coordinates>-72.41395383,2.281664,0</coordinates></Point>
    </Placemark>
    <Placemark>
      <n>#2088 HERMES-01</n>
      <description>17/07/2026 22:39:20 | Estado: NUEVA UBICACION | Bat: 0%</description>
      <styleUrl>#pointStyle</styleUrl>
      <Point><coordinates>-72.41397417,2.281684833,0</coordinates></Point>
    </Placemark>
    <Placemark>
      <n>#2089 HERMES-01</n>
      <description>17/07/2026 22:44:37 | Estado: NUEVA UBICACION | Bat: 0%</description>
      <styleUrl>#pointStyle</styleUrl>
      <Point><coordinates>-72.413945,2.281659333,0</coordinates></Point>
    </Placemark>
    <Placemark>
      <n>#2090 HERMES-01</n>
      <description>17/07/2026 22:49:56 | Estado: NUEVA UBICACION | Bat: 0%</description>
      <styleUrl>#pointStyle</styleUrl>
      <Point><coordinates>-72.41397533,2.281669,0</coordinates></Point>
    </Placemark>
    <Placemark>
      <n>#2091 HERMES-01</n>
      <description>17/07/2026 22:55:13 | Estado: NUEVA UBICACION | Bat: 0%</description>
      <styleUrl>#pointStyle</styleUrl>
      <Point><coordinates>-72.41399067,2.281646333,0</coordinates></Point>
    </Placemark>
    <Placemark>
      <n>#2092 HERMES-01</n>
      <description>17/07/2026 23:00:31 | Estado: NUEVA UBICACION | Bat: 0%</description>
      <styleUrl>#pointStyle</styleUrl>
      <Point><coordinates>-72.41397067,2.281652333,0</coordinates></Point>
    </Placemark>
    <Placemark>
      <n>#2093 HERMES-01</n>
      <description>17/07/2026 23:05:48 | Estado: NUEVA UBICACION | Bat: 0%</description>
      <styleUrl>#pointStyle</styleUrl>
      <Point><coordinates>-72.4139715,2.281649333,0</coordinates></Point>
    </Placemark>
    <Placemark>
      <n>#2094 HERMES-01</n>
      <description>17/07/2026 23:16:25 | Estado: NUEVA UBICACION | Bat: 0%</description>
      <styleUrl>#pointStyle</styleUrl>
      <Point><coordinates>-72.41396283,2.281662333,0</coordinates></Point>
    </Placemark>
    <Placemark>
      <n>#2095 HERMES-01</n>
      <description>17/07/2026 23:21:43 | Estado: NUEVA UBICACION | Bat: 0%</description>
      <styleUrl>#pointStyle</styleUrl>
      <Point><coordinates>-72.413974,2.281684,0</coordinates></Point>
    </Placemark>
    <Placemark>
      <n>#2096 HERMES-01</n>
      <description> No disponible | Estado: NUEVA UBICACION | Bat: 0%</description>
      <styleUrl>#pointStyle</styleUrl>
      <Point><coordinates>-72.41395833,2.281662833,0</coordinates></Point>
    </Placemark>
    <Placemark>
      <n>#2097 HERMES-01</n>
      <description>17/07/2026 23:27:02 | Estado: NUEVA UBICACION | Bat: 0%</description>
      <styleUrl>#pointStyle</styleUrl>
      <Point><coordinates>-72.41398183,2.281652833,0</coordinates></Point>
    </Placemark>
    <Placemark>
      <n>#2098 HERMES-01</n>
      <description> No disponible | Estado: NUEVA UBICACION | Bat: 0%</description>
      <styleUrl>#pointStyle</styleUrl>
      <Point><coordinates>-72.41398067,2.281680333,0</coordinates></Point>
    </Placemark>
    <Placemark>
      <n>#2099 HERMES-01</n>
      <description>17/07/2026 23:32:21 | Estado: NUEVA UBICACION | Bat: 0%</description>
      <styleUrl>#pointStyle</styleUrl>
      <Point><coordinates>-72.4139855,2.281674167,0</coordinates></Point>
    </Placemark>
    <Placemark>
      <n>#2100 HERMES-01</n>
      <description>17/07/2026 23:37:39 | Estado: NUEVA UBICACION | Bat: 0%</description>
      <styleUrl>#pointStyle</styleUrl>
      <Point><coordinates>-72.41399,2.281676667,0</coordinates></Point>
    </Placemark>
    <Placemark>
      <n>#2101 HERMES-01</n>
      <description>17/07/2026 23:42:59 | Estado: NUEVA UBICACION | Bat: 0%</description>
      <styleUrl>#pointStyle</styleUrl>
      <Point><coordinates>-72.41394567,2.281663833,0</coordinates></Point>
    </Placemark>
    <Placemark>
      <n>#2102 HERMES-01</n>
      <description>17/07/2026 23:48:17 | Estado: NUEVA UBICACION | Bat: 0%</description>
      <styleUrl>#pointStyle</styleUrl>
      <Point><coordinates>-72.413954,2.281698167,0</coordinates></Point>
    </Placemark>
    <Placemark>
      <n>#2103 HERMES-01</n>
      <description>17/07/2026 23:53:35 | Estado: NUEVA UBICACION | Bat: 0%</description>
      <styleUrl>#pointStyle</styleUrl>
      <Point><coordinates>-72.41397083,2.281669167,0</coordinates></Point>
    </Placemark>
    <Placemark>
      <n>#2104 HERMES-01</n>
      <description>18/07/2026 00:04:04 | Estado: NUEVA UBICACION | Bat: 0%</description>
      <styleUrl>#pointStyle</styleUrl>
      <Point><coordinates>-72.413965,2.281668333,0</coordinates></Point>
    </Placemark>
    <Placemark>
      <n>#2105 HERMES-01</n>
      <description>18/07/2026 00:09:23 | Estado: NUEVA UBICACION | Bat: 0%</description>
      <styleUrl>#pointStyle</styleUrl>
      <Point><coordinates>-72.41395333,2.281678667,0</coordinates></Point>
    </Placemark>
    <Placemark>
      <n>#2106 HERMES-01</n>
      <description> No disponible | Estado: NUEVA UBICACION | Bat: 0%</description>
      <styleUrl>#pointStyle</styleUrl>
      <Point><coordinates>-72.41394683,2.281655333,0</coordinates></Point>
    </Placemark>
    <Placemark>
      <n>#2107 HERMES-01</n>
      <description>18/07/2026 00:20:01 | Estado: NUEVA UBICACION | Bat: 0%</description>
      <styleUrl>#pointStyle</styleUrl>
      <Point><coordinates>-72.41394617,2.281647667,0</coordinates></Point>
    </Placemark>
    <Placemark>
      <n>#2108 HERMES-01</n>
      <description>18/07/2026 00:25:21 | Estado: NUEVA UBICACION | Bat: 0%</description>
      <styleUrl>#pointStyle</styleUrl>
      <Point><coordinates>-72.41395867,2.281671333,0</coordinates></Point>
    </Placemark>
    <Placemark>
      <n>#2109 HERMES-01</n>
      <description>18/07/2026 00:30:42 | Estado: NUEVA UBICACION | Bat: 0%</description>
      <styleUrl>#pointStyle</styleUrl>
      <Point><coordinates>-72.41397817,2.281667333,0</coordinates></Point>
    </Placemark>
    <Placemark>
      <n>#2110 HERMES-01</n>
      <description>18/07/2026 00:36:02 | Estado: NUEVA UBICACION | Bat: 0%</description>
      <styleUrl>#pointStyle</styleUrl>
      <Point><coordinates>-72.41394633,2.281664333,0</coordinates></Point>
    </Placemark>
    <Placemark>
      <n>#2111 HERMES-01</n>
      <description>18/07/2026 00:41:22 | Estado: NUEVA UBICACION | Bat: 0%</description>
      <styleUrl>#pointStyle</styleUrl>
      <Point><coordinates>-72.413982,2.281677667,0</coordinates></Point>
    </Placemark>
    <Placemark>
      <n>#2112 HERMES-01</n>
      <description>18/07/2026 00:46:42 | Estado: NUEVA UBICACION | Bat: 0%</description>
      <styleUrl>#pointStyle</styleUrl>
      <Point><coordinates>-72.41397617,2.281670667,0</coordinates></Point>
    </Placemark>
    <Placemark>
      <n>#2113 HERMES-01</n>
      <description>18/07/2026 00:52:01 | Estado: NUEVA UBICACION | Bat: 0%</description>
      <styleUrl>#pointStyle</styleUrl>
      <Point><coordinates>-72.41396117,2.281663667,0</coordinates></Point>
    </Placemark>
    <Placemark>
      <n>#2114 HERMES-01</n>
      <description> No disponible | Estado: NUEVA UBICACION | Bat: 0%</description>
      <styleUrl>#pointStyle</styleUrl>
      <Point><coordinates>-72.41396867,2.281639167,0</coordinates></Point>
    </Placemark>
    <Placemark>
      <n>#2115 HERMES-01</n>
      <description>18/07/2026 01:02:38 | Estado: NUEVA UBICACION | Bat: 0%</description>
      <styleUrl>#pointStyle</styleUrl>
      <Point><coordinates>-72.41397817,2.281648833,0</coordinates></Point>
    </Placemark>
    <Placemark>
      <n>#2116 HERMES-01</n>
      <description>18/07/2026 01:07:58 | Estado: NUEVA UBICACION | Bat: 0%</description>
      <styleUrl>#pointStyle</styleUrl>
      <Point><coordinates>-72.41396333,2.2816325,0</coordinates></Point>
    </Placemark>
    <Placemark>
      <n>#2117 HERMES-01</n>
      <description>18/07/2026 01:13:17 | Estado: NUEVA UBICACION | Bat: 0%</description>
      <styleUrl>#pointStyle</styleUrl>
      <Point><coordinates>-72.4139815,2.2816785,0</coordinates></Point>
    </Placemark>
    <Placemark>
      <n>#2118 HERMES-01</n>
      <description> No disponible | Estado: NUEVA UBICACION | Bat: 0%</description>
      <styleUrl>#pointStyle</styleUrl>
      <Point><coordinates>-72.41395633,2.281639333,0</coordinates></Point>
    </Placemark>
    <Placemark>
      <n>#2119 HERMES-01</n>
      <description>18/07/2026 01:23:56 | Estado: NUEVA UBICACION | Bat: 0%</description>
      <styleUrl>#pointStyle</styleUrl>
      <Point><coordinates>-72.41393867,2.281624,0</coordinates></Point>
    </Placemark>
    <Placemark>
      <n>#2120 HERMES-01</n>
      <description>18/07/2026 01:29:17 | Estado: NUEVA UBICACION | Bat: 0%</description>
      <styleUrl>#pointStyle</styleUrl>
      <Point><coordinates>-72.41396033,2.281634167,0</coordinates></Point>
    </Placemark>
    <Placemark>
      <n>#2121 HERMES-01</n>
      <description>18/07/2026 01:34:37 | Estado: NUEVA UBICACION | Bat: 0%</description>
      <styleUrl>#pointStyle</styleUrl>
      <Point><coordinates>-72.4139615,2.281641833,0</coordinates></Point>
    </Placemark>
    <Placemark>
      <n>#2122 HERMES-01</n>
      <description>18/07/2026 01:39:58 | Estado: NUEVA UBICACION | Bat: 0%</description>
      <styleUrl>#pointStyle</styleUrl>
      <Point><coordinates>-72.41394517,2.281601167,0</coordinates></Point>
    </Placemark>
    <Placemark>
      <n>#2123 HERMES-01</n>
      <description>18/07/2026 01:45:17 | Estado: NUEVA UBICACION | Bat: 0%</description>
      <styleUrl>#pointStyle</styleUrl>
      <Point><coordinates>-72.41396517,2.281740167,0</coordinates></Point>
    </Placemark>
    <Placemark>
      <n>#2124 HERMES-01</n>
      <description>18/07/2026 01:50:37 | Estado: NUEVA UBICACION | Bat: 0%</description>
      <styleUrl>#pointStyle</styleUrl>
      <Point><coordinates>-72.413976,2.281685667,0</coordinates></Point>
    </Placemark>
    <Placemark>
      <n>#2125 HERMES-01</n>
      <description>18/07/2026 01:55:55 | Estado: NUEVA UBICACION | Bat: 0%</description>
      <styleUrl>#pointStyle</styleUrl>
      <Point><coordinates>-72.41397517,2.281673833,0</coordinates></Point>
    </Placemark>
    <Placemark>
      <n>#2126 HERMES-01</n>
      <description>18/07/2026 02:06:57 | Estado: NUEVA UBICACION | Bat: 0%</description>
      <styleUrl>#pointStyle</styleUrl>
      <Point><coordinates>-72.41396767,2.2816615,0</coordinates></Point>
    </Placemark>
    <Placemark>
      <n>#2127 HERMES-01</n>
      <description>18/07/2026 02:12:16 | Estado: NUEVA UBICACION | Bat: 0%</description>
      <styleUrl>#pointStyle</styleUrl>
      <Point><coordinates>-72.4139945,2.281706167,0</coordinates></Point>
    </Placemark>
    <Placemark>
      <n>#2128 HERMES-01</n>
      <description>18/07/2026 02:17:34 | Estado: NUEVA UBICACION | Bat: 0%</description>
      <styleUrl>#pointStyle</styleUrl>
      <Point><coordinates>-72.41394217,2.281629333,0</coordinates></Point>
    </Placemark>
    <Placemark>
      <n>#2129 HERMES-01</n>
      <description>18/07/2026 02:22:53 | Estado: NUEVA UBICACION | Bat: 0%</description>
      <styleUrl>#pointStyle</styleUrl>
      <Point><coordinates>-72.41396333,2.281667,0</coordinates></Point>
    </Placemark>
    <Placemark>
      <n>#2130 HERMES-01</n>
      <description>18/07/2026 02:28:12 | Estado: NUEVA UBICACION | Bat: 0%</description>
      <styleUrl>#pointStyle</styleUrl>
      <Point><coordinates>-72.41395933,2.281634167,0</coordinates></Point>
    </Placemark>
    <Placemark>
      <n>#2131 HERMES-01</n>
      <description> No disponible | Estado: NUEVA UBICACION | Bat: 0%</description>
      <styleUrl>#pointStyle</styleUrl>
      <Point><coordinates>-72.41397283,2.2816485,0</coordinates></Point>
    </Placemark>
    <Placemark>
      <n>#2132 HERMES-01</n>
      <description>18/07/2026 02:38:50 | Estado: NUEVA UBICACION | Bat: 0%</description>
      <styleUrl>#pointStyle</styleUrl>
      <Point><coordinates>-72.413946,2.2816685,0</coordinates></Point>
    </Placemark>
    <Placemark>
      <n>#2133 HERMES-01</n>
      <description>18/07/2026 02:44:08 | Estado: NUEVA UBICACION | Bat: 0%</description>
      <styleUrl>#pointStyle</styleUrl>
      <Point><coordinates>-72.41396083,2.281649833,0</coordinates></Point>
    </Placemark>
    <Placemark>
      <n>#2134 HERMES-01</n>
      <description>18/07/2026 02:49:27 | Estado: NUEVA UBICACION | Bat: 0%</description>
      <styleUrl>#pointStyle</styleUrl>
      <Point><coordinates>-72.41396933,2.281661167,0</coordinates></Point>
    </Placemark>
    <Placemark>
      <n>#2135 HERMES-01</n>
      <description>18/07/2026 02:54:47 | Estado: NUEVA UBICACION | Bat: 0%</description>
      <styleUrl>#pointStyle</styleUrl>
      <Point><coordinates>-72.41395783,2.281646667,0</coordinates></Point>
    </Placemark>
    <Placemark>
      <n>#2136 HERMES-01</n>
      <description>18/07/2026 03:00:06 | Estado: NUEVA UBICACION | Bat: 0%</description>
      <styleUrl>#pointStyle</styleUrl>
      <Point><coordinates>-72.41395467,2.281667,0</coordinates></Point>
    </Placemark>
    <Placemark>
      <n>#2137 HERMES-01</n>
      <description> No disponible | Estado: NUEVA UBICACION | Bat: 0%</description>
      <styleUrl>#pointStyle</styleUrl>
      <Point><coordinates>-72.4139705,2.281659167,0</coordinates></Point>
    </Placemark>
    <Placemark>
      <n>#2138 HERMES-01</n>
      <description>18/07/2026 03:10:46 | Estado: NUEVA UBICACION | Bat: 0%</description>
      <styleUrl>#pointStyle</styleUrl>
      <Point><coordinates>-72.413959,2.281654667,0</coordinates></Point>
    </Placemark>
    <Placemark>
      <n>#2139 HERMES-01</n>
      <description>18/07/2026 03:16:30 | Estado: NUEVA UBICACION | Bat: 0%</description>
      <styleUrl>#pointStyle</styleUrl>
      <Point><coordinates>-72.414016,2.281693667,0</coordinates></Point>
    </Placemark>
    <Placemark>
      <n>#2140 HERMES-01</n>
      <description>18/07/2026 03:21:48 | Estado: NUEVA UBICACION | Bat: 0%</description>
      <styleUrl>#pointStyle</styleUrl>
      <Point><coordinates>-72.41399917,2.281691333,0</coordinates></Point>
    </Placemark>
    <Placemark>
      <n>#2141 HERMES-01</n>
      <description>18/07/2026 03:27:06 | Estado: NUEVA UBICACION | Bat: 0%</description>
      <styleUrl>#pointStyle</styleUrl>
      <Point><coordinates>-72.41397117,2.281695333,0</coordinates></Point>
    </Placemark>
    <Placemark>
      <n>#2142 HERMES-01</n>
      <description>18/07/2026 03:32:32 | Estado: NUEVA UBICACION | Bat: 0%</description>
      <styleUrl>#pointStyle</styleUrl>
      <Point><coordinates>-72.41390367,2.281621,0</coordinates></Point>
    </Placemark>
    <Placemark>
      <n>#2143 HERMES-01</n>
      <description>18/07/2026 03:37:51 | Estado: NUEVA UBICACION | Bat: 0%</description>
      <styleUrl>#pointStyle</styleUrl>
      <Point><coordinates>-72.41395667,2.2816595,0</coordinates></Point>
    </Placemark>
    <Placemark>
      <n>#2144 HERMES-01</n>
      <description>18/07/2026 03:43:10 | Estado: NUEVA UBICACION | Bat: 0%</description>
      <styleUrl>#pointStyle</styleUrl>
      <Point><coordinates>-72.41395583,2.2816615,0</coordinates></Point>
    </Placemark>
    <Placemark>
      <n>#2145 HERMES-01</n>
      <description> No disponible | Estado: NUEVA UBICACION | Bat: 0%</description>
      <styleUrl>#pointStyle</styleUrl>
      <Point><coordinates>-72.4139255,2.281638833,0</coordinates></Point>
    </Placemark>
    <Placemark>
      <n>#2146 HERMES-01</n>
      <description>18/07/2026 03:53:49 | Estado: NUEVA UBICACION | Bat: 0%</description>
      <styleUrl>#pointStyle</styleUrl>
      <Point><coordinates>-72.41396367,2.281663833,0</coordinates></Point>
    </Placemark>
    <Placemark>
      <n>#2147 HERMES-01</n>
      <description>18/07/2026 03:59:10 | Estado: NUEVA UBICACION | Bat: 0%</description>
      <styleUrl>#pointStyle</styleUrl>
      <Point><coordinates>-72.4139635,2.281665,0</coordinates></Point>
    </Placemark>
    <Placemark>
      <n>#2148 HERMES-01</n>
      <description>18/07/2026 04:04:29 | Estado: NUEVA UBICACION | Bat: 0%</description>
      <styleUrl>#pointStyle</styleUrl>
      <Point><coordinates>-72.41397967,2.281670167,0</coordinates></Point>
    </Placemark>
    <Placemark>
      <n>#2149 HERMES-01</n>
      <description>18/07/2026 04:09:48 | Estado: NUEVA UBICACION | Bat: 0%</description>
      <styleUrl>#pointStyle</styleUrl>
      <Point><coordinates>-72.41396567,2.281670667,0</coordinates></Point>
    </Placemark>
    <Placemark>
      <n>#2150 HERMES-01</n>
      <description>18/07/2026 04:15:06 | Estado: NUEVA UBICACION | Bat: 0%</description>
      <styleUrl>#pointStyle</styleUrl>
      <Point><coordinates>-72.41395867,2.2816495,0</coordinates></Point>
    </Placemark>
    <Placemark>
      <n>#2151 HERMES-01</n>
      <description>18/07/2026 04:20:25 | Estado: NUEVA UBICACION | Bat: 0%</description>
      <styleUrl>#pointStyle</styleUrl>
      <Point><coordinates>-72.413948,2.281666833,0</coordinates></Point>
    </Placemark>
    <Placemark>
      <n>#2152 HERMES-01</n>
      <description>18/07/2026 04:25:44 | Estado: NUEVA UBICACION | Bat: 0%</description>
      <styleUrl>#pointStyle</styleUrl>
      <Point><coordinates>-72.41395517,2.281666667,0</coordinates></Point>
    </Placemark>
    <Placemark>
      <n>#2153 HERMES-01</n>
      <description>18/07/2026 04:31:04 | Estado: NUEVA UBICACION | Bat: 0%</description>
      <styleUrl>#pointStyle</styleUrl>
      <Point><coordinates>-72.41395867,2.2816675,0</coordinates></Point>
    </Placemark>
    <Placemark>
      <n>#2154 HERMES-01</n>
      <description>18/07/2026 04:36:23 | Estado: NUEVA UBICACION | Bat: 0%</description>
      <styleUrl>#pointStyle</styleUrl>
      <Point><coordinates>-72.41397717,2.281664833,0</coordinates></Point>
    </Placemark>
    <Placemark>
      <n>#2155 HERMES-01</n>
      <description>18/07/2026 04:41:40 | Estado: NUEVA UBICACION | Bat: 0%</description>
      <styleUrl>#pointStyle</styleUrl>
      <Point><coordinates>-72.41396767,2.281688,0</coordinates></Point>
    </Placemark>
    <Placemark>
      <n>#2156 HERMES-01</n>
      <description>18/07/2026 04:46:59 | Estado: NUEVA UBICACION | Bat: 0%</description>
      <styleUrl>#pointStyle</styleUrl>
      <Point><coordinates>-72.41395933,2.2816625,0</coordinates></Point>
    </Placemark>
    <Placemark>
      <n>#2157 HERMES-01</n>
      <description>18/07/2026 04:52:17 | Estado: NUEVA UBICACION | Bat: 0%</description>
      <styleUrl>#pointStyle</styleUrl>
      <Point><coordinates>-72.41397,2.281661333,0</coordinates></Point>
    </Placemark>
    <Placemark>
      <n>#2158 HERMES-01</n>
      <description>18/07/2026 04:57:37 | Estado: NUEVA UBICACION | Bat: 0%</description>
      <styleUrl>#pointStyle</styleUrl>
      <Point><coordinates>-72.413963,2.281659333,0</coordinates></Point>
    </Placemark>
    <Placemark>
      <n>#2159 HERMES-01</n>
      <description>18/07/2026 05:02:56 | Estado: NUEVA UBICACION | Bat: 0%</description>
      <styleUrl>#pointStyle</styleUrl>
      <Point><coordinates>-72.41395917,2.2816555,0</coordinates></Point>
    </Placemark>
    <Placemark>
      <n>#2160 HERMES-01</n>
      <description>18/07/2026 05:08:14 | Estado: NUEVA UBICACION | Bat: 0%</description>
      <styleUrl>#pointStyle</styleUrl>
      <Point><coordinates>-72.41397683,2.281652333,0</coordinates></Point>
    </Placemark>
    <Placemark>
      <n>#2161 HERMES-01</n>
      <description>18/07/2026 05:13:34 | Estado: NUEVA UBICACION | Bat: 0%</description>
      <styleUrl>#pointStyle</styleUrl>
      <Point><coordinates>-72.41395483,2.281661333,0</coordinates></Point>
    </Placemark>
    <Placemark>
      <n>#2162 HERMES-01</n>
      <description>18/07/2026 05:18:52 | Estado: NUEVA UBICACION | Bat: 0%</description>
      <styleUrl>#pointStyle</styleUrl>
      <Point><coordinates>-72.41396267,2.281661333,0</coordinates></Point>
    </Placemark>
    <Placemark>
      <n>#2163 HERMES-01</n>
      <description>18/07/2026 05:24:14 | Estado: NUEVA UBICACION | Bat: 0%</description>
      <styleUrl>#pointStyle</styleUrl>
      <Point><coordinates>-72.41395783,2.281670833,0</coordinates></Point>
    </Placemark>
    <Placemark>
      <n>#2164 HERMES-01</n>
      <description>18/07/2026 05:29:33 | Estado: NUEVA UBICACION | Bat: 0%</description>
      <styleUrl>#pointStyle</styleUrl>
      <Point><coordinates>-72.4139775,2.281677667,0</coordinates></Point>
    </Placemark>
    <Placemark>
      <n>#2165 HERMES-01</n>
      <description>18/07/2026 05:34:54 | Estado: NUEVA UBICACION | Bat: 0%</description>
      <styleUrl>#pointStyle</styleUrl>
      <Point><coordinates>-72.41396283,2.281657667,0</coordinates></Point>
    </Placemark>
    <Placemark>
      <n>#2166 HERMES-01</n>
      <description>18/07/2026 05:40:12 | Estado: NUEVA UBICACION | Bat: 0%</description>
      <styleUrl>#pointStyle</styleUrl>
      <Point><coordinates>-72.41395367,2.281665167,0</coordinates></Point>
    </Placemark>
    <Placemark>
      <n>#2167 HERMES-01</n>
      <description>18/07/2026 05:45:32 | Estado: NUEVA UBICACION | Bat: 0%</description>
      <styleUrl>#pointStyle</styleUrl>
      <Point><coordinates>-72.4139525,2.281633333,0</coordinates></Point>
    </Placemark>
    <Placemark>
      <n>#2168 HERMES-01</n>
      <description>18/07/2026 05:50:51 | Estado: NUEVA UBICACION | Bat: 0%</description>
      <styleUrl>#pointStyle</styleUrl>
      <Point><coordinates>-72.41400233,2.281663,0</coordinates></Point>
    </Placemark>
    <Placemark>
      <n>#2169 HERMES-01</n>
      <description>18/07/2026 05:56:11 | Estado: NUEVA UBICACION | Bat: 0%</description>
      <styleUrl>#pointStyle</styleUrl>
      <Point><coordinates>-72.41394067,2.281656833,0</coordinates></Point>
    </Placemark>
    <Placemark>
      <n>#2170 HERMES-01</n>
      <description>18/07/2026 06:01:30 | Estado: NUEVA UBICACION | Bat: 0%</description>
      <styleUrl>#pointStyle</styleUrl>
      <Point><coordinates>-72.41395767,2.281673833,0</coordinates></Point>
    </Placemark>
    <Placemark>
      <n>#2171 HERMES-01</n>
      <description>18/07/2026 06:06:52 | Estado: NUEVA UBICACION | Bat: 0%</description>
      <styleUrl>#pointStyle</styleUrl>
      <Point><coordinates>-72.4139605,2.2816535,0</coordinates></Point>
    </Placemark>
    <Placemark>
      <n>#2172 HERMES-01</n>
      <description>18/07/2026 06:12:10 | Estado: NUEVA UBICACION | Bat: 0%</description>
      <styleUrl>#pointStyle</styleUrl>
      <Point><coordinates>-72.41396717,2.281646667,0</coordinates></Point>
    </Placemark>
    <Placemark>
      <n>#2173 HERMES-01</n>
      <description>18/07/2026 06:17:28 | Estado: NUEVA UBICACION | Bat: 0%</description>
      <styleUrl>#pointStyle</styleUrl>
      <Point><coordinates>-72.4139705,2.281658,0</coordinates></Point>
    </Placemark>
    <Placemark>
      <n>#2174 HERMES-01</n>
      <description>18/07/2026 06:22:45 | Estado: NUEVA UBICACION | Bat: 0%</description>
      <styleUrl>#pointStyle</styleUrl>
      <Point><coordinates>-72.41398,2.281678167,0</coordinates></Point>
    </Placemark>
    <Placemark>
      <n>#2175 HERMES-01</n>
      <description>18/07/2026 06:28:03 | Estado: NUEVA UBICACION | Bat: 0%</description>
      <styleUrl>#pointStyle</styleUrl>
      <Point><coordinates>-72.41397717,2.2816635,0</coordinates></Point>
    </Placemark>
    <Placemark>
      <n>#2176 HERMES-01</n>
      <description>18/07/2026 06:33:21 | Estado: NUEVA UBICACION | Bat: 0%</description>
      <styleUrl>#pointStyle</styleUrl>
      <Point><coordinates>-72.4139865,2.281683333,0</coordinates></Point>
    </Placemark>
    <Placemark>
      <n>#2177 HERMES-01</n>
      <description>18/07/2026 06:38:38 | Estado: NUEVA UBICACION | Bat: 0%</description>
      <styleUrl>#pointStyle</styleUrl>
      <Point><coordinates>-72.41397717,2.281667333,0</coordinates></Point>
    </Placemark>
    <Placemark>
      <n>#2178 HERMES-01</n>
      <description> No disponible | Estado: NUEVA UBICACION | Bat: 0%</description>
      <styleUrl>#pointStyle</styleUrl>
      <Point><coordinates>-72.41393517,2.281624333,0</coordinates></Point>
    </Placemark>
    <Placemark>
      <n>#2179 HERMES-01</n>
      <description>18/07/2026 06:49:18 | Estado: NUEVA UBICACION | Bat: 0%</description>
      <styleUrl>#pointStyle</styleUrl>
      <Point><coordinates>-72.4139605,2.281656833,0</coordinates></Point>
    </Placemark>
    <Placemark>
      <n>#2180 HERMES-01</n>
      <description>18/07/2026 06:54:37 | Estado: NUEVA UBICACION | Bat: 0%</description>
      <styleUrl>#pointStyle</styleUrl>
      <Point><coordinates>-72.413961,2.281653,0</coordinates></Point>
    </Placemark>
    <Placemark>
      <n>#2181 HERMES-01</n>
      <description>18/07/2026 06:59:55 | Estado: NUEVA UBICACION | Bat: 0%</description>
      <styleUrl>#pointStyle</styleUrl>
      <Point><coordinates>-72.413976,2.281673333,0</coordinates></Point>
    </Placemark>
    <Placemark>
      <n>#2182 HERMES-01</n>
      <description>18/07/2026 07:05:14 | Estado: NUEVA UBICACION | Bat: 0%</description>
      <styleUrl>#pointStyle</styleUrl>
      <Point><coordinates>-72.4139725,2.281664,0</coordinates></Point>
    </Placemark>
    <Placemark>
      <n>#2183 HERMES-01</n>
      <description>18/07/2026 07:10:34 | Estado: NUEVA UBICACION | Bat: 0%</description>
      <styleUrl>#pointStyle</styleUrl>
      <Point><coordinates>-72.4139565,2.281663,0</coordinates></Point>
    </Placemark>
    <Placemark>
      <n>#2184 HERMES-01</n>
      <description>18/07/2026 07:15:52 | Estado: NUEVA UBICACION | Bat: 0%</description>
      <styleUrl>#pointStyle</styleUrl>
      <Point><coordinates>-72.41396567,2.281650333,0</coordinates></Point>
    </Placemark>
    <Placemark>
      <n>#2185 HERMES-01</n>
      <description>18/07/2026 07:21:12 | Estado: NUEVA UBICACION | Bat: 0%</description>
      <styleUrl>#pointStyle</styleUrl>
      <Point><coordinates>-72.4140065,2.281694,0</coordinates></Point>
    </Placemark>
    <Placemark>
      <n>#2186 HERMES-01</n>
      <description> No disponible | Estado: NUEVA UBICACION | Bat: 0%</description>
      <styleUrl>#pointStyle</styleUrl>
      <Point><coordinates>-72.41398083,2.281665333,0</coordinates></Point>
    </Placemark>
    <Placemark>
      <n>#2187 HERMES-01</n>
      <description> No disponible | Estado: NUEVA UBICACION | Bat: 0%</description>
      <styleUrl>#pointStyle</styleUrl>
      <Point><coordinates>-72.4139765,2.281654,0</coordinates></Point>
    </Placemark>
    <Placemark>
      <n>#2188 HERMES-01</n>
      <description>18/07/2026 07:37:06 | Estado: NUEVA UBICACION | Bat: 0%</description>
      <styleUrl>#pointStyle</styleUrl>
      <Point><coordinates>-72.414008,2.281680167,0</coordinates></Point>
    </Placemark>
    <Placemark>
      <n>#2189 HERMES-01</n>
      <description> No disponible | Estado: NUEVA UBICACION | Bat: 0%</description>
      <styleUrl>#pointStyle</styleUrl>
      <Point><coordinates>-72.41398083,2.2816205,0</coordinates></Point>
    </Placemark>
    <Placemark>
      <n>#2190 HERMES-01</n>
      <description> No disponible | Estado: NUEVA UBICACION | Bat: 0%</description>
      <styleUrl>#pointStyle</styleUrl>
      <Point><coordinates>-72.41395567,2.281663833,0</coordinates></Point>
    </Placemark>
    <Placemark>
      <n>#2191 HERMES-01</n>
      <description>18/07/2026 07:53:25 | Estado: NUEVA UBICACION | Bat: 0%</description>
      <styleUrl>#pointStyle</styleUrl>
      <Point><coordinates>-72.41399517,2.281669833,0</coordinates></Point>
    </Placemark>
    <Placemark>
      <n>#2192 HERMES-01</n>
      <description>18/07/2026 07:58:43 | Estado: NUEVA UBICACION | Bat: 0%</description>
      <styleUrl>#pointStyle</styleUrl>
      <Point><coordinates>-72.41392167,2.281712833,0</coordinates></Point>
    </Placemark>
    <Placemark>
      <n>#2193 HERMES-01</n>
      <description>18/07/2026 08:04:02 | Estado: NUEVA UBICACION | Bat: 0%</description>
      <styleUrl>#pointStyle</styleUrl>
      <Point><coordinates>-72.41394933,2.2816775,0</coordinates></Point>
    </Placemark>
    <Placemark>
      <n>#2194 HERMES-01</n>
      <description>18/07/2026 08:09:19 | Estado: NUEVA UBICACION | Bat: 0%</description>
      <styleUrl>#pointStyle</styleUrl>
      <Point><coordinates>-72.413947,2.281691667,0</coordinates></Point>
    </Placemark>
    <Placemark>
      <n>#2195 HERMES-01</n>
      <description>18/07/2026 08:14:39 | Estado: NUEVA UBICACION | Bat: 0%</description>
      <styleUrl>#pointStyle</styleUrl>
      <Point><coordinates>-72.41396817,2.281684667,0</coordinates></Point>
    </Placemark>
    <Placemark>
      <n>#2196 HERMES-01</n>
      <description>18/07/2026 08:20:00 | Estado: NUEVA UBICACION | Bat: 0%</description>
      <styleUrl>#pointStyle</styleUrl>
      <Point><coordinates>-72.41400417,2.281644833,0</coordinates></Point>
    </Placemark>
    <Placemark>
      <n>#2197 HERMES-01</n>
      <description>18/07/2026 08:25:19 | Estado: NUEVA UBICACION | Bat: 0%</description>
      <styleUrl>#pointStyle</styleUrl>
      <Point><coordinates>-72.41399767,2.281675667,0</coordinates></Point>
    </Placemark>
    <Placemark>
      <n>#2198 HERMES-01</n>
      <description>18/07/2026 08:30:38 | Estado: NUEVA UBICACION | Bat: 0%</description>
      <styleUrl>#pointStyle</styleUrl>
      <Point><coordinates>-72.41398083,2.281689667,0</coordinates></Point>
    </Placemark>
    <Placemark>
      <n>#2199 HERMES-01</n>
      <description>18/07/2026 08:35:56 | Estado: NUEVA UBICACION | Bat: 0%</description>
      <styleUrl>#pointStyle</styleUrl>
      <Point><coordinates>-72.4139945,2.281684167,0</coordinates></Point>
    </Placemark>
    <Placemark>
      <n>#2200 HERMES-01</n>
      <description>18/07/2026 08:41:14 | Estado: NUEVA UBICACION | Bat: 0%</description>
      <styleUrl>#pointStyle</styleUrl>
      <Point><coordinates>-72.41398017,2.281691333,0</coordinates></Point>
    </Placemark>
    <Placemark>
      <n>#2201 HERMES-01</n>
      <description>18/07/2026 08:46:33 | Estado: NUEVA UBICACION | Bat: 0%</description>
      <styleUrl>#pointStyle</styleUrl>
      <Point><coordinates>-72.41397267,2.281693833,0</coordinates></Point>
    </Placemark>
    <Placemark>
      <n>#2202 HERMES-01</n>
      <description>18/07/2026 08:51:52 | Estado: NUEVA UBICACION | Bat: 0%</description>
      <styleUrl>#pointStyle</styleUrl>
      <Point><coordinates>-72.413938,2.2816625,0</coordinates></Point>
    </Placemark>
    <Placemark>
      <n>#2203 HERMES-01</n>
      <description>18/07/2026 08:57:11 | Estado: NUEVA UBICACION | Bat: 0%</description>
      <styleUrl>#pointStyle</styleUrl>
      <Point><coordinates>-72.41397733,2.281659333,0</coordinates></Point>
    </Placemark>
    <Placemark>
      <n>#2204 HERMES-01</n>
      <description>18/07/2026 09:02:31 | Estado: NUEVA UBICACION | Bat: 0%</description>
      <styleUrl>#pointStyle</styleUrl>
      <Point><coordinates>-72.4139895,2.281678,0</coordinates></Point>
    </Placemark>
    <Placemark>
      <n>#2205 HERMES-01</n>
      <description>18/07/2026 09:07:51 | Estado: NUEVA UBICACION | Bat: 0%</description>
      <styleUrl>#pointStyle</styleUrl>
      <Point><coordinates>-72.41395183,2.281694667,0</coordinates></Point>
    </Placemark>
    <Placemark>
      <n>#2206 HERMES-01</n>
      <description>18/07/2026 09:13:10 | Estado: NUEVA UBICACION | Bat: 0%</description>
      <styleUrl>#pointStyle</styleUrl>
      <Point><coordinates>-72.41395417,2.281646667,0</coordinates></Point>
    </Placemark>
    <Placemark>
      <n>#2207 HERMES-01</n>
      <description>18/07/2026 09:18:28 | Estado: NUEVA UBICACION | Bat: 0%</description>
      <styleUrl>#pointStyle</styleUrl>
      <Point><coordinates>-72.41393533,2.281647,0</coordinates></Point>
    </Placemark>
    <Placemark>
      <n>#2208 HERMES-01</n>
      <description> No disponible | Estado: NUEVA UBICACION | Bat: 0%</description>
      <styleUrl>#pointStyle</styleUrl>
      <Point><coordinates>-72.41400633,2.281701333,0</coordinates></Point>
    </Placemark>
    <Placemark>
      <n>#2209 HERMES-01</n>
      <description>18/07/2026 09:29:05 | Estado: NUEVA UBICACION | Bat: 0%</description>
      <styleUrl>#pointStyle</styleUrl>
      <Point><coordinates>-72.41398117,2.281673,0</coordinates></Point>
    </Placemark>
    <Placemark>
      <n>#2210 HERMES-01</n>
      <description>18/07/2026 09:34:23 | Estado: NUEVA UBICACION | Bat: 0%</description>
      <styleUrl>#pointStyle</styleUrl>
      <Point><coordinates>-72.41395817,2.281653333,0</coordinates></Point>
    </Placemark>
    <Placemark>
      <n>#2211 HERMES-01</n>
      <description>18/07/2026 09:39:41 | Estado: NUEVA UBICACION | Bat: 0%</description>
      <styleUrl>#pointStyle</styleUrl>
      <Point><coordinates>-72.41395967,2.281663667,0</coordinates></Point>
    </Placemark>
    <Placemark>
      <n>#2212 HERMES-01</n>
      <description>18/07/2026 09:45:01 | Estado: NUEVA UBICACION | Bat: 0%</description>
      <styleUrl>#pointStyle</styleUrl>
      <Point><coordinates>-72.4139725,2.281656,0</coordinates></Point>
    </Placemark>
    <Placemark>
      <n>#2213 HERMES-01</n>
      <description>18/07/2026 09:50:19 | Estado: NUEVA UBICACION | Bat: 0%</description>
      <styleUrl>#pointStyle</styleUrl>
      <Point><coordinates>-72.41395317,2.2816735,0</coordinates></Point>
    </Placemark>
    <Placemark>
      <n>#2214 HERMES-01</n>
      <description>18/07/2026 09:55:38 | Estado: NUEVA UBICACION | Bat: 0%</description>
      <styleUrl>#pointStyle</styleUrl>
      <Point><coordinates>-72.41397217,2.281699667,0</coordinates></Point>
    </Placemark>
    <Placemark>
      <n>#2215 HERMES-01</n>
      <description> No disponible | Estado: NUEVA UBICACION | Bat: 0%</description>
      <styleUrl>#pointStyle</styleUrl>
      <Point><coordinates>-72.413967,2.281642667,0</coordinates></Point>
    </Placemark>
    <Placemark>
      <n>#2216 HERMES-01</n>
      <description>18/07/2026 10:06:17 | Estado: NUEVA UBICACION | Bat: 0%</description>
      <styleUrl>#pointStyle</styleUrl>
      <Point><coordinates>-72.4139475,2.281655,0</coordinates></Point>
    </Placemark>
    <Placemark>
      <n>#2217 HERMES-01</n>
      <description>18/07/2026 10:11:35 | Estado: NUEVA UBICACION | Bat: 0%</description>
      <styleUrl>#pointStyle</styleUrl>
      <Point><coordinates>-72.41396217,2.281653333,0</coordinates></Point>
    </Placemark>
    <Placemark>
      <n>#2218 HERMES-01</n>
      <description> No disponible | Estado: NUEVA UBICACION | Bat: 0%</description>
      <styleUrl>#pointStyle</styleUrl>
      <Point><coordinates>-72.41396783,2.281635167,0</coordinates></Point>
    </Placemark>
    <Placemark>
      <n>#2219 HERMES-01</n>
      <description>18/07/2026 10:22:13 | Estado: NUEVA UBICACION | Bat: 0%</description>
      <styleUrl>#pointStyle</styleUrl>
      <Point><coordinates>-72.41396417,2.281679,0</coordinates></Point>
    </Placemark>
    <Placemark>
      <n>#2220 HERMES-01</n>
      <description>18/07/2026 10:27:32 | Estado: NUEVA UBICACION | Bat: 0%</description>
      <styleUrl>#pointStyle</styleUrl>
      <Point><coordinates>-72.41396383,2.281684,0</coordinates></Point>
    </Placemark>
    <Placemark>
      <n>#2221 HERMES-01</n>
      <description> No disponible | Estado: NUEVA UBICACION | Bat: 0%</description>
      <styleUrl>#pointStyle</styleUrl>
      <Point><coordinates>-72.41400733,2.281717667,0</coordinates></Point>
    </Placemark>
    <Placemark>
      <n>#2222 HERMES-01</n>
      <description>18/07/2026 10:38:08 | Estado: NUEVA UBICACION | Bat: 0%</description>
      <styleUrl>#pointStyle</styleUrl>
      <Point><coordinates>-72.41399,2.281700333,0</coordinates></Point>
    </Placemark>
    <Placemark>
      <n>#2223 HERMES-01</n>
      <description>18/07/2026 10:43:27 | Estado: NUEVA UBICACION | Bat: 0%</description>
      <styleUrl>#pointStyle</styleUrl>
      <Point><coordinates>-72.413972,2.2817045,0</coordinates></Point>
    </Placemark>
    <Placemark>
      <n>#2224 HERMES-01</n>
      <description>18/07/2026 10:48:46 | Estado: NUEVA UBICACION | Bat: 0%</description>
      <styleUrl>#pointStyle</styleUrl>
      <Point><coordinates>-72.413959,2.281696833,0</coordinates></Point>
    </Placemark>
    <Placemark>
      <n>#2225 HERMES-01</n>
      <description> No disponible | Estado: NUEVA UBICACION | Bat: 0%</description>
      <styleUrl>#pointStyle</styleUrl>
      <Point><coordinates>-72.41396517,2.281689167,0</coordinates></Point>
    </Placemark>
    <Placemark>
      <n>#2226 HERMES-01</n>
      <description>18/07/2026 10:59:23 | Estado: NUEVA UBICACION | Bat: 0%</description>
      <styleUrl>#pointStyle</styleUrl>
      <Point><coordinates>-72.41398733,2.281713667,0</coordinates></Point>
    </Placemark>
    <Placemark>
      <n>#2227 HERMES-01</n>
      <description> No disponible | Estado: NUEVA UBICACION | Bat: 0%</description>
      <styleUrl>#pointStyle</styleUrl>
      <Point><coordinates>-72.41396567,2.281656333,0</coordinates></Point>
    </Placemark>
    <Placemark>
      <n>#2228 HERMES-01</n>
      <description>18/07/2026 11:10:00 | Estado: NUEVA UBICACION | Bat: 0%</description>
      <styleUrl>#pointStyle</styleUrl>
      <Point><coordinates>-72.4139735,2.281681833,0</coordinates></Point>
    </Placemark>
    <Placemark>
      <n>#2229 HERMES-01</n>
      <description>18/07/2026 11:15:22 | Estado: NUEVA UBICACION | Bat: 0%</description>
      <styleUrl>#pointStyle</styleUrl>
      <Point><coordinates>-72.4139755,2.281687167,0</coordinates></Point>
    </Placemark>
    <Placemark>
      <n>#2230 HERMES-01</n>
      <description>18/07/2026 11:20:41 | Estado: NUEVA UBICACION | Bat: 0%</description>
      <styleUrl>#pointStyle</styleUrl>
      <Point><coordinates>-72.41396333,2.281674667,0</coordinates></Point>
    </Placemark>
    <Placemark>
      <n>#2231 HERMES-01</n>
      <description>18/07/2026 11:25:59 | Estado: NUEVA UBICACION | Bat: 0%</description>
      <styleUrl>#pointStyle</styleUrl>
      <Point><coordinates>-72.413952,2.281677833,0</coordinates></Point>
    </Placemark>
    <Placemark>
      <n>#2232 HERMES-01</n>
      <description>18/07/2026 11:31:17 | Estado: NUEVA UBICACION | Bat: 0%</description>
      <styleUrl>#pointStyle</styleUrl>
      <Point><coordinates>-72.41395317,2.2816855,0</coordinates></Point>
    </Placemark>
    <Placemark>
      <n>#2233 HERMES-01</n>
      <description>18/07/2026 11:36:37 | Estado: NUEVA UBICACION | Bat: 0%</description>
      <styleUrl>#pointStyle</styleUrl>
      <Point><coordinates>-72.4139515,2.281660667,0</coordinates></Point>
    </Placemark>
    <Placemark>
      <n>#2234 HERMES-01</n>
      <description>18/07/2026 11:41:56 | Estado: NUEVA UBICACION | Bat: 0%</description>
      <styleUrl>#pointStyle</styleUrl>
      <Point><coordinates>-72.41395517,2.281675,0</coordinates></Point>
    </Placemark>
    <Placemark>
      <n>#2235 HERMES-01</n>
      <description>18/07/2026 11:47:14 | Estado: NUEVA UBICACION | Bat: 0%</description>
      <styleUrl>#pointStyle</styleUrl>
      <Point><coordinates>-72.41395717,2.281682833,0</coordinates></Point>
    </Placemark>
    <Placemark>
      <n>#2236 HERMES-01</n>
      <description>18/07/2026 11:52:35 | Estado: NUEVA UBICACION | Bat: 0%</description>
      <styleUrl>#pointStyle</styleUrl>
      <Point><coordinates>-72.41394867,2.281688833,0</coordinates></Point>
    </Placemark>
    <Placemark>
      <n>#2237 HERMES-01</n>
      <description>18/07/2026 11:57:54 | Estado: NUEVA UBICACION | Bat: 0%</description>
      <styleUrl>#pointStyle</styleUrl>
      <Point><coordinates>-72.41396817,2.281678,0</coordinates></Point>
    </Placemark>
    <Placemark>
      <n>#2238 HERMES-01</n>
      <description>18/07/2026 12:03:13 | Estado: NUEVA UBICACION | Bat: 0%</description>
      <styleUrl>#pointStyle</styleUrl>
      <Point><coordinates>-72.41393783,2.2816835,0</coordinates></Point>
    </Placemark>
    <Placemark>
      <n>#2239 HERMES-01</n>
      <description>18/07/2026 12:08:31 | Estado: NUEVA UBICACION | Bat: 0%</description>
      <styleUrl>#pointStyle</styleUrl>
      <Point><coordinates>-72.4139865,2.281670167,0</coordinates></Point>
    </Placemark>
    <Placemark>
      <n>#2240 HERMES-01</n>
      <description>18/07/2026 12:13:49 | Estado: NUEVA UBICACION | Bat: 0%</description>
      <styleUrl>#pointStyle</styleUrl>
      <Point><coordinates>-72.4139495,2.281664667,0</coordinates></Point>
    </Placemark>
    <Placemark>
      <n>#2241 HERMES-01</n>
      <description>18/07/2026 12:19:08 | Estado: NUEVA UBICACION | Bat: 0%</description>
      <styleUrl>#pointStyle</styleUrl>
      <Point><coordinates>-72.41399217,2.281676333,0</coordinates></Point>
    </Placemark>
    <Placemark>
      <n>#2242 HERMES-01</n>
      <description>18/07/2026 12:24:26 | Estado: NUEVA UBICACION | Bat: 0%</description>
      <styleUrl>#pointStyle</styleUrl>
      <Point><coordinates>-72.41396067,2.2816565,0</coordinates></Point>
    </Placemark>
    <Placemark>
      <n>#2243 HERMES-01</n>
      <description>18/07/2026 12:29:45 | Estado: NUEVA UBICACION | Bat: 0%</description>
      <styleUrl>#pointStyle</styleUrl>
      <Point><coordinates>-72.4139315,2.281661167,0</coordinates></Point>
    </Placemark>
    <Placemark>
      <n>#2244 HERMES-01</n>
      <description>18/07/2026 12:35:03 | Estado: NUEVA UBICACION | Bat: 0%</description>
      <styleUrl>#pointStyle</styleUrl>
      <Point><coordinates>-72.41395717,2.281677,0</coordinates></Point>
    </Placemark>
    <Placemark>
      <n>#2245 HERMES-01</n>
      <description>18/07/2026 12:40:22 | Estado: NUEVA UBICACION | Bat: 0%</description>
      <styleUrl>#pointStyle</styleUrl>
      <Point><coordinates>-72.41394383,2.2816715,0</coordinates></Point>
    </Placemark>
    <Placemark>
      <n>#2246 HERMES-01</n>
      <description>18/07/2026 12:45:42 | Estado: NUEVA UBICACION | Bat: 0%</description>
      <styleUrl>#pointStyle</styleUrl>
      <Point><coordinates>-72.41392533,2.281638333,0</coordinates></Point>
    </Placemark>
    <Placemark>
      <n>#2247 HERMES-01</n>
      <description>18/07/2026 12:51:00 | Estado: NUEVA UBICACION | Bat: 0%</description>
      <styleUrl>#pointStyle</styleUrl>
      <Point><coordinates>-72.413979,2.2816565,0</coordinates></Point>
    </Placemark>
    <Placemark>
      <n>#2248 HERMES-01</n>
      <description>18/07/2026 12:56:22 | Estado: NUEVA UBICACION | Bat: 0%</description>
      <styleUrl>#pointStyle</styleUrl>
      <Point><coordinates>-72.413955,2.281662,0</coordinates></Point>
    </Placemark>
    <Placemark>
      <n>#2249 HERMES-01</n>
      <description> No disponible | Estado: NUEVA UBICACION | Bat: 0%</description>
      <styleUrl>#pointStyle</styleUrl>
      <Point><coordinates>-72.41396033,2.281660667,0</coordinates></Point>
    </Placemark>
    <Placemark>
      <n>#2250 HERMES-01</n>
      <description>18/07/2026 13:07:03 | Estado: NUEVA UBICACION | Bat: 0%</description>
      <styleUrl>#pointStyle</styleUrl>
      <Point><coordinates>-72.41391067,2.281685667,0</coordinates></Point>
    </Placemark>
    <Placemark>
      <n>#2251 HERMES-01</n>
      <description>18/07/2026 13:12:21 | Estado: NUEVA UBICACION | Bat: 0%</description>
      <styleUrl>#pointStyle</styleUrl>
      <Point><coordinates>-72.41395333,2.281677,0</coordinates></Point>
    </Placemark>
    <Placemark>
      <n>#2252 HERMES-01</n>
      <description>18/07/2026 13:17:44 | Estado: NUEVA UBICACION | Bat: 0%</description>
      <styleUrl>#pointStyle</styleUrl>
      <Point><coordinates>-72.41395667,2.281666333,0</coordinates></Point>
    </Placemark>
    <Placemark>
      <n>#2253 HERMES-01</n>
      <description>18/07/2026 13:23:03 | Estado: NUEVA UBICACION | Bat: 0%</description>
      <styleUrl>#pointStyle</styleUrl>
      <Point><coordinates>-72.41395417,2.281661,0</coordinates></Point>
    </Placemark>
    <Placemark>
      <n>#2254 HERMES-01</n>
      <description>18/07/2026 13:28:21 | Estado: NUEVA UBICACION | Bat: 0%</description>
      <styleUrl>#pointStyle</styleUrl>
      <Point><coordinates>-72.41395117,2.281650833,0</coordinates></Point>
    </Placemark>
    <Placemark>
      <n>#2255 HERMES-01</n>
      <description>18/07/2026 13:33:40 | Estado: NUEVA UBICACION | Bat: 0%</description>
      <styleUrl>#pointStyle</styleUrl>
      <Point><coordinates>-72.4139595,2.281665667,0</coordinates></Point>
    </Placemark>
    <Placemark>
      <n>#2256 HERMES-01</n>
      <description>18/07/2026 13:38:59 | Estado: NUEVA UBICACION | Bat: 0%</description>
      <styleUrl>#pointStyle</styleUrl>
      <Point><coordinates>-72.41395517,2.281660833,0</coordinates></Point>
    </Placemark>
    <Placemark>
      <n>#2257 HERMES-01</n>
      <description>18/07/2026 13:44:18 | Estado: NUEVA UBICACION | Bat: 0%</description>
      <styleUrl>#pointStyle</styleUrl>
      <Point><coordinates>-72.41395067,2.2816725,0</coordinates></Point>
    </Placemark>
    <Placemark>
      <n>#2258 HERMES-01</n>
      <description>18/07/2026 13:49:40 | Estado: NUEVA UBICACION | Bat: 0%</description>
      <styleUrl>#pointStyle</styleUrl>
      <Point><coordinates>-72.41395167,2.281650667,0</coordinates></Point>
    </Placemark>
    <Placemark>
      <n>#2259 HERMES-01</n>
      <description>18/07/2026 13:54:59 | Estado: NUEVA UBICACION | Bat: 0%</description>
      <styleUrl>#pointStyle</styleUrl>
      <Point><coordinates>-72.41398933,2.281703333,0</coordinates></Point>
    </Placemark>
    <Placemark>
      <n>#2260 HERMES-01</n>
      <description>18/07/2026 14:00:18 | Estado: NUEVA UBICACION | Bat: 0%</description>
      <styleUrl>#pointStyle</styleUrl>
      <Point><coordinates>-72.4139795,2.281666333,0</coordinates></Point>
    </Placemark>
    <Placemark>
      <n>#2261 HERMES-01</n>
      <description>18/07/2026 14:05:36 | Estado: NUEVA UBICACION | Bat: 0%</description>
      <styleUrl>#pointStyle</styleUrl>
      <Point><coordinates>-72.41399367,2.281684667,0</coordinates></Point>
    </Placemark>
    <Placemark>
      <n>#2262 HERMES-01</n>
      <description>18/07/2026 14:10:57 | Estado: NUEVA UBICACION | Bat: 0%</description>
      <styleUrl>#pointStyle</styleUrl>
      <Point><coordinates>-72.4139695,2.281655667,0</coordinates></Point>
    </Placemark>
    <Placemark>
      <n>#2263 HERMES-01</n>
      <description>18/07/2026 14:16:16 | Estado: NUEVA UBICACION | Bat: 0%</description>
      <styleUrl>#pointStyle</styleUrl>
      <Point><coordinates>-72.41398717,2.281722333,0</coordinates></Point>
    </Placemark>
    <Placemark>
      <n>#2264 HERMES-01</n>
      <description>18/07/2026 14:21:34 | Estado: NUEVA UBICACION | Bat: 0%</description>
      <styleUrl>#pointStyle</styleUrl>
      <Point><coordinates>-72.41397517,2.281686667,0</coordinates></Point>
    </Placemark>
    <Placemark>
      <n>#2265 HERMES-01</n>
      <description>18/07/2026 14:26:52 | Estado: NUEVA UBICACION | Bat: 0%</description>
      <styleUrl>#pointStyle</styleUrl>
      <Point><coordinates>-72.41397083,2.281688167,0</coordinates></Point>
    </Placemark>
    <Placemark>
      <n>#2266 HERMES-01</n>
      <description>18/07/2026 14:32:13 | Estado: NUEVA UBICACION | Bat: 0%</description>
      <styleUrl>#pointStyle</styleUrl>
      <Point><coordinates>-72.413992,2.2816905,0</coordinates></Point>
    </Placemark>
    <Placemark>
      <n>#2267 HERMES-01</n>
      <description>18/07/2026 14:37:34 | Estado: NUEVA UBICACION | Bat: 0%</description>
      <styleUrl>#pointStyle</styleUrl>
      <Point><coordinates>-72.41393383,2.281669667,0</coordinates></Point>
    </Placemark>
    <Placemark>
      <n>#2268 HERMES-01</n>
      <description> No disponible | Estado: NUEVA UBICACION | Bat: 0%</description>
      <styleUrl>#pointStyle</styleUrl>
      <Point><coordinates>-72.41398,2.281678167,0</coordinates></Point>
    </Placemark>
    <Placemark>
      <n>#2269 HERMES-01</n>
      <description>18/07/2026 14:48:15 | Estado: NUEVA UBICACION | Bat: 0%</description>
      <styleUrl>#pointStyle</styleUrl>
      <Point><coordinates>-72.41395983,2.281678667,0</coordinates></Point>
    </Placemark>
    <Placemark>
      <n>#2270 HERMES-01</n>
      <description>18/07/2026 14:53:34 | Estado: NUEVA UBICACION | Bat: 0%</description>
      <styleUrl>#pointStyle</styleUrl>
      <Point><coordinates>-72.41396417,2.281674667,0</coordinates></Point>
    </Placemark>
    <Placemark>
      <n>#2271 HERMES-01</n>
      <description>18/07/2026 14:58:55 | Estado: NUEVA UBICACION | Bat: 0%</description>
      <styleUrl>#pointStyle</styleUrl>
      <Point><coordinates>-72.413976,2.281672167,0</coordinates></Point>
    </Placemark>
    <Placemark>
      <n>#2272 HERMES-01</n>
      <description>18/07/2026 15:04:14 | Estado: NUEVA UBICACION | Bat: 0%</description>
      <styleUrl>#pointStyle</styleUrl>
      <Point><coordinates>-72.41399817,2.281682333,0</coordinates></Point>
    </Placemark>
    <Placemark>
      <n>#2273 HERMES-01</n>
      <description>18/07/2026 15:09:33 | Estado: NUEVA UBICACION | Bat: 0%</description>
      <styleUrl>#pointStyle</styleUrl>
      <Point><coordinates>-72.413957,2.281681667,0</coordinates></Point>
    </Placemark>
    <Placemark>
      <n>#2274 HERMES-01</n>
      <description>18/07/2026 15:14:54 | Estado: NUEVA UBICACION | Bat: 0%</description>
      <styleUrl>#pointStyle</styleUrl>
      <Point><coordinates>-72.41395867,2.2816635,0</coordinates></Point>
    </Placemark>
    <Placemark>
      <n>#2275 HERMES-01</n>
      <description> No disponible | Estado: NUEVA UBICACION | Bat: 0%</description>
      <styleUrl>#pointStyle</styleUrl>
      <Point><coordinates>-72.413938,2.2816565,0</coordinates></Point>
    </Placemark>
    <Placemark>
      <n>#2276 HERMES-01</n>
      <description>18/07/2026 15:25:33 | Estado: NUEVA UBICACION | Bat: 0%</description>
      <styleUrl>#pointStyle</styleUrl>
      <Point><coordinates>-72.41395967,2.281683333,0</coordinates></Point>
    </Placemark>
    <Placemark>
      <n>#2277 HERMES-01</n>
      <description>18/07/2026 15:30:53 | Estado: NUEVA UBICACION | Bat: 0%</description>
      <styleUrl>#pointStyle</styleUrl>
      <Point><coordinates>-72.41395067,2.281684333,0</coordinates></Point>
    </Placemark>
    <Placemark>
      <n>#2278 HERMES-01</n>
      <description>18/07/2026 15:36:15 | Estado: NUEVA UBICACION | Bat: 0%</description>
      <styleUrl>#pointStyle</styleUrl>
      <Point><coordinates>-72.41396867,2.281672833,0</coordinates></Point>
    </Placemark>
    <Placemark>
      <n>#2279 HERMES-01</n>
      <description>18/07/2026 15:41:33 | Estado: NUEVA UBICACION | Bat: 0%</description>
      <styleUrl>#pointStyle</styleUrl>
      <Point><coordinates>-72.4139765,2.2817025,0</coordinates></Point>
    </Placemark>
    <Placemark>
      <n>#2280 HERMES-01</n>
      <description>18/07/2026 15:47:01 | Estado: NUEVA UBICACION | Bat: 0%</description>
      <styleUrl>#pointStyle</styleUrl>
      <Point><coordinates>-72.41395683,2.281668,0</coordinates></Point>
    </Placemark>
    <Placemark>
      <n>#2281 HERMES-01</n>
      <description>18/07/2026 15:52:18 | Estado: NUEVA UBICACION | Bat: 0%</description>
      <styleUrl>#pointStyle</styleUrl>
      <Point><coordinates>-72.41394,2.281662333,0</coordinates></Point>
    </Placemark>
    <Placemark>
      <n>#2282 HERMES-01</n>
      <description>18/07/2026 15:57:39 | Estado: NUEVA UBICACION | Bat: 0%</description>
      <styleUrl>#pointStyle</styleUrl>
      <Point><coordinates>-72.41393133,2.281639667,0</coordinates></Point>
    </Placemark>
    <Placemark>
      <n>#2283 HERMES-01</n>
      <description>18/07/2026 16:02:57 | Estado: NUEVA UBICACION | Bat: 0%</description>
      <styleUrl>#pointStyle</styleUrl>
      <Point><coordinates>-72.41393683,2.281638167,0</coordinates></Point>
    </Placemark>
    <Placemark>
      <n>#2284 HERMES-01</n>
      <description>18/07/2026 16:08:17 | Estado: NUEVA UBICACION | Bat: 0%</description>
      <styleUrl>#pointStyle</styleUrl>
      <Point><coordinates>-72.41398033,2.2816765,0</coordinates></Point>
    </Placemark>
    <Placemark>
      <n>#2285 HERMES-01</n>
      <description>18/07/2026 16:13:35 | Estado: NUEVA UBICACION | Bat: 0%</description>
      <styleUrl>#pointStyle</styleUrl>
      <Point><coordinates>-72.4139585,2.281675,0</coordinates></Point>
    </Placemark>
    <Placemark>
      <n>#2286 HERMES-01</n>
      <description>18/07/2026 16:18:53 | Estado: NUEVA UBICACION | Bat: 0%</description>
      <styleUrl>#pointStyle</styleUrl>
      <Point><coordinates>-72.41396583,2.281656,0</coordinates></Point>
    </Placemark>
    <Placemark>
      <n>#2287 HERMES-01</n>
      <description>18/07/2026 16:24:12 | Estado: NUEVA UBICACION | Bat: 0%</description>
      <styleUrl>#pointStyle</styleUrl>
      <Point><coordinates>-72.4139475,2.281694,0</coordinates></Point>
    </Placemark>
    <Placemark>
      <n>#2288 HERMES-01</n>
      <description>18/07/2026 16:29:30 | Estado: NUEVA UBICACION | Bat: 0%</description>
      <styleUrl>#pointStyle</styleUrl>
      <Point><coordinates>-72.41396233,2.2816675,0</coordinates></Point>
    </Placemark>
    <Placemark>
      <n>#2289 HERMES-01</n>
      <description>18/07/2026 16:34:50 | Estado: NUEVA UBICACION | Bat: 0%</description>
      <styleUrl>#pointStyle</styleUrl>
      <Point><coordinates>-72.41397483,2.281654667,0</coordinates></Point>
    </Placemark>
    <Placemark>
      <n>#2290 HERMES-01</n>
      <description>18/07/2026 16:40:08 | Estado: NUEVA UBICACION | Bat: 0%</description>
      <styleUrl>#pointStyle</styleUrl>
      <Point><coordinates>-72.4139585,2.2816585,0</coordinates></Point>
    </Placemark>
    <Placemark>
      <n>#2291 HERMES-01</n>
      <description> No disponible | Estado: NUEVA UBICACION | Bat: 0%</description>
      <styleUrl>#pointStyle</styleUrl>
      <Point><coordinates>-72.413962,2.281655333,0</coordinates></Point>
    </Placemark>
    <Placemark>
      <n>#2292 HERMES-01</n>
      <description>18/07/2026 16:50:44 | Estado: NUEVA UBICACION | Bat: 0%</description>
      <styleUrl>#pointStyle</styleUrl>
      <Point><coordinates>-72.41395783,2.281652833,0</coordinates></Point>
    </Placemark>
    <Placemark>
      <n>#2293 HERMES-01</n>
      <description> No disponible | Estado: NUEVA UBICACION | Bat: 0%</description>
      <styleUrl>#pointStyle</styleUrl>
      <Point><coordinates>-72.41395983,2.281662667,0</coordinates></Point>
    </Placemark>
    <Placemark>
      <n>#2294 HERMES-01</n>
      <description>18/07/2026 17:01:23 | Estado: NUEVA UBICACION | Bat: 0%</description>
      <styleUrl>#pointStyle</styleUrl>
      <Point><coordinates>-72.41396633,2.281674833,0</coordinates></Point>
    </Placemark>
    <Placemark>
      <n>#2295 HERMES-01</n>
      <description>18/07/2026 17:06:41 | Estado: NUEVA UBICACION | Bat: 0%</description>
      <styleUrl>#pointStyle</styleUrl>
      <Point><coordinates>-72.41396067,2.281718667,0</coordinates></Point>
    </Placemark>
    <Placemark>
      <n>#2296 HERMES-01</n>
      <description>18/07/2026 17:12:03 | Estado: NUEVA UBICACION | Bat: 0%</description>
      <styleUrl>#pointStyle</styleUrl>
      <Point><coordinates>-72.41398017,2.281719,0</coordinates></Point>
    </Placemark>
    <Placemark>
      <n>#2297 HERMES-01</n>
      <description>18/07/2026 17:17:24 | Estado: NUEVA UBICACION | Bat: 0%</description>
      <styleUrl>#pointStyle</styleUrl>
      <Point><coordinates>-72.4139555,2.281676833,0</coordinates></Point>
    </Placemark>
    <Placemark>
      <n>#2298 HERMES-01</n>
      <description>18/07/2026 17:22:45 | Estado: NUEVA UBICACION | Bat: 0%</description>
      <styleUrl>#pointStyle</styleUrl>
      <Point><coordinates>-72.4139715,2.281668,0</coordinates></Point>
    </Placemark>
    <Placemark>
      <n>#2299 HERMES-01</n>
      <description>18/07/2026 17:28:04 | Estado: NUEVA UBICACION | Bat: 0%</description>
      <styleUrl>#pointStyle</styleUrl>
      <Point><coordinates>-72.41395383,2.281656833,0</coordinates></Point>
    </Placemark>
    <Placemark>
      <n>#2300 HERMES-01</n>
      <description>18/07/2026 17:33:22 | Estado: NUEVA UBICACION | Bat: 0%</description>
      <styleUrl>#pointStyle</styleUrl>
      <Point><coordinates>-72.41397417,2.281662833,0</coordinates></Point>
    </Placemark>
    <Placemark>
      <n>#2301 HERMES-01</n>
      <description>18/07/2026 17:38:41 | Estado: NUEVA UBICACION | Bat: 0%</description>
      <styleUrl>#pointStyle</styleUrl>
      <Point><coordinates>-72.41395067,2.281689833,0</coordinates></Point>
    </Placemark>
    <Placemark>
      <n>#2302 HERMES-01</n>
      <description>18/07/2026 18:02:50 | Estado: REENVIO PENDIENTE | Bat: 0%</description>
      <styleUrl>#pointStyle</styleUrl>
      <Point><coordinates>-72.410194,2.280344,0</coordinates></Point>
    </Placemark>
    <Placemark>
      <n>#2303 HERMES-01</n>
      <description>18/07/2026 18:08:58 | Estado: REENVIO PENDIENTE | Bat: 0%</description>
      <styleUrl>#pointStyle</styleUrl>
      <Point><coordinates>-72.410117,2.280365,0</coordinates></Point>
    </Placemark>
    <Placemark>
      <n>#2304 HERMES-01</n>
      <description>18/07/2026 18:15:06 | Estado: REENVIO PENDIENTE | Bat: 0%</description>
      <styleUrl>#pointStyle</styleUrl>
      <Point><coordinates>-72.410164,2.280329,0</coordinates></Point>
    </Placemark>
    <Placemark>
      <n>#2305 HERMES-01</n>
      <description>18/07/2026 18:27:22 | Estado: REENVIO PENDIENTE | Bat: 0%</description>
      <styleUrl>#pointStyle</styleUrl>
      <Point><coordinates>-72.410178,2.280317,0</coordinates></Point>
    </Placemark>
    <Placemark>
      <n>#2306 HERMES-01</n>
      <description>18/07/2026 18:39:38 | Estado: REENVIO PENDIENTE | Bat: 0%</description>
      <styleUrl>#pointStyle</styleUrl>
      <Point><coordinates>-72.410177,2.280321,0</coordinates></Point>
    </Placemark>
    <Placemark>
      <n>#2307 HERMES-01</n>
      <description>18/07/2026 18:45:46 | Estado: REENVIO PENDIENTE | Bat: 0%</description>
      <styleUrl>#pointStyle</styleUrl>
      <Point><coordinates>-72.410169,2.280308,0</coordinates></Point>
    </Placemark>
    <Placemark>
      <n>#2308 HERMES-01</n>
      <description>18/07/2026 18:51:54 | Estado: REENVIO PENDIENTE | Bat: 0%</description>
      <styleUrl>#pointStyle</styleUrl>
      <Point><coordinates>-72.410216,2.280331,0</coordinates></Point>
    </Placemark>
    <Placemark>
      <n>#2309 HERMES-01</n>
      <description>18/07/2026 18:58:02 | Estado: REENVIO PENDIENTE | Bat: 0%</description>
      <styleUrl>#pointStyle</styleUrl>
      <Point><coordinates>-72.41022,2.280363,0</coordinates></Point>
    </Placemark>
    <Placemark>
      <n>#2310 HERMES-01</n>
      <description>18/07/2026 19:00:52 | Estado: NUEVA UBICACION | Bat: 0%</description>
      <styleUrl>#pointStyle</styleUrl>
      <Point><coordinates>-72.4139965,2.281665833,0</coordinates></Point>
    </Placemark>
    <Placemark>
      <n>#2311 HERMES-01</n>
      <description>18/07/2026 19:06:11 | Estado: NUEVA UBICACION | Bat: 0%</description>
      <styleUrl>#pointStyle</styleUrl>
      <Point><coordinates>-72.41396867,2.281645333,0</coordinates></Point>
    </Placemark>
    <Placemark>
      <n>#2312 HERMES-01</n>
      <description>18/07/2026 19:11:30 | Estado: NUEVA UBICACION | Bat: 0%</description>
      <styleUrl>#pointStyle</styleUrl>
      <Point><coordinates>-72.41397267,2.281657333,0</coordinates></Point>
    </Placemark>
    <Placemark>
      <n>#2313 HERMES-01</n>
      <description>18/07/2026 19:16:48 | Estado: NUEVA UBICACION | Bat: 0%</description>
      <styleUrl>#pointStyle</styleUrl>
      <Point><coordinates>-72.4139695,2.281659833,0</coordinates></Point>
    </Placemark>
    <Placemark>
      <n>#2314 HERMES-01</n>
      <description>18/07/2026 19:22:07 | Estado: NUEVA UBICACION | Bat: 0%</description>
      <styleUrl>#pointStyle</styleUrl>
      <Point><coordinates>-72.41399083,2.2816585,0</coordinates></Point>
    </Placemark>
    <Placemark>
      <n>#2315 HERMES-01</n>
      <description>18/07/2026 19:27:26 | Estado: NUEVA UBICACION | Bat: 0%</description>
      <styleUrl>#pointStyle</styleUrl>
      <Point><coordinates>-72.4140035,2.281648833,0</coordinates></Point>
    </Placemark>
    <Placemark>
      <n>#2316 HERMES-01</n>
      <description>18/07/2026 19:32:45 | Estado: NUEVA UBICACION | Bat: 0%</description>
      <styleUrl>#pointStyle</styleUrl>
      <Point><coordinates>-72.41396483,2.28166,0</coordinates></Point>
    </Placemark>
    <Placemark>
      <n>#2317 HERMES-01</n>
      <description>18/07/2026 19:38:04 | Estado: NUEVA UBICACION | Bat: 0%</description>
      <styleUrl>#pointStyle</styleUrl>
      <Point><coordinates>-72.41396283,2.281674,0</coordinates></Point>
    </Placemark>
    <Placemark>
      <n>#2318 HERMES-01</n>
      <description>18/07/2026 19:43:23 | Estado: NUEVA UBICACION | Bat: 0%</description>
      <styleUrl>#pointStyle</styleUrl>
      <Point><coordinates>-72.41396333,2.281637167,0</coordinates></Point>
    </Placemark>
    <Placemark>
      <n>#2319 HERMES-01</n>
      <description>18/07/2026 19:48:42 | Estado: NUEVA UBICACION | Bat: 0%</description>
      <styleUrl>#pointStyle</styleUrl>
      <Point><coordinates>-72.41397583,2.281632667,0</coordinates></Point>
    </Placemark>
    <Placemark>
      <n>#2320 HERMES-01</n>
      <description>18/07/2026 19:54:00 | Estado: NUEVA UBICACION | Bat: 0%</description>
      <styleUrl>#pointStyle</styleUrl>
      <Point><coordinates>-72.41395633,2.281647,0</coordinates></Point>
    </Placemark>
    <Placemark>
      <n>#2321 HERMES-01</n>
      <description>18/07/2026 19:59:20 | Estado: NUEVA UBICACION | Bat: 0%</description>
      <styleUrl>#pointStyle</styleUrl>
      <Point><coordinates>-72.41398633,2.281659833,0</coordinates></Point>
    </Placemark>
    <Placemark>
      <n>#2322 HERMES-01</n>
      <description>18/07/2026 20:04:39 | Estado: NUEVA UBICACION | Bat: 0%</description>
      <styleUrl>#pointStyle</styleUrl>
      <Point><coordinates>-72.41396633,2.281651333,0</coordinates></Point>
    </Placemark>
    <Placemark>
      <n>#2323 HERMES-01</n>
      <description>18/07/2026 20:09:59 | Estado: NUEVA UBICACION | Bat: 0%</description>
      <styleUrl>#pointStyle</styleUrl>
      <Point><coordinates>-72.41398083,2.281661333,0</coordinates></Point>
    </Placemark>
    <Placemark>
      <n>#2324 HERMES-01</n>
      <description>18/07/2026 20:15:19 | Estado: NUEVA UBICACION | Bat: 0%</description>
      <styleUrl>#pointStyle</styleUrl>
      <Point><coordinates>-72.4139715,2.281661,0</coordinates></Point>
    </Placemark>
    <Placemark>
      <n>#2325 HERMES-01</n>
      <description>18/07/2026 20:20:37 | Estado: NUEVA UBICACION | Bat: 0%</description>
      <styleUrl>#pointStyle</styleUrl>
      <Point><coordinates>-72.41394683,2.28168,0</coordinates></Point>
    </Placemark>
    <Placemark>
      <n>#2326 HERMES-01</n>
      <description>18/07/2026 20:25:58 | Estado: NUEVA UBICACION | Bat: 0%</description>
      <styleUrl>#pointStyle</styleUrl>
      <Point><coordinates>-72.41397917,2.281663667,0</coordinates></Point>
    </Placemark>
    <Placemark>
      <n>#2327 HERMES-01</n>
      <description>18/07/2026 20:31:17 | Estado: NUEVA UBICACION | Bat: 0%</description>
      <styleUrl>#pointStyle</styleUrl>
      <Point><coordinates>-72.41393933,2.281666167,0</coordinates></Point>
    </Placemark>
    <Placemark>
      <n>#2328 HERMES-01</n>
      <description>18/07/2026 20:36:35 | Estado: NUEVA UBICACION | Bat: 0%</description>
      <styleUrl>#pointStyle</styleUrl>
      <Point><coordinates>-72.41393567,2.281662833,0</coordinates></Point>
    </Placemark>
    <Placemark>
      <n>#2329 HERMES-01</n>
      <description>18/07/2026 20:41:54 | Estado: NUEVA UBICACION | Bat: 0%</description>
      <styleUrl>#pointStyle</styleUrl>
      <Point><coordinates>-72.41396483,2.281668333,0</coordinates></Point>
    </Placemark>
    <Placemark>
      <n>#2330 HERMES-01</n>
      <description>18/07/2026 20:47:12 | Estado: NUEVA UBICACION | Bat: 0%</description>
      <styleUrl>#pointStyle</styleUrl>
      <Point><coordinates>-72.41396567,2.281638667,0</coordinates></Point>
    </Placemark>
    <Placemark>
      <n>#2331 HERMES-01</n>
      <description>18/07/2026 20:52:31 | Estado: NUEVA UBICACION | Bat: 0%</description>
      <styleUrl>#pointStyle</styleUrl>
      <Point><coordinates>-72.41395383,2.281637,0</coordinates></Point>
    </Placemark>
    <Placemark>
      <n>#2332 HERMES-01</n>
      <description>18/07/2026 20:57:52 | Estado: NUEVA UBICACION | Bat: 0%</description>
      <styleUrl>#pointStyle</styleUrl>
      <Point><coordinates>-72.413977,2.281666,0</coordinates></Point>
    </Placemark>
    <Placemark>
      <n>#2333 HERMES-01</n>
      <description>18/07/2026 21:03:11 | Estado: NUEVA UBICACION | Bat: 0%</description>
      <styleUrl>#pointStyle</styleUrl>
      <Point><coordinates>-72.41395183,2.281669,0</coordinates></Point>
    </Placemark>
    <Placemark>
      <n>#2334 HERMES-01</n>
      <description>18/07/2026 21:08:31 | Estado: NUEVA UBICACION | Bat: 0%</description>
      <styleUrl>#pointStyle</styleUrl>
      <Point><coordinates>-72.41394833,2.281668667,0</coordinates></Point>
    </Placemark>
    <Placemark>
      <n>#2335 HERMES-01</n>
      <description>18/07/2026 21:19:09 | Estado: NUEVA UBICACION | Bat: 0%</description>
      <styleUrl>#pointStyle</styleUrl>
      <Point><coordinates>-72.41395733,2.281639333,0</coordinates></Point>
    </Placemark>
    <Placemark>
      <n>#2336 HERMES-01</n>
      <description>18/07/2026 21:24:27 | Estado: NUEVA UBICACION | Bat: 0%</description>
      <styleUrl>#pointStyle</styleUrl>
      <Point><coordinates>-72.41395817,2.281658667,0</coordinates></Point>
    </Placemark>
    <Placemark>
      <n>#2337 HERMES-01</n>
      <description>18/07/2026 21:29:46 | Estado: NUEVA UBICACION | Bat: 0%</description>
      <styleUrl>#pointStyle</styleUrl>
      <Point><coordinates>-72.41395167,2.281646,0</coordinates></Point>
    </Placemark>
    <Placemark>
      <n>#2338 HERMES-01</n>
      <description>18/07/2026 21:35:07 | Estado: NUEVA UBICACION | Bat: 0%</description>
      <styleUrl>#pointStyle</styleUrl>
      <Point><coordinates>-72.41396483,2.281666,0</coordinates></Point>
    </Placemark>
    <Placemark>
      <n>#2339 HERMES-01</n>
      <description>18/07/2026 21:45:43 | Estado: NUEVA UBICACION | Bat: 0%</description>
      <styleUrl>#pointStyle</styleUrl>
      <Point><coordinates>-72.413973,2.281662833,0</coordinates></Point>
    </Placemark>
    <Placemark>
      <n>#2340 HERMES-01</n>
      <description>18/07/2026 21:51:02 | Estado: NUEVA UBICACION | Bat: 0%</description>
      <styleUrl>#pointStyle</styleUrl>
      <Point><coordinates>-72.41392567,2.281681833,0</coordinates></Point>
    </Placemark>
    <Placemark>
      <n>#2341 HERMES-01</n>
      <description>18/07/2026 21:56:21 | Estado: NUEVA UBICACION | Bat: 0%</description>
      <styleUrl>#pointStyle</styleUrl>
      <Point><coordinates>-72.41396483,2.281656167,0</coordinates></Point>
    </Placemark>
    <Placemark>
      <n>#2342 HERMES-01</n>
      <description>18/07/2026 22:01:40 | Estado: NUEVA UBICACION | Bat: 0%</description>
      <styleUrl>#pointStyle</styleUrl>
      <Point><coordinates>-72.41395767,2.281653833,0</coordinates></Point>
    </Placemark>
    <Placemark>
      <n>#2343 HERMES-01</n>
      <description>18/07/2026 22:12:18 | Estado: NUEVA UBICACION | Bat: 0%</description>
      <styleUrl>#pointStyle</styleUrl>
      <Point><coordinates>-72.41396583,2.2816685,0</coordinates></Point>
    </Placemark>
    <Placemark>
      <n>#2344 HERMES-01</n>
      <description>18/07/2026 22:17:37 | Estado: NUEVA UBICACION | Bat: 0%</description>
      <styleUrl>#pointStyle</styleUrl>
      <Point><coordinates>-72.41395383,2.281675,0</coordinates></Point>
    </Placemark>
    <Placemark>
      <n>#2345 HERMES-01</n>
      <description>18/07/2026 22:28:14 | Estado: NUEVA UBICACION | Bat: 0%</description>
      <styleUrl>#pointStyle</styleUrl>
      <Point><coordinates>-72.41394383,2.281696833,0</coordinates></Point>
    </Placemark>
    <Placemark>
      <n>#2346 HERMES-01</n>
      <description>18/07/2026 22:38:53 | Estado: NUEVA UBICACION | Bat: 0%</description>
      <styleUrl>#pointStyle</styleUrl>
      <Point><coordinates>-72.41395483,2.281687667,0</coordinates></Point>
    </Placemark>
    <Placemark>
      <n>#2347 HERMES-01</n>
      <description>18/07/2026 22:44:12 | Estado: NUEVA UBICACION | Bat: 0%</description>
      <styleUrl>#pointStyle</styleUrl>
      <Point><coordinates>-72.41396,2.281663167,0</coordinates></Point>
    </Placemark>
    <Placemark>
      <n>#2348 HERMES-01</n>
      <description>18/07/2026 22:49:32 | Estado: NUEVA UBICACION | Bat: 0%</description>
      <styleUrl>#pointStyle</styleUrl>
      <Point><coordinates>-72.41395883,2.281664833,0</coordinates></Point>
    </Placemark>
    <Placemark>
      <n>#2349 HERMES-01</n>
      <description>18/07/2026 22:54:50 | Estado: NUEVA UBICACION | Bat: 0%</description>
      <styleUrl>#pointStyle</styleUrl>
      <Point><coordinates>-72.414007,2.281655167,0</coordinates></Point>
    </Placemark>
    <Placemark>
      <n>#2350 HERMES-01</n>
      <description>18/07/2026 23:00:10 | Estado: NUEVA UBICACION | Bat: 0%</description>
      <styleUrl>#pointStyle</styleUrl>
      <Point><coordinates>-72.41397167,2.281677,0</coordinates></Point>
    </Placemark>
    <Placemark>
      <n>#2351 HERMES-01</n>
      <description>18/07/2026 23:05:30 | Estado: NUEVA UBICACION | Bat: 0%</description>
      <styleUrl>#pointStyle</styleUrl>
      <Point><coordinates>-72.41394683,2.281646833,0</coordinates></Point>
    </Placemark>
    <Placemark>
      <n>#2352 HERMES-01</n>
      <description>18/07/2026 23:10:48 | Estado: NUEVA UBICACION | Bat: 0%</description>
      <styleUrl>#pointStyle</styleUrl>
      <Point><coordinates>-72.41396133,2.281672,0</coordinates></Point>
    </Placemark>
    <Placemark>
      <n>#2353 HERMES-01</n>
      <description>18/07/2026 23:16:07 | Estado: NUEVA UBICACION | Bat: 0%</description>
      <styleUrl>#pointStyle</styleUrl>
      <Point><coordinates>-72.413958,2.281617667,0</coordinates></Point>
    </Placemark>
    <Placemark>
      <n>#2354 HERMES-01</n>
      <description>18/07/2026 23:21:28 | Estado: NUEVA UBICACION | Bat: 0%</description>
      <styleUrl>#pointStyle</styleUrl>
      <Point><coordinates>-72.4139405,2.281662167,0</coordinates></Point>
    </Placemark>
    <Placemark>
      <n>#2355 HERMES-01</n>
      <description>18/07/2026 23:37:26 | Estado: NUEVA UBICACION | Bat: 0%</description>
      <styleUrl>#pointStyle</styleUrl>
      <Point><coordinates>-72.41398,2.2816805,0</coordinates></Point>
    </Placemark>
    <Placemark>
      <n>#2356 HERMES-01</n>
      <description>18/07/2026 23:42:46 | Estado: NUEVA UBICACION | Bat: 0%</description>
      <styleUrl>#pointStyle</styleUrl>
      <Point><coordinates>-72.41398033,2.281683,0</coordinates></Point>
    </Placemark>
    <Placemark>
      <n>#2357 HERMES-01</n>
      <description>18/07/2026 23:48:06 | Estado: NUEVA UBICACION | Bat: 0%</description>
      <styleUrl>#pointStyle</styleUrl>
      <Point><coordinates>-72.413974,2.2816475,0</coordinates></Point>
    </Placemark>
    <Placemark>
      <n>#2358 HERMES-01</n>
      <description>18/07/2026 23:53:27 | Estado: NUEVA UBICACION | Bat: 0%</description>
      <styleUrl>#pointStyle</styleUrl>
      <Point><coordinates>-72.41394633,2.281690667,0</coordinates></Point>
    </Placemark>
    <Placemark>
      <n>#2359 HERMES-01</n>
      <description>18/07/2026 23:58:46 | Estado: NUEVA UBICACION | Bat: 0%</description>
      <styleUrl>#pointStyle</styleUrl>
      <Point><coordinates>-72.41397167,2.2816655,0</coordinates></Point>
    </Placemark>
    <Placemark>
      <n>#2360 HERMES-01</n>
      <description>19/07/2026 00:04:42 | Estado: REENVIO PENDIENTE | Bat: 0%</description>
      <styleUrl>#pointStyle</styleUrl>
      <Point><coordinates>-72.410158,2.280552,0</coordinates></Point>
    </Placemark>
    <Placemark>
      <n>#2361 HERMES-01</n>
      <description>19/07/2026 00:16:58 | Estado: REENVIO PENDIENTE | Bat: 0%</description>
      <styleUrl>#pointStyle</styleUrl>
      <Point><coordinates>-72.410173,2.280345,0</coordinates></Point>
    </Placemark>
    <Placemark>
      <n>#2362 HERMES-01</n>
      <description>19/07/2026 00:23:06 | Estado: REENVIO PENDIENTE | Bat: 0%</description>
      <styleUrl>#pointStyle</styleUrl>
      <Point><coordinates>-72.410174,2.280371,0</coordinates></Point>
    </Placemark>
    <Placemark>
      <n>#2363 HERMES-01</n>
      <description>19/07/2026 00:29:14 | Estado: REENVIO PENDIENTE | Bat: 0%</description>
      <styleUrl>#pointStyle</styleUrl>
      <Point><coordinates>-72.410171,2.280393,0</coordinates></Point>
    </Placemark>
    <Placemark>
      <n>#2364 HERMES-01</n>
      <description>19/07/2026 00:35:22 | Estado: REENVIO PENDIENTE | Bat: 0%</description>
      <styleUrl>#pointStyle</styleUrl>
      <Point><coordinates>-72.410186,2.280445,0</coordinates></Point>
    </Placemark>
    <Placemark>
      <n>#2365 HERMES-01</n>
      <description>19/07/2026 00:47:38 | Estado: REENVIO PENDIENTE | Bat: 0%</description>
      <styleUrl>#pointStyle</styleUrl>
      <Point><coordinates>-72.410217,2.280421,0</coordinates></Point>
    </Placemark>
    <Placemark>
      <n>#2366 HERMES-01</n>
      <description>19/07/2026 00:53:45 | Estado: REENVIO PENDIENTE | Bat: 0%</description>
      <styleUrl>#pointStyle</styleUrl>
      <Point><coordinates>-72.410166,2.280471,0</coordinates></Point>
    </Placemark>
    <Placemark>
      <n>#2367 HERMES-01</n>
      <description>19/07/2026 00:59:53 | Estado: REENVIO PENDIENTE | Bat: 0%</description>
      <styleUrl>#pointStyle</styleUrl>
      <Point><coordinates>-72.410207,2.280366,0</coordinates></Point>
    </Placemark>
    <Placemark>
      <n>#2368 HERMES-01</n>
      <description>19/07/2026 01:06:01 | Estado: REENVIO PENDIENTE | Bat: 0%</description>
      <styleUrl>#pointStyle</styleUrl>
      <Point><coordinates>-72.410224,2.280357,0</coordinates></Point>
    </Placemark>
    <Placemark>
      <n>#2369 HERMES-01</n>
      <description>19/07/2026 01:12:09 | Estado: REENVIO PENDIENTE | Bat: 0%</description>
      <styleUrl>#pointStyle</styleUrl>
      <Point><coordinates>-72.4102,2.280237,0</coordinates></Point>
    </Placemark>
    <Placemark>
      <n>#2370 HERMES-01</n>
      <description>19/07/2026 01:18:17 | Estado: REENVIO PENDIENTE | Bat: 0%</description>
      <styleUrl>#pointStyle</styleUrl>
      <Point><coordinates>-72.410213,2.280278,0</coordinates></Point>
    </Placemark>
    <Placemark>
      <n>#2371 HERMES-01</n>
      <description>19/07/2026 01:24:25 | Estado: REENVIO PENDIENTE | Bat: 0%</description>
      <styleUrl>#pointStyle</styleUrl>
      <Point><coordinates>-72.410209,2.280346,0</coordinates></Point>
    </Placemark>
    <Placemark>
      <n>#2372 HERMES-01</n>
      <description>19/07/2026 01:30:33 | Estado: REENVIO PENDIENTE | Bat: 0%</description>
      <styleUrl>#pointStyle</styleUrl>
      <Point><coordinates>-72.410161,2.280419,0</coordinates></Point>
    </Placemark>
    <Placemark>
      <n>#2373 HERMES-01</n>
      <description>19/07/2026 01:36:41 | Estado: REENVIO PENDIENTE | Bat: 0%</description>
      <styleUrl>#pointStyle</styleUrl>
      <Point><coordinates>-72.410204,2.280345,0</coordinates></Point>
    </Placemark>
    <Placemark>
      <n>#2374 HERMES-01</n>
      <description>19/07/2026 01:42:48 | Estado: REENVIO PENDIENTE | Bat: 0%</description>
      <styleUrl>#pointStyle</styleUrl>
      <Point><coordinates>-72.410256,2.280306,0</coordinates></Point>
    </Placemark>
    <Placemark>
      <n>#2375 HERMES-01</n>
      <description>19/07/2026 01:55:04 | Estado: REENVIO PENDIENTE | Bat: 0%</description>
      <styleUrl>#pointStyle</styleUrl>
      <Point><coordinates>-72.41021,2.280347,0</coordinates></Point>
    </Placemark>
    <Placemark>
      <n>#2376 HERMES-01</n>
      <description>19/07/2026 02:01:12 | Estado: REENVIO PENDIENTE | Bat: 0%</description>
      <styleUrl>#pointStyle</styleUrl>
      <Point><coordinates>-72.410218,2.28041,0</coordinates></Point>
    </Placemark>
    <Placemark>
      <n>#2377 HERMES-01</n>
      <description>19/07/2026 02:07:19 | Estado: REENVIO PENDIENTE | Bat: 0%</description>
      <styleUrl>#pointStyle</styleUrl>
      <Point><coordinates>-72.4102,2.280302,0</coordinates></Point>
    </Placemark>
    <Placemark>
      <n>#2378 HERMES-01</n>
      <description>19/07/2026 02:13:27 | Estado: REENVIO PENDIENTE | Bat: 0%</description>
      <styleUrl>#pointStyle</styleUrl>
      <Point><coordinates>-72.410177,2.280288,0</coordinates></Point>
    </Placemark>
    <Placemark>
      <n>#2379 HERMES-01</n>
      <description>19/07/2026 02:19:35 | Estado: REENVIO PENDIENTE | Bat: 0%</description>
      <styleUrl>#pointStyle</styleUrl>
      <Point><coordinates>-72.410232,2.280319,0</coordinates></Point>
    </Placemark>
    <Placemark>
      <n>#2380 HERMES-01</n>
      <description>19/07/2026 02:31:51 | Estado: REENVIO PENDIENTE | Bat: 0%</description>
      <styleUrl>#pointStyle</styleUrl>
      <Point><coordinates>-72.410221,2.2803,0</coordinates></Point>
    </Placemark>
    <Placemark>
      <n>#2381 HERMES-01</n>
      <description>19/07/2026 02:37:59 | Estado: REENVIO PENDIENTE | Bat: 0%</description>
      <styleUrl>#pointStyle</styleUrl>
      <Point><coordinates>-72.410158,2.280398,0</coordinates></Point>
    </Placemark>
    <Placemark>
      <n>#2382 HERMES-01</n>
      <description>19/07/2026 02:44:06 | Estado: REENVIO PENDIENTE | Bat: 0%</description>
      <styleUrl>#pointStyle</styleUrl>
      <Point><coordinates>-72.410155,2.280301,0</coordinates></Point>
    </Placemark>
    <Placemark>
      <n>#2383 HERMES-01</n>
      <description>19/07/2026 02:50:14 | Estado: REENVIO PENDIENTE | Bat: 0%</description>
      <styleUrl>#pointStyle</styleUrl>
      <Point><coordinates>-72.410152,2.280237,0</coordinates></Point>
    </Placemark>
    <Placemark>
      <n>#2384 HERMES-01</n>
      <description>19/07/2026 02:56:22 | Estado: REENVIO PENDIENTE | Bat: 0%</description>
      <styleUrl>#pointStyle</styleUrl>
      <Point><coordinates>-72.410261,2.280245,0</coordinates></Point>
    </Placemark>
    <Placemark>
      <n>#2385 HERMES-01</n>
      <description>19/07/2026 03:02:29 | Estado: REENVIO PENDIENTE | Bat: 0%</description>
      <styleUrl>#pointStyle</styleUrl>
      <Point><coordinates>-72.410217,2.280278,0</coordinates></Point>
    </Placemark>
    <Placemark>
      <n>#2386 HERMES-01</n>
      <description>19/07/2026 03:14:45 | Estado: REENVIO PENDIENTE | Bat: 0%</description>
      <styleUrl>#pointStyle</styleUrl>
      <Point><coordinates>-72.410295,2.280367,0</coordinates></Point>
    </Placemark>
    <Placemark>
      <n>#2387 HERMES-01</n>
      <description>19/07/2026 03:20:53 | Estado: REENVIO PENDIENTE | Bat: 0%</description>
      <styleUrl>#pointStyle</styleUrl>
      <Point><coordinates>-72.410208,2.280282,0</coordinates></Point>
    </Placemark>
    <Placemark>
      <n>#2388 HERMES-01</n>
      <description>19/07/2026 03:27:00 | Estado: REENVIO PENDIENTE | Bat: 0%</description>
      <styleUrl>#pointStyle</styleUrl>
      <Point><coordinates>-72.410248,2.280193,0</coordinates></Point>
    </Placemark>
    <Placemark>
      <n>#2389 HERMES-01</n>
      <description>19/07/2026 03:39:16 | Estado: REENVIO PENDIENTE | Bat: 0%</description>
      <styleUrl>#pointStyle</styleUrl>
      <Point><coordinates>-72.410207,2.280339,0</coordinates></Point>
    </Placemark>
    <Placemark>
      <n>#2390 HERMES-01</n>
      <description>19/07/2026 03:45:24 | Estado: REENVIO PENDIENTE | Bat: 0%</description>
      <styleUrl>#pointStyle</styleUrl>
      <Point><coordinates>-72.410185,2.280233,0</coordinates></Point>
    </Placemark>
    <Placemark>
      <n>#2391 HERMES-01</n>
      <description>19/07/2026 03:51:32 | Estado: REENVIO PENDIENTE | Bat: 0%</description>
      <styleUrl>#pointStyle</styleUrl>
      <Point><coordinates>-72.410194,2.280334,0</coordinates></Point>
    </Placemark>
    <Placemark>
      <n>#2392 HERMES-01</n>
      <description>19/07/2026 03:57:40 | Estado: REENVIO PENDIENTE | Bat: 0%</description>
      <styleUrl>#pointStyle</styleUrl>
      <Point><coordinates>-72.410139,2.280324,0</coordinates></Point>
    </Placemark>
    <Placemark>
      <n>#2393 HERMES-01</n>
      <description>19/07/2026 04:03:47 | Estado: REENVIO PENDIENTE | Bat: 0%</description>
      <styleUrl>#pointStyle</styleUrl>
      <Point><coordinates>-72.410074,2.280386,0</coordinates></Point>
    </Placemark>
    <Placemark>
      <n>#2394 HERMES-01</n>
      <description>19/07/2026 04:22:10 | Estado: REENVIO PENDIENTE | Bat: 0%</description>
      <styleUrl>#pointStyle</styleUrl>
      <Point><coordinates>-72.410238,2.280355,0</coordinates></Point>
    </Placemark>
    <Placemark>
      <n>#2395 HERMES-01</n>
      <description>19/07/2026 04:28:18 | Estado: REENVIO PENDIENTE | Bat: 0%</description>
      <styleUrl>#pointStyle</styleUrl>
      <Point><coordinates>-72.4102,2.280308,0</coordinates></Point>
    </Placemark>
    <Placemark>
      <n>#2396 HERMES-01</n>
      <description>19/07/2026 04:34:26 | Estado: REENVIO PENDIENTE | Bat: 0%</description>
      <styleUrl>#pointStyle</styleUrl>
      <Point><coordinates>-72.41016,2.280207,0</coordinates></Point>
    </Placemark>
    <Placemark>
      <n>#2397 HERMES-01</n>
      <description>19/07/2026 04:40:34 | Estado: REENVIO PENDIENTE | Bat: 0%</description>
      <styleUrl>#pointStyle</styleUrl>
      <Point><coordinates>-72.410188,2.280388,0</coordinates></Point>
    </Placemark>
    <Placemark>
      <n>#2398 HERMES-01</n>
      <description>19/07/2026 04:46:42 | Estado: REENVIO PENDIENTE | Bat: 0%</description>
      <styleUrl>#pointStyle</styleUrl>
      <Point><coordinates>-72.41021,2.280357,0</coordinates></Point>
    </Placemark>
    <Placemark>
      <n>#2399 HERMES-01</n>
      <description>19/07/2026 04:52:49 | Estado: REENVIO PENDIENTE | Bat: 0%</description>
      <styleUrl>#pointStyle</styleUrl>
      <Point><coordinates>-72.41017,2.280299,0</coordinates></Point>
    </Placemark>
    <Placemark>
      <n>#2400 HERMES-01</n>
      <description>19/07/2026 05:05:04 | Estado: REENVIO PENDIENTE | Bat: 0%</description>
      <styleUrl>#pointStyle</styleUrl>
      <Point><coordinates>-72.410241,2.280414,0</coordinates></Point>
    </Placemark>
    <Placemark>
      <n>#2401 HERMES-01</n>
      <description>19/07/2026 05:11:12 | Estado: REENVIO PENDIENTE | Bat: 0%</description>
      <styleUrl>#pointStyle</styleUrl>
      <Point><coordinates>-72.410194,2.280262,0</coordinates></Point>
    </Placemark>
    <Placemark>
      <n>#2402 HERMES-01</n>
      <description>19/07/2026 05:17:20 | Estado: REENVIO PENDIENTE | Bat: 0%</description>
      <styleUrl>#pointStyle</styleUrl>
      <Point><coordinates>-72.410154,2.280334,0</coordinates></Point>
    </Placemark>
    <Placemark>
      <n>#2403 HERMES-01</n>
      <description>19/07/2026 05:23:27 | Estado: REENVIO PENDIENTE | Bat: 0%</description>
      <styleUrl>#pointStyle</styleUrl>
      <Point><coordinates>-72.41019,2.280239,0</coordinates></Point>
    </Placemark>
    <Placemark>
      <n>#2404 HERMES-01</n>
      <description>19/07/2026 05:29:35 | Estado: REENVIO PENDIENTE | Bat: 0%</description>
      <styleUrl>#pointStyle</styleUrl>
      <Point><coordinates>-72.410213,2.280165,0</coordinates></Point>
    </Placemark>
    <Placemark>
      <n>#2405 HERMES-01</n>
      <description>19/07/2026 05:35:43 | Estado: REENVIO PENDIENTE | Bat: 0%</description>
      <styleUrl>#pointStyle</styleUrl>
      <Point><coordinates>-72.410206,2.280316,0</coordinates></Point>
    </Placemark>
    <Placemark>
      <n>#2406 HERMES-01</n>
      <description>19/07/2026 05:41:51 | Estado: REENVIO PENDIENTE | Bat: 0%</description>
      <styleUrl>#pointStyle</styleUrl>
      <Point><coordinates>-72.410217,2.280382,0</coordinates></Point>
    </Placemark>
    <Placemark>
      <n>#2407 HERMES-01</n>
      <description>19/07/2026 05:47:59 | Estado: REENVIO PENDIENTE | Bat: 0%</description>
      <styleUrl>#pointStyle</styleUrl>
      <Point><coordinates>-72.41031,2.280451,0</coordinates></Point>
    </Placemark>
    <Placemark>
      <n>#2408 HERMES-01</n>
      <description>19/07/2026 05:54:07 | Estado: REENVIO PENDIENTE | Bat: 0%</description>
      <styleUrl>#pointStyle</styleUrl>
      <Point><coordinates>-72.410319,2.280451,0</coordinates></Point>
    </Placemark>
    <Placemark>
      <n>#2409 HERMES-01</n>
      <description>19/07/2026 06:00:15 | Estado: REENVIO PENDIENTE | Bat: 0%</description>
      <styleUrl>#pointStyle</styleUrl>
      <Point><coordinates>-72.4099,2.280161,0</coordinates></Point>
    </Placemark>
    <Placemark>
      <n>#2410 HERMES-01</n>
      <description>19/07/2026 06:12:31 | Estado: REENVIO PENDIENTE | Bat: 0%</description>
      <styleUrl>#pointStyle</styleUrl>
      <Point><coordinates>-72.409075,2.280667,0</coordinates></Point>
    </Placemark>
    <Placemark>
      <n>#2411 HERMES-01</n>
      <description>19/07/2026 06:18:39 | Estado: REENVIO PENDIENTE | Bat: 0%</description>
      <styleUrl>#pointStyle</styleUrl>
      <Point><coordinates>-72.409035,2.280711,0</coordinates></Point>
    </Placemark>
    <Placemark>
      <n>#2412 HERMES-01</n>
      <description>19/07/2026 06:24:46 | Estado: REENVIO PENDIENTE | Bat: 0%</description>
      <styleUrl>#pointStyle</styleUrl>
      <Point><coordinates>-72.409071,2.280659,0</coordinates></Point>
    </Placemark>
    <Placemark>
      <n>#2413 HERMES-01</n>
      <description>19/07/2026 06:30:54 | Estado: REENVIO PENDIENTE | Bat: 0%</description>
      <styleUrl>#pointStyle</styleUrl>
      <Point><coordinates>-72.409011,2.280681,0</coordinates></Point>
    </Placemark>
    <Placemark>
      <n>#2414 HERMES-01</n>
      <description>19/07/2026 06:37:02 | Estado: REENVIO PENDIENTE | Bat: 0%</description>
      <styleUrl>#pointStyle</styleUrl>
      <Point><coordinates>-72.40903,2.280677,0</coordinates></Point>
    </Placemark>
    <Placemark>
      <n>#2415 HERMES-01</n>
      <description>19/07/2026 06:43:10 | Estado: REENVIO PENDIENTE | Bat: 0%</description>
      <styleUrl>#pointStyle</styleUrl>
      <Point><coordinates>-72.409038,2.280691,0</coordinates></Point>
    </Placemark>
    <Placemark>
      <n>#2416 HERMES-01</n>
      <description>19/07/2026 06:49:17 | Estado: REENVIO PENDIENTE | Bat: 0%</description>
      <styleUrl>#pointStyle</styleUrl>
      <Point><coordinates>-72.408999,2.280666,0</coordinates></Point>
    </Placemark>
    <Placemark>
      <n>#2417 HERMES-01</n>
      <description>19/07/2026 06:55:25 | Estado: REENVIO PENDIENTE | Bat: 0%</description>
      <styleUrl>#pointStyle</styleUrl>
      <Point><coordinates>-72.409016,2.280683,0</coordinates></Point>
    </Placemark>
    <Placemark>
      <n>#2418 HERMES-01</n>
      <description>19/07/2026 07:01:33 | Estado: REENVIO PENDIENTE | Bat: 0%</description>
      <styleUrl>#pointStyle</styleUrl>
      <Point><coordinates>-72.409015,2.280681,0</coordinates></Point>
    </Placemark>
    <Placemark>
      <n>#2419 HERMES-01</n>
      <description>19/07/2026 07:07:41 | Estado: REENVIO PENDIENTE | Bat: 0%</description>
      <styleUrl>#pointStyle</styleUrl>
      <Point><coordinates>-72.409023,2.280686,0</coordinates></Point>
    </Placemark>
    <Placemark>
      <n>#2420 HERMES-01</n>
      <description>19/07/2026 07:19:57 | Estado: REENVIO PENDIENTE | Bat: 0%</description>
      <styleUrl>#pointStyle</styleUrl>
      <Point><coordinates>-72.409004,2.2807,0</coordinates></Point>
    </Placemark>
    <Placemark>
      <n>#2421 HERMES-01</n>
      <description>19/07/2026 07:26:05 | Estado: REENVIO PENDIENTE | Bat: 0%</description>
      <styleUrl>#pointStyle</styleUrl>
      <Point><coordinates>-72.409006,2.280712,0</coordinates></Point>
    </Placemark>
    <Placemark>
      <n>#2422 HERMES-01</n>
      <description>19/07/2026 07:32:12 | Estado: REENVIO PENDIENTE | Bat: 0%</description>
      <styleUrl>#pointStyle</styleUrl>
      <Point><coordinates>-72.409018,2.280712,0</coordinates></Point>
    </Placemark>
    <Placemark>
      <n>#2423 HERMES-01</n>
      <description>19/07/2026 07:38:21 | Estado: REENVIO PENDIENTE | Bat: 0%</description>
      <styleUrl>#pointStyle</styleUrl>
      <Point><coordinates>-72.408985,2.280688,0</coordinates></Point>
    </Placemark>
    <Placemark>
      <n>#2424 HERMES-01</n>
      <description>19/07/2026 07:44:28 | Estado: REENVIO PENDIENTE | Bat: 0%</description>
      <styleUrl>#pointStyle</styleUrl>
      <Point><coordinates>-72.408974,2.28066,0</coordinates></Point>
    </Placemark>
    <Placemark>
      <n>#2425 HERMES-01</n>
      <description>19/07/2026 07:56:44 | Estado: REENVIO PENDIENTE | Bat: 0%</description>
      <styleUrl>#pointStyle</styleUrl>
      <Point><coordinates>-72.408995,2.280699,0</coordinates></Point>
    </Placemark>
    <Placemark>
      <n>#2426 HERMES-01</n>
      <description>19/07/2026 08:02:52 | Estado: REENVIO PENDIENTE | Bat: 0%</description>
      <styleUrl>#pointStyle</styleUrl>
      <Point><coordinates>-72.408964,2.280671,0</coordinates></Point>
    </Placemark>
    <Placemark>
      <n>#2427 HERMES-01</n>
      <description>19/07/2026 08:09:00 | Estado: REENVIO PENDIENTE | Bat: 0%</description>
      <styleUrl>#pointStyle</styleUrl>
      <Point><coordinates>-72.409022,2.280694,0</coordinates></Point>
    </Placemark>
    <Placemark>
      <n>#2428 HERMES-01</n>
      <description>19/07/2026 08:15:08 | Estado: REENVIO PENDIENTE | Bat: 0%</description>
      <styleUrl>#pointStyle</styleUrl>
      <Point><coordinates>-72.408989,2.280699,0</coordinates></Point>
    </Placemark>
    <Placemark>
      <n>#2429 HERMES-01</n>
      <description>19/07/2026 08:21:16 | Estado: REENVIO PENDIENTE | Bat: 0%</description>
      <styleUrl>#pointStyle</styleUrl>
      <Point><coordinates>-72.40899,2.280681,0</coordinates></Point>
    </Placemark>
    <Placemark>
      <n>#2430 HERMES-01</n>
      <description>19/07/2026 08:27:23 | Estado: REENVIO PENDIENTE | Bat: 0%</description>
      <styleUrl>#pointStyle</styleUrl>
      <Point><coordinates>-72.409026,2.280692,0</coordinates></Point>
    </Placemark>
    <Placemark>
      <n>#2431 HERMES-01</n>
      <description>19/07/2026 08:39:39 | Estado: REENVIO PENDIENTE | Bat: 0%</description>
      <styleUrl>#pointStyle</styleUrl>
      <Point><coordinates>-72.409023,2.280693,0</coordinates></Point>
    </Placemark>
    <Placemark>
      <n>#2432 HERMES-01</n>
      <description>19/07/2026 08:45:47 | Estado: REENVIO PENDIENTE | Bat: 0%</description>
      <styleUrl>#pointStyle</styleUrl>
      <Point><coordinates>-72.408976,2.280693,0</coordinates></Point>
    </Placemark>
    <Placemark>
      <n>#2433 HERMES-01</n>
      <description>19/07/2026 08:51:55 | Estado: REENVIO PENDIENTE | Bat: 0%</description>
      <styleUrl>#pointStyle</styleUrl>
      <Point><coordinates>-72.409015,2.280688,0</coordinates></Point>
    </Placemark>
    <Placemark>
      <n>#2434 HERMES-01</n>
      <description>19/07/2026 08:58:03 | Estado: REENVIO PENDIENTE | Bat: 0%</description>
      <styleUrl>#pointStyle</styleUrl>
      <Point><coordinates>-72.409028,2.280691,0</coordinates></Point>
    </Placemark>
    <Placemark>
      <n>#2435 HERMES-01</n>
      <description>19/07/2026 09:04:11 | Estado: REENVIO PENDIENTE | Bat: 0%</description>
      <styleUrl>#pointStyle</styleUrl>
      <Point><coordinates>-72.40899,2.28068,0</coordinates></Point>
    </Placemark>
    <Placemark>
      <n>#2436 HERMES-01</n>
      <description>19/07/2026 09:16:26 | Estado: REENVIO PENDIENTE | Bat: 0%</description>
      <styleUrl>#pointStyle</styleUrl>
      <Point><coordinates>-72.409016,2.280675,0</coordinates></Point>
    </Placemark>
    <Placemark>
      <n>#2437 HERMES-01</n>
      <description>19/07/2026 09:22:34 | Estado: REENVIO PENDIENTE | Bat: 0%</description>
      <styleUrl>#pointStyle</styleUrl>
      <Point><coordinates>-72.409031,2.280687,0</coordinates></Point>
    </Placemark>
    <Placemark>
      <n>#2438 HERMES-01</n>
      <description>19/07/2026 09:34:50 | Estado: REENVIO PENDIENTE | Bat: 0%</description>
      <styleUrl>#pointStyle</styleUrl>
      <Point><coordinates>-72.409035,2.280699,0</coordinates></Point>
    </Placemark>
    <Placemark>
      <n>#2439 HERMES-01</n>
      <description>19/07/2026 09:40:58 | Estado: REENVIO PENDIENTE | Bat: 0%</description>
      <styleUrl>#pointStyle</styleUrl>
      <Point><coordinates>-72.409038,2.280705,0</coordinates></Point>
    </Placemark>
    <Placemark>
      <n>#2440 HERMES-01</n>
      <description>19/07/2026 09:47:06 | Estado: REENVIO PENDIENTE | Bat: 0%</description>
      <styleUrl>#pointStyle</styleUrl>
      <Point><coordinates>-72.409054,2.280714,0</coordinates></Point>
    </Placemark>
    <Placemark>
      <n>#2441 HERMES-01</n>
      <description>19/07/2026 09:53:14 | Estado: REENVIO PENDIENTE | Bat: 0%</description>
      <styleUrl>#pointStyle</styleUrl>
      <Point><coordinates>-72.409058,2.280699,0</coordinates></Point>
    </Placemark>
    <Placemark>
      <n>#2442 HERMES-01</n>
      <description>19/07/2026 09:59:21 | Estado: REENVIO PENDIENTE | Bat: 0%</description>
      <styleUrl>#pointStyle</styleUrl>
      <Point><coordinates>-72.409013,2.280682,0</coordinates></Point>
    </Placemark>
    <Placemark>
      <n>#2443 HERMES-01</n>
      <description>19/07/2026 10:05:29 | Estado: REENVIO PENDIENTE | Bat: 0%</description>
      <styleUrl>#pointStyle</styleUrl>
      <Point><coordinates>-72.408984,2.280675,0</coordinates></Point>
    </Placemark>
    <Placemark>
      <n>#2444 HERMES-01</n>
      <description>19/07/2026 10:17:45 | Estado: REENVIO PENDIENTE | Bat: 0%</description>
      <styleUrl>#pointStyle</styleUrl>
      <Point><coordinates>-72.408911,2.280674,0</coordinates></Point>
    </Placemark>
    <Placemark>
      <n>#2445 HERMES-01</n>
      <description> No disponible | Estado: REENVIO PENDIENTE | Bat: 0%</description>
      <styleUrl>#pointStyle</styleUrl>
      <Point><coordinates>-72.410162,2.280315,0</coordinates></Point>
    </Placemark>
    <Placemark>
      <n>#2446 HERMES-01</n>
      <description> No disponible | Estado: REENVIO PENDIENTE | Bat: 0%</description>
      <styleUrl>#pointStyle</styleUrl>
      <Point><coordinates>-72.41015,2.280376,0</coordinates></Point>
    </Placemark>
    <Placemark>
      <n>#2447 HERMES-01</n>
      <description> No disponible | Estado: REENVIO PENDIENTE | Bat: 0%</description>
      <styleUrl>#pointStyle</styleUrl>
      <Point><coordinates>-72.410171,2.280364,0</coordinates></Point>
    </Placemark>
    <Placemark>
      <n>#2448 HERMES-01</n>
      <description> No disponible | Estado: REENVIO PENDIENTE | Bat: 0%</description>
      <styleUrl>#pointStyle</styleUrl>
      <Point><coordinates>-72.410192,2.280328,0</coordinates></Point>
    </Placemark>
    <Placemark>
      <n>#2449 HERMES-01</n>
      <description> No disponible | Estado: REENVIO PENDIENTE | Bat: 0%</description>
      <styleUrl>#pointStyle</styleUrl>
      <Point><coordinates>-72.410207,2.280288,0</coordinates></Point>
    </Placemark>
    <Placemark>
      <n>#2450 HERMES-01</n>
      <description> No disponible | Estado: REENVIO PENDIENTE | Bat: 0%</description>
      <styleUrl>#pointStyle</styleUrl>
      <Point><coordinates>-72.410142,2.280351,0</coordinates></Point>
    </Placemark>
    <Placemark>
      <n>#2451 HERMES-01</n>
      <description> No disponible | Estado: REENVIO PENDIENTE | Bat: 0%</description>
      <styleUrl>#pointStyle</styleUrl>
      <Point><coordinates>-72.410189,2.280307,0</coordinates></Point>
    </Placemark>
    <Placemark>
      <n>#2452 HERMES-01</n>
      <description> No disponible | Estado: REENVIO PENDIENTE | Bat: 0%</description>
      <styleUrl>#pointStyle</styleUrl>
      <Point><coordinates>-72.410188,2.280306,0</coordinates></Point>
    </Placemark>
    <Placemark>
      <n>#2453 HERMES-01</n>
      <description> No disponible | Estado: REENVIO PENDIENTE | Bat: 0%</description>
      <styleUrl>#pointStyle</styleUrl>
      <Point><coordinates>-72.410175,2.280281,0</coordinates></Point>
    </Placemark>
    <Placemark>
      <n>#2454 HERMES-01</n>
      <description> No disponible | Estado: REENVIO PENDIENTE | Bat: 0%</description>
      <styleUrl>#pointStyle</styleUrl>
      <Point><coordinates>-72.410163,2.280234,0</coordinates></Point>
    </Placemark>
    <Placemark>
      <n>#2455 HERMES-01</n>
      <description> No disponible | Estado: REENVIO PENDIENTE | Bat: 0%</description>
      <styleUrl>#pointStyle</styleUrl>
      <Point><coordinates>-72.410183,2.280381,0</coordinates></Point>
    </Placemark>
    <Placemark>
      <n>#2456 HERMES-01</n>
      <description> No disponible | Estado: REENVIO PENDIENTE | Bat: 0%</description>
      <styleUrl>#pointStyle</styleUrl>
      <Point><coordinates>-72.41018,2.280429,0</coordinates></Point>
    </Placemark>
    <Placemark>
      <n>#2457 HERMES-01</n>
      <description> No disponible | Estado: REENVIO PENDIENTE | Bat: 0%</description>
      <styleUrl>#pointStyle</styleUrl>
      <Point><coordinates>-72.410211,2.280346,0</coordinates></Point>
    </Placemark>
    <Placemark>
      <n>#2458 HERMES-01</n>
      <description> No disponible | Estado: REENVIO PENDIENTE | Bat: 0%</description>
      <styleUrl>#pointStyle</styleUrl>
      <Point><coordinates>-72.410277,2.280302,0</coordinates></Point>
    </Placemark>
    <Placemark>
      <n>#2459 HERMES-01</n>
      <description> No disponible | Estado: REENVIO PENDIENTE | Bat: 0%</description>
      <styleUrl>#pointStyle</styleUrl>
      <Point><coordinates>-72.410207,2.280347,0</coordinates></Point>
    </Placemark>
    <Placemark>
      <n>#2460 HERMES-01</n>
      <description> No disponible | Estado: REENVIO PENDIENTE | Bat: 0%</description>
      <styleUrl>#pointStyle</styleUrl>
      <Point><coordinates>-72.410222,2.280261,0</coordinates></Point>
    </Placemark>
    <Placemark>
      <n>#2461 HERMES-01</n>
      <description> No disponible | Estado: REENVIO PENDIENTE | Bat: 0%</description>
      <styleUrl>#pointStyle</styleUrl>
      <Point><coordinates>-72.410141,2.280353,0</coordinates></Point>
    </Placemark>
    <Placemark>
      <n>#2462 HERMES-01</n>
      <description> No disponible | Estado: REENVIO PENDIENTE | Bat: 0%</description>
      <styleUrl>#pointStyle</styleUrl>
      <Point><coordinates>-72.410217,2.280305,0</coordinates></Point>
    </Placemark>
    <Placemark>
      <n>#2463 HERMES-01</n>
      <description> No disponible | Estado: REENVIO PENDIENTE | Bat: 0%</description>
      <styleUrl>#pointStyle</styleUrl>
      <Point><coordinates>-72.410162,2.280251,0</coordinates></Point>
    </Placemark>
    <Placemark>
      <n>#2464 HERMES-01</n>
      <description> No disponible | Estado: REENVIO PENDIENTE | Bat: 0%</description>
      <styleUrl>#pointStyle</styleUrl>
      <Point><coordinates>-72.40908,2.280781,0</coordinates></Point>
    </Placemark>
    <Placemark>
      <n>#2465 HERMES-01</n>
      <description> No disponible | Estado: REENVIO PENDIENTE | Bat: 0%</description>
      <styleUrl>#pointStyle</styleUrl>
      <Point><coordinates>-72.409047,2.28068,0</coordinates></Point>
    </Placemark>
    <Placemark>
      <n>#2466 HERMES-01</n>
      <description> No disponible | Estado: REENVIO PENDIENTE | Bat: 0%</description>
      <styleUrl>#pointStyle</styleUrl>
      <Point><coordinates>-72.408997,2.280666,0</coordinates></Point>
    </Placemark>
    <Placemark>
      <n>#2467 HERMES-01</n>
      <description> No disponible | Estado: REENVIO PENDIENTE | Bat: 0%</description>
      <styleUrl>#pointStyle</styleUrl>
      <Point><coordinates>-72.409008,2.280692,0</coordinates></Point>
    </Placemark>
    <Placemark>
      <n>#2468 HERMES-01</n>
      <description> No disponible | Estado: REENVIO PENDIENTE | Bat: 0%</description>
      <styleUrl>#pointStyle</styleUrl>
      <Point><coordinates>-72.409031,2.280687,0</coordinates></Point>
    </Placemark>
    <Placemark>
      <n>#2469 HERMES-01</n>
      <description> No disponible | Estado: REENVIO PENDIENTE | Bat: 0%</description>
      <styleUrl>#pointStyle</styleUrl>
      <Point><coordinates>-72.409044,2.280689,0</coordinates></Point>
    </Placemark>
    <Placemark>
      <n>#2470 HERMES-01</n>
      <description> No disponible | Estado: REENVIO PENDIENTE | Bat: 0%</description>
      <styleUrl>#pointStyle</styleUrl>
      <Point><coordinates>-72.409079,2.280701,0</coordinates></Point>
    </Placemark>
    <Placemark>
      <n>#2471 HERMES-01</n>
      <description>19/07/2026 10:44:55 | Estado: NUEVA UBICACION | Bat: 0%</description>
      <styleUrl>#pointStyle</styleUrl>
      <Point><coordinates>-72.408784,2.280555167,0</coordinates></Point>
    </Placemark>
    <Placemark>
      <n>#2472 HERMES-01</n>
      <description>19/07/2026 10:50:11 | Estado: NUEVA UBICACION | Bat: 0%</description>
      <styleUrl>#pointStyle</styleUrl>
      <Point><coordinates>-72.40879267,2.2805375,0</coordinates></Point>
    </Placemark>
    <Placemark>
      <n>#2473 HERMES-01</n>
      <description>19/07/2026 10:55:32 | Estado: NUEVA UBICACION | Bat: 0%</description>
      <styleUrl>#pointStyle</styleUrl>
      <Point><coordinates>-72.40876733,2.280536,0</coordinates></Point>
    </Placemark>
    <Placemark>
      <n>#2474 HERMES-01</n>
      <description>19/07/2026 11:00:50 | Estado: NUEVA UBICACION | Bat: 0%</description>
      <styleUrl>#pointStyle</styleUrl>
      <Point><coordinates>-72.40871533,2.280554833,0</coordinates></Point>
    </Placemark>
    <Placemark>
      <n>#2475 HERMES-01</n>
      <description>19/07/2026 11:06:11 | Estado: NUEVA UBICACION | Bat: 0%</description>
      <styleUrl>#pointStyle</styleUrl>
      <Point><coordinates>-72.40874767,2.280563667,0</coordinates></Point>
    </Placemark>
    <Placemark>
      <n>#2476 HERMES-01</n>
      <description>19/07/2026 11:11:31 | Estado: NUEVA UBICACION | Bat: 0%</description>
      <styleUrl>#pointStyle</styleUrl>
      <Point><coordinates>-72.408738,2.2806075,0</coordinates></Point>
    </Placemark>
    <Placemark>
      <n>#2477 HERMES-01</n>
      <description>19/07/2026 11:16:49 | Estado: NUEVA UBICACION | Bat: 0%</description>
      <styleUrl>#pointStyle</styleUrl>
      <Point><coordinates>-72.40877683,2.280542167,0</coordinates></Point>
    </Placemark>
    <Placemark>
      <n>#2478 HERMES-01</n>
      <description>19/07/2026 11:22:08 | Estado: NUEVA UBICACION | Bat: 0%</description>
      <styleUrl>#pointStyle</styleUrl>
      <Point><coordinates>-72.40876217,2.2805515,0</coordinates></Point>
    </Placemark>
    <Placemark>
      <n>#2479 HERMES-01</n>
      <description>19/07/2026 11:27:26 | Estado: NUEVA UBICACION | Bat: 0%</description>
      <styleUrl>#pointStyle</styleUrl>
      <Point><coordinates>-72.4087725,2.280529333,0</coordinates></Point>
    </Placemark>
    <Placemark>
      <n>#2480 HERMES-01</n>
      <description>19/07/2026 11:32:44 | Estado: NUEVA UBICACION | Bat: 0%</description>
      <styleUrl>#pointStyle</styleUrl>
      <Point><coordinates>-72.40878,2.280551667,0</coordinates></Point>
    </Placemark>
    <Placemark>
      <n>#2481 HERMES-01</n>
      <description>19/07/2026 11:38:02 | Estado: NUEVA UBICACION | Bat: 0%</description>
      <styleUrl>#pointStyle</styleUrl>
      <Point><coordinates>-72.40880217,2.280583833,0</coordinates></Point>
    </Placemark>
    <Placemark>
      <n>#2482 HERMES-01</n>
      <description>19/07/2026 11:43:21 | Estado: NUEVA UBICACION | Bat: 0%</description>
      <styleUrl>#pointStyle</styleUrl>
      <Point><coordinates>-72.40880167,2.280572333,0</coordinates></Point>
    </Placemark>
    <Placemark>
      <n>#2483 HERMES-01</n>
      <description>19/07/2026 11:48:40 | Estado: NUEVA UBICACION | Bat: 0%</description>
      <styleUrl>#pointStyle</styleUrl>
      <Point><coordinates>-72.4087605,2.280559833,0</coordinates></Point>
    </Placemark>
    <Placemark>
      <n>#2484 HERMES-01</n>
      <description>19/07/2026 11:54:02 | Estado: NUEVA UBICACION | Bat: 0%</description>
      <styleUrl>#pointStyle</styleUrl>
      <Point><coordinates>-72.4087345,2.280515833,0</coordinates></Point>
    </Placemark>
    <Placemark>
      <n>#2485 HERMES-01</n>
      <description> No disponible | Estado: NUEVA UBICACION | Bat: 0%</description>
      <styleUrl>#pointStyle</styleUrl>
      <Point><coordinates>-72.40884017,2.2805455,0</coordinates></Point>
    </Placemark>
    <Placemark>
      <n>#2486 HERMES-01</n>
      <description>19/07/2026 12:04:39 | Estado: NUEVA UBICACION | Bat: 0%</description>
      <styleUrl>#pointStyle</styleUrl>
      <Point><coordinates>-72.408781,2.280550167,0</coordinates></Point>
    </Placemark>
    <Placemark>
      <n>#2487 HERMES-01</n>
      <description>19/07/2026 12:09:57 | Estado: NUEVA UBICACION | Bat: 0%</description>
      <styleUrl>#pointStyle</styleUrl>
      <Point><coordinates>-72.4088115,2.280572167,0</coordinates></Point>
    </Placemark>
    <Placemark>
      <n>#2488 HERMES-01</n>
      <description>19/07/2026 12:15:17 | Estado: NUEVA UBICACION | Bat: 0%</description>
      <styleUrl>#pointStyle</styleUrl>
      <Point><coordinates>-72.40878883,2.2805465,0</coordinates></Point>
    </Placemark>
    <Placemark>
      <n>#2489 HERMES-01</n>
      <description> No disponible | Estado: NUEVA UBICACION | Bat: 0%</description>
      <styleUrl>#pointStyle</styleUrl>
      <Point><coordinates>-72.40882817,2.280543833,0</coordinates></Point>
    </Placemark>
    <Placemark>
      <n>#2490 HERMES-01</n>
      <description>19/07/2026 12:25:54 | Estado: NUEVA UBICACION | Bat: 0%</description>
      <styleUrl>#pointStyle</styleUrl>
      <Point><coordinates>-72.408804,2.280558167,0</coordinates></Point>
    </Placemark>
    <Placemark>
      <n>#2491 HERMES-01</n>
      <description>19/07/2026 12:43:54 | Estado: REENVIO PENDIENTE | Bat: 0%</description>
      <styleUrl>#pointStyle</styleUrl>
      <Point><coordinates>-72.410289,2.279052,0</coordinates></Point>
    </Placemark>
    <Placemark>
      <n>#2492 HERMES-01</n>
      <description>19/07/2026 12:50:02 | Estado: REENVIO PENDIENTE | Bat: 0%</description>
      <styleUrl>#pointStyle</styleUrl>
      <Point><coordinates>-72.410284,2.279027,0</coordinates></Point>
    </Placemark>
    <Placemark>
      <n>#2493 HERMES-01</n>
      <description>19/07/2026 12:56:10 | Estado: REENVIO PENDIENTE | Bat: 0%</description>
      <styleUrl>#pointStyle</styleUrl>
      <Point><coordinates>-72.410315,2.279007,0</coordinates></Point>
    </Placemark>
    <Placemark>
      <n>#2494 HERMES-01</n>
      <description>19/07/2026 13:02:18 | Estado: REENVIO PENDIENTE | Bat: 0%</description>
      <styleUrl>#pointStyle</styleUrl>
      <Point><coordinates>-72.410328,2.279005,0</coordinates></Point>
    </Placemark>
    <Placemark>
      <n>#2495 HERMES-01</n>
      <description>19/07/2026 13:08:26 | Estado: REENVIO PENDIENTE | Bat: 0%</description>
      <styleUrl>#pointStyle</styleUrl>
      <Point><coordinates>-72.410319,2.278985,0</coordinates></Point>
    </Placemark>
    <Placemark>
      <n>#2496 HERMES-01</n>
      <description>19/07/2026 13:20:42 | Estado: REENVIO PENDIENTE | Bat: 0%</description>
      <styleUrl>#pointStyle</styleUrl>
      <Point><coordinates>-72.410348,2.279012,0</coordinates></Point>
    </Placemark>
    <Placemark>
      <n>#2497 HERMES-01</n>
      <description>19/07/2026 13:32:58 | Estado: REENVIO PENDIENTE | Bat: 0%</description>
      <styleUrl>#pointStyle</styleUrl>
      <Point><coordinates>-72.410335,2.279011,0</coordinates></Point>
    </Placemark>
    <Placemark>
      <n>#2498 HERMES-01</n>
      <description>19/07/2026 13:39:05 | Estado: REENVIO PENDIENTE | Bat: 0%</description>
      <styleUrl>#pointStyle</styleUrl>
      <Point><coordinates>-72.4103,2.279006,0</coordinates></Point>
    </Placemark>
    <Placemark>
      <n>#2499 HERMES-01</n>
      <description>19/07/2026 13:45:13 | Estado: REENVIO PENDIENTE | Bat: 0%</description>
      <styleUrl>#pointStyle</styleUrl>
      <Point><coordinates>-72.410279,2.279012,0</coordinates></Point>
    </Placemark>
    <Placemark>
      <n>#2500 HERMES-01</n>
      <description>19/07/2026 13:51:22 | Estado: REENVIO PENDIENTE | Bat: 0%</description>
      <styleUrl>#pointStyle</styleUrl>
      <Point><coordinates>-72.410269,2.278994,0</coordinates></Point>
    </Placemark>
    <Placemark>
      <n>#2501 HERMES-01</n>
      <description>19/07/2026 13:57:29 | Estado: REENVIO PENDIENTE | Bat: 0%</description>
      <styleUrl>#pointStyle</styleUrl>
      <Point><coordinates>-72.41028,2.279025,0</coordinates></Point>
    </Placemark>
    <Placemark>
      <n>#2502 HERMES-01</n>
      <description>19/07/2026 14:03:38 | Estado: REENVIO PENDIENTE | Bat: 0%</description>
      <styleUrl>#pointStyle</styleUrl>
      <Point><coordinates>-72.410259,2.27901,0</coordinates></Point>
    </Placemark>
    <Placemark>
      <n>#2503 HERMES-01</n>
      <description>19/07/2026 14:09:46 | Estado: REENVIO PENDIENTE | Bat: 0%</description>
      <styleUrl>#pointStyle</styleUrl>
      <Point><coordinates>-72.410318,2.278987,0</coordinates></Point>
    </Placemark>
    <Placemark>
      <n>#2504 HERMES-01</n>
      <description>19/07/2026 14:15:53 | Estado: REENVIO PENDIENTE | Bat: 0%</description>
      <styleUrl>#pointStyle</styleUrl>
      <Point><coordinates>-72.410303,2.279022,0</coordinates></Point>
    </Placemark>
    <Placemark>
      <n>#2505 HERMES-01</n>
      <description>19/07/2026 14:22:01 | Estado: REENVIO PENDIENTE | Bat: 0%</description>
      <styleUrl>#pointStyle</styleUrl>
      <Point><coordinates>-72.410317,2.279018,0</coordinates></Point>
    </Placemark>
    <Placemark>
      <n>#2506 HERMES-01</n>
      <description>19/07/2026 14:28:08 | Estado: REENVIO PENDIENTE | Bat: 0%</description>
      <styleUrl>#pointStyle</styleUrl>
      <Point><coordinates>-72.410329,2.279003,0</coordinates></Point>
    </Placemark>
    <Placemark>
      <n>#2507 HERMES-01</n>
      <description>19/07/2026 14:46:32 | Estado: REENVIO PENDIENTE | Bat: 0%</description>
      <styleUrl>#pointStyle</styleUrl>
      <Point><coordinates>-72.410299,2.279006,0</coordinates></Point>
    </Placemark>
    <Placemark>
      <n>#2508 HERMES-01</n>
      <description>19/07/2026 14:52:40 | Estado: REENVIO PENDIENTE | Bat: 0%</description>
      <styleUrl>#pointStyle</styleUrl>
      <Point><coordinates>-72.41038,2.279015,0</coordinates></Point>
    </Placemark>
    <Placemark>
      <n>#2509 HERMES-01</n>
      <description> No disponible | Estado: REENVIO PENDIENTE | Bat: 0%</description>
      <styleUrl>#pointStyle</styleUrl>
      <Point><coordinates>-72.41038,2.279024,0</coordinates></Point>
    </Placemark>
    <Placemark>
      <n>#2510 HERMES-01</n>
      <description> No disponible | Estado: REENVIO PENDIENTE | Bat: 0%</description>
      <styleUrl>#pointStyle</styleUrl>
      <Point><coordinates>-72.410341,2.278977,0</coordinates></Point>
    </Placemark>
    <Placemark>
      <n>#2511 HERMES-01</n>
      <description> No disponible | Estado: REENVIO PENDIENTE | Bat: 0%</description>
      <styleUrl>#pointStyle</styleUrl>
      <Point><coordinates>-72.410305,2.279009,0</coordinates></Point>
    </Placemark>
    <Placemark>
      <n>#2512 HERMES-01</n>
      <description> No disponible | Estado: REENVIO PENDIENTE | Bat: 0%</description>
      <styleUrl>#pointStyle</styleUrl>
      <Point><coordinates>-72.410292,2.27902,0</coordinates></Point>
    </Placemark>
    <Placemark>
      <n>#2513 HERMES-01</n>
      <description> No disponible | Estado: NUEVA UBICACION | Bat: 0%</description>
      <styleUrl>#pointStyle</styleUrl>
      <Point><coordinates>-72.41038517,2.278965333,0</coordinates></Point>
    </Placemark>
    <Placemark>
      <n>#2514 HERMES-01</n>
      <description> No disponible | Estado: NUEVA UBICACION | Bat: 0%</description>
      <styleUrl>#pointStyle</styleUrl>
      <Point><coordinates>-72.4104255,2.278950167,0</coordinates></Point>
    </Placemark>
    <Placemark>
      <n>#2515 HERMES-01</n>
      <description>19/07/2026 15:11:45 | Estado: NUEVA UBICACION | Bat: 0%</description>
      <styleUrl>#pointStyle</styleUrl>
      <Point><coordinates>-72.41041367,2.278988333,0</coordinates></Point>
    </Placemark>
    <Placemark>
      <n>#2516 HERMES-01</n>
      <description>19/07/2026 15:17:04 | Estado: NUEVA UBICACION | Bat: 0%</description>
      <styleUrl>#pointStyle</styleUrl>
      <Point><coordinates>-72.41038283,2.278953333,0</coordinates></Point>
    </Placemark>
    <Placemark>
      <n>#2517 HERMES-01</n>
      <description>19/07/2026 15:22:22 | Estado: NUEVA UBICACION | Bat: 0%</description>
      <styleUrl>#pointStyle</styleUrl>
      <Point><coordinates>-72.41039233,2.278961667,0</coordinates></Point>
    </Placemark>
    <Placemark>
      <n>#2518 HERMES-01</n>
      <description>19/07/2026 15:27:41 | Estado: NUEVA UBICACION | Bat: 0%</description>
      <styleUrl>#pointStyle</styleUrl>
      <Point><coordinates>-72.41038717,2.278937167,0</coordinates></Point>
    </Placemark>
    <Placemark>
      <n>#2519 HERMES-01</n>
      <description> No disponible | Estado: NUEVA UBICACION | Bat: 0%</description>
      <styleUrl>#pointStyle</styleUrl>
      <Point><coordinates>-72.41039267,2.278966333,0</coordinates></Point>
    </Placemark>
    <Placemark>
      <n>#2520 HERMES-01</n>
      <description>19/07/2026 15:38:30 | Estado: NUEVA UBICACION | Bat: 0%</description>
      <styleUrl>#pointStyle</styleUrl>
      <Point><coordinates>-72.41038983,2.278943833,0</coordinates></Point>
    </Placemark>
    <Placemark>
      <n>#2521 HERMES-01</n>
      <description> No disponible | Estado: NUEVA UBICACION | Bat: 0%</description>
      <styleUrl>#pointStyle</styleUrl>
      <Point><coordinates>-72.41038617,2.278945833,0</coordinates></Point>
    </Placemark>
    <Placemark>
      <n>#2522 HERMES-01</n>
      <description>19/07/2026 15:49:12 | Estado: NUEVA UBICACION | Bat: 0%</description>
      <styleUrl>#pointStyle</styleUrl>
      <Point><coordinates>-72.41039167,2.2789575,0</coordinates></Point>
    </Placemark>
    <Placemark>
      <n>#2523 HERMES-01</n>
      <description>19/07/2026 15:54:31 | Estado: NUEVA UBICACION | Bat: 0%</description>
      <styleUrl>#pointStyle</styleUrl>
      <Point><coordinates>-72.41039283,2.278924833,0</coordinates></Point>
    </Placemark>
    <Placemark>
      <n>#2524 HERMES-01</n>
      <description> No disponible | Estado: NUEVA UBICACION | Bat: 0%</description>
      <styleUrl>#pointStyle</styleUrl>
      <Point><coordinates>-72.41041417,2.278942167,0</coordinates></Point>
    </Placemark>
    <Placemark>
      <n>#2525 HERMES-01</n>
      <description>19/07/2026 16:05:11 | Estado: NUEVA UBICACION | Bat: 0%</description>
      <styleUrl>#pointStyle</styleUrl>
      <Point><coordinates>-72.41039617,2.278940833,0</coordinates></Point>
    </Placemark>
    <Placemark>
      <n>#2526 HERMES-01</n>
      <description>19/07/2026 16:10:32 | Estado: NUEVA UBICACION | Bat: 0%</description>
      <styleUrl>#pointStyle</styleUrl>
      <Point><coordinates>-72.410392,2.278934167,0</coordinates></Point>
    </Placemark>
    <Placemark>
      <n>#2527 HERMES-01</n>
      <description> No disponible | Estado: NUEVA UBICACION | Bat: 0%</description>
      <styleUrl>#pointStyle</styleUrl>
      <Point><coordinates>-72.41040467,2.278967333,0</coordinates></Point>
    </Placemark>
    <Placemark>
      <n>#2528 HERMES-01</n>
      <description>19/07/2026 16:21:10 | Estado: NUEVA UBICACION | Bat: 0%</description>
      <styleUrl>#pointStyle</styleUrl>
      <Point><coordinates>-72.41040167,2.2789475,0</coordinates></Point>
    </Placemark>
    <Placemark>
      <n>#2529 HERMES-01</n>
      <description>19/07/2026 16:26:31 | Estado: NUEVA UBICACION | Bat: 0%</description>
      <styleUrl>#pointStyle</styleUrl>
      <Point><coordinates>-72.41040917,2.278927167,0</coordinates></Point>
    </Placemark>
    <Placemark>
      <n>#2530 HERMES-01</n>
      <description>19/07/2026 16:31:49 | Estado: NUEVA UBICACION | Bat: 0%</description>
      <styleUrl>#pointStyle</styleUrl>
      <Point><coordinates>-72.41041583,2.278951,0</coordinates></Point>
    </Placemark>
    <Placemark>
      <n>#2531 HERMES-01</n>
      <description> No disponible | Estado: NUEVA UBICACION | Bat: 0%</description>
      <styleUrl>#pointStyle</styleUrl>
      <Point><coordinates>-72.4103875,2.278922333,0</coordinates></Point>
    </Placemark>
    <Placemark>
      <n>#2532 HERMES-01</n>
      <description>19/07/2026 16:42:28 | Estado: NUEVA UBICACION | Bat: 0%</description>
      <styleUrl>#pointStyle</styleUrl>
      <Point><coordinates>-72.41039517,2.278933333,0</coordinates></Point>
    </Placemark>
    <Placemark>
      <n>#2533 HERMES-01</n>
      <description>19/07/2026 16:47:47 | Estado: NUEVA UBICACION | Bat: 0%</description>
      <styleUrl>#pointStyle</styleUrl>
      <Point><coordinates>-72.410398,2.278959167,0</coordinates></Point>
    </Placemark>
    <Placemark>
      <n>#2534 HERMES-01</n>
      <description> No disponible | Estado: NUEVA UBICACION | Bat: 0%</description>
      <styleUrl>#pointStyle</styleUrl>
      <Point><coordinates>-72.41038483,2.278955167,0</coordinates></Point>
    </Placemark>
    <Placemark>
      <n>#2535 HERMES-01</n>
      <description>19/07/2026 16:58:29 | Estado: NUEVA UBICACION | Bat: 0%</description>
      <styleUrl>#pointStyle</styleUrl>
      <Point><coordinates>-72.4104035,2.278967333,0</coordinates></Point>
    </Placemark>
    <Placemark>
      <n>#2536 HERMES-01</n>
      <description>19/07/2026 17:03:50 | Estado: NUEVA UBICACION | Bat: 0%</description>
      <styleUrl>#pointStyle</styleUrl>
      <Point><coordinates>-72.41039633,2.278921333,0</coordinates></Point>
    </Placemark>
    <Placemark>
      <n>#2537 HERMES-01</n>
      <description>19/07/2026 17:09:08 | Estado: NUEVA UBICACION | Bat: 0%</description>
      <styleUrl>#pointStyle</styleUrl>
      <Point><coordinates>-72.41037167,2.278931167,0</coordinates></Point>
    </Placemark>
    <Placemark>
      <n>#2538 HERMES-01</n>
      <description>19/07/2026 17:14:28 | Estado: NUEVA UBICACION | Bat: 0%</description>
      <styleUrl>#pointStyle</styleUrl>
      <Point><coordinates>-72.410379,2.278918,0</coordinates></Point>
    </Placemark>
    <Placemark>
      <n>#2539 HERMES-01</n>
      <description>19/07/2026 17:38:40 | Estado: REENVIO PENDIENTE | Bat: 0%</description>
      <styleUrl>#pointStyle</styleUrl>
      <Point><coordinates>-72.410389,2.278942,0</coordinates></Point>
    </Placemark>
    <Placemark>
      <n>#2540 HERMES-01</n>
      <description>19/07/2026 17:44:48 | Estado: REENVIO PENDIENTE | Bat: 0%</description>
      <styleUrl>#pointStyle</styleUrl>
      <Point><coordinates>-72.410403,2.278925,0</coordinates></Point>
    </Placemark>
    <Placemark>
      <n>#2541 HERMES-01</n>
      <description> No disponible | Estado: REENVIO PENDIENTE | Bat: 0%</description>
      <styleUrl>#pointStyle</styleUrl>
      <Point><coordinates>-72.41036,2.278921,0</coordinates></Point>
    </Placemark>
    <Placemark>
      <n>#2542 HERMES-01</n>
      <description> No disponible | Estado: REENVIO PENDIENTE | Bat: 0%</description>
      <styleUrl>#pointStyle</styleUrl>
      <Point><coordinates>-72.410381,2.278942,0</coordinates></Point>
    </Placemark>
    <Placemark>
      <n>#2543 HERMES-01</n>
      <description>19/07/2026 17:51:19 | Estado: NUEVA UBICACION | Bat: 0%</description>
      <styleUrl>#pointStyle</styleUrl>
      <Point><coordinates>-72.41059733,2.2790845,0</coordinates></Point>
    </Placemark>
    <Placemark>
      <n>#2544 HERMES-01</n>
      <description>19/07/2026 17:56:37 | Estado: NUEVA UBICACION | Bat: 0%</description>
      <styleUrl>#pointStyle</styleUrl>
      <Point><coordinates>-72.41037617,2.2789315,0</coordinates></Point>
    </Placemark>
    <Placemark>
      <n>#2545 HERMES-01</n>
      <description>19/07/2026 18:01:59 | Estado: NUEVA UBICACION | Bat: 0%</description>
      <styleUrl>#pointStyle</styleUrl>
      <Point><coordinates>-72.41036367,2.278924,0</coordinates></Point>
    </Placemark>
    <Placemark>
      <n>#2546 HERMES-01</n>
      <description>19/07/2026 19:04:10 | Estado: REENVIO PENDIENTE | Bat: 0%</description>
      <styleUrl>#pointStyle</styleUrl>
      <Point><coordinates>-72.410137,2.28041,0</coordinates></Point>
    </Placemark>
    <Placemark>
      <n>#2547 HERMES-01</n>
      <description>19/07/2026 19:10:18 | Estado: REENVIO PENDIENTE | Bat: 0%</description>
      <styleUrl>#pointStyle</styleUrl>
      <Point><coordinates>-72.410139,2.280252,0</coordinates></Point>
    </Placemark>
    <Placemark>
      <n>#2548 HERMES-01</n>
      <description>19/07/2026 19:16:26 | Estado: REENVIO PENDIENTE | Bat: 0%</description>
      <styleUrl>#pointStyle</styleUrl>
      <Point><coordinates>-72.410172,2.280303,0</coordinates></Point>
    </Placemark>
    <Placemark>
      <n>#2549 HERMES-01</n>
      <description>19/07/2026 19:22:33 | Estado: REENVIO PENDIENTE | Bat: 0%</description>
      <styleUrl>#pointStyle</styleUrl>
      <Point><coordinates>-72.410077,2.280254,0</coordinates></Point>
    </Placemark>
    <Placemark>
      <n>#2550 HERMES-01</n>
      <description>19/07/2026 19:28:41 | Estado: REENVIO PENDIENTE | Bat: 0%</description>
      <styleUrl>#pointStyle</styleUrl>
      <Point><coordinates>-72.410223,2.280338,0</coordinates></Point>
    </Placemark>
    <Placemark>
      <n>#2551 HERMES-01</n>
      <description>19/07/2026 19:34:50 | Estado: REENVIO PENDIENTE | Bat: 0%</description>
      <styleUrl>#pointStyle</styleUrl>
      <Point><coordinates>-72.410177,2.28039,0</coordinates></Point>
    </Placemark>
    <Placemark>
      <n>#2552 HERMES-01</n>
      <description>19/07/2026 19:40:57 | Estado: REENVIO PENDIENTE | Bat: 0%</description>
      <styleUrl>#pointStyle</styleUrl>
      <Point><coordinates>-72.41019,2.280187,0</coordinates></Point>
    </Placemark>
    <Placemark>
      <n>#2553 HERMES-01</n>
      <description>19/07/2026 19:47:06 | Estado: REENVIO PENDIENTE | Bat: 0%</description>
      <styleUrl>#pointStyle</styleUrl>
      <Point><coordinates>-72.410199,2.280418,0</coordinates></Point>
    </Placemark>
    <Placemark>
      <n>#2554 HERMES-01</n>
      <description>19/07/2026 19:53:14 | Estado: REENVIO PENDIENTE | Bat: 0%</description>
      <styleUrl>#pointStyle</styleUrl>
      <Point><coordinates>-72.410187,2.280403,0</coordinates></Point>
    </Placemark>
    <Placemark>
      <n>#2555 HERMES-01</n>
      <description>19/07/2026 19:59:21 | Estado: REENVIO PENDIENTE | Bat: 0%</description>
      <styleUrl>#pointStyle</styleUrl>
      <Point><coordinates>-72.410195,2.28028,0</coordinates></Point>
    </Placemark>
    <Placemark>
      <n>#2556 HERMES-01</n>
      <description>19/07/2026 20:05:29 | Estado: REENVIO PENDIENTE | Bat: 0%</description>
      <styleUrl>#pointStyle</styleUrl>
      <Point><coordinates>-72.41019,2.280383,0</coordinates></Point>
    </Placemark>
    <Placemark>
      <n>#2557 HERMES-01</n>
      <description>19/07/2026 20:17:45 | Estado: REENVIO PENDIENTE | Bat: 0%</description>
      <styleUrl>#pointStyle</styleUrl>
      <Point><coordinates>-72.410164,2.280287,0</coordinates></Point>
    </Placemark>
    <Placemark>
      <n>#2558 HERMES-01</n>
      <description>19/07/2026 20:23:53 | Estado: REENVIO PENDIENTE | Bat: 0%</description>
      <styleUrl>#pointStyle</styleUrl>
      <Point><coordinates>-72.410161,2.280322,0</coordinates></Point>
    </Placemark>
    <Placemark>
      <n>#2559 HERMES-01</n>
      <description>19/07/2026 20:30:01 | Estado: REENVIO PENDIENTE | Bat: 0%</description>
      <styleUrl>#pointStyle</styleUrl>
      <Point><coordinates>-72.410229,2.280254,0</coordinates></Point>
    </Placemark>
    <Placemark>
      <n>#2560 HERMES-01</n>
      <description>19/07/2026 20:42:17 | Estado: REENVIO PENDIENTE | Bat: 0%</description>
      <styleUrl>#pointStyle</styleUrl>
      <Point><coordinates>-72.410241,2.280307,0</coordinates></Point>
    </Placemark>
    <Placemark>
      <n>#2561 HERMES-01</n>
      <description>19/07/2026 20:48:25 | Estado: REENVIO PENDIENTE | Bat: 0%</description>
      <styleUrl>#pointStyle</styleUrl>
      <Point><coordinates>-72.410178,2.280394,0</coordinates></Point>
    </Placemark>
    <Placemark>
      <n>#2562 HERMES-01</n>
      <description>19/07/2026 21:00:41 | Estado: REENVIO PENDIENTE | Bat: 0%</description>
      <styleUrl>#pointStyle</styleUrl>
      <Point><coordinates>-72.410173,2.280431,0</coordinates></Point>
    </Placemark>
    <Placemark>
      <n>#2563 HERMES-01</n>
      <description>19/07/2026 21:12:57 | Estado: REENVIO PENDIENTE | Bat: 0%</description>
      <styleUrl>#pointStyle</styleUrl>
      <Point><coordinates>-72.410189,2.280263,0</coordinates></Point>
    </Placemark>
    <Placemark>
      <n>#2564 HERMES-01</n>
      <description>19/07/2026 21:19:05 | Estado: REENVIO PENDIENTE | Bat: 0%</description>
      <styleUrl>#pointStyle</styleUrl>
      <Point><coordinates>-72.41018,2.280376,0</coordinates></Point>
    </Placemark>
    <Placemark>
      <n>#2565 HERMES-01</n>
      <description>19/07/2026 21:25:13 | Estado: REENVIO PENDIENTE | Bat: 0%</description>
      <styleUrl>#pointStyle</styleUrl>
      <Point><coordinates>-72.410181,2.28029,0</coordinates></Point>
    </Placemark>
    <Placemark>
      <n>#2566 HERMES-01</n>
      <description>19/07/2026 21:37:28 | Estado: REENVIO PENDIENTE | Bat: 0%</description>
      <styleUrl>#pointStyle</styleUrl>
      <Point><coordinates>-72.410174,2.280321,0</coordinates></Point>
    </Placemark>
    <Placemark>
      <n>#2567 HERMES-01</n>
      <description>19/07/2026 21:43:37 | Estado: REENVIO PENDIENTE | Bat: 0%</description>
      <styleUrl>#pointStyle</styleUrl>
      <Point><coordinates>-72.410174,2.280461,0</coordinates></Point>
    </Placemark>
    <Placemark>
      <n>#2568 HERMES-01</n>
      <description>19/07/2026 21:49:45 | Estado: REENVIO PENDIENTE | Bat: 0%</description>
      <styleUrl>#pointStyle</styleUrl>
      <Point><coordinates>-72.410175,2.280248,0</coordinates></Point>
    </Placemark>
    <Placemark>
      <n>#2569 HERMES-01</n>
      <description>19/07/2026 21:55:53 | Estado: REENVIO PENDIENTE | Bat: 0%</description>
      <styleUrl>#pointStyle</styleUrl>
      <Point><coordinates>-72.410226,2.280235,0</coordinates></Point>
    </Placemark>
    <Placemark>
      <n>#2570 HERMES-01</n>
      <description>19/07/2026 22:02:01 | Estado: REENVIO PENDIENTE | Bat: 0%</description>
      <styleUrl>#pointStyle</styleUrl>
      <Point><coordinates>-72.410212,2.280235,0</coordinates></Point>
    </Placemark>
    <Placemark>
      <n>#2571 HERMES-01</n>
      <description>19/07/2026 22:08:09 | Estado: REENVIO PENDIENTE | Bat: 0%</description>
      <styleUrl>#pointStyle</styleUrl>
      <Point><coordinates>-72.410145,2.280345,0</coordinates></Point>
    </Placemark>
    <Placemark>
      <n>#2572 HERMES-01</n>
      <description>19/07/2026 22:20:25 | Estado: REENVIO PENDIENTE | Bat: 0%</description>
      <styleUrl>#pointStyle</styleUrl>
      <Point><coordinates>-72.410207,2.280401,0</coordinates></Point>
    </Placemark>
    <Placemark>
      <n>#2573 HERMES-01</n>
      <description>19/07/2026 22:26:33 | Estado: REENVIO PENDIENTE | Bat: 0%</description>
      <styleUrl>#pointStyle</styleUrl>
      <Point><coordinates>-72.410192,2.280359,0</coordinates></Point>
    </Placemark>
    <Placemark>
      <n>#2574 HERMES-01</n>
      <description>19/07/2026 22:32:41 | Estado: REENVIO PENDIENTE | Bat: 0%</description>
      <styleUrl>#pointStyle</styleUrl>
      <Point><coordinates>-72.410182,2.280281,0</coordinates></Point>
    </Placemark>
    <Placemark>
      <n>#2575 HERMES-01</n>
      <description>19/07/2026 22:38:49 | Estado: REENVIO PENDIENTE | Bat: 0%</description>
      <styleUrl>#pointStyle</styleUrl>
      <Point><coordinates>-72.410159,2.280238,0</coordinates></Point>
    </Placemark>
    <Placemark>
      <n>#2576 HERMES-01</n>
      <description>19/07/2026 22:51:05 | Estado: REENVIO PENDIENTE | Bat: 0%</description>
      <styleUrl>#pointStyle</styleUrl>
      <Point><coordinates>-72.410172,2.28027,0</coordinates></Point>
    </Placemark>
    <Placemark>
      <n>#2577 HERMES-01</n>
      <description>19/07/2026 22:57:13 | Estado: REENVIO PENDIENTE | Bat: 0%</description>
      <styleUrl>#pointStyle</styleUrl>
      <Point><coordinates>-72.410236,2.280333,0</coordinates></Point>
    </Placemark>
    <Placemark>
      <n>#2578 HERMES-01</n>
      <description>19/07/2026 23:03:24 | Estado: REENVIO PENDIENTE | Bat: 0%</description>
      <styleUrl>#pointStyle</styleUrl>
      <Point><coordinates>-72.410198,2.280237,0</coordinates></Point>
    </Placemark>
    <Placemark>
      <n>#2579 HERMES-01</n>
      <description>19/07/2026 23:09:32 | Estado: REENVIO PENDIENTE | Bat: 0%</description>
      <styleUrl>#pointStyle</styleUrl>
      <Point><coordinates>-72.410163,2.280272,0</coordinates></Point>
    </Placemark>
    <Placemark>
      <n>#2580 HERMES-01</n>
      <description>19/07/2026 23:15:39 | Estado: REENVIO PENDIENTE | Bat: 0%</description>
      <styleUrl>#pointStyle</styleUrl>
      <Point><coordinates>-72.410128,2.280285,0</coordinates></Point>
    </Placemark>
    <Placemark>
      <n>#2581 HERMES-01</n>
      <description>19/07/2026 23:21:47 | Estado: REENVIO PENDIENTE | Bat: 0%</description>
      <styleUrl>#pointStyle</styleUrl>
      <Point><coordinates>-72.410159,2.280279,0</coordinates></Point>
    </Placemark>
    <Placemark>
      <n>#2582 HERMES-01</n>
      <description>19/07/2026 23:27:55 | Estado: REENVIO PENDIENTE | Bat: 0%</description>
      <styleUrl>#pointStyle</styleUrl>
      <Point><coordinates>-72.410241,2.28026,0</coordinates></Point>
    </Placemark>
    <Placemark>
      <n>#2583 HERMES-01</n>
      <description>19/07/2026 23:34:03 | Estado: REENVIO PENDIENTE | Bat: 0%</description>
      <styleUrl>#pointStyle</styleUrl>
      <Point><coordinates>-72.410191,2.280351,0</coordinates></Point>
    </Placemark>
    <Placemark>
      <n>#2584 HERMES-01</n>
      <description>19/07/2026 23:40:10 | Estado: REENVIO PENDIENTE | Bat: 0%</description>
      <styleUrl>#pointStyle</styleUrl>
      <Point><coordinates>-72.410176,2.280316,0</coordinates></Point>
    </Placemark>
    <Placemark>
      <n>#2585 HERMES-01</n>
      <description>19/07/2026 23:52:26 | Estado: REENVIO PENDIENTE | Bat: 0%</description>
      <styleUrl>#pointStyle</styleUrl>
      <Point><coordinates>-72.410147,2.280255,0</coordinates></Point>
    </Placemark>
    <Placemark>
      <n>#2586 HERMES-01</n>
      <description>19/07/2026 23:58:34 | Estado: REENVIO PENDIENTE | Bat: 0%</description>
      <styleUrl>#pointStyle</styleUrl>
      <Point><coordinates>-72.410166,2.280276,0</coordinates></Point>
    </Placemark>
    <Placemark>
      <n>#2587 HERMES-01</n>
      <description>20/07/2026 06:26:52 | Estado: REENVIO PENDIENTE | Bat: 0%</description>
      <styleUrl>#pointStyle</styleUrl>
      <Point><coordinates>-72.410412,2.278964,0</coordinates></Point>
    </Placemark>
    <Placemark>
      <n>#2588 HERMES-01</n>
      <description>20/07/2026 06:33:08 | Estado: NUEVA UBICACION | Bat: 0%</description>
      <styleUrl>#pointStyle</styleUrl>
      <Point><coordinates>-72.41038033,2.2789525,0</coordinates></Point>
    </Placemark>
    <Placemark>
      <n>#2589 HERMES-01</n>
      <description>20/07/2026 06:38:29 | Estado: NUEVA UBICACION | Bat: 0%</description>
      <styleUrl>#pointStyle</styleUrl>
      <Point><coordinates>-72.410416,2.278966,0</coordinates></Point>
    </Placemark>
    <Placemark>
      <n>#2590 HERMES-01</n>
      <description>20/07/2026 06:55:39 | Estado: REENVIO PENDIENTE | Bat: 0%</description>
      <styleUrl>#pointStyle</styleUrl>
      <Point><coordinates>-72.410369,2.278948,0</coordinates></Point>
    </Placemark>
    <Placemark>
      <n>#2591 HERMES-01</n>
      <description>20/07/2026 07:26:18 | Estado: REENVIO PENDIENTE | Bat: 0%</description>
      <styleUrl>#pointStyle</styleUrl>
      <Point><coordinates>-72.410404,2.278977,0</coordinates></Point>
    </Placemark>
    <Placemark>
      <n>#2592 HERMES-01</n>
      <description>20/07/2026 08:15:22 | Estado: REENVIO PENDIENTE | Bat: 0%</description>
      <styleUrl>#pointStyle</styleUrl>
      <Point><coordinates>-72.410387,2.278984,0</coordinates></Point>
    </Placemark>
    <Placemark>
      <n>#2593 HERMES-01</n>
      <description>20/07/2026 08:21:30 | Estado: REENVIO PENDIENTE | Bat: 0%</description>
      <styleUrl>#pointStyle</styleUrl>
      <Point><coordinates>-72.410382,2.278988,0</coordinates></Point>
    </Placemark>
    <Placemark>
      <n>#2594 HERMES-01</n>
      <description>20/07/2026 08:27:38 | Estado: REENVIO PENDIENTE | Bat: 0%</description>
      <styleUrl>#pointStyle</styleUrl>
      <Point><coordinates>-72.410388,2.278976,0</coordinates></Point>
    </Placemark>
    <Placemark>
      <n>#2595 HERMES-01</n>
      <description>20/07/2026 08:33:46 | Estado: REENVIO PENDIENTE | Bat: 0%</description>
      <styleUrl>#pointStyle</styleUrl>
      <Point><coordinates>-72.410375,2.278974,0</coordinates></Point>
    </Placemark>
    <Placemark>
      <n>#2596 HERMES-01</n>
      <description>20/07/2026 08:39:54 | Estado: REENVIO PENDIENTE | Bat: 0%</description>
      <styleUrl>#pointStyle</styleUrl>
      <Point><coordinates>-72.410372,2.278989,0</coordinates></Point>
    </Placemark>
    <Placemark>
      <n>#2597 HERMES-01</n>
      <description>20/07/2026 08:52:11 | Estado: REENVIO PENDIENTE | Bat: 0%</description>
      <styleUrl>#pointStyle</styleUrl>
      <Point><coordinates>-72.410369,2.278994,0</coordinates></Point>
    </Placemark>
    <Placemark>
      <n>#2598 HERMES-01</n>
      <description>20/07/2026 09:04:28 | Estado: REENVIO PENDIENTE | Bat: 0%</description>
      <styleUrl>#pointStyle</styleUrl>
      <Point><coordinates>-72.410361,2.278974,0</coordinates></Point>
    </Placemark>
    <Placemark>
      <n>#2599 HERMES-01</n>
      <description>20/07/2026 09:10:36 | Estado: REENVIO PENDIENTE | Bat: 0%</description>
      <styleUrl>#pointStyle</styleUrl>
      <Point><coordinates>-72.410374,2.278978,0</coordinates></Point>
    </Placemark>
    <Placemark>
      <n>#2600 HERMES-01</n>
      <description>20/07/2026 09:22:52 | Estado: REENVIO PENDIENTE | Bat: 0%</description>
      <styleUrl>#pointStyle</styleUrl>
      <Point><coordinates>-72.410379,2.278967,0</coordinates></Point>
    </Placemark>
    <Placemark>
      <n>#2601 HERMES-01</n>
      <description>20/07/2026 09:29:00 | Estado: REENVIO PENDIENTE | Bat: 0%</description>
      <styleUrl>#pointStyle</styleUrl>
      <Point><coordinates>-72.410368,2.278976,0</coordinates></Point>
    </Placemark>
    <Placemark>
      <n>#2602 HERMES-01</n>
      <description>20/07/2026 09:41:16 | Estado: REENVIO PENDIENTE | Bat: 0%</description>
      <styleUrl>#pointStyle</styleUrl>
      <Point><coordinates>-72.410432,2.279014,0</coordinates></Point>
    </Placemark>
    <Placemark>
      <n>#2603 HERMES-01</n>
      <description>20/07/2026 09:47:24 | Estado: REENVIO PENDIENTE | Bat: 0%</description>
      <styleUrl>#pointStyle</styleUrl>
      <Point><coordinates>-72.410433,2.279001,0</coordinates></Point>
    </Placemark>
    <Placemark>
      <n>#2604 HERMES-01</n>
      <description>20/07/2026 09:53:32 | Estado: REENVIO PENDIENTE | Bat: 0%</description>
      <styleUrl>#pointStyle</styleUrl>
      <Point><coordinates>-72.410374,2.278988,0</coordinates></Point>
    </Placemark>
    <Placemark>
      <n>#2605 HERMES-01</n>
      <description> No disponible | Estado: REENVIO PENDIENTE | Bat: 0%</description>
      <styleUrl>#pointStyle</styleUrl>
      <Point><coordinates>-72.410366,2.278971,0</coordinates></Point>
    </Placemark>
    <Placemark>
      <n>#2606 HERMES-01</n>
      <description> No disponible | Estado: REENVIO PENDIENTE | Bat: 0%</description>
      <styleUrl>#pointStyle</styleUrl>
      <Point><coordinates>-72.41037,2.278991,0</coordinates></Point>
    </Placemark>
    <Placemark>
      <n>#2607 HERMES-01</n>
      <description> No disponible | Estado: REENVIO PENDIENTE | Bat: 0%</description>
      <styleUrl>#pointStyle</styleUrl>
      <Point><coordinates>-72.410357,2.279008,0</coordinates></Point>
    </Placemark>
    <Placemark>
      <n>#2608 HERMES-01</n>
      <description> No disponible | Estado: REENVIO PENDIENTE | Bat: 0%</description>
      <styleUrl>#pointStyle</styleUrl>
      <Point><coordinates>-72.410345,2.278975,0</coordinates></Point>
    </Placemark>
    <Placemark>
      <n>#2609 HERMES-01</n>
      <description> No disponible | Estado: REENVIO PENDIENTE | Bat: 0%</description>
      <styleUrl>#pointStyle</styleUrl>
      <Point><coordinates>-72.410405,2.278983,0</coordinates></Point>
    </Placemark>
    <Placemark>
      <n>#2610 HERMES-01</n>
      <description> No disponible | Estado: REENVIO PENDIENTE | Bat: 0%</description>
      <styleUrl>#pointStyle</styleUrl>
      <Point><coordinates>-72.410402,2.279008,0</coordinates></Point>
    </Placemark>
    <Placemark>
      <n>#2611 HERMES-01</n>
      <description>20/07/2026 10:06:23 | Estado: NUEVA UBICACION | Bat: 0%</description>
      <styleUrl>#pointStyle</styleUrl>
      <Point><coordinates>-72.40879367,2.280547833,0</coordinates></Point>
    </Placemark>
    <Placemark>
      <n>#2612 HERMES-01</n>
      <description>20/07/2026 10:11:39 | Estado: NUEVA UBICACION | Bat: 0%</description>
      <styleUrl>#pointStyle</styleUrl>
      <Point><coordinates>-72.40878633,2.280511,0</coordinates></Point>
    </Placemark>
    <Placemark>
      <n>#2613 HERMES-01</n>
      <description>20/07/2026 10:16:58 | Estado: NUEVA UBICACION | Bat: 0%</description>
      <styleUrl>#pointStyle</styleUrl>
      <Point><coordinates>-72.4087985,2.280506,0</coordinates></Point>
    </Placemark>
    <Placemark>
      <n>#2614 HERMES-01</n>
      <description>20/07/2026 10:22:20 | Estado: NUEVA UBICACION | Bat: 0%</description>
      <styleUrl>#pointStyle</styleUrl>
      <Point><coordinates>-72.40879483,2.280489167,0</coordinates></Point>
    </Placemark>
    <Placemark>
      <n>#2615 HERMES-01</n>
      <description>20/07/2026 10:27:39 | Estado: NUEVA UBICACION | Bat: 0%</description>
      <styleUrl>#pointStyle</styleUrl>
      <Point><coordinates>-72.408772,2.280503167,0</coordinates></Point>
    </Placemark>
    <Placemark>
      <n>#2616 HERMES-01</n>
      <description>20/07/2026 10:32:59 | Estado: NUEVA UBICACION | Bat: 0%</description>
      <styleUrl>#pointStyle</styleUrl>
      <Point><coordinates>-72.40876717,2.280528667,0</coordinates></Point>
    </Placemark>
    <Placemark>
      <n>#2617 HERMES-01</n>
      <description>20/07/2026 10:38:20 | Estado: NUEVA UBICACION | Bat: 0%</description>
      <styleUrl>#pointStyle</styleUrl>
      <Point><coordinates>-72.4087635,2.2805095,0</coordinates></Point>
    </Placemark>
    <Placemark>
      <n>#2618 HERMES-01</n>
      <description>20/07/2026 10:43:38 | Estado: NUEVA UBICACION | Bat: 0%</description>
      <styleUrl>#pointStyle</styleUrl>
      <Point><coordinates>-72.4088235,2.2805185,0</coordinates></Point>
    </Placemark>
    <Placemark>
      <n>#2619 HERMES-01</n>
      <description>20/07/2026 10:48:59 | Estado: NUEVA UBICACION | Bat: 0%</description>
      <styleUrl>#pointStyle</styleUrl>
      <Point><coordinates>-72.4087845,2.280499833,0</coordinates></Point>
    </Placemark>
    <Placemark>
      <n>#2620 HERMES-01</n>
      <description>20/07/2026 10:54:21 | Estado: NUEVA UBICACION | Bat: 0%</description>
      <styleUrl>#pointStyle</styleUrl>
      <Point><coordinates>-72.40876617,2.280506667,0</coordinates></Point>
    </Placemark>
    <Placemark>
      <n>#2621 HERMES-01</n>
      <description>20/07/2026 10:59:42 | Estado: NUEVA UBICACION | Bat: 0%</description>
      <styleUrl>#pointStyle</styleUrl>
      <Point><coordinates>-72.40879283,2.280516167,0</coordinates></Point>
    </Placemark>
    <Placemark>
      <n>#2622 HERMES-01</n>
      <description>20/07/2026 11:05:01 | Estado: NUEVA UBICACION | Bat: 0%</description>
      <styleUrl>#pointStyle</styleUrl>
      <Point><coordinates>-72.408761,2.280526333,0</coordinates></Point>
    </Placemark>
    <Placemark>
      <n>#2623 HERMES-01</n>
      <description>20/07/2026 11:10:20 | Estado: NUEVA UBICACION | Bat: 0%</description>
      <styleUrl>#pointStyle</styleUrl>
      <Point><coordinates>-72.408738,2.280487333,0</coordinates></Point>
    </Placemark>
    <Placemark>
      <n>#2624 HERMES-01</n>
      <description>20/07/2026 11:15:40 | Estado: NUEVA UBICACION | Bat: 0%</description>
      <styleUrl>#pointStyle</styleUrl>
      <Point><coordinates>-72.40875817,2.280529833,0</coordinates></Point>
    </Placemark>
    <Placemark>
      <n>#2625 HERMES-01</n>
      <description>20/07/2026 11:21:04 | Estado: NUEVA UBICACION | Bat: 0%</description>
      <styleUrl>#pointStyle</styleUrl>
      <Point><coordinates>-72.40881067,2.280519,0</coordinates></Point>
    </Placemark>
    <Placemark>
      <n>#2626 HERMES-01</n>
      <description>20/07/2026 11:26:26 | Estado: NUEVA UBICACION | Bat: 0%</description>
      <styleUrl>#pointStyle</styleUrl>
      <Point><coordinates>-72.40874967,2.280505333,0</coordinates></Point>
    </Placemark>
    <Placemark>
      <n>#2627 HERMES-01</n>
      <description>20/07/2026 11:31:46 | Estado: NUEVA UBICACION | Bat: 0%</description>
      <styleUrl>#pointStyle</styleUrl>
      <Point><coordinates>-72.40881017,2.2805225,0</coordinates></Point>
    </Placemark>
    <Placemark>
      <n>#2628 HERMES-01</n>
      <description>20/07/2026 11:37:13 | Estado: NUEVA UBICACION | Bat: 0%</description>
      <styleUrl>#pointStyle</styleUrl>
      <Point><coordinates>-72.40877417,2.2805125,0</coordinates></Point>
    </Placemark>
    <Placemark>
      <n>#2629 HERMES-01</n>
      <description>20/07/2026 11:42:36 | Estado: NUEVA UBICACION | Bat: 0%</description>
      <styleUrl>#pointStyle</styleUrl>
      <Point><coordinates>-72.40875367,2.280502333,0</coordinates></Point>
    </Placemark>
    <Placemark>
      <n>#2630 HERMES-01</n>
      <description>20/07/2026 11:48:30 | Estado: NUEVA UBICACION | Bat: 0%</description>
      <styleUrl>#pointStyle</styleUrl>
      <Point><coordinates>-72.40872833,2.2805145,0</coordinates></Point>
    </Placemark>
    <Placemark>
      <n>#2631 HERMES-01</n>
      <description>20/07/2026 11:54:15 | Estado: REENVIO PENDIENTE | Bat: 0%</description>
      <styleUrl>#pointStyle</styleUrl>
      <Point><coordinates>-72.409461,2.280164,0</coordinates></Point>
    </Placemark>
    <Placemark>
      <n>#2632 HERMES-01</n>
      <description>20/07/2026 12:00:22 | Estado: REENVIO PENDIENTE | Bat: 0%</description>
      <styleUrl>#pointStyle</styleUrl>
      <Point><coordinates>-72.410377,2.278965,0</coordinates></Point>
    </Placemark>
    <Placemark>
      <n>#2633 HERMES-01</n>
      <description>20/07/2026 12:06:29 | Estado: REENVIO PENDIENTE | Bat: 0%</description>
      <styleUrl>#pointStyle</styleUrl>
      <Point><coordinates>-72.414242,2.28232,0</coordinates></Point>
    </Placemark>
    <Placemark>
      <n>#2634 HERMES-01</n>
      <description> No disponible | Estado: NUEVA UBICACION | Bat: 0%</description>
      <styleUrl>#pointStyle</styleUrl>
      <Point><coordinates>-72.41398433,2.281678333,0</coordinates></Point>
    </Placemark>
    <Placemark>
      <n>#2635 HERMES-01</n>
      <description> No disponible | Estado: NUEVA UBICACION | Bat: 0%</description>
      <styleUrl>#pointStyle</styleUrl>
      <Point><coordinates>-72.4139495,2.281653333,0</coordinates></Point>
    </Placemark>
    <Placemark>
      <n>#2636 HERMES-01</n>
      <description>20/07/2026 15:45:37 | Estado: REENVIO PENDIENTE | Bat: 0%</description>
      <styleUrl>#pointStyle</styleUrl>
      <Point><coordinates>-72.410371,2.279002,0</coordinates></Point>
    </Placemark>
    <Placemark>
      <n>#2637 HERMES-01</n>
      <description>20/07/2026 16:16:20 | Estado: REENVIO PENDIENTE | Bat: 0%</description>
      <styleUrl>#pointStyle</styleUrl>
      <Point><coordinates>-72.411778,2.278184,0</coordinates></Point>
    </Placemark>
    <Placemark>
      <n>#2638 HERMES-01</n>
      <description> No disponible | Estado: REENVIO PENDIENTE | Bat: 0%</description>
      <styleUrl>#pointStyle</styleUrl>
      <Point><coordinates>-72.390222,2.227924,0</coordinates></Point>
    </Placemark>
    <Placemark>
      <n>#2639 HERMES-01</n>
      <description>20/07/2026 17:18:12 | Estado: NUEVA UBICACION | Bat: 0%</description>
      <styleUrl>#pointStyle</styleUrl>
      <Point><coordinates>-72.38223517,2.230100167,0</coordinates></Point>
    </Placemark>
    <Placemark>
      <n>#2640 HERMES-01</n>
      <description> No disponible | Estado: NUEVA UBICACION | Bat: 0%</description>
      <styleUrl>#pointStyle</styleUrl>
      <Point><coordinates>-72.382325,2.230055333,0</coordinates></Point>
    </Placemark>
    <Placemark>
      <n>#2641 HERMES-01</n>
      <description>21/07/2026 04:53:11 | Estado: NUEVA UBICACION | Bat: 0%</description>
      <styleUrl>#pointStyle</styleUrl>
      <Point><coordinates>-72.38229833,2.230135167,0</coordinates></Point>
    </Placemark>
    <Placemark>
      <n>#2642 HERMES-01</n>
      <description>21/07/2026 09:55:33 | Estado: NUEVA UBICACION | Bat: 0%</description>
      <styleUrl>#pointStyle</styleUrl>
      <Point><coordinates>-72.382291,2.2301155,0</coordinates></Point>
    </Placemark>
    <Placemark>
      <n>#2643 HERMES-01</n>
      <description>21/07/2026 10:25:31 | Estado: NUEVA UBICACION | Bat: 0%</description>
      <styleUrl>#pointStyle</styleUrl>
      <Point><coordinates>-72.382367,2.230101833,0</coordinates></Point>
    </Placemark>
    <Placemark>
      <n>#2644 HERMES-01</n>
      <description>21/07/2026 10:55:33 | Estado: NUEVA UBICACION | Bat: 0%</description>
      <styleUrl>#pointStyle</styleUrl>
      <Point><coordinates>-72.38234067,2.230098667,0</coordinates></Point>
    </Placemark>
    <Placemark>
      <n>#2645 HERMES-01</n>
      <description>21/07/2026 11:25:40 | Estado: NUEVA UBICACION | Bat: 0%</description>
      <styleUrl>#pointStyle</styleUrl>
      <Point><coordinates>-72.38225317,2.2300645,0</coordinates></Point>
    </Placemark>
    <Placemark>
      <n>#2646 HERMES-01</n>
      <description> No disponible | Estado: NUEVA UBICACION | Bat: 0%</description>
      <styleUrl>#pointStyle</styleUrl>
      <Point><coordinates>-72.38230017,2.230057333,0</coordinates></Point>
    </Placemark>
    <Placemark>
      <n>#2647 HERMES-01</n>
      <description>21/07/2026 14:27:24 | Estado: NUEVA UBICACION | Bat: 0%</description>
      <styleUrl>#pointStyle</styleUrl>
      <Point><coordinates>-72.3823085,2.230086,0</coordinates></Point>
    </Placemark>
    <Placemark>
      <n>#2648 HERMES-01</n>
      <description>21/07/2026 14:57:31 | Estado: NUEVA UBICACION | Bat: 0%</description>
      <styleUrl>#pointStyle</styleUrl>
      <Point><coordinates>-72.3823015,2.230100333,0</coordinates></Point>
    </Placemark>
    <Placemark>
      <n>#2649 HERMES-01</n>
      <description>21/07/2026 15:27:33 | Estado: NUEVA UBICACION | Bat: 0%</description>
      <styleUrl>#pointStyle</styleUrl>
      <Point><coordinates>-72.38229133,2.230114,0</coordinates></Point>
    </Placemark>
    <Placemark>
      <n>#2650 HERMES-01</n>
      <description>21/07/2026 15:57:32 | Estado: NUEVA UBICACION | Bat: 0%</description>
      <styleUrl>#pointStyle</styleUrl>
      <Point><coordinates>-72.382258,2.230079833,0</coordinates></Point>
    </Placemark>
    <Placemark>
      <n>#2651 HERMES-01</n>
      <description>21/07/2026 16:57:44 | Estado: NUEVA UBICACION | Bat: 0%</description>
      <styleUrl>#pointStyle</styleUrl>
      <Point><coordinates>-72.38238483,2.230065167,0</coordinates></Point>
    </Placemark>
    <Placemark>
      <n>#2652 HERMES-01</n>
      <description>21/07/2026 17:27:44 | Estado: NUEVA UBICACION | Bat: 0%</description>
      <styleUrl>#pointStyle</styleUrl>
      <Point><coordinates>-72.382268,2.230128333,0</coordinates></Point>
    </Placemark>
    <Placemark>
      <n>#2653 HERMES-01</n>
      <description>21/07/2026 17:58:05 | Estado: NUEVA UBICACION | Bat: 0%</description>
      <styleUrl>#pointStyle</styleUrl>
      <Point><coordinates>-72.38230483,2.2301255,0</coordinates></Point>
    </Placemark>
    <Placemark>
      <n>#2654 HERMES-01</n>
      <description>21/07/2026 18:28:04 | Estado: NUEVA UBICACION | Bat: 0%</description>
      <styleUrl>#pointStyle</styleUrl>
      <Point><coordinates>-72.38228117,2.230077833,0</coordinates></Point>
    </Placemark>
    <Placemark>
      <n>#2655 HERMES-01</n>
      <description>21/07/2026 18:58:03 | Estado: NUEVA UBICACION | Bat: 0%</description>
      <styleUrl>#pointStyle</styleUrl>
      <Point><coordinates>-72.38225867,2.230126167,0</coordinates></Point>
    </Placemark>
    <Placemark>
      <n>#2656 HERMES-01</n>
      <description>21/07/2026 19:49:22 | Estado: NUEVA UBICACION | Bat: 0%</description>
      <styleUrl>#pointStyle</styleUrl>
      <Point><coordinates>-72.3822705,2.230118,0</coordinates></Point>
    </Placemark>
    <Placemark>
      <n>#2657 HERMES-01</n>
      <description> No disponible | Estado: NUEVA UBICACION | Bat: 0%</description>
      <styleUrl>#pointStyle</styleUrl>
      <Point><coordinates>-72.38231567,2.230096833,0</coordinates></Point>
    </Placemark>
    <Placemark>
      <n>#2658 HERMES-01</n>
      <description>22/07/2026 01:31:18 | Estado: NUEVA UBICACION | Bat: 0%</description>
      <styleUrl>#pointStyle</styleUrl>
      <Point><coordinates>-72.382348,2.230092167,0</coordinates></Point>
    </Placemark>
    <Placemark>
      <n>#2659 HERMES-01</n>
      <description>22/07/2026 02:01:38 | Estado: NUEVA UBICACION | Bat: 0%</description>
      <styleUrl>#pointStyle</styleUrl>
      <Point><coordinates>-72.38235733,2.230104167,0</coordinates></Point>
    </Placemark>
    <Placemark>
      <n>#2660 HERMES-01</n>
      <description>22/07/2026 06:05:11 | Estado: REENVIO PENDIENTE | Bat: 0%</description>
      <styleUrl>#pointStyle</styleUrl>
      <Point><coordinates>-72.382324,2.230074,0</coordinates></Point>
    </Placemark>
    <Placemark>
      <n>#2661 HERMES-01</n>
      <description>22/07/2026 06:35:53 | Estado: REENVIO PENDIENTE | Bat: 0%</description>
      <styleUrl>#pointStyle</styleUrl>
      <Point><coordinates>-72.38226,2.230145,0</coordinates></Point>
    </Placemark>
    <Placemark>
      <n>#2662 HERMES-01</n>
      <description>22/07/2026 07:06:33 | Estado: REENVIO PENDIENTE | Bat: 0%</description>
      <styleUrl>#pointStyle</styleUrl>
      <Point><coordinates>-72.382261,2.230135,0</coordinates></Point>
    </Placemark>
    <Placemark>
      <n>#2663 HERMES-01</n>
      <description>22/07/2026 07:37:14 | Estado: REENVIO PENDIENTE | Bat: 0%</description>
      <styleUrl>#pointStyle</styleUrl>
      <Point><coordinates>-72.382302,2.230097,0</coordinates></Point>
    </Placemark>
    <Placemark>
      <n>#2664 HERMES-01</n>
      <description>22/07/2026 08:09:24 | Estado: NUEVA UBICACION | Bat: 0%</description>
      <styleUrl>#pointStyle</styleUrl>
      <Point><coordinates>-72.38231867,2.230095667,0</coordinates></Point>
    </Placemark>
    <Placemark>
      <n>#2665 HERMES-01</n>
      <description>22/07/2026 09:39:52 | Estado: NUEVA UBICACION | Bat: 0%</description>
      <styleUrl>#pointStyle</styleUrl>
      <Point><coordinates>-72.38232267,2.230118833,0</coordinates></Point>
    </Placemark>
    <Placemark>
      <n>#2666 HERMES-01</n>
      <description>22/07/2026 10:09:52 | Estado: NUEVA UBICACION | Bat: 0%</description>
      <styleUrl>#pointStyle</styleUrl>
      <Point><coordinates>-72.38234533,2.230094833,0</coordinates></Point>
    </Placemark>
    <Placemark>
      <n>#2667 HERMES-01</n>
      <description>22/07/2026 10:39:52 | Estado: NUEVA UBICACION | Bat: 0%</description>
      <styleUrl>#pointStyle</styleUrl>
      <Point><coordinates>-72.38227817,2.230132333,0</coordinates></Point>
    </Placemark>
    <Placemark>
      <n>#2668 HERMES-01</n>
      <description>22/07/2026 11:09:54 | Estado: NUEVA UBICACION | Bat: 0%</description>
      <styleUrl>#pointStyle</styleUrl>
      <Point><coordinates>-72.38230917,2.230097333,0</coordinates></Point>
    </Placemark>
    <Placemark>
      <n>#2669 HERMES-01</n>
      <description> No disponible | Estado: NUEVA UBICACION | Bat: 0%</description>
      <styleUrl>#pointStyle</styleUrl>
      <Point><coordinates>-72.38229233,2.230113833,0</coordinates></Point>
    </Placemark>
    <Placemark>
      <n>#2670 HERMES-01</n>
      <description>22/07/2026 12:10:03 | Estado: NUEVA UBICACION | Bat: 0%</description>
      <styleUrl>#pointStyle</styleUrl>
      <Point><coordinates>-72.38225717,2.230138833,0</coordinates></Point>
    </Placemark>
    <Placemark>
      <n>#2671 HERMES-01</n>
      <description>22/07/2026 12:40:06 | Estado: NUEVA UBICACION | Bat: 0%</description>
      <styleUrl>#pointStyle</styleUrl>
      <Point><coordinates>-72.382289,2.230124333,0</coordinates></Point>
    </Placemark>
    <Placemark>
      <n>#2672 HERMES-01</n>
      <description>22/07/2026 13:10:07 | Estado: NUEVA UBICACION | Bat: 0%</description>
      <styleUrl>#pointStyle</styleUrl>
      <Point><coordinates>-72.38230483,2.2301005,0</coordinates></Point>
    </Placemark>
    <Placemark>
      <n>#2673 HERMES-01</n>
      <description>22/07/2026 13:40:12 | Estado: NUEVA UBICACION | Bat: 0%</description>
      <styleUrl>#pointStyle</styleUrl>
      <Point><coordinates>-72.38230083,2.230105333,0</coordinates></Point>
    </Placemark>
    <Placemark>
      <n>#2674 HERMES-01</n>
      <description>22/07/2026 14:10:28 | Estado: NUEVA UBICACION | Bat: 0%</description>
      <styleUrl>#pointStyle</styleUrl>
      <Point><coordinates>-72.38222067,2.230141833,0</coordinates></Point>
    </Placemark>
    <Placemark>
      <n>#2675 HERMES-01</n>
      <description>22/07/2026 14:40:50 | Estado: NUEVA UBICACION | Bat: 0%</description>
      <styleUrl>#pointStyle</styleUrl>
      <Point><coordinates>-72.38241583,2.230041,0</coordinates></Point>
    </Placemark>
    <Placemark>
      <n>#2676 HERMES-01</n>
      <description>22/07/2026 16:43:05 | Estado: REENVIO PENDIENTE | Bat: 0%</description>
      <styleUrl>#pointStyle</styleUrl>
      <Point><coordinates>-72.382215,2.228497,0</coordinates></Point>
    </Placemark>
    <Placemark>
      <n>#2677 HERMES-01</n>
      <description>22/07/2026 17:13:37 | Estado: REENVIO PENDIENTE | Bat: 0%</description>
      <styleUrl>#pointStyle</styleUrl>
      <Point><coordinates>-72.33575,2.238403,0</coordinates></Point>
    </Placemark>
    <Placemark>
      <n>#2678 HERMES-01</n>
      <description>22/07/2026 17:44:05 | Estado: NUEVA UBICACION | Bat: 0%</description>
      <styleUrl>#pointStyle</styleUrl>
      <Point><coordinates>-72.3316295,2.237987667,0</coordinates></Point>
    </Placemark>
    <Placemark>
      <n>#2679 HERMES-01</n>
      <description>22/07/2026 18:14:06 | Estado: NUEVA UBICACION | Bat: 0%</description>
      <styleUrl>#pointStyle</styleUrl>
      <Point><coordinates>-72.3316135,2.237980333,0</coordinates></Point>
    </Placemark>
    <Placemark>
      <n>#2680 HERMES-01</n>
      <description> No disponible | Estado: NUEVA UBICACION | Bat: 0%</description>
      <styleUrl>#pointStyle</styleUrl>
      <Point><coordinates>-72.331609,2.237961167,0</coordinates></Point>
    </Placemark>
    <Placemark>
      <n>#2681 HERMES-01</n>
      <description> No disponible | Estado: NUEVA UBICACION | Bat: 0%</description>
      <styleUrl>#pointStyle</styleUrl>
      <Point><coordinates>-72.3316405,2.2379955,0</coordinates></Point>
    </Placemark>
    <Placemark>
      <n>#2682 HERMES-01</n>
      <description>22/07/2026 22:59:56 | Estado: NUEVA UBICACION | Bat: 0%</description>
      <styleUrl>#pointStyle</styleUrl>
      <Point><coordinates>-72.38231,2.230103167,0</coordinates></Point>
    </Placemark>
    <Placemark>
      <n>#2683 HERMES-01</n>
      <description>23/07/2026 09:19:15 | Estado: NUEVA UBICACION | Bat: 0%</description>
      <styleUrl>#pointStyle</styleUrl>
      <Point><coordinates>-72.33164083,2.237980833,0</coordinates></Point>
    </Placemark>
    <Placemark>
      <n>#2684 HERMES-01</n>
      <description>23/07/2026 11:21:09 | Estado: REENVIO PENDIENTE | Bat: 0%</description>
      <styleUrl>#pointStyle</styleUrl>
      <Point><coordinates>-72.285157,2.254807,0</coordinates></Point>
    </Placemark>
    <Placemark>
      <n>#2685 HERMES-01</n>
      <description>23/07/2026 11:51:51 | Estado: REENVIO PENDIENTE | Bat: 0%</description>
      <styleUrl>#pointStyle</styleUrl>
      <Point><coordinates>-72.259352,2.248632,0</coordinates></Point>
    </Placemark>
    <Placemark>
      <n>#2686 HERMES-01</n>
      <description>23/07/2026 12:22:32 | Estado: REENVIO PENDIENTE | Bat: 0%</description>
      <styleUrl>#pointStyle</styleUrl>
      <Point><coordinates>-72.259354,2.248618,0</coordinates></Point>
    </Placemark>
    <Placemark>
      <n>#2687 HERMES-01</n>
      <description>23/07/2026 12:53:13 | Estado: REENVIO PENDIENTE | Bat: 0%</description>
      <styleUrl>#pointStyle</styleUrl>
      <Point><coordinates>-72.259364,2.248643,0</coordinates></Point>
    </Placemark>
    <Placemark>
      <n>#2688 HERMES-01</n>
      <description>23/07/2026 13:23:54 | Estado: REENVIO PENDIENTE | Bat: 0%</description>
      <styleUrl>#pointStyle</styleUrl>
      <Point><coordinates>-72.259356,2.248635,0</coordinates></Point>
    </Placemark>
    <Placemark>
      <n>#2689 HERMES-01</n>
      <description>23/07/2026 13:54:38 | Estado: REENVIO PENDIENTE | Bat: 0%</description>
      <styleUrl>#pointStyle</styleUrl>
      <Point><coordinates>-72.259347,2.248628,0</coordinates></Point>
    </Placemark>
    <Placemark>
      <n>#2690 HERMES-01</n>
      <description>23/07/2026 15:26:38 | Estado: REENVIO PENDIENTE | Bat: 0%</description>
      <styleUrl>#pointStyle</styleUrl>
      <Point><coordinates>-72.266135,2.271861,0</coordinates></Point>
    </Placemark>
    <Placemark>
      <n>#2691 HERMES-01</n>
      <description>23/07/2026 15:57:19 | Estado: REENVIO PENDIENTE | Bat: 0%</description>
      <styleUrl>#pointStyle</styleUrl>
      <Point><coordinates>-72.26614,2.271849,0</coordinates></Point>
    </Placemark>
    <Placemark>
      <n>#2692 HERMES-01</n>
      <description>23/07/2026 16:27:59 | Estado: REENVIO PENDIENTE | Bat: 0%</description>
      <styleUrl>#pointStyle</styleUrl>
      <Point><coordinates>-72.266159,2.27184,0</coordinates></Point>
    </Placemark>
    <Placemark>
      <n>#2693 HERMES-01</n>
      <description>23/07/2026 16:58:40 | Estado: REENVIO PENDIENTE | Bat: 0%</description>
      <styleUrl>#pointStyle</styleUrl>
      <Point><coordinates>-72.265506,2.271442,0</coordinates></Point>
    </Placemark>
    <Placemark>
      <n>#2694 HERMES-01</n>
      <description>23/07/2026 17:29:20 | Estado: REENVIO PENDIENTE | Bat: 0%</description>
      <styleUrl>#pointStyle</styleUrl>
      <Point><coordinates>-72.265492,2.27144,0</coordinates></Point>
    </Placemark>
    <Placemark>
      <n>#2695 HERMES-01</n>
      <description>23/07/2026 18:00:02 | Estado: REENVIO PENDIENTE | Bat: 0%</description>
      <styleUrl>#pointStyle</styleUrl>
      <Point><coordinates>-72.265535,2.271455,0</coordinates></Point>
    </Placemark>
    <Placemark>
      <n>#2696 HERMES-01</n>
      <description>23/07/2026 18:30:40 | Estado: REENVIO PENDIENTE | Bat: 0%</description>
      <styleUrl>#pointStyle</styleUrl>
      <Point><coordinates>-72.265494,2.27146,0</coordinates></Point>
    </Placemark>
    <Placemark>
      <n>#2697 HERMES-01</n>
      <description>23/07/2026 19:14:03 | Estado: NUEVA UBICACION | Bat: 0%</description>
      <styleUrl>#pointStyle</styleUrl>
      <Point><coordinates>-72.33163333,2.237971333,0</coordinates></Point>
    </Placemark>
    <Placemark>
      <n>#2698 HERMES-01</n>
      <description>23/07/2026 20:44:20 | Estado: NUEVA UBICACION | Bat: 0%</description>
      <styleUrl>#pointStyle</styleUrl>
      <Point><coordinates>-72.33164117,2.237973333,0</coordinates></Point>
    </Placemark>
    <Placemark>
      <n>#2699 HERMES-01</n>
      <description>23/07/2026 21:44:40 | Estado: NUEVA UBICACION | Bat: 0%</description>
      <styleUrl>#pointStyle</styleUrl>
      <Point><coordinates>-72.33163733,2.237984833,0</coordinates></Point>
    </Placemark>
    <Placemark>
      <n>#2700 HERMES-01</n>
      <description>23/07/2026 22:14:47 | Estado: NUEVA UBICACION | Bat: 0%</description>
      <styleUrl>#pointStyle</styleUrl>
      <Point><coordinates>-72.33165333,2.237977333,0</coordinates></Point>
    </Placemark>
    <Placemark>
      <n>#2701 HERMES-01</n>
      <description>24/07/2026 00:07:51 | Estado: REENVIO PENDIENTE | Bat: 0%</description>
      <styleUrl>#pointStyle</styleUrl>
      <Point><coordinates>-72.265491,2.271476,0</coordinates></Point>
    </Placemark>
    <Placemark>
      <n>#2702 HERMES-01</n>
      <description>24/07/2026 00:38:30 | Estado: REENVIO PENDIENTE | Bat: 0%</description>
      <styleUrl>#pointStyle</styleUrl>
      <Point><coordinates>-72.265529,2.27147,0</coordinates></Point>
    </Placemark>
    <Placemark>
      <n>#2703 HERMES-01</n>
      <description>24/07/2026 01:09:08 | Estado: REENVIO PENDIENTE | Bat: 0%</description>
      <styleUrl>#pointStyle</styleUrl>
      <Point><coordinates>-72.265506,2.27147,0</coordinates></Point>
    </Placemark>
    <Placemark>
      <n>#2704 HERMES-01</n>
      <description>24/07/2026 01:39:48 | Estado: REENVIO PENDIENTE | Bat: 0%</description>
      <styleUrl>#pointStyle</styleUrl>
      <Point><coordinates>-72.265493,2.271495,0</coordinates></Point>
    </Placemark>
    <Placemark>
      <n>#2705 HERMES-01</n>
      <description>24/07/2026 02:10:28 | Estado: REENVIO PENDIENTE | Bat: 0%</description>
      <styleUrl>#pointStyle</styleUrl>
      <Point><coordinates>-72.265496,2.271501,0</coordinates></Point>
    </Placemark>
    <Placemark>
      <n>#2706 HERMES-01</n>
      <description>24/07/2026 02:41:06 | Estado: REENVIO PENDIENTE | Bat: 0%</description>
      <styleUrl>#pointStyle</styleUrl>
      <Point><coordinates>-72.2655,2.271482,0</coordinates></Point>
    </Placemark>
    <Placemark>
      <n>#2707 HERMES-01</n>
      <description>24/07/2026 03:42:26 | Estado: REENVIO PENDIENTE | Bat: 0%</description>
      <styleUrl>#pointStyle</styleUrl>
      <Point><coordinates>-72.265501,2.271501,0</coordinates></Point>
    </Placemark>
    <Placemark>
      <n>#2708 HERMES-01</n>
      <description>24/07/2026 04:13:05 | Estado: REENVIO PENDIENTE | Bat: 0%</description>
      <styleUrl>#pointStyle</styleUrl>
      <Point><coordinates>-72.265524,2.271489,0</coordinates></Point>
    </Placemark>
    <Placemark>
      <n>#2709 HERMES-01</n>
      <description>24/07/2026 04:43:45 | Estado: REENVIO PENDIENTE | Bat: 0%</description>
      <styleUrl>#pointStyle</styleUrl>
      <Point><coordinates>-72.26552,2.271484,0</coordinates></Point>
    </Placemark>
    <Placemark>
      <n>#2710 HERMES-01</n>
      <description>24/07/2026 05:14:23 | Estado: REENVIO PENDIENTE | Bat: 0%</description>
      <styleUrl>#pointStyle</styleUrl>
      <Point><coordinates>-72.265511,2.271475,0</coordinates></Point>
    </Placemark>
    <Placemark>
      <n>#2711 HERMES-01</n>
      <description>24/07/2026 06:15:42 | Estado: REENVIO PENDIENTE | Bat: 0%</description>
      <styleUrl>#pointStyle</styleUrl>
      <Point><coordinates>-72.265498,2.271482,0</coordinates></Point>
    </Placemark>
    <Placemark>
      <n>#2712 HERMES-01</n>
      <description>24/07/2026 06:46:18 | Estado: REENVIO PENDIENTE | Bat: 0%</description>
      <styleUrl>#pointStyle</styleUrl>
      <Point><coordinates>-72.265529,2.271513,0</coordinates></Point>
    </Placemark>
    <Placemark>
      <n>#2713 HERMES-01</n>
      <description>24/07/2026 07:47:39 | Estado: REENVIO PENDIENTE | Bat: 0%</description>
      <styleUrl>#pointStyle</styleUrl>
      <Point><coordinates>-72.265484,2.27149,0</coordinates></Point>
    </Placemark>
    <Placemark>
      <n>#2714 HERMES-01</n>
      <description>24/07/2026 08:18:20 | Estado: REENVIO PENDIENTE | Bat: 0%</description>
      <styleUrl>#pointStyle</styleUrl>
      <Point><coordinates>-72.265516,2.271514,0</coordinates></Point>
    </Placemark>
    <Placemark>
      <n>#2715 HERMES-01</n>
      <description>24/07/2026 08:49:02 | Estado: REENVIO PENDIENTE | Bat: 0%</description>
      <styleUrl>#pointStyle</styleUrl>
      <Point><coordinates>-72.265506,2.271484,0</coordinates></Point>
    </Placemark>
    <Placemark>
      <n>#2716 HERMES-01</n>
      <description>24/07/2026 09:19:44 | Estado: REENVIO PENDIENTE | Bat: 0%</description>
      <styleUrl>#pointStyle</styleUrl>
      <Point><coordinates>-72.265539,2.271497,0</coordinates></Point>
    </Placemark>
    <Placemark>
      <n>#2717 HERMES-01</n>
      <description>24/07/2026 09:50:26 | Estado: REENVIO PENDIENTE | Bat: 0%</description>
      <styleUrl>#pointStyle</styleUrl>
      <Point><coordinates>-72.26554,2.271544,0</coordinates></Point>
    </Placemark>
    <Placemark>
      <n>#2718 HERMES-01</n>
      <description>24/07/2026 10:21:07 | Estado: REENVIO PENDIENTE | Bat: 0%</description>
      <styleUrl>#pointStyle</styleUrl>
      <Point><coordinates>-72.26557,2.271484,0</coordinates></Point>
    </Placemark>
    <Placemark>
      <n>#2719 HERMES-01</n>
      <description>24/07/2026 10:51:48 | Estado: REENVIO PENDIENTE | Bat: 0%</description>
      <styleUrl>#pointStyle</styleUrl>
      <Point><coordinates>-72.265534,2.27154,0</coordinates></Point>
    </Placemark>
    <Placemark>
      <n>#2720 HERMES-01</n>
      <description>24/07/2026 11:22:34 | Estado: REENVIO PENDIENTE | Bat: 0%</description>
      <styleUrl>#pointStyle</styleUrl>
      <Point><coordinates>-72.265504,2.27147,0</coordinates></Point>
    </Placemark>
    <Placemark>
      <n>#2721 HERMES-01</n>
      <description>24/07/2026 11:53:18 | Estado: REENVIO PENDIENTE | Bat: 0%</description>
      <styleUrl>#pointStyle</styleUrl>
      <Point><coordinates>-72.265491,2.271475,0</coordinates></Point>
    </Placemark>
    <Placemark>
      <n>#2722 HERMES-01</n>
      <description>24/07/2026 12:24:03 | Estado: REENVIO PENDIENTE | Bat: 0%</description>
      <styleUrl>#pointStyle</styleUrl>
      <Point><coordinates>-72.265498,2.271474,0</coordinates></Point>
    </Placemark>
    <Placemark>
      <n>#2723 HERMES-01</n>
      <description>24/07/2026 20:02:38 | Estado: REENVIO PENDIENTE | Bat: 0%</description>
      <styleUrl>#pointStyle</styleUrl>
      <Point><coordinates>-72.265493,2.271471,0</coordinates></Point>
    </Placemark>
    <Placemark>
      <n>#2724 HERMES-01</n>
      <description>24/07/2026 20:33:18 | Estado: REENVIO PENDIENTE | Bat: 0%</description>
      <styleUrl>#pointStyle</styleUrl>
      <Point><coordinates>-72.265467,2.271504,0</coordinates></Point>
    </Placemark>
    <Placemark>
      <n>#2725 HERMES-01</n>
      <description>24/07/2026 21:03:58 | Estado: REENVIO PENDIENTE | Bat: 0%</description>
      <styleUrl>#pointStyle</styleUrl>
      <Point><coordinates>-72.265525,2.271452,0</coordinates></Point>
    </Placemark>
    <Placemark>
      <n>#2726 HERMES-01</n>
      <description>24/07/2026 21:34:38 | Estado: REENVIO PENDIENTE | Bat: 0%</description>
      <styleUrl>#pointStyle</styleUrl>
      <Point><coordinates>-72.265496,2.271466,0</coordinates></Point>
    </Placemark>
    <Placemark>
      <n>#2727 HERMES-01</n>
      <description>24/07/2026 22:05:14 | Estado: REENVIO PENDIENTE | Bat: 0%</description>
      <styleUrl>#pointStyle</styleUrl>
      <Point><coordinates>-72.265492,2.271471,0</coordinates></Point>
    </Placemark>
    <Placemark>
      <n>#2728 HERMES-01</n>
      <description>24/07/2026 22:35:54 | Estado: REENVIO PENDIENTE | Bat: 0%</description>
      <styleUrl>#pointStyle</styleUrl>
      <Point><coordinates>-72.265484,2.271474,0</coordinates></Point>
    </Placemark>
    <Placemark>
      <n>#2729 HERMES-01</n>
      <description>24/07/2026 23:06:32 | Estado: REENVIO PENDIENTE | Bat: 0%</description>
      <styleUrl>#pointStyle</styleUrl>
      <Point><coordinates>-72.265499,2.271478,0</coordinates></Point>
    </Placemark>
    <Placemark>
      <n>#2730 HERMES-01</n>
      <description>24/07/2026 23:37:13 | Estado: REENVIO PENDIENTE | Bat: 0%</description>
      <styleUrl>#pointStyle</styleUrl>
      <Point><coordinates>-72.265484,2.271485,0</coordinates></Point>
    </Placemark>
    <Placemark>
      <n>#2731 HERMES-01</n>
      <description> No disponible | Estado: REENVIO PENDIENTE | Bat: 0%</description>
      <styleUrl>#pointStyle</styleUrl>
      <Point><coordinates>-72.263092,2.256,0</coordinates></Point>
    </Placemark>
    <Placemark>
      <n>#2732 HERMES-01</n>
      <description> No disponible | Estado: REENVIO PENDIENTE | Bat: 0%</description>
      <styleUrl>#pointStyle</styleUrl>
      <Point><coordinates>-72.266126,2.271863,0</coordinates></Point>
    </Placemark>
    <Placemark>
      <n>#2733 HERMES-01</n>
      <description> No disponible | Estado: REENVIO PENDIENTE | Bat: 0%</description>
      <styleUrl>#pointStyle</styleUrl>
      <Point><coordinates>-72.265509,2.271463,0</coordinates></Point>
    </Placemark>
    <Placemark>
      <n>#2734 HERMES-01</n>
      <description> No disponible | Estado: REENVIO PENDIENTE | Bat: 0%</description>
      <styleUrl>#pointStyle</styleUrl>
      <Point><coordinates>-72.265507,2.271465,0</coordinates></Point>
    </Placemark>
    <Placemark>
      <n>#2735 HERMES-01</n>
      <description> No disponible | Estado: REENVIO PENDIENTE | Bat: 0%</description>
      <styleUrl>#pointStyle</styleUrl>
      <Point><coordinates>-72.265511,2.271468,0</coordinates></Point>
    </Placemark>
    <Placemark>
      <n>#2736 HERMES-01</n>
      <description> No disponible | Estado: REENVIO PENDIENTE | Bat: 0%</description>
      <styleUrl>#pointStyle</styleUrl>
      <Point><coordinates>-72.2655,2.271472,0</coordinates></Point>
    </Placemark>
    <Placemark>
      <n>#2737 HERMES-01</n>
      <description> No disponible | Estado: REENVIO PENDIENTE | Bat: 0%</description>
      <styleUrl>#pointStyle</styleUrl>
      <Point><coordinates>-72.265522,2.271491,0</coordinates></Point>
    </Placemark>
    <Placemark>
      <n>#2738 HERMES-01</n>
      <description>26/07/2026 18:40:55 | Estado: NUEVA UBICACION | Bat: 0%</description>
      <styleUrl>#pointStyle</styleUrl>
      <Point><coordinates>-72.33165417,2.237990667,0</coordinates></Point>
    </Placemark>
    <Placemark>
      <n>#2739 HERMES-01</n>
      <description>27/07/2026 10:46:31 | Estado: NUEVA UBICACION | Bat: 0%</description>
      <styleUrl>#pointStyle</styleUrl>
      <Point><coordinates>-72.33162767,2.237998333,0</coordinates></Point>
    </Placemark>
    <Placemark>
      <n>#2740 HERMES-01</n>
      <description> No disponible | Estado: NUEVA UBICACION | Bat: 0%</description>
      <styleUrl>#pointStyle</styleUrl>
      <Point><coordinates>-72.3316525,2.237999833,0</coordinates></Point>
    </Placemark>
    <Placemark>
      <n>#2741 HERMES-01</n>
      <description> No disponible | Estado: NUEVA UBICACION | Bat: 0%</description>
      <styleUrl>#pointStyle</styleUrl>
      <Point><coordinates>-72.331628,2.2380015,0</coordinates></Point>
    </Placemark>
    <Placemark>
      <n>#2742 HERMES-01</n>
      <description> No disponible | Estado: NUEVA UBICACION | Bat: 0%</description>
      <styleUrl>#pointStyle</styleUrl>
      <Point><coordinates>-72.33163217,2.237999667,0</coordinates></Point>
    </Placemark>
    <Placemark>
      <n>#2743 HERMES-01</n>
      <description>27/07/2026 12:46:41 | Estado: NUEVA UBICACION | Bat: 0%</description>
      <styleUrl>#pointStyle</styleUrl>
      <Point><coordinates>-72.33162467,2.237993,0</coordinates></Point>
    </Placemark>
    <Placemark>
      <n>#2744 HERMES-01</n>
      <description>27/07/2026 14:47:22 | Estado: NUEVA UBICACION | Bat: 0%</description>
      <styleUrl>#pointStyle</styleUrl>
      <Point><coordinates>-72.33162883,2.237997,0</coordinates></Point>
    </Placemark>
    <Placemark>
      <n>#2745 HERMES-01</n>
      <description>27/07/2026 15:47:33 | Estado: NUEVA UBICACION | Bat: 0%</description>
      <styleUrl>#pointStyle</styleUrl>
      <Point><coordinates>-72.331645,2.237991833,0</coordinates></Point>
    </Placemark>
    <Placemark>
      <n>#2746 HERMES-01</n>
      <description>27/07/2026 16:17:26 | Estado: NUEVA UBICACION | Bat: 0%</description>
      <styleUrl>#pointStyle</styleUrl>
      <Point><coordinates>-72.33164017,2.238008,0</coordinates></Point>
    </Placemark>
    <Placemark>
      <n>#2747 HERMES-01</n>
      <description>27/07/2026 18:47:56 | Estado: NUEVA UBICACION | Bat: 0%</description>
      <styleUrl>#pointStyle</styleUrl>
      <Point><coordinates>-72.331604,2.2379845,0</coordinates></Point>
    </Placemark>
    <Placemark>
      <n>#2748 HERMES-01</n>
      <description>27/07/2026 21:41:49 | Estado: NUEVA UBICACION | Bat: 0%</description>
      <styleUrl>#pointStyle</styleUrl>
      <Point><coordinates>-72.33162867,2.237978,0</coordinates></Point>
    </Placemark>
    <Placemark>
      <n>#2749 HERMES-01</n>
      <description>27/07/2026 22:11:49 | Estado: NUEVA UBICACION | Bat: 0%</description>
      <styleUrl>#pointStyle</styleUrl>
      <Point><coordinates>-72.33164333,2.2379995,0</coordinates></Point>
    </Placemark>
    <Placemark>
      <n>#2750 HERMES-01</n>
      <description> No disponible | Estado: NUEVA UBICACION | Bat: 0%</description>
      <styleUrl>#pointStyle</styleUrl>
      <Point><coordinates>-72.3316235,2.238012833,0</coordinates></Point>
    </Placemark>
    <Placemark>
      <n>#2751 HERMES-01</n>
      <description>27/07/2026 22:41:49 | Estado: NUEVA UBICACION | Bat: 0%</description>
      <styleUrl>#pointStyle</styleUrl>
      <Point><coordinates>-72.33162667,2.237962833,0</coordinates></Point>
    </Placemark>
    <Placemark>
      <n>#2752 HERMES-01</n>
      <description> No disponible | Estado: NUEVA UBICACION | Bat: 0%</description>
      <styleUrl>#pointStyle</styleUrl>
      <Point><coordinates>-72.3316335,2.2380085,0</coordinates></Point>
    </Placemark>
    <Placemark>
      <n>#2753 HERMES-01</n>
      <description>28/07/2026 00:18:55 | Estado: NUEVA UBICACION | Bat: 0%</description>
      <styleUrl>#pointStyle</styleUrl>
      <Point><coordinates>-72.33164217,2.238000333,0</coordinates></Point>
    </Placemark>
    <Placemark>
      <n>#2754 HERMES-01</n>
      <description>28/07/2026 00:48:54 | Estado: NUEVA UBICACION | Bat: 0%</description>
      <styleUrl>#pointStyle</styleUrl>
      <Point><coordinates>-72.33161733,2.237965333,0</coordinates></Point>
    </Placemark>
    <Placemark>
      <n>#2755 HERMES-01</n>
      <description>28/07/2026 01:18:54 | Estado: NUEVA UBICACION | Bat: 0%</description>
      <styleUrl>#pointStyle</styleUrl>
      <Point><coordinates>-72.3316295,2.237985,0</coordinates></Point>
    </Placemark>
    <Placemark>
      <n>#2756 HERMES-01</n>
      <description>28/07/2026 04:49:35 | Estado: NUEVA UBICACION | Bat: 0%</description>
      <styleUrl>#pointStyle</styleUrl>
      <Point><coordinates>-72.331644,2.238002333,0</coordinates></Point>
    </Placemark>
    <Placemark>
      <n>#2757 HERMES-01</n>
      <description>28/07/2026 05:19:35 | Estado: NUEVA UBICACION | Bat: 0%</description>
      <styleUrl>#pointStyle</styleUrl>
      <Point><coordinates>-72.33162833,2.237973,0</coordinates></Point>
    </Placemark>
    <Placemark>
      <n>#2758 HERMES-01</n>
      <description>28/07/2026 05:49:34 | Estado: NUEVA UBICACION | Bat: 0%</description>
      <styleUrl>#pointStyle</styleUrl>
      <Point><coordinates>-72.3316225,2.237986333,0</coordinates></Point>
    </Placemark>
    <Placemark>
      <n>#2759 HERMES-01</n>
      <description>28/07/2026 06:49:45 | Estado: NUEVA UBICACION | Bat: 0%</description>
      <styleUrl>#pointStyle</styleUrl>
      <Point><coordinates>-72.3316345,2.237999333,0</coordinates></Point>
    </Placemark>
    <Placemark>
      <n>#2760 HERMES-01</n>
      <description>28/07/2026 07:19:45 | Estado: NUEVA UBICACION | Bat: 0%</description>
      <styleUrl>#pointStyle</styleUrl>
      <Point><coordinates>-72.33163533,2.238001667,0</coordinates></Point>
    </Placemark>
    <Placemark>
      <n>#2761 HERMES-01</n>
      <description>28/07/2026 08:19:57 | Estado: NUEVA UBICACION | Bat: 0%</description>
      <styleUrl>#pointStyle</styleUrl>
      <Point><coordinates>-72.33163483,2.238020667,0</coordinates></Point>
    </Placemark>
    <Placemark>
      <n>#2762 HERMES-01</n>
      <description> No disponible | Estado: NUEVA UBICACION | Bat: 0%</description>
      <styleUrl>#pointStyle</styleUrl>
      <Point><coordinates>-72.3316425,2.238021833,0</coordinates></Point>
    </Placemark>
    <Placemark>
      <n>#2763 HERMES-01</n>
      <description>28/07/2026 11:21:03 | Estado: NUEVA UBICACION | Bat: 0%</description>
      <styleUrl>#pointStyle</styleUrl>
      <Point><coordinates>-72.331656,2.237999667,0</coordinates></Point>
    </Placemark>
    <Placemark>
      <n>#2764 HERMES-01</n>
      <description>28/07/2026 20:18:23 | Estado: NUEVA UBICACION | Bat: 0%</description>
      <styleUrl>#pointStyle</styleUrl>
      <Point><coordinates>-72.33161817,2.2379775,0</coordinates></Point>
    </Placemark>
    <Placemark>
      <n>#2765 HERMES-01</n>
      <description>28/07/2026 23:18:54 | Estado: NUEVA UBICACION | Bat: 0%</description>
      <styleUrl>#pointStyle</styleUrl>
      <Point><coordinates>-72.33162533,2.237981,0</coordinates></Point>
    </Placemark>
    <Placemark>
      <n>#2766 HERMES-01</n>
      <description>28/07/2026 23:48:54 | Estado: NUEVA UBICACION | Bat: 0%</description>
      <styleUrl>#pointStyle</styleUrl>
      <Point><coordinates>-72.33164283,2.2379905,0</coordinates></Point>
    </Placemark>
    <Placemark>
      <n>#2767 HERMES-01</n>
      <description>29/07/2026 09:28:54 | Estado: NUEVA UBICACION | Bat: 0%</description>
      <styleUrl>#pointStyle</styleUrl>
      <Point><coordinates>-72.331634,2.238009333,0</coordinates></Point>
    </Placemark>
    <Placemark>
      <n>#2768 HERMES-01</n>
      <description>29/07/2026 09:58:57 | Estado: NUEVA UBICACION | Bat: 0%</description>
      <styleUrl>#pointStyle</styleUrl>
      <Point><coordinates>-72.33162967,2.238025,0</coordinates></Point>
    </Placemark>
    <Placemark>
      <n>#2769 HERMES-01</n>
      <description>29/07/2026 10:59:16 | Estado: NUEVA UBICACION | Bat: 0%</description>
      <styleUrl>#pointStyle</styleUrl>
      <Point><coordinates>-72.33163817,2.238010167,0</coordinates></Point>
    </Placemark>
    <Placemark>
      <n>#2770 HERMES-01</n>
      <description> No disponible | Estado: NUEVA UBICACION | Bat: 0%</description>
      <styleUrl>#pointStyle</styleUrl>
      <Point><coordinates>-72.331656,2.237993667,0</coordinates></Point>
    </Placemark>
    <Placemark>
      <n>#2771 HERMES-01</n>
      <description>29/07/2026 11:59:23 | Estado: NUEVA UBICACION | Bat: 0%</description>
      <styleUrl>#pointStyle</styleUrl>
      <Point><coordinates>-72.3316595,2.238017833,0</coordinates></Point>
    </Placemark>
    <Placemark>
      <n>#2772 HERMES-01</n>
      <description>29/07/2026 14:31:53 | Estado: REENVIO PENDIENTE | Bat: 0%</description>
      <styleUrl>#pointStyle</styleUrl>
      <Point><coordinates>-72.424376,2.23786,0</coordinates></Point>
    </Placemark>
    <Placemark>
      <n>#2773 HERMES-01</n>
      <description>29/07/2026 15:02:32 | Estado: REENVIO PENDIENTE | Bat: 0%</description>
      <styleUrl>#pointStyle</styleUrl>
      <Point><coordinates>-72.438458,2.20218,0</coordinates></Point>
    </Placemark>
    <Placemark>
      <n>#2774 HERMES-01</n>
      <description>29/07/2026 15:33:11 | Estado: REENVIO PENDIENTE | Bat: 0%</description>
      <styleUrl>#pointStyle</styleUrl>
      <Point><coordinates>-72.398553,2.166833,0</coordinates></Point>
    </Placemark>
    <Placemark>
      <n>#2775 HERMES-01</n>
      <description>29/07/2026 16:03:52 | Estado: REENVIO PENDIENTE | Bat: 0%</description>
      <styleUrl>#pointStyle</styleUrl>
      <Point><coordinates>-72.344417,2.139862,0</coordinates></Point>
    </Placemark>
    <Placemark>
      <n>#2776 HERMES-01</n>
      <description>29/07/2026 16:34:31 | Estado: REENVIO PENDIENTE | Bat: 0%</description>
      <styleUrl>#pointStyle</styleUrl>
      <Point><coordinates>-72.322459,2.127827,0</coordinates></Point>
    </Placemark>
    <Placemark>
      <n>#2777 HERMES-01</n>
      <description>29/07/2026 17:05:10 | Estado: REENVIO PENDIENTE | Bat: 0%</description>
      <styleUrl>#pointStyle</styleUrl>
      <Point><coordinates>-72.303294,2.123082,0</coordinates></Point>
    </Placemark>
    <Placemark>
      <n>#2778 HERMES-01</n>
      <description>29/07/2026 17:35:48 | Estado: REENVIO PENDIENTE | Bat: 0%</description>
      <styleUrl>#pointStyle</styleUrl>
      <Point><coordinates>-72.303301,2.123101,0</coordinates></Point>
    </Placemark>
    <Placemark>
      <n>#2779 HERMES-01</n>
      <description>29/07/2026 18:06:29 | Estado: REENVIO PENDIENTE | Bat: 0%</description>
      <styleUrl>#pointStyle</styleUrl>
      <Point><coordinates>-72.303366,2.123086,0</coordinates></Point>
    </Placemark>
    <Placemark>
      <n>#2780 HERMES-01</n>
      <description>29/07/2026 19:24:00 | Estado: NUEVA UBICACION | Bat: 0%</description>
      <styleUrl>#pointStyle</styleUrl>
      <Point><coordinates>-72.33161817,2.237991667,0</coordinates></Point>
    </Placemark>
    <Placemark>
      <n>#2781 HERMES-01</n>
      <description>29/07/2026 22:55:10 | Estado: NUEVA UBICACION | Bat: 0%</description>
      <styleUrl>#pointStyle</styleUrl>
      <Point><coordinates>-72.331619,2.238004,0</coordinates></Point>
    </Placemark>
    <Placemark>
      <n>#2782 HERMES-01</n>
      <description>29/07/2026 23:25:10 | Estado: NUEVA UBICACION | Bat: 0%</description>
      <styleUrl>#pointStyle</styleUrl>
      <Point><coordinates>-72.331621,2.23797,0</coordinates></Point>
    </Placemark>
    <Placemark>
      <n>#2783 HERMES-01</n>
      <description>30/07/2026 00:14:29 | Estado: REENVIO PENDIENTE | Bat: 0%</description>
      <styleUrl>#pointStyle</styleUrl>
      <Point><coordinates>-72.303302,2.123075,0</coordinates></Point>
    </Placemark>
    <Placemark>
      <n>#2784 HERMES-01</n>
      <description>30/07/2026 00:45:08 | Estado: REENVIO PENDIENTE | Bat: 0%</description>
      <styleUrl>#pointStyle</styleUrl>
      <Point><coordinates>-72.303301,2.123066,0</coordinates></Point>
    </Placemark>
    <Placemark>
      <n>#2785 HERMES-01</n>
      <description>30/07/2026 01:15:47 | Estado: REENVIO PENDIENTE | Bat: 0%</description>
      <styleUrl>#pointStyle</styleUrl>
      <Point><coordinates>-72.303259,2.123059,0</coordinates></Point>
    </Placemark>
    <Placemark>
      <n>#2786 HERMES-01</n>
      <description>30/07/2026 01:46:25 | Estado: REENVIO PENDIENTE | Bat: 0%</description>
      <styleUrl>#pointStyle</styleUrl>
      <Point><coordinates>-72.30331,2.123076,0</coordinates></Point>
    </Placemark>
    <Placemark>
      <n>#2787 HERMES-01</n>
      <description>30/07/2026 02:17:06 | Estado: REENVIO PENDIENTE | Bat: 0%</description>
      <styleUrl>#pointStyle</styleUrl>
      <Point><coordinates>-72.30331,2.123057,0</coordinates></Point>
    </Placemark>
    <Placemark>
      <n>#2788 HERMES-01</n>
      <description>30/07/2026 02:47:45 | Estado: REENVIO PENDIENTE | Bat: 0%</description>
      <styleUrl>#pointStyle</styleUrl>
      <Point><coordinates>-72.3033,2.123071,0</coordinates></Point>
    </Placemark>
    <Placemark>
      <n>#2789 HERMES-01</n>
      <description>30/07/2026 03:18:26 | Estado: REENVIO PENDIENTE | Bat: 0%</description>
      <styleUrl>#pointStyle</styleUrl>
      <Point><coordinates>-72.303332,2.123066,0</coordinates></Point>
    </Placemark>
    <Placemark>
      <n>#2790 HERMES-01</n>
      <description>30/07/2026 03:49:07 | Estado: REENVIO PENDIENTE | Bat: 0%</description>
      <styleUrl>#pointStyle</styleUrl>
      <Point><coordinates>-72.30331,2.123056,0</coordinates></Point>
    </Placemark>
    <Placemark>
      <n>#2791 HERMES-01</n>
      <description>30/07/2026 04:19:46 | Estado: REENVIO PENDIENTE | Bat: 0%</description>
      <styleUrl>#pointStyle</styleUrl>
      <Point><coordinates>-72.303303,2.123064,0</coordinates></Point>
    </Placemark>
    <Placemark>
      <n>#2792 HERMES-01</n>
      <description>30/07/2026 05:21:04 | Estado: REENVIO PENDIENTE | Bat: 0%</description>
      <styleUrl>#pointStyle</styleUrl>
      <Point><coordinates>-72.303332,2.123057,0</coordinates></Point>
    </Placemark>
    <Placemark>
      <n>#2793 HERMES-01</n>
      <description>30/07/2026 05:51:41 | Estado: REENVIO PENDIENTE | Bat: 0%</description>
      <styleUrl>#pointStyle</styleUrl>
      <Point><coordinates>-72.303273,2.123085,0</coordinates></Point>
    </Placemark>
    <Placemark>
      <n>#2794 HERMES-01</n>
      <description>30/07/2026 06:52:59 | Estado: REENVIO PENDIENTE | Bat: 0%</description>
      <styleUrl>#pointStyle</styleUrl>
      <Point><coordinates>-72.303269,2.123021,0</coordinates></Point>
    </Placemark>
    <Placemark>
      <n>#2795 HERMES-01</n>
      <description>30/07/2026 07:23:37 | Estado: REENVIO PENDIENTE | Bat: 0%</description>
      <styleUrl>#pointStyle</styleUrl>
      <Point><coordinates>-72.286765,2.13482,0</coordinates></Point>
    </Placemark>
    <Placemark>
      <n>#2796 HERMES-01</n>
      <description>30/07/2026 08:24:58 | Estado: REENVIO PENDIENTE | Bat: 0%</description>
      <styleUrl>#pointStyle</styleUrl>
      <Point><coordinates>-72.268353,2.145304,0</coordinates></Point>
    </Placemark>
    <Placemark>
      <n>#2797 HERMES-01</n>
      <description>30/07/2026 09:26:19 | Estado: REENVIO PENDIENTE | Bat: 0%</description>
      <styleUrl>#pointStyle</styleUrl>
      <Point><coordinates>-72.278485,2.154078,0</coordinates></Point>
    </Placemark>
    <Placemark>
      <n>#2798 HERMES-01</n>
      <description>30/07/2026 09:56:58 | Estado: REENVIO PENDIENTE | Bat: 0%</description>
      <styleUrl>#pointStyle</styleUrl>
      <Point><coordinates>-72.284413,2.14864,0</coordinates></Point>
    </Placemark>
    <Placemark>
      <n>#2799 HERMES-01</n>
      <description>30/07/2026 10:27:39 | Estado: REENVIO PENDIENTE | Bat: 0%</description>
      <styleUrl>#pointStyle</styleUrl>
      <Point><coordinates>-72.28682,2.13503,0</coordinates></Point>
    </Placemark>
    <Placemark>
      <n>#2800 HERMES-01</n>
      <description>30/07/2026 10:58:21 | Estado: REENVIO PENDIENTE | Bat: 0%</description>
      <styleUrl>#pointStyle</styleUrl>
      <Point><coordinates>-72.286727,2.134477,0</coordinates></Point>
    </Placemark>
    <Placemark>
      <n>#2801 HERMES-01</n>
      <description> No disponible | Estado: REENVIO PENDIENTE | Bat: 0%</description>
      <styleUrl>#pointStyle</styleUrl>
      <Point><coordinates>-72.424364,2.237836,0</coordinates></Point>
    </Placemark>
    <Placemark>
      <n>#2802 HERMES-01</n>
      <description> No disponible | Estado: REENVIO PENDIENTE | Bat: 0%</description>
      <styleUrl>#pointStyle</styleUrl>
      <Point><coordinates>-72.303315,2.123073,0</coordinates></Point>
    </Placemark>
    <Placemark>
      <n>#2803 HERMES-01</n>
      <description> No disponible | Estado: REENVIO PENDIENTE | Bat: 0%</description>
      <styleUrl>#pointStyle</styleUrl>
      <Point><coordinates>-72.303279,2.123046,0</coordinates></Point>
    </Placemark>
    <Placemark>
      <n>#2804 HERMES-01</n>
      <description> No disponible | Estado: REENVIO PENDIENTE | Bat: 0%</description>
      <styleUrl>#pointStyle</styleUrl>
      <Point><coordinates>-72.303304,2.123072,0</coordinates></Point>
    </Placemark>
    <Placemark>
      <n>#2805 HERMES-01</n>
      <description> No disponible | Estado: REENVIO PENDIENTE | Bat: 0%</description>
      <styleUrl>#pointStyle</styleUrl>
      <Point><coordinates>-72.30329,2.123082,0</coordinates></Point>
    </Placemark>
    <Placemark>
      <n>#2806 HERMES-01</n>
      <description> No disponible | Estado: REENVIO PENDIENTE | Bat: 0%</description>
      <styleUrl>#pointStyle</styleUrl>
      <Point><coordinates>-72.303326,2.123069,0</coordinates></Point>
    </Placemark>
    <Placemark>
      <n>#2807 HERMES-01</n>
      <description> No disponible | Estado: REENVIO PENDIENTE | Bat: 0%</description>
      <styleUrl>#pointStyle</styleUrl>
      <Point><coordinates>-72.303329,2.123003,0</coordinates></Point>
    </Placemark>
    <Placemark>
      <n>#2808 HERMES-01</n>
      <description> No disponible | Estado: REENVIO PENDIENTE | Bat: 0%</description>
      <styleUrl>#pointStyle</styleUrl>
      <Point><coordinates>-72.286727,2.136664,0</coordinates></Point>
    </Placemark>
    <Placemark>
      <n>#2809 HERMES-01</n>
      <description> No disponible | Estado: REENVIO PENDIENTE | Bat: 0%</description>
      <styleUrl>#pointStyle</styleUrl>
      <Point><coordinates>-72.268819,2.145698,0</coordinates></Point>
    </Placemark>
    <Placemark>
      <n>#2810 HERMES-01</n>
      <description> No disponible | Estado: REENVIO PENDIENTE | Bat: 0%</description>
      <styleUrl>#pointStyle</styleUrl>
      <Point><coordinates>-72.303433,2.123011,0</coordinates></Point>
    </Placemark>
    <Placemark>
      <n>#2811 HERMES-01</n>
      <description>30/07/2026 12:03:39 | Estado: NUEVA UBICACION | Bat: 0%</description>
      <styleUrl>#pointStyle</styleUrl>
      <Point><coordinates>-72.33338017,2.131486,0</coordinates></Point>
    </Placemark>
    <Placemark>
      <n>#2812 HERMES-01</n>
      <description>30/07/2026 12:35:44 | Estado: NUEVA UBICACION | Bat: 0%</description>
      <styleUrl>#pointStyle</styleUrl>
      <Point><coordinates>-72.33460517,2.1327795,0</coordinates></Point>
    </Placemark>
    <Placemark>
      <n>#2813 HERMES-01</n>
      <description> No disponible | Estado: NUEVA UBICACION | Bat: 0%</description>
      <styleUrl>#pointStyle</styleUrl>
      <Point><coordinates>-72.42690967,2.187899833,0</coordinates></Point>
    </Placemark>
    <Placemark>
      <n>#2814 HERMES-01</n>
      <description>30/07/2026 14:07:32 | Estado: NUEVA UBICACION | Bat: 0%</description>
      <styleUrl>#pointStyle</styleUrl>
      <Point><coordinates>-72.42733817,2.187253333,0</coordinates></Point>
    </Placemark>
    <Placemark>
      <n>#2815 HERMES-01</n>
      <description>30/07/2026 15:08:24 | Estado: NUEVA UBICACION | Bat: 0%</description>
      <styleUrl>#pointStyle</styleUrl>
      <Point><coordinates>-72.42735583,2.187287667,0</coordinates></Point>
    </Placemark>
    <Placemark>
      <n>#2816 HERMES-01</n>
      <description>30/07/2026 15:38:33 | Estado: NUEVA UBICACION | Bat: 0%</description>
      <styleUrl>#pointStyle</styleUrl>
      <Point><coordinates>-72.42735883,2.187246833,0</coordinates></Point>
    </Placemark>
    <Placemark>
      <n>#2817 HERMES-01</n>
      <description>30/07/2026 16:08:37 | Estado: NUEVA UBICACION | Bat: 0%</description>
      <styleUrl>#pointStyle</styleUrl>
      <Point><coordinates>-72.4273585,2.187240833,0</coordinates></Point>
    </Placemark>
    <Placemark>
      <n>#2818 HERMES-01</n>
      <description>30/07/2026 16:38:38 | Estado: NUEVA UBICACION | Bat: 0%</description>
      <styleUrl>#pointStyle</styleUrl>
      <Point><coordinates>-72.42736383,2.187265167,0</coordinates></Point>
    </Placemark>
    <Placemark>
      <n>#2819 HERMES-01</n>
      <description>30/07/2026 17:08:40 | Estado: NUEVA UBICACION | Bat: 0%</description>
      <styleUrl>#pointStyle</styleUrl>
      <Point><coordinates>-72.42734417,2.1872375,0</coordinates></Point>
    </Placemark>
    <Placemark>
      <n>#2820 HERMES-01</n>
      <description>30/07/2026 19:38:31 | Estado: REENVIO PENDIENTE | Bat: 0%</description>
      <styleUrl>#pointStyle</styleUrl>
      <Point><coordinates>-72.303314,2.123084,0</coordinates></Point>
    </Placemark>
    <Placemark>
      <n>#2821 HERMES-01</n>
      <description>30/07/2026 20:09:11 | Estado: REENVIO PENDIENTE | Bat: 0%</description>
      <styleUrl>#pointStyle</styleUrl>
      <Point><coordinates>-72.303297,2.123058,0</coordinates></Point>
    </Placemark>
    <Placemark>
      <n>#2822 HERMES-01</n>
      <description>30/07/2026 21:10:30 | Estado: REENVIO PENDIENTE | Bat: 0%</description>
      <styleUrl>#pointStyle</styleUrl>
      <Point><coordinates>-72.303344,2.123068,0</coordinates></Point>
    </Placemark>
    <Placemark>
      <n>#2823 HERMES-01</n>
      <description>30/07/2026 22:11:52 | Estado: REENVIO PENDIENTE | Bat: 0%</description>
      <styleUrl>#pointStyle</styleUrl>
      <Point><coordinates>-72.303347,2.123064,0</coordinates></Point>
    </Placemark>
    <Placemark>
      <n>#2824 HERMES-01</n>
      <description>30/07/2026 22:42:31 | Estado: REENVIO PENDIENTE | Bat: 0%</description>
      <styleUrl>#pointStyle</styleUrl>
      <Point><coordinates>-72.303309,2.12305,0</coordinates></Point>
    </Placemark>
    <Placemark>
      <n>#2825 HERMES-01</n>
      <description>30/07/2026 23:13:09 | Estado: REENVIO PENDIENTE | Bat: 0%</description>
      <styleUrl>#pointStyle</styleUrl>
      <Point><coordinates>-72.303292,2.123057,0</coordinates></Point>
    </Placemark>
    <Placemark>
      <n>#2826 HERMES-01</n>
      <description>30/07/2026 23:43:50 | Estado: REENVIO PENDIENTE | Bat: 0%</description>
      <styleUrl>#pointStyle</styleUrl>
      <Point><coordinates>-72.3033,2.123061,0</coordinates></Point>
    </Placemark>
    <Placemark>
      <n>#2827 HERMES-01</n>
      <description>31/07/2026 00:16:23 | Estado: REENVIO PENDIENTE | Bat: 0%</description>
      <styleUrl>#pointStyle</styleUrl>
      <Point><coordinates>-72.427354,2.187245,0</coordinates></Point>
    </Placemark>
    <Placemark>
      <n>#2828 HERMES-01</n>
      <description>31/07/2026 00:47:03 | Estado: REENVIO PENDIENTE | Bat: 0%</description>
      <styleUrl>#pointStyle</styleUrl>
      <Point><coordinates>-72.427353,2.187242,0</coordinates></Point>
    </Placemark>
    <Placemark>
      <n>#2829 HERMES-01</n>
      <description>31/07/2026 01:17:42 | Estado: REENVIO PENDIENTE | Bat: 0%</description>
      <styleUrl>#pointStyle</styleUrl>
      <Point><coordinates>-72.427353,2.187256,0</coordinates></Point>
    </Placemark>
    <Placemark>
      <n>#2830 HERMES-01</n>
      <description>31/07/2026 01:48:21 | Estado: REENVIO PENDIENTE | Bat: 0%</description>
      <styleUrl>#pointStyle</styleUrl>
      <Point><coordinates>-72.42734,2.187258,0</coordinates></Point>
    </Placemark>
    <Placemark>
      <n>#2831 HERMES-01</n>
      <description>31/07/2026 02:18:59 | Estado: REENVIO PENDIENTE | Bat: 0%</description>
      <styleUrl>#pointStyle</styleUrl>
      <Point><coordinates>-72.427353,2.187231,0</coordinates></Point>
    </Placemark>
    <Placemark>
      <n>#2832 HERMES-01</n>
      <description>31/07/2026 02:49:38 | Estado: REENVIO PENDIENTE | Bat: 0%</description>
      <styleUrl>#pointStyle</styleUrl>
      <Point><coordinates>-72.427337,2.18724,0</coordinates></Point>
    </Placemark>
    <Placemark>
      <n>#2833 HERMES-01</n>
      <description>31/07/2026 03:20:17 | Estado: REENVIO PENDIENTE | Bat: 0%</description>
      <styleUrl>#pointStyle</styleUrl>
      <Point><coordinates>-72.427351,2.187245,0</coordinates></Point>
    </Placemark>
    <Placemark>
      <n>#2834 HERMES-01</n>
      <description>31/07/2026 04:21:33 | Estado: REENVIO PENDIENTE | Bat: 0%</description>
      <styleUrl>#pointStyle</styleUrl>
      <Point><coordinates>-72.427363,2.187235,0</coordinates></Point>
    </Placemark>
    <Placemark>
      <n>#2835 HERMES-01</n>
      <description>31/07/2026 05:22:52 | Estado: REENVIO PENDIENTE | Bat: 0%</description>
      <styleUrl>#pointStyle</styleUrl>
      <Point><coordinates>-72.427355,2.187252,0</coordinates></Point>
    </Placemark>
    <Placemark>
      <n>#2836 HERMES-01</n>
      <description>31/07/2026 05:53:32 | Estado: REENVIO PENDIENTE | Bat: 0%</description>
      <styleUrl>#pointStyle</styleUrl>
      <Point><coordinates>-72.427359,2.187242,0</coordinates></Point>
    </Placemark>
    <Placemark>
      <n>#2837 HERMES-01</n>
      <description>31/07/2026 06:24:09 | Estado: REENVIO PENDIENTE | Bat: 0%</description>
      <styleUrl>#pointStyle</styleUrl>
      <Point><coordinates>-72.427359,2.187242,0</coordinates></Point>
    </Placemark>
    <Placemark>
      <n>#2838 HERMES-01</n>
      <description> No disponible | Estado: REENVIO PENDIENTE | Bat: 0%</description>
      <styleUrl>#pointStyle</styleUrl>
      <Point><coordinates>-72.427342,2.187241,0</coordinates></Point>
    </Placemark>
    <Placemark>
      <n>#2839 HERMES-01</n>
      <description> No disponible | Estado: REENVIO PENDIENTE | Bat: 0%</description>
      <styleUrl>#pointStyle</styleUrl>
      <Point><coordinates>-72.427353,2.18725,0</coordinates></Point>
    </Placemark>
    <Placemark>
      <n>#2840 HERMES-01</n>
      <description> No disponible | Estado: REENVIO PENDIENTE | Bat: 0%</description>
      <styleUrl>#pointStyle</styleUrl>
      <Point><coordinates>-72.427387,2.18724,0</coordinates></Point>
    </Placemark>
    <Placemark>
      <n>#2841 HERMES-01</n>
      <description> No disponible | Estado: NUEVA UBICACION | Bat: 0%</description>
      <styleUrl>#pointStyle</styleUrl>
      <Point><coordinates>-72.427369,2.187268,0</coordinates></Point>
    </Placemark>
    <Placemark>
      <n>#2842 HERMES-01</n>
      <description>31/07/2026 09:58:37 | Estado: NUEVA UBICACION | Bat: 0%</description>
      <styleUrl>#pointStyle</styleUrl>
      <Point><coordinates>-72.4273665,2.187269,0</coordinates></Point>
    </Placemark>
    <Placemark>
      <n>#2843 HERMES-01</n>
      <description> No disponible | Estado: NUEVA UBICACION | Bat: 0%</description>
      <styleUrl>#pointStyle</styleUrl>
      <Point><coordinates>-72.42735283,2.187255333,0</coordinates></Point>
    </Placemark>
    <Placemark>
      <n>#2844 HERMES-01</n>
      <description>31/07/2026 10:58:49 | Estado: NUEVA UBICACION | Bat: 0%</description>
      <styleUrl>#pointStyle</styleUrl>
      <Point><coordinates>-72.4273755,2.187257333,0</coordinates></Point>
    </Placemark>
    <Placemark>
      <n>#2845 HERMES-01</n>
      <description>31/07/2026 11:28:55 | Estado: NUEVA UBICACION | Bat: 0%</description>
      <styleUrl>#pointStyle</styleUrl>
      <Point><coordinates>-72.42735217,2.187272167,0</coordinates></Point>
    </Placemark>
    <Placemark>
      <n>#2846 HERMES-01</n>
      <description>31/07/2026 13:29:45 | Estado: NUEVA UBICACION | Bat: 0%</description>
      <styleUrl>#pointStyle</styleUrl>
      <Point><coordinates>-72.42738367,2.187240167,0</coordinates></Point>
    </Placemark>
    <Placemark>
      <n>#2847 HERMES-01</n>
      <description>31/07/2026 17:31:10 | Estado: NUEVA UBICACION | Bat: 0%</description>
      <styleUrl>#pointStyle</styleUrl>
      <Point><coordinates>-72.42734667,2.187253333,0</coordinates></Point>
    </Placemark>
    <Placemark>
      <n>#2848 HERMES-01</n>
      <description>31/07/2026 20:41:54 | Estado: REENVIO PENDIENTE | Bat: 0%</description>
      <styleUrl>#pointStyle</styleUrl>
      <Point><coordinates>-72.427355,2.18723,0</coordinates></Point>
    </Placemark>
    <Placemark>
      <n>#2849 HERMES-01</n>
      <description>31/07/2026 21:12:33 | Estado: REENVIO PENDIENTE | Bat: 0%</description>
      <styleUrl>#pointStyle</styleUrl>
      <Point><coordinates>-72.42735,2.187229,0</coordinates></Point>
    </Placemark>
    <Placemark>
      <n>#2850 HERMES-01</n>
      <description>31/07/2026 21:43:12 | Estado: REENVIO PENDIENTE | Bat: 0%</description>
      <styleUrl>#pointStyle</styleUrl>
      <Point><coordinates>-72.427348,2.187248,0</coordinates></Point>
    </Placemark>
    <Placemark>
      <n>#2851 HERMES-01</n>
      <description>31/07/2026 22:13:50 | Estado: REENVIO PENDIENTE | Bat: 0%</description>
      <styleUrl>#pointStyle</styleUrl>
      <Point><coordinates>-72.427343,2.187254,0</coordinates></Point>
    </Placemark>
    <Placemark>
      <n>#2852 HERMES-01</n>
      <description>31/07/2026 22:44:26 | Estado: REENVIO PENDIENTE | Bat: 0%</description>
      <styleUrl>#pointStyle</styleUrl>
      <Point><coordinates>-72.427367,2.187255,0</coordinates></Point>
    </Placemark>
    <Placemark>
      <n>#2853 HERMES-01</n>
      <description>31/07/2026 23:15:05 | Estado: REENVIO PENDIENTE | Bat: 0%</description>
      <styleUrl>#pointStyle</styleUrl>
      <Point><coordinates>-72.42734,2.187253,0</coordinates></Point>
    </Placemark>
    <Placemark>
      <n>#2854 HERMES-01</n>
      <description>01/08/2026 02:05:27 | Estado: REENVIO PENDIENTE | Bat: 0%</description>
      <styleUrl>#pointStyle</styleUrl>
      <Point><coordinates>-72.42737,2.187256,0</coordinates></Point>
    </Placemark>
    <Placemark>
      <n>#2855 HERMES-01</n>
      <description>01/08/2026 03:06:44 | Estado: REENVIO PENDIENTE | Bat: 0%</description>
      <styleUrl>#pointStyle</styleUrl>
      <Point><coordinates>-72.427369,2.187237,0</coordinates></Point>
    </Placemark>
    <Placemark>
      <n>#2856 HERMES-01</n>
      <description>01/08/2026 04:38:41 | Estado: REENVIO PENDIENTE | Bat: 0%</description>
      <styleUrl>#pointStyle</styleUrl>
      <Point><coordinates>-72.427372,2.187247,0</coordinates></Point>
    </Placemark>
    <Placemark>
      <n>#2857 HERMES-01</n>
      <description>01/08/2026 05:09:19 | Estado: REENVIO PENDIENTE | Bat: 0%</description>
      <styleUrl>#pointStyle</styleUrl>
      <Point><coordinates>-72.42737,2.18725,0</coordinates></Point>
    </Placemark>
    <Placemark>
      <n>#2858 HERMES-01</n>
      <description>01/08/2026 05:39:55 | Estado: REENVIO PENDIENTE | Bat: 0%</description>
      <styleUrl>#pointStyle</styleUrl>
      <Point><coordinates>-72.427364,2.18725,0</coordinates></Point>
    </Placemark>
    <Placemark>
      <n>#2859 HERMES-01</n>
      <description>01/08/2026 06:10:33 | Estado: REENVIO PENDIENTE | Bat: 0%</description>
      <styleUrl>#pointStyle</styleUrl>
      <Point><coordinates>-72.42736,2.18725,0</coordinates></Point>
    </Placemark>
    <Placemark>
      <n>#2860 HERMES-01</n>
      <description> No disponible | Estado: REENVIO PENDIENTE | Bat: 0%</description>
      <styleUrl>#pointStyle</styleUrl>
      <Point><coordinates>-72.427367,2.187243,0</coordinates></Point>
    </Placemark>
    <Placemark>
      <n>#2861 HERMES-01</n>
      <description> No disponible | Estado: REENVIO PENDIENTE | Bat: 0%</description>
      <styleUrl>#pointStyle</styleUrl>
      <Point><coordinates>-72.427369,2.187221,0</coordinates></Point>
    </Placemark>
    <Placemark>
      <n>#2862 HERMES-01</n>
      <description> No disponible | Estado: REENVIO PENDIENTE | Bat: 0%</description>
      <styleUrl>#pointStyle</styleUrl>
      <Point><coordinates>-72.427367,2.187262,0</coordinates></Point>
    </Placemark>
    <Placemark>
      <n>#2863 HERMES-01</n>
      <description> No disponible | Estado: REENVIO PENDIENTE | Bat: 0%</description>
      <styleUrl>#pointStyle</styleUrl>
      <Point><coordinates>-72.427364,2.187241,0</coordinates></Point>
    </Placemark>
    <Placemark>
      <n>#2864 HERMES-01</n>
      <description>01/08/2026 06:42:09 | Estado: NUEVA UBICACION | Bat: 0%</description>
      <styleUrl>#pointStyle</styleUrl>
      <Point><coordinates>-72.42738717,2.187276,0</coordinates></Point>
    </Placemark>
    <Placemark>
      <n>#2865 HERMES-01</n>
      <description>01/08/2026 09:14:02 | Estado: REENVIO PENDIENTE | Bat: 0%</description>
      <styleUrl>#pointStyle</styleUrl>
      <Point><coordinates>-72.360958,2.224851,0</coordinates></Point>
    </Placemark>
    <Placemark>
      <n>#2866 HERMES-01</n>
      <description>01/08/2026 09:44:41 | Estado: REENVIO PENDIENTE | Bat: 0%</description>
      <styleUrl>#pointStyle</styleUrl>
      <Point><coordinates>-72.344227,2.21133,0</coordinates></Point>
    </Placemark>
    <Placemark>
      <n>#2867 HERMES-01</n>
      <description>01/08/2026 10:16:06 | Estado: NUEVA UBICACION | Bat: 0%</description>
      <styleUrl>#pointStyle</styleUrl>
      <Point><coordinates>-72.34420417,2.211273333,0</coordinates></Point>
    </Placemark>
    <Placemark>
      <n>#2868 HERMES-01</n>
      <description>01/08/2026 10:46:02 | Estado: NUEVA UBICACION | Bat: 0%</description>
      <styleUrl>#pointStyle</styleUrl>
      <Point><coordinates>-72.34413567,2.211262,0</coordinates></Point>
    </Placemark>
    <Placemark>
      <n>#2869 HERMES-01</n>
      <description>01/08/2026 16:49:20 | Estado: NUEVA UBICACION | Bat: 0%</description>
      <styleUrl>#pointStyle</styleUrl>
      <Point><coordinates>-72.33953117,2.202293833,0</coordinates></Point>
    </Placemark>
    <Placemark>
      <n>#2870 HERMES-01</n>
      <description>01/08/2026 17:19:18 | Estado: NUEVA UBICACION | Bat: 0%</description>
      <styleUrl>#pointStyle</styleUrl>
      <Point><coordinates>-72.33955383,2.202295667,0</coordinates></Point>
    </Placemark>
    <Placemark>
      <n>#2871 HERMES-01</n>
      <description>01/08/2026 18:20:11 | Estado: REENVIO PENDIENTE | Bat: 0%</description>
      <styleUrl>#pointStyle</styleUrl>
      <Point><coordinates>-72.339738,2.202803,0</coordinates></Point>
    </Placemark>
    <Placemark>
      <n>#2872 HERMES-01</n>
      <description>01/08/2026 18:50:49 | Estado: REENVIO PENDIENTE | Bat: 0%</description>
      <styleUrl>#pointStyle</styleUrl>
      <Point><coordinates>-72.339645,2.202751,0</coordinates></Point>
    </Placemark>
    <Placemark>
      <n>#2873 HERMES-01</n>
      <description>01/08/2026 20:32:14 | Estado: NUEVA UBICACION | Bat: 0%</description>
      <styleUrl>#pointStyle</styleUrl>
      <Point><coordinates>-72.4273515,2.187247,0</coordinates></Point>
    </Placemark>
    <Placemark>
      <n>#2874 HERMES-01</n>
      <description>02/08/2026 00:58:48 | Estado: REENVIO PENDIENTE | Bat: 0%</description>
      <styleUrl>#pointStyle</styleUrl>
      <Point><coordinates>-72.339705,2.202761,0</coordinates></Point>
    </Placemark>
    <Placemark>
      <n>#2875 HERMES-01</n>
      <description>02/08/2026 01:29:27 | Estado: REENVIO PENDIENTE | Bat: 0%</description>
      <styleUrl>#pointStyle</styleUrl>
      <Point><coordinates>-72.339717,2.202783,0</coordinates></Point>
    </Placemark>
    <Placemark>
      <n>#2876 HERMES-01</n>
      <description>02/08/2026 02:00:06 | Estado: REENVIO PENDIENTE | Bat: 0%</description>
      <styleUrl>#pointStyle</styleUrl>
      <Point><coordinates>-72.339635,2.202771,0</coordinates></Point>
    </Placemark>
    <Placemark>
      <n>#2877 HERMES-01</n>
      <description>02/08/2026 03:01:23 | Estado: REENVIO PENDIENTE | Bat: 0%</description>
      <styleUrl>#pointStyle</styleUrl>
      <Point><coordinates>-72.339651,2.202771,0</coordinates></Point>
    </Placemark>
    <Placemark>
      <n>#2878 HERMES-01</n>
      <description>02/08/2026 03:32:02 | Estado: REENVIO PENDIENTE | Bat: 0%</description>
      <styleUrl>#pointStyle</styleUrl>
      <Point><coordinates>-72.339739,2.202781,0</coordinates></Point>
    </Placemark>
    <Placemark>
      <n>#2879 HERMES-01</n>
      <description>02/08/2026 04:02:41 | Estado: REENVIO PENDIENTE | Bat: 0%</description>
      <styleUrl>#pointStyle</styleUrl>
      <Point><coordinates>-72.339796,2.202759,0</coordinates></Point>
    </Placemark>
    <Placemark>
      <n>#2880 HERMES-01</n>
      <description>02/08/2026 05:04:01 | Estado: REENVIO PENDIENTE | Bat: 0%</description>
      <styleUrl>#pointStyle</styleUrl>
      <Point><coordinates>-72.339701,2.202807,0</coordinates></Point>
    </Placemark>
    <Placemark>
      <n>#2881 HERMES-01</n>
      <description>02/08/2026 05:34:40 | Estado: REENVIO PENDIENTE | Bat: 0%</description>
      <styleUrl>#pointStyle</styleUrl>
      <Point><coordinates>-72.339653,2.202829,0</coordinates></Point>
    </Placemark>
    <Placemark>
      <n>#2882 HERMES-01</n>
      <description>02/08/2026 06:05:18 | Estado: REENVIO PENDIENTE | Bat: 0%</description>
      <styleUrl>#pointStyle</styleUrl>
      <Point><coordinates>-72.339629,2.202806,0</coordinates></Point>
    </Placemark>
    <Placemark>
      <n>#2883 HERMES-01</n>
      <description>02/08/2026 06:35:57 | Estado: REENVIO PENDIENTE | Bat: 0%</description>
      <styleUrl>#pointStyle</styleUrl>
      <Point><coordinates>-72.3397,2.202843,0</coordinates></Point>
    </Placemark>
    <Placemark>
      <n>#2884 HERMES-01</n>
      <description>02/08/2026 07:06:38 | Estado: REENVIO PENDIENTE | Bat: 0%</description>
      <styleUrl>#pointStyle</styleUrl>
      <Point><coordinates>-72.33968,2.202799,0</coordinates></Point>
    </Placemark>
    <Placemark>
      <n>#2885 HERMES-01</n>
      <description>02/08/2026 07:37:20 | Estado: REENVIO PENDIENTE | Bat: 0%</description>
      <styleUrl>#pointStyle</styleUrl>
      <Point><coordinates>-72.339693,2.202774,0</coordinates></Point>
    </Placemark>
    <Placemark>
      <n>#2886 HERMES-01</n>
      <description>02/08/2026 08:08:02 | Estado: REENVIO PENDIENTE | Bat: 0%</description>
      <styleUrl>#pointStyle</styleUrl>
      <Point><coordinates>-72.339728,2.202917,0</coordinates></Point>
    </Placemark>
    <Placemark>
      <n>#2887 HERMES-01</n>
      <description>02/08/2026 08:38:44 | Estado: REENVIO PENDIENTE | Bat: 0%</description>
      <styleUrl>#pointStyle</styleUrl>
      <Point><coordinates>-72.339597,2.202755,0</coordinates></Point>
    </Placemark>
    <Placemark>
      <n>#2888 HERMES-01</n>
      <description>02/08/2026 09:09:24 | Estado: REENVIO PENDIENTE | Bat: 0%</description>
      <styleUrl>#pointStyle</styleUrl>
      <Point><coordinates>-72.339733,2.202843,0</coordinates></Point>
    </Placemark>
    <Placemark>
      <n>#2889 HERMES-01</n>
      <description>02/08/2026 09:40:06 | Estado: REENVIO PENDIENTE | Bat: 0%</description>
      <styleUrl>#pointStyle</styleUrl>
      <Point><coordinates>-72.339658,2.202819,0</coordinates></Point>
    </Placemark>
    <Placemark>
      <n>#2890 HERMES-01</n>
      <description>02/08/2026 10:10:49 | Estado: REENVIO PENDIENTE | Bat: 0%</description>
      <styleUrl>#pointStyle</styleUrl>
      <Point><coordinates>-72.339606,2.202804,0</coordinates></Point>
    </Placemark>
    <Placemark>
      <n>#2891 HERMES-01</n>
      <description>02/08/2026 11:12:12 | Estado: REENVIO PENDIENTE | Bat: 0%</description>
      <styleUrl>#pointStyle</styleUrl>
      <Point><coordinates>-72.339655,2.202779,0</coordinates></Point>
    </Placemark>
    <Placemark>
      <n>#2892 HERMES-01</n>
      <description>02/08/2026 11:42:56 | Estado: REENVIO PENDIENTE | Bat: 0%</description>
      <styleUrl>#pointStyle</styleUrl>
      <Point><coordinates>-72.339762,2.202817,0</coordinates></Point>
    </Placemark>
    <Placemark>
      <n>#2893 HERMES-01</n>
      <description>02/08/2026 13:15:00 | Estado: REENVIO PENDIENTE | Bat: 0%</description>
      <styleUrl>#pointStyle</styleUrl>
      <Point><coordinates>-72.339642,2.20275,0</coordinates></Point>
    </Placemark>
    <Placemark>
      <n>#2894 HERMES-01</n>
      <description>02/08/2026 14:47:01 | Estado: REENVIO PENDIENTE | Bat: 0%</description>
      <styleUrl>#pointStyle</styleUrl>
      <Point><coordinates>-72.339644,2.202819,0</coordinates></Point>
    </Placemark>
    <Placemark>
      <n>#2895 HERMES-01</n>
      <description>02/08/2026 15:17:44 | Estado: REENVIO PENDIENTE | Bat: 0%</description>
      <styleUrl>#pointStyle</styleUrl>
      <Point><coordinates>-72.339616,2.202845,0</coordinates></Point>
    </Placemark>
    <Placemark>
      <n>#2896 HERMES-01</n>
      <description>02/08/2026 15:48:27 | Estado: REENVIO PENDIENTE | Bat: 0%</description>
      <styleUrl>#pointStyle</styleUrl>
      <Point><coordinates>-72.339739,2.202774,0</coordinates></Point>
    </Placemark>
    <Placemark>
      <n>#2897 HERMES-01</n>
      <description>02/08/2026 16:19:08 | Estado: REENVIO PENDIENTE | Bat: 0%</description>
      <styleUrl>#pointStyle</styleUrl>
      <Point><coordinates>-72.339696,2.202792,0</coordinates></Point>
    </Placemark>
    <Placemark>
      <n>#2898 HERMES-01</n>
      <description>02/08/2026 16:49:47 | Estado: REENVIO PENDIENTE | Bat: 0%</description>
      <styleUrl>#pointStyle</styleUrl>
      <Point><coordinates>-72.339665,2.202795,0</coordinates></Point>
    </Placemark>
    <Placemark>
      <n>#2899 HERMES-01</n>
      <description>02/08/2026 17:20:28 | Estado: REENVIO PENDIENTE | Bat: 0%</description>
      <styleUrl>#pointStyle</styleUrl>
      <Point><coordinates>-72.339628,2.202777,0</coordinates></Point>
    </Placemark>
    <Placemark>
      <n>#2900 HERMES-01</n>
      <description>02/08/2026 18:21:48 | Estado: REENVIO PENDIENTE | Bat: 0%</description>
      <styleUrl>#pointStyle</styleUrl>
      <Point><coordinates>-72.339611,2.202821,0</coordinates></Point>
    </Placemark>
    <Placemark>
      <n>#2901 HERMES-01</n>
      <description>02/08/2026 18:52:26 | Estado: REENVIO PENDIENTE | Bat: 0%</description>
      <styleUrl>#pointStyle</styleUrl>
      <Point><coordinates>-72.339698,2.202805,0</coordinates></Point>
    </Placemark>
    <Placemark>
      <n>#2902 HERMES-01</n>
      <description>02/08/2026 19:21:30 | Estado: REENVIO PENDIENTE | Bat: 0%</description>
      <styleUrl>#pointStyle</styleUrl>
      <Point><coordinates>-72.339646,2.202782,0</coordinates></Point>
    </Placemark>
    <Placemark>
      <n>#2903 HERMES-01</n>
      <description>02/08/2026 20:22:48 | Estado: REENVIO PENDIENTE | Bat: 0%</description>
      <styleUrl>#pointStyle</styleUrl>
      <Point><coordinates>-72.339663,2.202821,0</coordinates></Point>
    </Placemark>
    <Placemark>
      <n>#2904 HERMES-01</n>
      <description>02/08/2026 20:53:28 | Estado: REENVIO PENDIENTE | Bat: 0%</description>
      <styleUrl>#pointStyle</styleUrl>
      <Point><coordinates>-72.339728,2.202757,0</coordinates></Point>
    </Placemark>
    <Placemark>
      <n>#2905 HERMES-01</n>
      <description>02/08/2026 21:24:08 | Estado: REENVIO PENDIENTE | Bat: 0%</description>
      <styleUrl>#pointStyle</styleUrl>
      <Point><coordinates>-72.339652,2.202784,0</coordinates></Point>
    </Placemark>
    <Placemark>
      <n>#2906 HERMES-01</n>
      <description>02/08/2026 21:54:49 | Estado: REENVIO PENDIENTE | Bat: 0%</description>
      <styleUrl>#pointStyle</styleUrl>
      <Point><coordinates>-72.339728,2.202788,0</coordinates></Point>
    </Placemark>
    <Placemark>
      <n>#2907 HERMES-01</n>
      <description>02/08/2026 22:25:29 | Estado: REENVIO PENDIENTE | Bat: 0%</description>
      <styleUrl>#pointStyle</styleUrl>
      <Point><coordinates>-72.339716,2.202773,0</coordinates></Point>
    </Placemark>
    <Placemark>
      <n>#2908 HERMES-01</n>
      <description>02/08/2026 22:56:08 | Estado: REENVIO PENDIENTE | Bat: 0%</description>
      <styleUrl>#pointStyle</styleUrl>
      <Point><coordinates>-72.339692,2.202774,0</coordinates></Point>
    </Placemark>
    <Placemark>
      <n>#2909 HERMES-01</n>
      <description>02/08/2026 23:26:49 | Estado: REENVIO PENDIENTE | Bat: 0%</description>
      <styleUrl>#pointStyle</styleUrl>
      <Point><coordinates>-72.339692,2.202799,0</coordinates></Point>
    </Placemark>
    <Placemark>
      <n>#2910 HERMES-01</n>
      <description>02/08/2026 23:57:29 | Estado: REENVIO PENDIENTE | Bat: 0%</description>
      <styleUrl>#pointStyle</styleUrl>
      <Point><coordinates>-72.339699,2.2028,0</coordinates></Point>
    </Placemark>
    <Placemark>
      <n>#2911 HERMES-01</n>
      <description> No disponible | Estado: REENVIO PENDIENTE | Bat: 0%</description>
      <styleUrl>#pointStyle</styleUrl>
      <Point><coordinates>-72.339676,2.20277,0</coordinates></Point>
    </Placemark>
    <Placemark>
      <n>#2912 HERMES-01</n>
      <description> No disponible | Estado: REENVIO PENDIENTE | Bat: 0%</description>
      <styleUrl>#pointStyle</styleUrl>
      <Point><coordinates>-72.339736,2.202774,0</coordinates></Point>
    </Placemark>
    <Placemark>
      <n>#2913 HERMES-01</n>
      <description> No disponible | Estado: REENVIO PENDIENTE | Bat: 0%</description>
      <styleUrl>#pointStyle</styleUrl>
      <Point><coordinates>-72.339731,2.202786,0</coordinates></Point>
    </Placemark>
    <Placemark>
      <n>#2914 HERMES-01</n>
      <description> No disponible | Estado: REENVIO PENDIENTE | Bat: 0%</description>
      <styleUrl>#pointStyle</styleUrl>
      <Point><coordinates>-72.339699,2.202779,0</coordinates></Point>
    </Placemark>
    <Placemark>
      <n>#2915 HERMES-01</n>
      <description> No disponible | Estado: REENVIO PENDIENTE | Bat: 0%</description>
      <styleUrl>#pointStyle</styleUrl>
      <Point><coordinates>-72.339608,2.202785,0</coordinates></Point>
    </Placemark>
    <Placemark>
      <n>#2916 HERMES-01</n>
      <description> No disponible | Estado: REENVIO PENDIENTE | Bat: 0%</description>
      <styleUrl>#pointStyle</styleUrl>
      <Point><coordinates>-72.339773,2.202809,0</coordinates></Point>
    </Placemark>
    <Placemark>
      <n>#2917 HERMES-01</n>
      <description> No disponible | Estado: REENVIO PENDIENTE | Bat: 0%</description>
      <styleUrl>#pointStyle</styleUrl>
      <Point><coordinates>-72.339663,2.202808,0</coordinates></Point>
    </Placemark>
    <Placemark>
      <n>#2918 HERMES-01</n>
      <description> No disponible | Estado: REENVIO PENDIENTE | Bat: 0%</description>
      <styleUrl>#pointStyle</styleUrl>
      <Point><coordinates>-72.339611,2.202823,0</coordinates></Point>
    </Placemark>
    <Placemark>
      <n>#2919 HERMES-01</n>
      <description> No disponible | Estado: REENVIO PENDIENTE | Bat: 0%</description>
      <styleUrl>#pointStyle</styleUrl>
      <Point><coordinates>-72.339693,2.202792,0</coordinates></Point>
    </Placemark>
    <Placemark>
      <n>#2920 HERMES-01</n>
      <description> No disponible | Estado: REENVIO PENDIENTE | Bat: 0%</description>
      <styleUrl>#pointStyle</styleUrl>
      <Point><coordinates>-72.339608,2.202773,0</coordinates></Point>
    </Placemark>
    <Placemark>
      <n>#2921 HERMES-01</n>
      <description> No disponible | Estado: REENVIO PENDIENTE | Bat: 0%</description>
      <styleUrl>#pointStyle</styleUrl>
      <Point><coordinates>-72.382292,2.230151,0</coordinates></Point>
    </Placemark>
    <Placemark>
      <n>#2922 HERMES-01</n>
      <description> No disponible | Estado: REENVIO PENDIENTE | Bat: 0%</description>
      <styleUrl>#pointStyle</styleUrl>
      <Point><coordinates>-72.382345,2.230197,0</coordinates></Point>
    </Placemark>
    <Placemark>
      <n>#2923 HERMES-01</n>
      <description> No disponible | Estado: REENVIO PENDIENTE | Bat: 0%</description>
      <styleUrl>#pointStyle</styleUrl>
      <Point><coordinates>-72.382291,2.230173,0</coordinates></Point>
    </Placemark>
    <Placemark>
      <n>#2924 HERMES-01</n>
      <description>00/00/2000 19:00:00 | Estado: ULTIMA UBICACION | Bat: 0%</description>
      <styleUrl>#pointStyle</styleUrl>
      <Point><coordinates>-72.38229133,2.2301725,0</coordinates></Point>
    </Placemark>
    <Placemark>
      <n>#2925 HERMES-01</n>
      <description>00/00/2000 19:00:00 | Estado: ULTIMA UBICACION | Bat: 0%</description>
      <styleUrl>#pointStyle</styleUrl>
      <Point><coordinates>-72.38229133,2.2301725,0</coordinates></Point>
    </Placemark>
    <Placemark>
      <n>#2926 HERMES-01</n>
      <description>03/08/2026 08:21:54 | Estado: ULTIMA UBICACION | Bat: 0%</description>
      <styleUrl>#pointStyle</styleUrl>
      <Point><coordinates>-72.38229133,2.2301725,0</coordinates></Point>
    </Placemark>
    <Placemark>
      <n>#2927 HERMES-01</n>
      <description>03/08/2026 08:51:47 | Estado: NUEVA UBICACION | Bat: 0%</description>
      <styleUrl>#pointStyle</styleUrl>
      <Point><coordinates>-72.38222917,2.230197667,0</coordinates></Point>
    </Placemark>
    <Placemark>
      <n>#2928 HERMES-01</n>
      <description>03/08/2026 09:23:34 | Estado: NUEVA UBICACION | Bat: 0%</description>
      <styleUrl>#pointStyle</styleUrl>
      <Point><coordinates>-72.3798195,2.227300833,0</coordinates></Point>
    </Placemark>
    <Placemark>
      <n>#2929 HERMES-01</n>
      <description>03/08/2026 09:55:08 | Estado: NUEVA UBICACION | Bat: 0%</description>
      <styleUrl>#pointStyle</styleUrl>
      <Point><coordinates>-72.38213933,2.230242,0</coordinates></Point>
    </Placemark>
    <Placemark>
      <n>#2930 HERMES-01</n>
      <description>03/08/2026 10:27:11 | Estado: NUEVA UBICACION | Bat: 0%</description>
      <styleUrl>#pointStyle</styleUrl>
      <Point><coordinates>-72.38228933,2.230165667,0</coordinates></Point>
    </Placemark>
    <Placemark>
      <n>#2931 HERMES-01</n>
      <description>03/08/2026 11:00:06 | Estado: ULTIMA UBICACION | Bat: 0%</description>
      <styleUrl>#pointStyle</styleUrl>
      <Point><coordinates>-72.38228933,2.230165667,0</coordinates></Point>
    </Placemark>
    <Placemark>
      <n>#2932 HERMES-01</n>
      <description>03/08/2026 11:30:04 | Estado: NUEVA UBICACION | Bat: 0%</description>
      <styleUrl>#pointStyle</styleUrl>
      <Point><coordinates>-72.38220167,2.230189333,0</coordinates></Point>
    </Placemark>
    <Placemark>
      <n>#2933 HERMES-01</n>
      <description>03/08/2026 12:00:01 | Estado: NUEVA UBICACION | Bat: 0%</description>
      <styleUrl>#pointStyle</styleUrl>
      <Point><coordinates>-72.38216617,2.230195167,0</coordinates></Point>
    </Placemark>
    <Placemark>
      <n>#2934 HERMES-01</n>
      <description>03/08/2026 12:30:01 | Estado: NUEVA UBICACION | Bat: 0%</description>
      <styleUrl>#pointStyle</styleUrl>
      <Point><coordinates>-72.38219783,2.230203333,0</coordinates></Point>
    </Placemark>
    <Placemark>
      <n>#2935 HERMES-01</n>
      <description>03/08/2026 13:00:11 | Estado: NUEVA UBICACION | Bat: 0%</description>
      <styleUrl>#pointStyle</styleUrl>
      <Point><coordinates>-72.38215267,2.230286,0</coordinates></Point>
    </Placemark>
    <Placemark>
      <n>#2936 HERMES-01</n>
      <description>03/08/2026 13:30:06 | Estado: NUEVA UBICACION | Bat: 0%</description>
      <styleUrl>#pointStyle</styleUrl>
      <Point><coordinates>-72.382182,2.230205667,0</coordinates></Point>
    </Placemark>
    <Placemark>
      <n>#2937 HERMES-01</n>
      <description>03/08/2026 14:00:11 | Estado: NUEVA UBICACION | Bat: 0%</description>
      <styleUrl>#pointStyle</styleUrl>
      <Point><coordinates>-72.38220117,2.230187667,0</coordinates></Point>
    </Placemark>
    <Placemark>
      <n>#2938 HERMES-01</n>
      <description>03/08/2026 14:30:09 | Estado: NUEVA UBICACION | Bat: 0%</description>
      <styleUrl>#pointStyle</styleUrl>
      <Point><coordinates>-72.38220733,2.230237,0</coordinates></Point>
    </Placemark>
    <Placemark>
      <n>#2939 HERMES-01</n>
      <description>03/08/2026 15:00:28 | Estado: REENVIO PENDIENTE | Bat: 0%</description>
      <styleUrl>#pointStyle</styleUrl>
      <Point><coordinates>-72.398891,2.225039,0</coordinates></Point>
    </Placemark>
    <Placemark>
      <n>#2940 HERMES-01</n>
      <description>03/08/2026 15:31:05 | Estado: REENVIO PENDIENTE | Bat: 0%</description>
      <styleUrl>#pointStyle</styleUrl>
      <Point><coordinates>-72.402038,2.213043,0</coordinates></Point>
    </Placemark>
    <Placemark>
      <n>#2941 HERMES-01</n>
      <description>03/08/2026 16:01:41 | Estado: NUEVA UBICACION | Bat: 0%</description>
      <styleUrl>#pointStyle</styleUrl>
      <Point><coordinates>-72.40193,2.2131435,0</coordinates></Point>
    </Placemark>
    <Placemark>
      <n>#2942 HERMES-01</n>
      <description>03/08/2026 16:31:38 | Estado: NUEVA UBICACION | Bat: 0%</description>
      <styleUrl>#pointStyle</styleUrl>
      <Point><coordinates>-72.40211,2.212930333,0</coordinates></Point>
    </Placemark>
    <Placemark>
      <n>#2943 HERMES-01</n>
      <description>03/08/2026 17:01:42 | Estado: NUEVA UBICACION | Bat: 0%</description>
      <styleUrl>#pointStyle</styleUrl>
      <Point><coordinates>-72.40209067,2.2129445,0</coordinates></Point>
    </Placemark>
    <Placemark>
      <n>#2944 HERMES-01</n>
      <description>03/08/2026 17:31:42 | Estado: NUEVA UBICACION | Bat: 0%</description>
      <styleUrl>#pointStyle</styleUrl>
      <Point><coordinates>-72.40210933,2.212942333,0</coordinates></Point>
    </Placemark>
    <Placemark>
      <n>#2945 HERMES-01</n>
      <description> No disponible | Estado: NUEVA UBICACION | Bat: 0%</description>
      <styleUrl>#pointStyle</styleUrl>
      <Point><coordinates>-72.40212883,2.212899167,0</coordinates></Point>
    </Placemark>
    <Placemark>
      <n>#2946 HERMES-01</n>
      <description>03/08/2026 19:23:07 | Estado: REENVIO PENDIENTE | Bat: 0%</description>
      <styleUrl>#pointStyle</styleUrl>
      <Point><coordinates>-72.38305,2.229194,0</coordinates></Point>
    </Placemark>
    <Placemark>
      <n>#2947 HERMES-01</n>
      <description>03/08/2026 19:53:48 | Estado: REENVIO PENDIENTE | Bat: 0%</description>
      <styleUrl>#pointStyle</styleUrl>
      <Point><coordinates>-72.382286,2.230176,0</coordinates></Point>
    </Placemark>
    <Placemark>
      <n>#2948 HERMES-01</n>
      <description>03/08/2026 20:24:28 | Estado: REENVIO PENDIENTE | Bat: 0%</description>
      <styleUrl>#pointStyle</styleUrl>
      <Point><coordinates>-72.382322,2.230195,0</coordinates></Point>
    </Placemark>
    <Placemark>
      <n>#2949 HERMES-01</n>
      <description>03/08/2026 20:55:09 | Estado: REENVIO PENDIENTE | Bat: 0%</description>
      <styleUrl>#pointStyle</styleUrl>
      <Point><coordinates>-72.382254,2.230126,0</coordinates></Point>
    </Placemark>
    <Placemark>
      <n>#2950 HERMES-01</n>
      <description>03/08/2026 21:56:28 | Estado: REENVIO PENDIENTE | Bat: 0%</description>
      <styleUrl>#pointStyle</styleUrl>
      <Point><coordinates>-72.382286,2.230179,0</coordinates></Point>
    </Placemark>
    <Placemark>
      <n>#2951 HERMES-01</n>
      <description>03/08/2026 22:57:49 | Estado: REENVIO PENDIENTE | Bat: 0%</description>
      <styleUrl>#pointStyle</styleUrl>
      <Point><coordinates>-72.38231,2.230199,0</coordinates></Point>
    </Placemark>
    <Placemark>
      <n>#2952 HERMES-01</n>
      <description>03/08/2026 23:28:30 | Estado: REENVIO PENDIENTE | Bat: 0%</description>
      <styleUrl>#pointStyle</styleUrl>
      <Point><coordinates>-72.382266,2.230192,0</coordinates></Point>
    </Placemark>
    <Placemark>
      <n>#2953 HERMES-01</n>
      <description>03/08/2026 23:59:12 | Estado: REENVIO PENDIENTE | Bat: 0%</description>
      <styleUrl>#pointStyle</styleUrl>
      <Point><coordinates>-72.382284,2.230138,0</coordinates></Point>
    </Placemark>
    <Placemark>
      <n>#2954 HERMES-01</n>
      <description>04/08/2026 00:02:57 | Estado: NUEVA UBICACION | Bat: 0%</description>
      <styleUrl>#pointStyle</styleUrl>
      <Point><coordinates>-72.40210783,2.212948333,0</coordinates></Point>
    </Placemark>
    <Placemark>
      <n>#2955 HERMES-01</n>
      <description>04/08/2026 00:32:56 | Estado: NUEVA UBICACION | Bat: 0%</description>
      <styleUrl>#pointStyle</styleUrl>
      <Point><coordinates>-72.40210917,2.212920167,0</coordinates></Point>
    </Placemark>
    <Placemark>
      <n>#2956 HERMES-01</n>
      <description> No disponible | Estado: NUEVA UBICACION | Bat: 0%</description>
      <styleUrl>#pointStyle</styleUrl>
      <Point><coordinates>-72.40210933,2.212907167,0</coordinates></Point>
    </Placemark>
    <Placemark>
      <n>#2957 HERMES-01</n>
      <description>04/08/2026 01:32:59 | Estado: NUEVA UBICACION | Bat: 0%</description>
      <styleUrl>#pointStyle</styleUrl>
      <Point><coordinates>-72.40212133,2.212919333,0</coordinates></Point>
    </Placemark>
    <Placemark>
      <n>#2958 HERMES-01</n>
      <description>04/08/2026 02:03:01 | Estado: NUEVA UBICACION | Bat: 0%</description>
      <styleUrl>#pointStyle</styleUrl>
      <Point><coordinates>-72.40212233,2.2129345,0</coordinates></Point>
    </Placemark>
    <Placemark>
      <n>#2959 HERMES-01</n>
      <description>04/08/2026 05:04:31 | Estado: NUEVA UBICACION | Bat: 0%</description>
      <styleUrl>#pointStyle</styleUrl>
      <Point><coordinates>-72.402123,2.212928333,0</coordinates></Point>
    </Placemark>
    <Placemark>
      <n>#2960 HERMES-01</n>
      <description>04/08/2026 07:05:49 | Estado: REENVIO PENDIENTE | Bat: 0%</description>
      <styleUrl>#pointStyle</styleUrl>
      <Point><coordinates>-72.40211,2.212956,0</coordinates></Point>
    </Placemark>
    <Placemark>
      <n>#2961 HERMES-01</n>
      <description>04/08/2026 07:36:19 | Estado: REENVIO PENDIENTE | Bat: 0%</description>
      <styleUrl>#pointStyle</styleUrl>
      <Point><coordinates>-72.402115,2.212921,0</coordinates></Point>
    </Placemark>
    <Placemark>
      <n>#2962 HERMES-01</n>
      <description> No disponible | Estado: NUEVA UBICACION | Bat: 0%</description>
      <styleUrl>#pointStyle</styleUrl>
      <Point><coordinates>-72.40213667,2.212949167,0</coordinates></Point>
    </Placemark>
    <Placemark>
      <n>#2963 HERMES-01</n>
      <description>04/08/2026 08:36:50 | Estado: NUEVA UBICACION | Bat: 0%</description>
      <styleUrl>#pointStyle</styleUrl>
      <Point><coordinates>-72.40213133,2.212927,0</coordinates></Point>
    </Placemark>
    <Placemark>
      <n>#2964 HERMES-01</n>
      <description>04/08/2026 10:07:18 | Estado: NUEVA UBICACION | Bat: 0%</description>
      <styleUrl>#pointStyle</styleUrl>
      <Point><coordinates>-72.40216817,2.212972,0</coordinates></Point>
    </Placemark>
    <Placemark>
      <n>#2965 HERMES-01</n>
      <description>04/08/2026 10:37:20 | Estado: NUEVA UBICACION | Bat: 0%</description>
      <styleUrl>#pointStyle</styleUrl>
      <Point><coordinates>-72.40211317,2.212946667,0</coordinates></Point>
    </Placemark>
    <Placemark>
      <n>#2966 HERMES-01</n>
      <description>04/08/2026 11:07:22 | Estado: NUEVA UBICACION | Bat: 0%</description>
      <styleUrl>#pointStyle</styleUrl>
      <Point><coordinates>-72.4021165,2.212962,0</coordinates></Point>
    </Placemark>
    <Placemark>
      <n>#2967 HERMES-01</n>
      <description>04/08/2026 11:37:26 | Estado: NUEVA UBICACION | Bat: 0%</description>
      <styleUrl>#pointStyle</styleUrl>
      <Point><coordinates>-72.40210633,2.212925833,0</coordinates></Point>
    </Placemark>
    <Placemark>
      <n>#2968 HERMES-01</n>
      <description>04/08/2026 12:07:27 | Estado: NUEVA UBICACION | Bat: 0%</description>
      <styleUrl>#pointStyle</styleUrl>
      <Point><coordinates>-72.402123,2.2129345,0</coordinates></Point>
    </Placemark>
    <Placemark>
      <n>#2969 HERMES-01</n>
      <description>04/08/2026 12:37:30 | Estado: NUEVA UBICACION | Bat: 0%</description>
      <styleUrl>#pointStyle</styleUrl>
      <Point><coordinates>-72.40210467,2.212926333,0</coordinates></Point>
    </Placemark>
    <Placemark>
      <n>#2970 HERMES-01</n>
      <description>04/08/2026 13:07:34 | Estado: NUEVA UBICACION | Bat: 0%</description>
      <styleUrl>#pointStyle</styleUrl>
      <Point><coordinates>-72.40209333,2.212940167,0</coordinates></Point>
    </Placemark>
    <Placemark>
      <n>#2971 HERMES-01</n>
      <description>04/08/2026 13:37:36 | Estado: NUEVA UBICACION | Bat: 0%</description>
      <styleUrl>#pointStyle</styleUrl>
      <Point><coordinates>-72.4020705,2.212875333,0</coordinates></Point>
    </Placemark>
    <Placemark>
      <n>#2972 HERMES-01</n>
      <description>04/08/2026 14:07:39 | Estado: NUEVA UBICACION | Bat: 0%</description>
      <styleUrl>#pointStyle</styleUrl>
      <Point><coordinates>-72.40217233,2.212953167,0</coordinates></Point>
    </Placemark>
    <Placemark>
      <n>#2973 HERMES-01</n>
      <description>04/08/2026 15:38:35 | Estado: NUEVA UBICACION | Bat: 0%</description>
      <styleUrl>#pointStyle</styleUrl>
      <Point><coordinates>-72.40211667,2.212930833,0</coordinates></Point>
    </Placemark>
    <Placemark>
      <n>#2974 HERMES-01</n>
      <description>04/08/2026 16:08:41 | Estado: NUEVA UBICACION | Bat: 0%</description>
      <styleUrl>#pointStyle</styleUrl>
      <Point><coordinates>-72.40213667,2.212971,0</coordinates></Point>
    </Placemark>
    <Placemark>
      <n>#2975 HERMES-01</n>
      <description>04/08/2026 16:38:43 | Estado: NUEVA UBICACION | Bat: 0%</description>
      <styleUrl>#pointStyle</styleUrl>
      <Point><coordinates>-72.40211783,2.212929667,0</coordinates></Point>
    </Placemark>
    <Placemark>
      <n>#2976 HERMES-01</n>
      <description>04/08/2026 17:08:53 | Estado: NUEVA UBICACION | Bat: 0%</description>
      <styleUrl>#pointStyle</styleUrl>
      <Point><coordinates>-72.40212967,2.212932167,0</coordinates></Point>
    </Placemark>
    <Placemark>
      <n>#2977 HERMES-01</n>
      <description> No disponible | Estado: NUEVA UBICACION | Bat: 0%</description>
      <styleUrl>#pointStyle</styleUrl>
      <Point><coordinates>-72.40213667,2.212923167,0</coordinates></Point>
    </Placemark>
    <Placemark>
      <n>#2978 HERMES-01</n>
      <description>04/08/2026 18:08:52 | Estado: NUEVA UBICACION | Bat: 0%</description>
      <styleUrl>#pointStyle</styleUrl>
      <Point><coordinates>-72.40211367,2.212929667,0</coordinates></Point>
    </Placemark>
    <Placemark>
      <n>#2979 HERMES-01</n>
      <description>04/08/2026 18:38:53 | Estado: NUEVA UBICACION | Bat: 0%</description>
      <styleUrl>#pointStyle</styleUrl>
      <Point><coordinates>-72.40209683,2.212911833,0</coordinates></Point>
    </Placemark>
    <Placemark>
      <n>#2980 HERMES-01</n>
      <description>04/08/2026 19:02:02 | Estado: NUEVA UBICACION | Bat: 0%</description>
      <styleUrl>#pointStyle</styleUrl>
      <Point><coordinates>-72.40209933,2.212898833,0</coordinates></Point>
    </Placemark>
    <Placemark>
      <n>#2981 HERMES-01</n>
      <description>04/08/2026 19:32:03 | Estado: NUEVA UBICACION | Bat: 0%</description>
      <styleUrl>#pointStyle</styleUrl>
      <Point><coordinates>-72.4021255,2.212904667,0</coordinates></Point>
    </Placemark>
    <Placemark>
      <n>#2982 HERMES-01</n>
      <description> No disponible | Estado: NUEVA UBICACION | Bat: 0%</description>
      <styleUrl>#pointStyle</styleUrl>
      <Point><coordinates>-72.4021185,2.212918833,0</coordinates></Point>
    </Placemark>
    <Placemark>
      <n>#2983 HERMES-01</n>
      <description>04/08/2026 20:02:10 | Estado: NUEVA UBICACION | Bat: 0%</description>
      <styleUrl>#pointStyle</styleUrl>
      <Point><coordinates>-72.40210983,2.2129275,0</coordinates></Point>
    </Placemark>
    <Placemark>
      <n>#2984 HERMES-01</n>
      <description>04/08/2026 20:32:12 | Estado: NUEVA UBICACION | Bat: 0%</description>
      <styleUrl>#pointStyle</styleUrl>
      <Point><coordinates>-72.40210433,2.212915333,0</coordinates></Point>
    </Placemark>
    <Placemark>
      <n>#2985 HERMES-01</n>
      <description>04/08/2026 21:02:06 | Estado: NUEVA UBICACION | Bat: 0%</description>
      <styleUrl>#pointStyle</styleUrl>
      <Point><coordinates>-72.40213133,2.212892167,0</coordinates></Point>
    </Placemark>
    <Placemark>
      <n>#2986 HERMES-01</n>
      <description>04/08/2026 22:02:33 | Estado: NUEVA UBICACION | Bat: 0%</description>
      <styleUrl>#pointStyle</styleUrl>
      <Point><coordinates>-72.40211633,2.212929167,0</coordinates></Point>
    </Placemark>
    <Placemark>
      <n>#2987 HERMES-01</n>
      <description>05/08/2026 05:43:28 | Estado: REENVIO PENDIENTE | Bat: 0%</description>
      <styleUrl>#pointStyle</styleUrl>
      <Point><coordinates>-72.403499,2.207957,0</coordinates></Point>
    </Placemark>
    <Placemark>
      <n>#2988 HERMES-01</n>
      <description>05/08/2026 06:14:03 | Estado: REENVIO PENDIENTE | Bat: 0%</description>
      <styleUrl>#pointStyle</styleUrl>
      <Point><coordinates>-72.40356,2.2156,0</coordinates></Point>
    </Placemark>
    <Placemark>
      <n>#2989 HERMES-01</n>
      <description>05/08/2026 06:44:40 | Estado: REENVIO PENDIENTE | Bat: 0%</description>
      <styleUrl>#pointStyle</styleUrl>
      <Point><coordinates>-72.41221,2.225431,0</coordinates></Point>
    </Placemark>
    <Placemark>
      <n>#2990 HERMES-01</n>
      <description>05/08/2026 07:15:12 | Estado: NUEVA UBICACION | Bat: 0%</description>
      <styleUrl>#pointStyle</styleUrl>
      <Point><coordinates>-72.41756467,2.229606833,0</coordinates></Point>
    </Placemark>
    <Placemark>
      <n>#2991 HERMES-01</n>
      <description>05/08/2026 07:45:26 | Estado: NUEVA UBICACION | Bat: 0%</description>
      <styleUrl>#pointStyle</styleUrl>
      <Point><coordinates>-72.4175395,2.229573667,0</coordinates></Point>
    </Placemark>
    <Placemark>
      <n>#2992 HERMES-01</n>
      <description>05/08/2026 09:46:21 | Estado: NUEVA UBICACION | Bat: 0%</description>
      <styleUrl>#pointStyle</styleUrl>
      <Point><coordinates>-72.41754617,2.229564833,0</coordinates></Point>
    </Placemark>
    <Placemark>
      <n>#2993 HERMES-01</n>
      <description> No disponible | Estado: NUEVA UBICACION | Bat: 0%</description>
      <styleUrl>#pointStyle</styleUrl>
      <Point><coordinates>-72.41750983,2.22952,0</coordinates></Point>
    </Placemark>
    <Placemark>
      <n>#2994 HERMES-01</n>
      <description>05/08/2026 11:16:52 | Estado: NUEVA UBICACION | Bat: 0%</description>
      <styleUrl>#pointStyle</styleUrl>
      <Point><coordinates>-72.41754817,2.229534833,0</coordinates></Point>
    </Placemark>
    <Placemark>
      <n>#2995 HERMES-01</n>
      <description>05/08/2026 11:46:55 | Estado: NUEVA UBICACION | Bat: 0%</description>
      <styleUrl>#pointStyle</styleUrl>
      <Point><coordinates>-72.41752733,2.229557167,0</coordinates></Point>
    </Placemark>
    <Placemark>
      <n>#2996 HERMES-01</n>
      <description>05/08/2026 12:16:54 | Estado: NUEVA UBICACION | Bat: 0%</description>
      <styleUrl>#pointStyle</styleUrl>
      <Point><coordinates>-72.41750183,2.229538333,0</coordinates></Point>
    </Placemark>
    <Placemark>
      <n>#2997 HERMES-01</n>
      <description> No disponible | Estado: NUEVA UBICACION | Bat: 0%</description>
      <styleUrl>#pointStyle</styleUrl>
      <Point><coordinates>-72.41754383,2.229571167,0</coordinates></Point>
    </Placemark>
    <Placemark>
      <n>#2998 HERMES-01</n>
      <description>05/08/2026 13:16:58 | Estado: NUEVA UBICACION | Bat: 0%</description>
      <styleUrl>#pointStyle</styleUrl>
      <Point><coordinates>-72.41760933,2.229517333,0</coordinates></Point>
    </Placemark>
    <Placemark>
      <n>#2999 HERMES-01</n>
      <description>05/08/2026 13:47:04 | Estado: NUEVA UBICACION | Bat: 0%</description>
      <styleUrl>#pointStyle</styleUrl>
      <Point><coordinates>-72.41758183,2.229561667,0</coordinates></Point>
    </Placemark>
    <Placemark>
      <n>#3000 HERMES-01</n>
      <description>05/08/2026 14:17:04 | Estado: NUEVA UBICACION | Bat: 0%</description>
      <styleUrl>#pointStyle</styleUrl>
      <Point><coordinates>-72.417585,2.229514333,0</coordinates></Point>
    </Placemark>
    <Placemark>
      <n>#3001 HERMES-01</n>
      <description>05/08/2026 14:47:02 | Estado: NUEVA UBICACION | Bat: 0%</description>
      <styleUrl>#pointStyle</styleUrl>
      <Point><coordinates>-72.41755633,2.229523667,0</coordinates></Point>
    </Placemark>
    <Placemark>
      <n>#3002 HERMES-01</n>
      <description>05/08/2026 15:17:10 | Estado: NUEVA UBICACION | Bat: 0%</description>
      <styleUrl>#pointStyle</styleUrl>
      <Point><coordinates>-72.41758367,2.229545333,0</coordinates></Point>
    </Placemark>
    <Placemark>
      <n>#3003 HERMES-01</n>
      <description>05/08/2026 15:47:18 | Estado: NUEVA UBICACION | Bat: 0%</description>
      <styleUrl>#pointStyle</styleUrl>
      <Point><coordinates>-72.41756533,2.2295175,0</coordinates></Point>
    </Placemark>
    <Placemark>
      <n>#3004 HERMES-01</n>
      <description>05/08/2026 16:17:20 | Estado: NUEVA UBICACION | Bat: 0%</description>
      <styleUrl>#pointStyle</styleUrl>
      <Point><coordinates>-72.41758083,2.229541167,0</coordinates></Point>
    </Placemark>
    <Placemark>
      <n>#3005 HERMES-01</n>
      <description>05/08/2026 16:47:23 | Estado: NUEVA UBICACION | Bat: 0%</description>
      <styleUrl>#pointStyle</styleUrl>
      <Point><coordinates>-72.41754233,2.229498667,0</coordinates></Point>
    </Placemark>
    <Placemark>
      <n>#3006 HERMES-01</n>
      <description>05/08/2026 17:17:23 | Estado: NUEVA UBICACION | Bat: 0%</description>
      <styleUrl>#pointStyle</styleUrl>
      <Point><coordinates>-72.417555,2.229548,0</coordinates></Point>
    </Placemark>
    <Placemark>
      <n>#3007 HERMES-01</n>
      <description> No disponible | Estado: NUEVA UBICACION | Bat: 0%</description>
      <styleUrl>#pointStyle</styleUrl>
      <Point><coordinates>-72.41755383,2.2295515,0</coordinates></Point>
    </Placemark>
    <Placemark>
      <n>#3008 HERMES-01</n>
      <description> No disponible | Estado: NUEVA UBICACION | Bat: 0%</description>
      <styleUrl>#pointStyle</styleUrl>
      <Point><coordinates>-72.41754117,2.229507,0</coordinates></Point>
    </Placemark>
    <Placemark>
      <n>#3009 HERMES-01</n>
      <description>05/08/2026 18:47:29 | Estado: NUEVA UBICACION | Bat: 0%</description>
      <styleUrl>#pointStyle</styleUrl>
      <Point><coordinates>-72.417575,2.229507167,0</coordinates></Point>
    </Placemark>
    <Placemark>
      <n>#3010 HERMES-01</n>
      <description>05/08/2026 19:08:56 | Estado: NUEVA UBICACION | Bat: 0%</description>
      <styleUrl>#pointStyle</styleUrl>
      <Point><coordinates>-72.4020945,2.212943667,0</coordinates></Point>
    </Placemark>
    <Placemark>
      <n>#3011 HERMES-01</n>
      <description>05/08/2026 20:09:06 | Estado: NUEVA UBICACION | Bat: 0%</description>
      <styleUrl>#pointStyle</styleUrl>
      <Point><coordinates>-72.40212233,2.212920833,0</coordinates></Point>
    </Placemark>
    <Placemark>
      <n>#3012 HERMES-01</n>
      <description>05/08/2026 21:39:40 | Estado: NUEVA UBICACION | Bat: 0%</description>
      <styleUrl>#pointStyle</styleUrl>
      <Point><coordinates>-72.40213067,2.212921667,0</coordinates></Point>
    </Placemark>
    <Placemark>
      <n>#3013 HERMES-01</n>
      <description>06/08/2026 08:28:07 | Estado: NUEVA UBICACION | Bat: 0%</description>
      <styleUrl>#pointStyle</styleUrl>
      <Point><coordinates>-72.42352117,2.199341333,0</coordinates></Point>
    </Placemark>
    <Placemark>
      <n>#3014 HERMES-01</n>
      <description>06/08/2026 08:58:11 | Estado: NUEVA UBICACION | Bat: 0%</description>
      <styleUrl>#pointStyle</styleUrl>
      <Point><coordinates>-72.423522,2.199304167,0</coordinates></Point>
    </Placemark>
    <Placemark>
      <n>#3015 HERMES-01</n>
      <description>06/08/2026 09:28:12 | Estado: NUEVA UBICACION | Bat: 0%</description>
      <styleUrl>#pointStyle</styleUrl>
      <Point><coordinates>-72.42351783,2.199305,0</coordinates></Point>
    </Placemark>
    <Placemark>
      <n>#3016 HERMES-01</n>
      <description>06/08/2026 10:58:43 | Estado: NUEVA UBICACION | Bat: 0%</description>
      <styleUrl>#pointStyle</styleUrl>
      <Point><coordinates>-72.4235345,2.1992885,0</coordinates></Point>
    </Placemark>
    <Placemark>
      <n>#3017 HERMES-01</n>
      <description>06/08/2026 11:28:43 | Estado: NUEVA UBICACION | Bat: 0%</description>
      <styleUrl>#pointStyle</styleUrl>
      <Point><coordinates>-72.42353733,2.199280667,0</coordinates></Point>
    </Placemark>
    <Placemark>
      <n>#3018 HERMES-01</n>
      <description>06/08/2026 11:58:45 | Estado: NUEVA UBICACION | Bat: 0%</description>
      <styleUrl>#pointStyle</styleUrl>
      <Point><coordinates>-72.42351467,2.199308,0</coordinates></Point>
    </Placemark>
    <Placemark>
      <n>#3019 HERMES-01</n>
      <description> No disponible | Estado: NUEVA UBICACION | Bat: 0%</description>
      <styleUrl>#pointStyle</styleUrl>
      <Point><coordinates>-72.42351183,2.199307833,0</coordinates></Point>
    </Placemark>
    <Placemark>
      <n>#3020 HERMES-01</n>
      <description>06/08/2026 12:58:49 | Estado: NUEVA UBICACION | Bat: 0%</description>
      <styleUrl>#pointStyle</styleUrl>
      <Point><coordinates>-72.42352733,2.199288167,0</coordinates></Point>
    </Placemark>
    <Placemark>
      <n>#3021 HERMES-01</n>
      <description>06/08/2026 13:28:50 | Estado: NUEVA UBICACION | Bat: 0%</description>
      <styleUrl>#pointStyle</styleUrl>
      <Point><coordinates>-72.42352083,2.199285667,0</coordinates></Point>
    </Placemark>
    <Placemark>
      <n>#3022 HERMES-01</n>
      <description> No disponible | Estado: NUEVA UBICACION | Bat: 0%</description>
      <styleUrl>#pointStyle</styleUrl>
      <Point><coordinates>-72.42351517,2.199305333,0</coordinates></Point>
    </Placemark>
    <Placemark>
      <n>#3023 HERMES-01</n>
      <description>06/08/2026 14:28:56 | Estado: NUEVA UBICACION | Bat: 0%</description>
      <styleUrl>#pointStyle</styleUrl>
      <Point><coordinates>-72.423514,2.199265,0</coordinates></Point>
    </Placemark>
    <Placemark>
      <n>#3024 HERMES-01</n>
      <description>06/08/2026 14:59:03 | Estado: NUEVA UBICACION | Bat: 0%</description>
      <styleUrl>#pointStyle</styleUrl>
      <Point><coordinates>-72.42350733,2.199289667,0</coordinates></Point>
    </Placemark>
</Document></kml>