id,despertar,fecha,hora,lat,lon,estado,bateria_v,bateria_pct,device,created_at
1,21,,No disponible,4.823202333,-74.34587583,NUEVA UBICACION,0,0,HERMES-01,2026-06-05T16:47:02.919834
2,22,05/06/2026,11:52:15,4.8231925,-74.345849,NUEVA UBICACION,0,0,HERMES-01,2026-06-05T16:52:22.796477
3,23,05/06/2026,11:57:33,4.8232205,-74.34588067,NUEVA UBICACION,0,0,HERMES-01,2026-06-05T16:57:39.876098
4,24,05/06/2026,12:02:51,4.8231865,-74.34584833,NUEVA UBICACION,0,0,HERMES-01,2026-06-05T17:02:58.010353
5,3623,06/07/2026,00:06:18,2.560853833,-72.64816633,NUEVA UBICACION,0,0,HERMES-01,2026-07-06T05:06:26.059923
6,3624,06/07/2026,00:16:33,2.560838,-72.64815917,NUEVA UBICACION,0,0,HERMES-01,2026-07-06T05:16:39.910669
7,3625,06/07/2026,00:26:47,2.560866667,-72.648149,NUEVA UBICACION,0,0,HERMES-01,2026-07-06T05:26:55.004911
8,3626,,No disponible,2.560903667,-72.648156,NUEVA UBICACION,0,0,HERMES-01,2026-07-06T05:37:11.383344
9,3627,06/07/2026,00:47:18,2.560875167,-72.64814867,NUEVA UBICACION,0,0,HERMES-01,2026-07-06T05:47:26.119032
10,3628,06/07/2026,00:57:33,2.560858167,-72.6481615,NUEVA UBICACION,0,0,HERMES-01,2026-07-06T05:57:42.791476
11,3630,06/07/2026,01:18:30,2.560881333,-72.64814083,NUEVA UBICACION,0,0,HERMES-01,2026-07-06T06:18:37.417488
12,3631,06/07/2026,01:28:57,2.560849833,-72.6481475,NUEVA UBICACION,0,0,HERMES-01,2026-07-06T06:29:04.317984
13,3632,,No disponible,2.560848333,-72.648121,NUEVA UBICACION,0,0,HERMES-01,2026-07-06T06:39:18.991715
14,3633,,No disponible,2.5608235,-72.6481395,NUEVA UBICACION,0,0,HERMES-01,2026-07-06T06:49:34.639441
15,3634,06/07/2026,01:59:42,2.5608845,-72.64816783,NUEVA UBICACION,0,0,HERMES-01,2026-07-06T06:59:49.489040
16,3635,06/07/2026,02:09:57,2.560855833,-72.6481515,NUEVA UBICACION,0,0,HERMES-01,2026-07-06T07:10:04.577232
17,3637,06/07/2026,02:30:46,2.5608585,-72.64817,NUEVA UBICACION,0,0,HERMES-01,2026-07-06T07:31:03.381323
18,3638,06/07/2026,02:41:10,2.560761667,-72.64818983,NUEVA UBICACION,0,0,HERMES-01,2026-07-06T07:41:18.049322
19,3639,06/07/2026,02:51:24,2.560877667,-72.6481535,NUEVA UBICACION,0,0,HERMES-01,2026-07-06T07:51:30.924073
20,3640,06/07/2026,03:01:44,2.560993167,-72.64830167,NUEVA UBICACION,0,0,HERMES-01,2026-07-06T08:01:51.433520
21,3641,06/07/2026,03:12:00,2.560882667,-72.6481565,NUEVA UBICACION,0,0,HERMES-01,2026-07-06T08:12:07.836694
22,3642,06/07/2026,03:22:15,2.560816833,-72.64815967,NUEVA UBICACION,0,0,HERMES-01,2026-07-06T08:22:23.284722
23,3643,,No disponible,2.560829,-72.64815383,NUEVA UBICACION,0,0,HERMES-01,2026-07-06T08:32:38.328639
24,3644,06/07/2026,03:42:45,2.560739667,-72.6480815,NUEVA UBICACION,0,0,HERMES-01,2026-07-06T08:42:53.184733
25,3645,06/07/2026,03:53:01,2.560876167,-72.6481385,NUEVA UBICACION,0,0,HERMES-01,2026-07-06T08:53:10.186118
26,3646,,No disponible,2.560856167,-72.64816583,NUEVA UBICACION,0,0,HERMES-01,2026-07-06T09:03:31.277889
27,3647,06/07/2026,04:13:39,2.560851,-72.64814417,NUEVA UBICACION,0,0,HERMES-01,2026-07-06T09:13:47.022040
28,3648,06/07/2026,04:25:14,2.560972,-72.64802267,NUEVA UBICACION,0,0,HERMES-01,2026-07-06T09:25:21.362530
29,3649,06/07/2026,04:35:29,2.560860833,-72.64814867,NUEVA UBICACION,0,0,HERMES-01,2026-07-06T09:35:36.979720
30,3650,06/07/2026,04:45:45,2.560849,-72.648121,NUEVA UBICACION,0,0,HERMES-01,2026-07-06T09:45:53.704644
31,3651,06/07/2026,04:56:01,2.560899667,-72.64814117,NUEVA UBICACION,0,0,HERMES-01,2026-07-06T09:56:09.312767
32,3652,06/07/2026,05:06:18,2.560812167,-72.6481395,NUEVA UBICACION,0,0,HERMES-01,2026-07-06T10:06:25.380094
33,3653,06/07/2026,05:16:35,2.560841,-72.6482055,NUEVA UBICACION,0,0,HERMES-01,2026-07-06T10:16:43.056040
34,3654,06/07/2026,05:26:51,2.560867167,-72.64816017,NUEVA UBICACION,0,0,HERMES-01,2026-07-06T10:26:58.058923
35,3655,06/07/2026,05:37:06,2.560859333,-72.6481135,NUEVA UBICACION,0,0,HERMES-01,2026-07-06T10:37:13.829853
36,3656,06/07/2026,05:47:21,2.560856333,-72.64815733,NUEVA UBICACION,0,0,HERMES-01,2026-07-06T10:47:28.595538
37,3657,06/07/2026,05:57:47,2.5608305,-72.64817517,NUEVA UBICACION,0,0,HERMES-01,2026-07-06T10:57:59.769818
38,3658,06/07/2026,06:08:11,2.560784667,-72.64820533,NUEVA UBICACION,0,0,HERMES-01,2026-07-06T11:08:19.234657
39,3659,06/07/2026,06:18:26,2.56084,-72.64817533,NUEVA UBICACION,0,0,HERMES-01,2026-07-06T11:18:42.817121
40,3660,06/07/2026,06:28:49,2.560860167,-72.6481255,NUEVA UBICACION,0,0,HERMES-01,2026-07-06T11:28:56.501157
41,3661,06/07/2026,06:39:05,2.560826,-72.648172,NUEVA UBICACION,0,0,HERMES-01,2026-07-06T11:39:13.609869
42,3662,06/07/2026,06:49:21,2.560872333,-72.64819633,NUEVA UBICACION,0,0,HERMES-01,2026-07-06T11:49:28.779370
43,3663,06/07/2026,06:59:37,2.560866,-72.6481815,NUEVA UBICACION,0,0,HERMES-01,2026-07-06T11:59:58.194261
44,3664,06/07/2026,07:10:04,2.560869,-72.64817267,NUEVA UBICACION,0,0,HERMES-01,2026-07-06T12:10:12.387255
45,3665,06/07/2026,07:20:20,2.560904,-72.648135,NUEVA UBICACION,0,0,HERMES-01,2026-07-06T12:20:27.585245
46,3666,06/07/2026,07:30:35,2.560915,-72.64816783,NUEVA UBICACION,0,0,HERMES-01,2026-07-06T12:30:43.782646
47,3667,,No disponible,2.560863333,-72.64822883,NUEVA UBICACION,0,0,HERMES-01,2026-07-06T12:41:00.574438
48,3668,06/07/2026,07:51:13,2.560841,-72.64818117,NUEVA UBICACION,0,0,HERMES-01,2026-07-06T12:51:21.142739
49,3669,06/07/2026,08:01:38,2.560822667,-72.64821767,NUEVA UBICACION,0,0,HERMES-01,2026-07-06T13:01:49.219524
50,3670,06/07/2026,08:11:56,2.5608665,-72.64817083,NUEVA UBICACION,0,0,HERMES-01,2026-07-06T13:12:03.587375
51,3671,06/07/2026,08:22:12,2.560889,-72.64816533,NUEVA UBICACION,0,0,HERMES-01,2026-07-06T13:22:20.265034
52,3672,06/07/2026,08:32:28,2.560916333,-72.64815067,NUEVA UBICACION,0,0,HERMES-01,2026-07-06T13:32:35.929182
53,3673,06/07/2026,08:42:43,2.5608845,-72.64816533,NUEVA UBICACION,0,0,HERMES-01,2026-07-06T13:42:50.046878
54,3674,06/07/2026,08:52:57,2.5608645,-72.64817667,NUEVA UBICACION,0,0,HERMES-01,2026-07-06T13:53:05.488511
55,3675,06/07/2026,09:03:14,2.560870333,-72.6481655,NUEVA UBICACION,0,0,HERMES-01,2026-07-06T14:03:22.203591
56,3676,06/07/2026,09:13:31,2.560879333,-72.64813967,NUEVA UBICACION,0,0,HERMES-01,2026-07-06T14:13:38.935246
57,3677,06/07/2026,09:23:48,2.560918833,-72.64813067,NUEVA UBICACION,0,0,HERMES-01,2026-07-06T14:24:04.567066
58,3678,06/07/2026,09:34:13,2.560883167,-72.648151,NUEVA UBICACION,0,0,HERMES-01,2026-07-06T14:34:20.847896
59,3679,06/07/2026,09:44:29,2.560851,-72.64815567,NUEVA UBICACION,0,0,HERMES-01,2026-07-06T14:44:37.293015
60,3680,06/07/2026,09:54:46,2.560829833,-72.64816517,NUEVA UBICACION,0,0,HERMES-01,2026-07-06T14:54:54.225433
61,3681,06/07/2026,10:05:04,2.5608615,-72.64817467,NUEVA UBICACION,0,0,HERMES-01,2026-07-06T15:05:11.751084
62,3682,06/07/2026,10:15:20,2.560915833,-72.64817183,NUEVA UBICACION,0,0,HERMES-01,2026-07-06T15:15:28.534422
63,3683,06/07/2026,10:25:35,2.560866667,-72.6481665,NUEVA UBICACION,0,0,HERMES-01,2026-07-06T15:25:42.377448
64,3684,06/07/2026,10:35:49,2.560931333,-72.64820533,NUEVA UBICACION,0,0,HERMES-01,2026-07-06T15:35:56.409983
65,3685,06/07/2026,10:46:05,2.5608685,-72.6481865,NUEVA UBICACION,0,0,HERMES-01,2026-07-06T15:46:12.728386
66,3686,06/07/2026,10:56:22,2.560909667,-72.64818283,NUEVA UBICACION,0,0,HERMES-01,2026-07-06T15:56:30.402522
67,3687,06/07/2026,11:06:50,2.560875333,-72.64818833,NUEVA UBICACION,0,0,HERMES-01,2026-07-06T16:06:58.155509
68,3688,06/07/2026,11:18:27,2.560858,-72.64817283,NUEVA UBICACION,0,0,HERMES-01,2026-07-06T16:18:37.162956
69,3689,06/07/2026,11:28:42,2.56085,-72.64814933,NUEVA UBICACION,0,0,HERMES-01,2026-07-06T16:28:48.690589
70,3690,06/07/2026,11:39:03,2.560866333,-72.64814333,NUEVA UBICACION,0,0,HERMES-01,2026-07-06T16:39:10.733114
71,3691,06/07/2026,11:49:20,2.560894,-72.64817933,NUEVA UBICACION,0,0,HERMES-01,2026-07-06T16:49:26.824687
72,3692,06/07/2026,11:59:36,2.560879833,-72.64821317,NUEVA UBICACION,0,0,HERMES-01,2026-07-06T16:59:43.288608
73,3693,06/07/2026,12:09:51,2.5609,-72.648186,NUEVA UBICACION,0,0,HERMES-01,2026-07-06T17:10:02.911946
74,3694,06/07/2026,12:20:10,2.560886667,-72.64817483,NUEVA UBICACION,0,0,HERMES-01,2026-07-06T17:20:41.502191
75,3695,06/07/2026,12:30:49,2.560914,-72.64810833,NUEVA UBICACION,0,0,HERMES-01,2026-07-06T17:30:57.474451
76,3696,,No disponible,2.560891667,-72.64814,NUEVA UBICACION,0,0,HERMES-01,2026-07-06T17:41:12.473189
77,3697,06/07/2026,12:51:21,2.5608155,-72.6480535,NUEVA UBICACION,0,0,HERMES-01,2026-07-06T17:51:29.402934
78,3698,06/07/2026,13:01:48,2.560871833,-72.64814033,NUEVA UBICACION,0,0,HERMES-01,2026-07-06T18:01:54.541816
79,3699,06/07/2026,13:12:02,2.5608625,-72.64816767,NUEVA UBICACION,0,0,HERMES-01,2026-07-06T18:12:09.537710
80,3700,06/07/2026,13:22:18,2.560886833,-72.64813867,NUEVA UBICACION,0,0,HERMES-01,2026-07-06T18:22:26.364129
81,3701,06/07/2026,13:32:33,2.560871,-72.6481445,NUEVA UBICACION,0,0,HERMES-01,2026-07-06T18:32:40.709158
82,3702,06/07/2026,13:42:48,2.560860333,-72.64816183,NUEVA UBICACION,0,0,HERMES-01,2026-07-06T18:42:54.727222
83,3703,06/07/2026,13:53:06,2.560851667,-72.648142,NUEVA UBICACION,0,0,HERMES-01,2026-07-06T18:53:14.356245
84,3704,06/07/2026,14:03:21,2.560841667,-72.64815933,NUEVA UBICACION,0,0,HERMES-01,2026-07-06T19:03:29.219493
85,3705,06/07/2026,14:13:37,2.5607935,-72.6481705,NUEVA UBICACION,0,0,HERMES-01,2026-07-06T19:13:44.440015
86,3706,06/07/2026,14:23:52,2.56088,-72.648137,NUEVA UBICACION,0,0,HERMES-01,2026-07-06T19:24:00.949009
87,3707,06/07/2026,14:34:09,2.560846333,-72.64814817,NUEVA UBICACION,0,0,HERMES-01,2026-07-06T19:34:17.256202
88,3708,06/07/2026,14:44:25,2.560866,-72.64814733,NUEVA UBICACION,0,0,HERMES-01,2026-07-06T19:44:32.063539
89,3709,06/07/2026,14:54:41,2.5608395,-72.64820183,NUEVA UBICACION,0,0,HERMES-01,2026-07-06T19:54:48.284124
90,3710,06/07/2026,15:04:56,2.560924,-72.6482355,NUEVA UBICACION,0,0,HERMES-01,2026-07-06T20:05:04.164011
91,3711,06/07/2026,15:15:12,2.5608265,-72.64817383,NUEVA UBICACION,0,0,HERMES-01,2026-07-06T20:15:19.318290
92,3712,06/07/2026,15:25:27,2.560873333,-72.648185,NUEVA UBICACION,0,0,HERMES-01,2026-07-06T20:25:34.406350
93,3713,06/07/2026,15:35:41,2.560823167,-72.64821783,NUEVA UBICACION,0,0,HERMES-01,2026-07-06T20:35:48.448183
94,3714,,No disponible,2.560893667,-72.64816617,NUEVA UBICACION,0,0,HERMES-01,2026-07-06T20:46:14.982799
95,3715,06/07/2026,15:56:28,2.560846,-72.64810317,NUEVA UBICACION,0,0,HERMES-01,2026-07-06T20:56:36.027672
96,3716,06/07/2026,16:06:48,2.5608525,-72.64813333,NUEVA UBICACION,0,0,HERMES-01,2026-07-06T21:06:55.139890
97,3717,06/07/2026,16:17:04,2.560863667,-72.64814767,NUEVA UBICACION,0,0,HERMES-01,2026-07-06T21:17:12.023619
98,3718,,No disponible,2.560860333,-72.64815933,NUEVA UBICACION,0,0,HERMES-01,2026-07-06T21:27:26.562921
99,3719,06/07/2026,16:37:37,2.560857833,-72.6481595,NUEVA UBICACION,0,0,HERMES-01,2026-07-06T21:37:44.452698
100,3720,06/07/2026,16:47:52,2.560871333,-72.64814517,NUEVA UBICACION,0,0,HERMES-01,2026-07-06T21:47:59.954929
101,3721,06/07/2026,16:58:08,2.560870333,-72.64816317,NUEVA UBICACION,0,0,HERMES-01,2026-07-06T21:58:15.236042
102,3722,06/07/2026,17:08:23,2.560867167,-72.6481365,NUEVA UBICACION,0,0,HERMES-01,2026-07-06T22:08:29.697221
103,3723,06/07/2026,17:18:37,2.560855,-72.64815383,NUEVA UBICACION,0,0,HERMES-01,2026-07-06T22:18:44.075493
104,3724,06/07/2026,17:28:53,2.560823667,-72.64815367,NUEVA UBICACION,0,0,HERMES-01,2026-07-06T22:29:00.867913
105,3725,06/07/2026,17:39:09,2.5608235,-72.64815083,NUEVA UBICACION,0,0,HERMES-01,2026-07-06T22:39:16.468070
106,3726,06/07/2026,17:49:25,2.560868,-72.6481085,NUEVA UBICACION,0,0,HERMES-01,2026-07-06T22:49:32.875741
107,3727,06/07/2026,17:59:42,2.560855667,-72.64812833,NUEVA UBICACION,0,0,HERMES-01,2026-07-06T22:59:49.934398
108,3728,06/07/2026,18:09:59,2.560862,-72.64820867,NUEVA UBICACION,0,0,HERMES-01,2026-07-06T23:10:07.041210
109,3729,06/07/2026,18:20:14,2.560893167,-72.64814367,NUEVA UBICACION,0,0,HERMES-01,2026-07-06T23:20:21.616595
110,3730,06/07/2026,18:30:33,2.560852,-72.64812383,NUEVA UBICACION,0,0,HERMES-01,2026-07-06T23:30:40.132435
111,3731,06/07/2026,18:40:47,2.560879333,-72.648158,NUEVA UBICACION,0,0,HERMES-01,2026-07-06T23:40:55.290441
112,3732,06/07/2026,18:51:05,2.560855333,-72.64813633,NUEVA UBICACION,0,0,HERMES-01,2026-07-06T23:51:14.572255
113,3736,,No disponible,2.560876667,-72.64817033,NUEVA UBICACION,0,0,HERMES-01,2026-07-07T00:32:18.494972
114,3747,,No disponible,2.560846167,-72.64816517,NUEVA UBICACION,0,0,HERMES-01,2026-07-07T02:27:58.700944
115,3619,06/07/2026,21:55:51,2.560863,-72.648173,REENVIO PENDIENTE,0,0,HERMES-01,2026-07-06T04:24:40.170716
116,3619,06/07/2026,22:06:53,2.560854,-72.648166,REENVIO PENDIENTE,0,0,HERMES-01,2026-07-06T04:24:44.752789
117,3619,06/07/2026,22:17:55,2.560835,-72.648172,REENVIO PENDIENTE,0,0,HERMES-01,2026-07-06T04:24:49.221086
118,3619,06/07/2026,22:28:57,2.560839,-72.648188,REENVIO PENDIENTE,0,0,HERMES-01,2026-07-06T04:24:53.659114
119,3619,06/07/2026,22:39:59,2.56087,-72.648176,REENVIO PENDIENTE,0,0,HERMES-01,2026-07-06T04:24:58.230789
120,3754,,No disponible,2.560916667,-72.6482245,NUEVA UBICACION,0,0,HERMES-01,2026-07-07T03:40:01.527920
121,3619,06/07/2026,22:51:02,2.560841,-72.648174,REENVIO PENDIENTE,0,0,HERMES-01,2026-07-06T04:25:02.786367
122,3756,,No disponible,2.560819333,-72.64815583,NUEVA UBICACION,0,0,HERMES-01,2026-07-07T04:00:40.756045
123,3619,06/07/2026,23:02:03,2.560853,-72.64816,REENVIO PENDIENTE,0,0,HERMES-01,2026-07-06T04:25:07.347692
124,3619,06/07/2026,23:13:05,2.560833,-72.648169,REENVIO PENDIENTE,0,0,HERMES-01,2026-07-06T04:25:11.913000
125,3619,06/07/2026,23:25:15,2.560855333,-72.6481595,NUEVA UBICACION,0,0,HERMES-01,2026-07-06T04:25:22.360002
126,3620,06/07/2026,23:35:26,2.5608655,-72.64814317,NUEVA UBICACION,0,0,HERMES-01,2026-07-06T04:35:33.030994
127,3621,06/07/2026,23:45:48,2.560871,-72.648154,NUEVA UBICACION,0,0,HERMES-01,2026-07-06T04:45:55.415366
128,3622,06/07/2026,23:56:03,2.560881167,-72.64815583,NUEVA UBICACION,0,0,HERMES-01,2026-07-06T04:56:10.840156
129,3762,07/07/2026,00:02:19,2.560857667,-72.64815333,NUEVA UBICACION,0,0,HERMES-01,2026-07-07T05:02:26.892882
130,3763,07/07/2026,00:12:35,2.5608515,-72.64815383,NUEVA UBICACION,0,0,HERMES-01,2026-07-07T05:12:45.680272
131,3764,07/07/2026,00:22:51,2.560815833,-72.64816467,NUEVA UBICACION,0,0,HERMES-01,2026-07-07T05:23:00.895401
132,3765,07/07/2026,00:33:19,2.560844167,-72.64817533,NUEVA UBICACION,0,0,HERMES-01,2026-07-07T05:33:28.040769
133,3766,07/07/2026,00:43:35,2.5608625,-72.64811517,NUEVA UBICACION,0,0,HERMES-01,2026-07-07T05:43:42.508119
134,3767,07/07/2026,00:53:51,2.560876833,-72.64816217,NUEVA UBICACION,0,0,HERMES-01,2026-07-07T05:53:59.815335
135,3768,07/07/2026,01:04:08,2.560868667,-72.648135,NUEVA UBICACION,0,0,HERMES-01,2026-07-07T06:04:16.041671
136,3769,07/07/2026,01:14:23,2.560895667,-72.64813267,NUEVA UBICACION,0,0,HERMES-01,2026-07-07T06:14:31.271834
137,3771,,No disponible,2.560818167,-72.64819567,NUEVA UBICACION,0,0,HERMES-01,2026-07-07T06:35:13.090893
138,3772,,No disponible,2.560864833,-72.64814583,NUEVA UBICACION,0,0,HERMES-01,2026-07-07T06:45:31.181861
139,3773,07/07/2026,01:55:39,2.560872667,-72.648195,NUEVA UBICACION,0,0,HERMES-01,2026-07-07T06:55:47.077688
140,3774,,No disponible,2.560887667,-72.648161,NUEVA UBICACION,0,0,HERMES-01,2026-07-07T07:06:02.586083
141,3775,07/07/2026,02:16:10,2.560874167,-72.64824683,NUEVA UBICACION,0,0,HERMES-01,2026-07-07T07:16:18.246642
142,3776,07/07/2026,02:26:26,2.560867667,-72.6481875,NUEVA UBICACION,0,0,HERMES-01,2026-07-07T07:26:33.861781
143,3777,07/07/2026,02:36:43,2.5608605,-72.6482065,NUEVA UBICACION,0,0,HERMES-01,2026-07-07T07:36:50.145647
144,3778,,No disponible,2.560826167,-72.64813483,NUEVA UBICACION,0,0,HERMES-01,2026-07-07T07:47:06.363612
145,3779,07/07/2026,02:57:14,2.560786,-72.64818483,NUEVA UBICACION,0,0,HERMES-01,2026-07-07T07:57:21.091376
146,3780,07/07/2026,03:07:40,2.560820167,-72.64826817,NUEVA UBICACION,0,0,HERMES-01,2026-07-07T08:07:48.585136
147,3781,07/07/2026,03:18:25,2.560783167,-72.64808467,NUEVA UBICACION,0,0,HERMES-01,2026-07-07T08:18:34.444425
148,3782,07/07/2026,03:28:45,2.5608175,-72.64831567,NUEVA UBICACION,0,0,HERMES-01,2026-07-07T08:28:53.304079
149,3783,07/07/2026,03:39:12,2.560861667,-72.64810917,NUEVA UBICACION,0,0,HERMES-01,2026-07-07T08:39:19.671663
150,3784,07/07/2026,03:49:26,2.560866667,-72.64810917,NUEVA UBICACION,0,0,HERMES-01,2026-07-07T08:49:34.204458
151,3785,07/07/2026,03:59:43,2.560835333,-72.64814367,NUEVA UBICACION,0,0,HERMES-01,2026-07-07T08:59:53.693050
152,3786,07/07/2026,04:10:03,2.560844333,-72.64821133,NUEVA UBICACION,0,0,HERMES-01,2026-07-07T09:10:11.042789
153,3787,07/07/2026,04:20:20,2.560855167,-72.64815817,NUEVA UBICACION,0,0,HERMES-01,2026-07-07T09:20:29.636596
154,3788,07/07/2026,04:30:38,2.560853667,-72.64817233,NUEVA UBICACION,0,0,HERMES-01,2026-07-07T09:30:46.070810
155,3789,07/07/2026,04:40:55,2.560841667,-72.6481895,NUEVA UBICACION,0,0,HERMES-01,2026-07-07T09:41:02.714048
156,3790,07/07/2026,04:51:11,2.560857333,-72.64812017,NUEVA UBICACION,0,0,HERMES-01,2026-07-07T09:51:18.863280
157,3791,07/07/2026,05:01:28,2.560809833,-72.64813833,NUEVA UBICACION,0,0,HERMES-01,2026-07-07T10:01:35.665904
158,3792,07/07/2026,05:11:45,2.560888167,-72.64819783,NUEVA UBICACION,0,0,HERMES-01,2026-07-07T10:11:53.424106
159,3793,07/07/2026,05:22:04,2.560845,-72.6481615,NUEVA UBICACION,0,0,HERMES-01,2026-07-07T10:22:12.295818
160,3794,07/07/2026,05:32:20,2.5608605,-72.6481775,NUEVA UBICACION,0,0,HERMES-01,2026-07-07T10:32:27.940210
161,3795,07/07/2026,05:42:35,2.560838167,-72.64816383,NUEVA UBICACION,0,0,HERMES-01,2026-07-07T10:42:43.342157
162,3796,07/07/2026,05:52:50,2.560845333,-72.64817883,NUEVA UBICACION,0,0,HERMES-01,2026-07-07T10:52:58.097684
163,3797,07/07/2026,06:03:07,2.560747667,-72.6481065,NUEVA UBICACION,0,0,HERMES-01,2026-07-07T11:03:15.034511
164,3798,07/07/2026,06:13:23,2.560910667,-72.64817967,NUEVA UBICACION,0,0,HERMES-01,2026-07-07T11:13:30.163201
165,3799,07/07/2026,06:23:40,2.5608875,-72.64815317,NUEVA UBICACION,0,0,HERMES-01,2026-07-07T11:23:48.979357
166,3801,07/07/2026,06:44:24,2.560858667,-72.64815933,NUEVA UBICACION,0,0,HERMES-01,2026-07-07T11:44:32.014494
167,3802,07/07/2026,06:54:41,2.560883833,-72.6481765,NUEVA UBICACION,0,0,HERMES-01,2026-07-07T11:54:48.826010
168,3803,07/07/2026,07:04:55,2.560830833,-72.64825367,NUEVA UBICACION,0,0,HERMES-01,2026-07-07T12:05:04.390633
169,3804,07/07/2026,07:15:15,2.560841667,-72.64811433,NUEVA UBICACION,0,0,HERMES-01,2026-07-07T12:15:23.642881
170,3805,07/07/2026,07:25:31,2.560916667,-72.64816583,NUEVA UBICACION,0,0,HERMES-01,2026-07-07T12:25:38.693828
171,3806,07/07/2026,07:35:47,2.560932667,-72.6481855,NUEVA UBICACION,0,0,HERMES-01,2026-07-07T12:35:54.880968
172,3807,07/07/2026,07:46:03,2.560875333,-72.64816233,NUEVA UBICACION,0,0,HERMES-01,2026-07-07T12:46:09.731949
173,3808,07/07/2026,07:56:18,2.560859667,-72.64817217,NUEVA UBICACION,0,0,HERMES-01,2026-07-07T12:56:24.892975
174,3809,07/07/2026,08:06:33,2.560907167,-72.64823233,NUEVA UBICACION,0,0,HERMES-01,2026-07-07T13:06:40.610403
175,3810,07/07/2026,08:16:49,2.560879833,-72.64817717,NUEVA UBICACION,0,0,HERMES-01,2026-07-07T13:16:56.803635
176,3811,07/07/2026,08:27:05,2.560888333,-72.648179,NUEVA UBICACION,0,0,HERMES-01,2026-07-07T13:27:12.206234
177,3812,,No disponible,2.560888667,-72.6481655,NUEVA UBICACION,0,0,HERMES-01,2026-07-07T13:37:30.106503
178,3813,07/07/2026,08:47:38,2.560879,-72.64815567,NUEVA UBICACION,0,0,HERMES-01,2026-07-07T13:47:44.509957
179,3814,07/07/2026,08:57:52,2.560905333,-72.64814867,NUEVA UBICACION,0,0,HERMES-01,2026-07-07T13:57:59.979484
180,3815,,No disponible,2.5609345,-72.648094,NUEVA UBICACION,0,0,HERMES-01,2026-07-07T14:08:17.036828
181,3816,07/07/2026,09:18:27,2.560907167,-72.64815083,NUEVA UBICACION,0,0,HERMES-01,2026-07-07T14:18:35.758127
182,3817,07/07/2026,09:28:44,2.560877,-72.64815733,NUEVA UBICACION,0,0,HERMES-01,2026-07-07T14:28:52.115064
183,3818,,No disponible,2.560889667,-72.6481765,NUEVA UBICACION,0,0,HERMES-01,2026-07-07T14:39:07.963721
184,3819,07/07/2026,09:49:19,2.5608275,-72.648205,NUEVA UBICACION,0,0,HERMES-01,2026-07-07T14:49:26.768261
185,3820,,No disponible,2.560892,-72.64817867,NUEVA UBICACION,0,0,HERMES-01,2026-07-07T14:59:42.439632
186,3821,07/07/2026,10:09:51,2.5608625,-72.64818583,NUEVA UBICACION,0,0,HERMES-01,2026-07-07T15:09:59.777788
187,3822,07/07/2026,10:20:24,2.560879333,-72.64819917,NUEVA UBICACION,0,0,HERMES-01,2026-07-07T15:20:34.621803
188,3823,07/07/2026,10:31:09,2.560888667,-72.64819,NUEVA UBICACION,0,0,HERMES-01,2026-07-07T15:31:18.042648
189,3824,07/07/2026,10:41:22,2.560883667,-72.648152,NUEVA UBICACION,0,0,HERMES-01,2026-07-07T15:41:29.499764
190,3825,07/07/2026,10:51:37,2.560891,-72.6481695,NUEVA UBICACION,0,0,HERMES-01,2026-07-07T15:51:46.493285
191,3826,07/07/2026,11:01:57,2.560877667,-72.648156,NUEVA UBICACION,0,0,HERMES-01,2026-07-07T16:02:05.326818
192,3827,07/07/2026,11:12:14,2.560849333,-72.64816567,NUEVA UBICACION,0,0,HERMES-01,2026-07-07T16:12:22.060001
193,3828,07/07/2026,11:22:31,2.560873667,-72.64814767,NUEVA UBICACION,0,0,HERMES-01,2026-07-07T16:22:37.409141
194,3829,07/07/2026,11:32:44,2.560871,-72.64818,NUEVA UBICACION,0,0,HERMES-01,2026-07-07T16:32:52.852917
195,3830,07/07/2026,11:43:03,2.560838333,-72.64815833,NUEVA UBICACION,0,0,HERMES-01,2026-07-07T16:43:13.721309
196,3831,07/07/2026,11:53:21,2.560884167,-72.64816983,NUEVA UBICACION,0,0,HERMES-01,2026-07-07T16:53:29.762463
197,3832,07/07/2026,12:03:38,2.560822833,-72.6481715,NUEVA UBICACION,0,0,HERMES-01,2026-07-07T17:03:46.940982
198,3833,07/07/2026,12:13:55,2.560873667,-72.64812883,NUEVA UBICACION,0,0,HERMES-01,2026-07-07T17:14:02.306280
199,3834,07/07/2026,12:24:13,2.560873333,-72.64816117,NUEVA UBICACION,0,0,HERMES-01,2026-07-07T17:24:29.853171
200,3835,,No disponible,2.560853333,-72.6481695,NUEVA UBICACION,0,0,HERMES-01,2026-07-07T17:34:48.564916
201,3836,07/07/2026,12:44:59,2.5608365,-72.648137,NUEVA UBICACION,0,0,HERMES-01,2026-07-07T17:45:07.827805
202,3837,,No disponible,2.560837167,-72.64812283,NUEVA UBICACION,0,0,HERMES-01,2026-07-07T17:55:23.527297
203,3838,,No disponible,2.560690167,-72.6480835,NUEVA UBICACION,0,0,HERMES-01,2026-07-07T18:05:45.186448
204,3839,07/07/2026,13:15:54,2.560811333,-72.64811483,NUEVA UBICACION,0,0,HERMES-01,2026-07-07T18:16:02.337914
205,3840,07/07/2026,13:26:11,2.560819833,-72.6481185,NUEVA UBICACION,0,0,HERMES-01,2026-07-07T18:26:19.561876
206,3841,07/07/2026,13:36:29,2.560860333,-72.64816033,NUEVA UBICACION,0,0,HERMES-01,2026-07-07T18:36:37.374052
207,3842,07/07/2026,13:46:44,2.5608675,-72.6481825,NUEVA UBICACION,0,0,HERMES-01,2026-07-07T18:46:53.140145
208,3843,07/07/2026,13:57:01,2.560839333,-72.64814217,NUEVA UBICACION,0,0,HERMES-01,2026-07-07T18:57:09.110711
209,3844,07/07/2026,14:07:17,2.560865333,-72.64816967,NUEVA UBICACION,0,0,HERMES-01,2026-07-07T19:07:25.614289
210,3845,07/07/2026,14:17:36,2.560895167,-72.64816967,NUEVA UBICACION,0,0,HERMES-01,2026-07-07T19:17:44.728381
211,3846,07/07/2026,14:27:54,2.5609665,-72.64811733,NUEVA UBICACION,0,0,HERMES-01,2026-07-07T19:28:00.432694
212,3847,07/07/2026,14:38:10,2.560921333,-72.64798183,NUEVA UBICACION,0,0,HERMES-01,2026-07-07T19:38:17.280788
213,3848,07/07/2026,14:48:26,2.560826167,-72.64819333,NUEVA UBICACION,0,0,HERMES-01,2026-07-07T19:48:34.591968
214,3849,07/07/2026,14:58:49,2.560872167,-72.64816383,NUEVA UBICACION,0,0,HERMES-01,2026-07-07T19:58:55.450982
215,3850,07/07/2026,15:09:26,2.5609695,-72.6480615,NUEVA UBICACION,0,0,HERMES-01,2026-07-07T20:09:33.452316
216,3851,07/07/2026,15:21:01,2.560935667,-72.64805283,NUEVA UBICACION,0,0,HERMES-01,2026-07-07T20:21:11.373622
217,3852,07/07/2026,15:31:18,2.560738833,-72.64832883,NUEVA UBICACION,0,0,HERMES-01,2026-07-07T20:31:28.358296
218,3853,07/07/2026,15:41:56,2.560906667,-72.64816433,NUEVA UBICACION,0,0,HERMES-01,2026-07-07T20:42:13.892080
219,3854,07/07/2026,15:52:21,2.5609295,-72.64811017,NUEVA UBICACION,0,0,HERMES-01,2026-07-07T20:52:29.637082
220,3855,07/07/2026,16:02:38,2.560848333,-72.648164,NUEVA UBICACION,0,0,HERMES-01,2026-07-07T21:02:46.191601
221,3856,07/07/2026,16:12:52,2.560872333,-72.64816883,NUEVA UBICACION,0,0,HERMES-01,2026-07-07T21:12:58.274466
222,3857,07/07/2026,16:23:06,2.560834,-72.64814367,NUEVA UBICACION,0,0,HERMES-01,2026-07-07T21:23:13.180703
223,3858,07/07/2026,16:33:20,2.560875667,-72.64814933,NUEVA UBICACION,0,0,HERMES-01,2026-07-07T21:33:26.317931
224,3859,07/07/2026,16:43:35,2.560847833,-72.64814117,NUEVA UBICACION,0,0,HERMES-01,2026-07-07T21:43:42.964607
225,3860,07/07/2026,16:53:50,2.560863333,-72.648143,NUEVA UBICACION,0,0,HERMES-01,2026-07-07T21:53:57.488411
226,3861,07/07/2026,17:04:06,2.560838167,-72.64814117,NUEVA UBICACION,0,0,HERMES-01,2026-07-07T22:04:13.884306
227,3862,,No disponible,2.5608535,-72.64817433,NUEVA UBICACION,0,0,HERMES-01,2026-07-07T22:14:29.844365
228,3863,07/07/2026,17:24:38,2.560862667,-72.64816317,NUEVA UBICACION,0,0,HERMES-01,2026-07-07T22:24:46.209895
229,3864,07/07/2026,17:35:07,2.560890167,-72.64817517,NUEVA UBICACION,0,0,HERMES-01,2026-07-07T22:35:15.213864
230,3865,07/07/2026,17:45:22,2.560834,-72.648145,NUEVA UBICACION,0,0,HERMES-01,2026-07-07T22:45:29.392447
231,3866,07/07/2026,17:55:37,2.560847167,-72.64815067,NUEVA UBICACION,0,0,HERMES-01,2026-07-07T22:55:45.330062
232,3867,07/07/2026,18:05:52,2.560847333,-72.64816167,NUEVA UBICACION,0,0,HERMES-01,2026-07-07T23:06:00.944474
233,3868,07/07/2026,18:16:08,2.5608635,-72.648168,NUEVA UBICACION,0,0,HERMES-01,2026-07-07T23:16:16.792746
234,3869,07/07/2026,18:26:24,2.560833167,-72.64813283,NUEVA UBICACION,0,0,HERMES-01,2026-07-07T23:26:32.836644
235,3870,07/07/2026,18:36:40,2.560861,-72.6481865,NUEVA UBICACION,0,0,HERMES-01,2026-07-07T23:36:49.173914
236,3871,07/07/2026,18:46:57,2.560833667,-72.64812483,NUEVA UBICACION,0,0,HERMES-01,2026-07-07T23:47:05.645602
237,3872,07/07/2026,18:57:14,2.560836,-72.64815117,NUEVA UBICACION,0,0,HERMES-01,2026-07-07T23:57:22.654457
238,3733,07/07/2026,19:01:22,2.560783667,-72.6481495,NUEVA UBICACION,0,0,HERMES-01,2026-07-07T00:01:30.040051
239,3734,07/07/2026,19:11:39,2.5608655,-72.64820533,NUEVA UBICACION,0,0,HERMES-01,2026-07-07T00:11:47.525977
240,3735,07/07/2026,19:21:57,2.560853833,-72.64820617,NUEVA UBICACION,0,0,HERMES-01,2026-07-07T00:22:04.942720
241,3737,07/07/2026,19:42:27,2.560841167,-72.64817333,NUEVA UBICACION,0,0,HERMES-01,2026-07-07T00:42:34.790866
242,3738,07/07/2026,19:52:44,2.5608865,-72.64809333,NUEVA UBICACION,0,0,HERMES-01,2026-07-07T00:52:52.635278
243,3739,07/07/2026,20:03:05,2.560836667,-72.648184,NUEVA UBICACION,0,0,HERMES-01,2026-07-07T01:03:13.963296
244,3740,07/07/2026,20:13:21,2.5608775,-72.6481225,NUEVA UBICACION,0,0,HERMES-01,2026-07-07T01:13:29.078719
245,3741,07/07/2026,20:23:40,2.5609335,-72.64814133,NUEVA UBICACION,0,0,HERMES-01,2026-07-07T01:23:47.318384
246,3742,07/07/2026,20:34:17,2.560809,-72.6481735,NUEVA UBICACION,0,0,HERMES-01,2026-07-07T01:34:23.495613
247,3743,07/07/2026,20:44:30,2.560845833,-72.64812083,NUEVA UBICACION,0,0,HERMES-01,2026-07-07T01:44:37.864040
248,3744,07/07/2026,20:56:41,2.560836833,-72.64812317,NUEVA UBICACION,0,0,HERMES-01,2026-07-07T01:56:48.441243
249,3745,07/07/2026,21:06:55,2.560848333,-72.648191,NUEVA UBICACION,0,0,HERMES-01,2026-07-07T02:07:05.281663
250,3746,07/07/2026,21:17:13,2.560862667,-72.64815,NUEVA UBICACION,0,0,HERMES-01,2026-07-07T02:17:21.498901
251,3748,07/07/2026,21:38:06,2.5608515,-72.64817067,NUEVA UBICACION,0,0,HERMES-01,2026-07-07T02:38:13.977729
252,3749,07/07/2026,21:48:22,2.560820167,-72.64826233,NUEVA UBICACION,0,0,HERMES-01,2026-07-07T02:48:29.326010
253,3750,07/07/2026,21:58:41,2.560849333,-72.64821783,NUEVA UBICACION,0,0,HERMES-01,2026-07-07T02:58:48.873826
254,3751,07/07/2026,22:08:59,2.560866833,-72.64818417,NUEVA UBICACION,0,0,HERMES-01,2026-07-07T03:09:07.146590
255,3752,07/07/2026,22:19:15,2.560881833,-72.64820417,NUEVA UBICACION,0,0,HERMES-01,2026-07-07T03:19:22.190939
256,3753,07/07/2026,22:29:30,2.560853333,-72.648194,NUEVA UBICACION,0,0,HERMES-01,2026-07-07T03:29:45.889154
257,3895,,No disponible,2.560837333,-72.648128,NUEVA UBICACION,0,0,HERMES-01,2026-07-08T03:53:52.764193
258,3757,07/07/2026,23:10:49,2.5608795,-72.648165,NUEVA UBICACION,0,0,HERMES-01,2026-07-07T04:10:56.974421
259,3758,07/07/2026,23:21:04,2.560864333,-72.6481835,NUEVA UBICACION,0,0,HERMES-01,2026-07-07T04:21:12.953615
260,3759,07/07/2026,23:31:22,2.5608505,-72.64813583,NUEVA UBICACION,0,0,HERMES-01,2026-07-07T04:31:30.601855
261,3760,07/07/2026,23:41:40,2.560854,-72.64814083,NUEVA UBICACION,0,0,HERMES-01,2026-07-07T04:41:48.526265
262,3761,07/07/2026,23:51:58,2.5608285,-72.64813183,NUEVA UBICACION,0,0,HERMES-01,2026-07-07T04:52:04.568959
263,3902,,No disponible,2.560808833,-72.64811767,NUEVA UBICACION,0,0,HERMES-01,2026-07-08T05:06:23.625957
264,3903,08/07/2026,00:16:31,2.560903833,-72.64809267,NUEVA UBICACION,0,0,HERMES-01,2026-07-08T05:16:41.716785
265,3904,08/07/2026,00:26:49,2.560936833,-72.648111,NUEVA UBICACION,0,0,HERMES-01,2026-07-08T05:26:56.877979
266,3905,08/07/2026,00:37:07,2.560858333,-72.64813067,NUEVA UBICACION,0,0,HERMES-01,2026-07-08T05:37:14.041062
267,3906,08/07/2026,00:47:31,2.560907,-72.648148,NUEVA UBICACION,0,0,HERMES-01,2026-07-08T05:47:45.071309
268,3907,08/07/2026,00:57:53,2.5608795,-72.64814583,NUEVA UBICACION,0,0,HERMES-01,2026-07-08T05:58:00.051057
269,3909,08/07/2026,01:18:33,2.560812833,-72.6481375,NUEVA UBICACION,0,0,HERMES-01,2026-07-08T06:18:40.073209
270,3910,08/07/2026,01:28:49,2.560865667,-72.6481625,NUEVA UBICACION,0,0,HERMES-01,2026-07-08T06:28:57.503840
271,3911,08/07/2026,01:39:05,2.560803167,-72.648129,NUEVA UBICACION,0,0,HERMES-01,2026-07-08T06:39:12.725991
272,3912,08/07/2026,01:49:21,2.560876,-72.6482375,NUEVA UBICACION,0,0,HERMES-01,2026-07-08T06:49:28.310351
273,3913,08/07/2026,01:59:36,2.560886833,-72.6481785,NUEVA UBICACION,0,0,HERMES-01,2026-07-08T06:59:42.665811
274,3914,08/07/2026,02:09:51,2.560864,-72.6481805,NUEVA UBICACION,0,0,HERMES-01,2026-07-08T07:09:58.538431
275,3915,08/07/2026,02:20:05,2.560783667,-72.64816783,NUEVA UBICACION,0,0,HERMES-01,2026-07-08T07:20:13.783782
276,3916,08/07/2026,02:30:22,2.560628167,-72.64815217,NUEVA UBICACION,0,0,HERMES-01,2026-07-08T07:30:28.964924
277,3917,08/07/2026,02:40:37,2.560807333,-72.6481155,NUEVA UBICACION,0,0,HERMES-01,2026-07-08T07:40:45.769259
278,3918,08/07/2026,02:50:53,2.560794,-72.64815033,NUEVA UBICACION,0,0,HERMES-01,2026-07-08T07:51:08.426257
279,3919,08/07/2026,03:01:15,2.560809333,-72.64808883,NUEVA UBICACION,0,0,HERMES-01,2026-07-08T08:01:22.562060
280,3920,08/07/2026,03:13:21,2.560902,-72.64815217,NUEVA UBICACION,0,0,HERMES-01,2026-07-08T08:13:29.286101
281,3921,08/07/2026,03:24:12,2.560976333,-72.64801033,NUEVA UBICACION,0,0,HERMES-01,2026-07-08T08:24:20.126992
282,3922,08/07/2026,03:34:35,2.560858833,-72.64812817,NUEVA UBICACION,0,0,HERMES-01,2026-07-08T08:34:41.648070
283,3923,,No disponible,2.5608665,-72.64813817,NUEVA UBICACION,0,0,HERMES-01,2026-07-08T08:44:56.972918
284,3924,08/07/2026,03:55:04,2.560916167,-72.648083,NUEVA UBICACION,0,0,HERMES-01,2026-07-08T08:55:11.890141
285,3925,08/07/2026,04:05:20,2.560834,-72.64812017,NUEVA UBICACION,0,0,HERMES-01,2026-07-08T09:05:28.686691
286,3926,08/07/2026,04:15:38,2.560885667,-72.64815983,NUEVA UBICACION,0,0,HERMES-01,2026-07-08T09:15:45.926539
287,3927,08/07/2026,04:25:55,2.560810833,-72.64813533,NUEVA UBICACION,0,0,HERMES-01,2026-07-08T09:26:02.035142
288,3928,08/07/2026,04:36:10,2.560814,-72.64813067,NUEVA UBICACION,0,0,HERMES-01,2026-07-08T09:36:18.271216
289,3929,08/07/2026,04:46:26,2.5608635,-72.64817533,NUEVA UBICACION,0,0,HERMES-01,2026-07-08T09:46:33.042322
290,3930,,No disponible,2.560795833,-72.64808583,NUEVA UBICACION,0,0,HERMES-01,2026-07-08T09:56:50.015289
291,3931,08/07/2026,05:07:00,2.560857167,-72.6482545,NUEVA UBICACION,0,0,HERMES-01,2026-07-08T10:07:08.483203
292,3932,08/07/2026,05:17:16,2.560827833,-72.64816483,NUEVA UBICACION,0,0,HERMES-01,2026-07-08T10:17:23.619396
293,3933,08/07/2026,05:27:32,2.560829,-72.64816417,NUEVA UBICACION,0,0,HERMES-01,2026-07-08T10:27:39.998206
294,3934,08/07/2026,05:37:48,2.560802167,-72.6481635,NUEVA UBICACION,0,0,HERMES-01,2026-07-08T10:37:55.044835
295,3935,08/07/2026,05:48:04,2.560805833,-72.64810383,NUEVA UBICACION,0,0,HERMES-01,2026-07-08T10:48:11.230005
296,3936,08/07/2026,05:58:22,2.560804667,-72.6481785,NUEVA UBICACION,0,0,HERMES-01,2026-07-08T10:58:30.393752
297,3937,08/07/2026,06:08:39,2.560835167,-72.64820283,NUEVA UBICACION,0,0,HERMES-01,2026-07-08T11:08:47.725639
298,3938,08/07/2026,06:18:55,2.560883833,-72.648186,NUEVA UBICACION,0,0,HERMES-01,2026-07-08T11:19:02.496989
299,3939,08/07/2026,06:29:11,2.56085,-72.648186,NUEVA UBICACION,0,0,HERMES-01,2026-07-08T11:29:18.788853
300,3940,08/07/2026,06:39:49,2.560959,-72.64825283,NUEVA UBICACION,0,0,HERMES-01,2026-07-08T11:39:58.572113
301,3941,08/07/2026,06:50:09,2.560885333,-72.64826583,NUEVA UBICACION,0,0,HERMES-01,2026-07-08T11:50:17.278909
302,3942,08/07/2026,07:00:27,2.5608555,-72.6481455,NUEVA UBICACION,0,0,HERMES-01,2026-07-08T12:00:37.450090
303,3943,08/07/2026,07:10:46,2.560878,-72.64811317,NUEVA UBICACION,0,0,HERMES-01,2026-07-08T12:10:53.075422
304,3944,08/07/2026,07:21:02,2.5609415,-72.64816217,NUEVA UBICACION,0,0,HERMES-01,2026-07-08T12:21:09.075477
305,3945,08/07/2026,07:31:18,2.560845333,-72.6482875,NUEVA UBICACION,0,0,HERMES-01,2026-07-08T12:31:25.670564
306,3946,08/07/2026,07:41:33,2.560728167,-72.64811867,NUEVA UBICACION,0,0,HERMES-01,2026-07-08T12:41:40.424121
307,3947,08/07/2026,07:51:49,2.560836333,-72.64821,NUEVA UBICACION,0,0,HERMES-01,2026-07-08T12:51:55.154717
308,3952,08/07/2026,08:24:32,2.560887,-72.648167,REENVIO PENDIENTE,0,0,HERMES-01,2026-07-08T13:46:50.386174
309,3952,08/07/2026,08:35:34,2.560881,-72.648176,REENVIO PENDIENTE,0,0,HERMES-01,2026-07-08T13:46:55.070615
310,3952,08/07/2026,08:46:58,2.560923,-72.648086,NUEVA UBICACION,0,0,HERMES-01,2026-07-08T13:47:05.621967
311,3953,08/07/2026,08:57:12,2.560878167,-72.64813867,NUEVA UBICACION,0,0,HERMES-01,2026-07-08T13:57:21.102422
312,3954,08/07/2026,09:07:30,2.560819833,-72.64813833,NUEVA UBICACION,0,0,HERMES-01,2026-07-08T14:07:38.378317
313,3955,08/07/2026,09:17:55,2.560832333,-72.64815733,NUEVA UBICACION,0,0,HERMES-01,2026-07-08T14:18:03.474004
314,3956,,No disponible,2.560864333,-72.64815617,NUEVA UBICACION,0,0,HERMES-01,2026-07-08T14:28:52.425254
315,3957,08/07/2026,09:38:58,2.560860167,-72.648169,NUEVA UBICACION,0,0,HERMES-01,2026-07-08T14:39:06.266465
316,3958,08/07/2026,09:49:15,2.560860333,-72.6481755,NUEVA UBICACION,0,0,HERMES-01,2026-07-08T14:49:21.966588
317,3959,08/07/2026,09:59:30,2.560884833,-72.64815083,NUEVA UBICACION,0,0,HERMES-01,2026-07-08T14:59:38.180450
318,3960,08/07/2026,10:09:47,2.560879,-72.64816383,NUEVA UBICACION,0,0,HERMES-01,2026-07-08T15:09:54.465188
319,3961,,No disponible,2.560853167,-72.6481725,NUEVA UBICACION,0,0,HERMES-01,2026-07-08T15:20:08.026859
320,3962,08/07/2026,10:30:15,2.560876167,-72.6481385,NUEVA UBICACION,0,0,HERMES-01,2026-07-08T15:30:23.208416
321,3963,,No disponible,2.560883333,-72.6481755,NUEVA UBICACION,0,0,HERMES-01,2026-07-08T15:40:41.416601
322,3964,,No disponible,2.5608605,-72.648177,NUEVA UBICACION,0,0,HERMES-01,2026-07-08T15:51:01.722853
323,3965,,No disponible,2.560853333,-72.64817117,NUEVA UBICACION,0,0,HERMES-01,2026-07-08T16:01:14.946655
324,3966,08/07/2026,11:11:22,2.5608735,-72.64816083,NUEVA UBICACION,0,0,HERMES-01,2026-07-08T16:11:29.187148
325,3967,08/07/2026,11:21:39,2.560852333,-72.64815317,NUEVA UBICACION,0,0,HERMES-01,2026-07-08T16:21:46.345937
326,3968,,No disponible,2.560851833,-72.64815033,NUEVA UBICACION,0,0,HERMES-01,2026-07-08T16:31:59.956499
327,3969,,No disponible,2.560871333,-72.64816983,NUEVA UBICACION,0,0,HERMES-01,2026-07-08T16:42:16.600419
328,3970,08/07/2026,11:52:25,2.5608715,-72.648189,NUEVA UBICACION,0,0,HERMES-01,2026-07-08T16:52:32.404496
329,3971,08/07/2026,12:02:39,2.560857833,-72.64817867,NUEVA UBICACION,0,0,HERMES-01,2026-07-08T17:02:50.374603
330,3972,08/07/2026,12:12:57,2.560905167,-72.64814083,NUEVA UBICACION,0,0,HERMES-01,2026-07-08T17:13:04.398300
331,3973,,No disponible,2.560873833,-72.64814633,NUEVA UBICACION,0,0,HERMES-01,2026-07-08T17:23:19.700089
332,3974,08/07/2026,12:33:28,2.560871667,-72.64812017,NUEVA UBICACION,0,0,HERMES-01,2026-07-08T17:33:35.762964
333,3975,08/07/2026,12:43:45,2.560888167,-72.648137,NUEVA UBICACION,0,0,HERMES-01,2026-07-08T17:43:52.565335
334,3976,08/07/2026,12:54:02,2.560839167,-72.64814567,NUEVA UBICACION,0,0,HERMES-01,2026-07-08T17:54:09.047291
335,3977,08/07/2026,13:04:17,2.560890333,-72.64814883,NUEVA UBICACION,0,0,HERMES-01,2026-07-08T18:04:25.943397
336,3978,08/07/2026,13:14:34,2.560827167,-72.64815867,NUEVA UBICACION,0,0,HERMES-01,2026-07-08T18:14:42.433096
337,3979,08/07/2026,13:24:51,2.560900667,-72.64814933,NUEVA UBICACION,0,0,HERMES-01,2026-07-08T18:24:58.896917
338,3980,,No disponible,2.5608325,-72.64813383,NUEVA UBICACION,0,0,HERMES-01,2026-07-08T18:35:18.321071
339,3981,08/07/2026,13:45:25,2.560856167,-72.64813517,NUEVA UBICACION,0,0,HERMES-01,2026-07-08T18:45:33.103816
340,3982,,No disponible,2.5608905,-72.6482075,NUEVA UBICACION,0,0,HERMES-01,2026-07-08T18:55:50.869491
341,3983,,No disponible,2.560888667,-72.648159,NUEVA UBICACION,0,0,HERMES-01,2026-07-08T19:06:07.575206
342,3984,,No disponible,2.5609185,-72.64821833,NUEVA UBICACION,0,0,HERMES-01,2026-07-08T19:16:22.552920
343,3985,08/07/2026,14:26:32,2.560873833,-72.648165,NUEVA UBICACION,0,0,HERMES-01,2026-07-08T19:26:39.302493
344,3986,08/07/2026,14:36:50,2.560867167,-72.64819167,NUEVA UBICACION,0,0,HERMES-01,2026-07-08T19:36:58.252025
345,3987,08/07/2026,14:47:17,2.560839,-72.6481365,NUEVA UBICACION,0,0,HERMES-01,2026-07-08T19:47:24.068378
346,3988,08/07/2026,14:57:30,2.5608545,-72.6481735,NUEVA UBICACION,0,0,HERMES-01,2026-07-08T19:57:37.604759
347,3989,08/07/2026,15:07:50,2.560878833,-72.64819183,NUEVA UBICACION,0,0,HERMES-01,2026-07-08T20:07:58.346387
348,3990,08/07/2026,15:18:06,2.560826333,-72.64819533,NUEVA UBICACION,0,0,HERMES-01,2026-07-08T20:18:15.404119
349,3991,08/07/2026,15:28:23,2.560858833,-72.64818367,NUEVA UBICACION,0,0,HERMES-01,2026-07-08T20:28:30.924682
350,3992,08/07/2026,15:38:43,2.5609215,-72.64816217,NUEVA UBICACION,0,0,HERMES-01,2026-07-08T20:38:50.548883
351,3993,08/07/2026,15:48:58,2.560884167,-72.64814517,NUEVA UBICACION,0,0,HERMES-01,2026-07-08T20:49:05.451845
352,3994,08/07/2026,15:59:14,2.560875833,-72.64816433,NUEVA UBICACION,0,0,HERMES-01,2026-07-08T20:59:41.841390
353,3995,08/07/2026,16:09:49,2.560854333,-72.64814217,NUEVA UBICACION,0,0,HERMES-01,2026-07-08T21:09:57.929005
354,3996,08/07/2026,16:20:18,2.560852333,-72.64814783,NUEVA UBICACION,0,0,HERMES-01,2026-07-08T21:20:25.209459
355,3997,,No disponible,2.560801167,-72.64815083,NUEVA UBICACION,0,0,HERMES-01,2026-07-08T21:30:40.331565
356,3998,08/07/2026,16:40:49,2.560851,-72.64814333,NUEVA UBICACION,0,0,HERMES-01,2026-07-08T21:40:57.305674
357,3999,08/07/2026,16:51:05,2.560877,-72.64814233,NUEVA UBICACION,0,0,HERMES-01,2026-07-08T21:51:13.994795
358,4000,08/07/2026,17:01:21,2.560886833,-72.64814517,NUEVA UBICACION,0,0,HERMES-01,2026-07-08T22:01:31.432913
359,4001,08/07/2026,17:11:39,2.560829333,-72.648163,NUEVA UBICACION,0,0,HERMES-01,2026-07-08T22:11:46.740934
360,4002,08/07/2026,17:21:55,2.560811833,-72.648148,NUEVA UBICACION,0,0,HERMES-01,2026-07-08T22:22:01.522001
361,4003,08/07/2026,17:32:12,2.560874167,-72.64812683,NUEVA UBICACION,0,0,HERMES-01,2026-07-08T22:32:19.706699
362,4004,08/07/2026,17:42:29,2.5608515,-72.648146,NUEVA UBICACION,0,0,HERMES-01,2026-07-08T22:42:35.748182
363,4005,08/07/2026,17:52:43,2.560855167,-72.64811867,NUEVA UBICACION,0,0,HERMES-01,2026-07-08T22:52:50.858541
364,4006,08/07/2026,18:02:59,2.560853,-72.648138,NUEVA UBICACION,0,0,HERMES-01,2026-07-08T23:03:06.383461
365,4007,08/07/2026,18:13:15,2.560888,-72.64813,NUEVA UBICACION,0,0,HERMES-01,2026-07-08T23:13:22.275910
366,4008,,No disponible,2.560891833,-72.64816967,NUEVA UBICACION,0,0,HERMES-01,2026-07-08T23:23:36.999291
367,4009,,No disponible,2.5608705,-72.64819117,NUEVA UBICACION,0,0,HERMES-01,2026-07-08T23:33:52.771602
368,4010,08/07/2026,18:44:01,2.5608565,-72.648183,NUEVA UBICACION,0,0,HERMES-01,2026-07-08T23:44:08.691694
369,4011,08/07/2026,18:54:18,2.560821333,-72.64814333,NUEVA UBICACION,0,0,HERMES-01,2026-07-08T23:54:25.851129
370,3873,08/07/2026,19:07:30,2.560914333,-72.6481315,NUEVA UBICACION,0,0,HERMES-01,2026-07-08T00:07:39.158839
371,3874,08/07/2026,19:17:50,2.561019833,-72.64815117,NUEVA UBICACION,0,0,HERMES-01,2026-07-08T00:17:57.732091
372,4014,,No disponible,2.5608655,-72.64817233,NUEVA UBICACION,0,0,HERMES-01,2026-07-09T00:25:17.509389
373,3875,08/07/2026,19:28:06,2.560889667,-72.64815567,NUEVA UBICACION,0,0,HERMES-01,2026-07-08T00:28:14.787928
374,3876,08/07/2026,19:38:22,2.5608375,-72.648157,NUEVA UBICACION,0,0,HERMES-01,2026-07-08T00:38:29.802257
375,4016,,No disponible,2.560892167,-72.648154,NUEVA UBICACION,0,0,HERMES-01,2026-07-09T00:45:47.789829
376,3877,08/07/2026,19:48:40,2.560925667,-72.6481835,NUEVA UBICACION,0,0,HERMES-01,2026-07-08T00:48:46.413393
377,3878,08/07/2026,19:58:54,2.560822,-72.64815117,NUEVA UBICACION,0,0,HERMES-01,2026-07-08T00:59:02.420895
378,3879,08/07/2026,20:09:09,2.560833,-72.64815383,NUEVA UBICACION,0,0,HERMES-01,2026-07-08T01:09:17.531975
379,3880,08/07/2026,20:19:44,2.560649667,-72.64822283,NUEVA UBICACION,0,0,HERMES-01,2026-07-08T01:19:50.663947
380,3881,08/07/2026,20:30:03,2.5607915,-72.6481545,NUEVA UBICACION,0,0,HERMES-01,2026-07-08T01:30:10.044444
381,3882,08/07/2026,20:40:19,2.5608165,-72.648099,NUEVA UBICACION,0,0,HERMES-01,2026-07-08T01:40:26.999898
382,3883,08/07/2026,20:50:34,2.560813667,-72.648139,NUEVA UBICACION,0,0,HERMES-01,2026-07-08T01:50:42.477914
383,3884,08/07/2026,21:00:50,2.560853333,-72.6481525,NUEVA UBICACION,0,0,HERMES-01,2026-07-08T02:00:57.734492
384,3885,08/07/2026,21:11:06,2.560896833,-72.6481905,NUEVA UBICACION,0,0,HERMES-01,2026-07-08T02:11:13.269284
385,3886,08/07/2026,21:21:22,2.560849667,-72.64815717,NUEVA UBICACION,0,0,HERMES-01,2026-07-08T02:21:30.908500
386,3887,08/07/2026,21:31:40,2.5608355,-72.64819067,NUEVA UBICACION,0,0,HERMES-01,2026-07-08T02:31:48.438930
387,3888,08/07/2026,21:41:56,2.560866833,-72.64814067,NUEVA UBICACION,0,0,HERMES-01,2026-07-08T02:42:05.564151
388,3889,08/07/2026,21:52:13,2.560885833,-72.64821,NUEVA UBICACION,0,0,HERMES-01,2026-07-08T02:52:19.299816
389,4029,,No disponible,2.5608155,-72.64817067,NUEVA UBICACION,0,0,HERMES-01,2026-07-09T02:59:35.908248
390,3890,08/07/2026,22:02:27,2.560833167,-72.64812217,NUEVA UBICACION,0,0,HERMES-01,2026-07-08T03:02:33.159727
391,3891,08/07/2026,22:12:42,2.560892667,-72.64816433,NUEVA UBICACION,0,0,HERMES-01,2026-07-08T03:12:49.657165
392,3892,08/07/2026,22:22:58,2.5608455,-72.64817067,NUEVA UBICACION,0,0,HERMES-01,2026-07-08T03:23:06.502036
393,3893,08/07/2026,22:33:15,2.5608785,-72.64814867,NUEVA UBICACION,0,0,HERMES-01,2026-07-08T03:33:22.024942
394,3894,08/07/2026,22:43:29,2.560885333,-72.64818317,NUEVA UBICACION,0,0,HERMES-01,2026-07-08T03:43:36.629716
395,3896,08/07/2026,23:04:01,2.5608195,-72.648153,NUEVA UBICACION,0,0,HERMES-01,2026-07-08T04:04:08.210357
396,4036,,No disponible,2.560804333,-72.64785,NUEVA UBICACION,0,0,HERMES-01,2026-07-09T04:11:31.537346
397,3897,08/07/2026,23:14:35,2.5609045,-72.648116,NUEVA UBICACION,0,0,HERMES-01,2026-07-08T04:14:41.647225
398,3898,08/07/2026,23:25:01,2.56079,-72.64811533,NUEVA UBICACION,0,0,HERMES-01,2026-07-08T04:25:08.588131
399,3899,08/07/2026,23:35:16,2.560891167,-72.64807833,NUEVA UBICACION,0,0,HERMES-01,2026-07-08T04:35:25.492028
400,3900,08/07/2026,23:45:33,2.5608945,-72.6481195,NUEVA UBICACION,0,0,HERMES-01,2026-07-08T04:45:41.064671
401,3901,08/07/2026,23:55:48,2.560894167,-72.6480725,NUEVA UBICACION,0,0,HERMES-01,2026-07-08T04:55:55.800875
402,4041,09/07/2026,00:02:42,2.560852167,-72.64816117,NUEVA UBICACION,0,0,HERMES-01,2026-07-09T05:02:48.551103
403,4042,09/07/2026,00:12:55,2.560898833,-72.6481265,NUEVA UBICACION,0,0,HERMES-01,2026-07-09T05:13:01.584839
404,4043,09/07/2026,00:23:09,2.560859833,-72.64813417,NUEVA UBICACION,0,0,HERMES-01,2026-07-09T05:23:16.630765
405,4044,09/07/2026,00:33:25,2.560867667,-72.64813633,NUEVA UBICACION,0,0,HERMES-01,2026-07-09T05:33:32.183323
406,4045,09/07/2026,00:43:49,2.5608635,-72.6481345,NUEVA UBICACION,0,0,HERMES-01,2026-07-09T05:43:56.296753
407,4046,09/07/2026,00:54:04,2.560884,-72.64814533,NUEVA UBICACION,0,0,HERMES-01,2026-07-09T05:54:10.572985
408,4047,09/07/2026,01:04:31,2.5608855,-72.64817217,NUEVA UBICACION,0,0,HERMES-01,2026-07-09T06:04:38.748172
409,4048,09/07/2026,01:14:46,2.5608515,-72.64816217,NUEVA UBICACION,0,0,HERMES-01,2026-07-09T06:14:53.919448
410,4049,09/07/2026,01:25:01,2.560861167,-72.64813683,NUEVA UBICACION,0,0,HERMES-01,2026-07-09T06:25:07.937530
411,4050,09/07/2026,01:35:14,2.5608345,-72.64815733,NUEVA UBICACION,0,0,HERMES-01,2026-07-09T06:35:22.770698
412,4051,09/07/2026,01:45:29,2.560809333,-72.64813917,NUEVA UBICACION,0,0,HERMES-01,2026-07-09T06:45:38.322944
413,4052,09/07/2026,01:55:46,2.560778167,-72.64818367,NUEVA UBICACION,0,0,HERMES-01,2026-07-09T06:55:52.299148
414,4053,,No disponible,2.560691333,-72.6480965,NUEVA UBICACION,0,0,HERMES-01,2026-07-09T07:06:06.994128
415,4054,09/07/2026,02:16:16,2.5608715,-72.648155,NUEVA UBICACION,0,0,HERMES-01,2026-07-09T07:16:23.965012
416,4055,,No disponible,2.560760333,-72.647888,NUEVA UBICACION,0,0,HERMES-01,2026-07-09T07:26:39.593122
417,4056,09/07/2026,02:36:48,2.5608555,-72.64813483,NUEVA UBICACION,0,0,HERMES-01,2026-07-09T07:36:55.097340
418,4057,,No disponible,2.56087,-72.64818217,NUEVA UBICACION,0,0,HERMES-01,2026-07-09T07:47:11.208310
419,4058,09/07/2026,02:57:17,2.5607115,-72.64792317,NUEVA UBICACION,0,0,HERMES-01,2026-07-09T07:57:25.833642
420,4059,09/07/2026,03:07:34,2.5607395,-72.64800717,NUEVA UBICACION,0,0,HERMES-01,2026-07-09T08:07:41.580914
421,4060,,No disponible,2.560846167,-72.64814833,NUEVA UBICACION,0,0,HERMES-01,2026-07-09T08:17:56.520708
422,4061,09/07/2026,03:28:04,2.560826167,-72.6482155,NUEVA UBICACION,0,0,HERMES-01,2026-07-09T08:28:11.303686
423,4062,,No disponible,2.560814333,-72.6481225,NUEVA UBICACION,0,0,HERMES-01,2026-07-09T08:38:26.451593
424,4063,09/07/2026,03:48:33,2.560851,-72.648148,NUEVA UBICACION,0,0,HERMES-01,2026-07-09T08:48:41.337235
425,4065,09/07/2026,04:10:14,2.560941167,-72.648163,NUEVA UBICACION,0,0,HERMES-01,2026-07-09T09:10:22.274565
426,4066,09/07/2026,04:20:27,2.560837833,-72.64817133,NUEVA UBICACION,0,0,HERMES-01,2026-07-09T09:20:35.515673
427,4067,09/07/2026,04:30:42,2.560802667,-72.64813667,NUEVA UBICACION,0,0,HERMES-01,2026-07-09T09:30:49.670041
428,4068,,No disponible,2.560851833,-72.64817267,NUEVA UBICACION,0,0,HERMES-01,2026-07-09T09:41:05.340063
429,4069,09/07/2026,04:51:12,2.560793833,-72.64816383,NUEVA UBICACION,0,0,HERMES-01,2026-07-09T09:51:20.695414
430,4070,09/07/2026,05:01:29,2.560922833,-72.64821283,NUEVA UBICACION,0,0,HERMES-01,2026-07-09T10:01:37.403414
431,4071,,No disponible,2.560868167,-72.64814617,NUEVA UBICACION,0,0,HERMES-01,2026-07-09T10:12:04.030087
432,4072,09/07/2026,05:22:09,2.560842,-72.648139,NUEVA UBICACION,0,0,HERMES-01,2026-07-09T10:22:17.576475
433,4073,09/07/2026,05:32:37,2.5608135,-72.64816967,NUEVA UBICACION,0,0,HERMES-01,2026-07-09T10:32:45.702013
434,4074,09/07/2026,05:42:54,2.560814333,-72.648175,NUEVA UBICACION,0,0,HERMES-01,2026-07-09T10:43:01.630367
435,4075,09/07/2026,05:53:12,2.560777333,-72.64820117,NUEVA UBICACION,0,0,HERMES-01,2026-07-09T10:53:19.386925
436,4076,09/07/2026,06:03:27,2.5608105,-72.648163,NUEVA UBICACION,0,0,HERMES-01,2026-07-09T11:03:34.792156
437,4077,09/07/2026,06:13:43,2.560844333,-72.64823033,NUEVA UBICACION,0,0,HERMES-01,2026-07-09T11:13:52.029950
438,4078,09/07/2026,06:24:00,2.5610715,-72.64812033,NUEVA UBICACION,0,0,HERMES-01,2026-07-09T11:24:07.482978
439,4079,09/07/2026,06:34:16,2.560810167,-72.648176,NUEVA UBICACION,0,0,HERMES-01,2026-07-09T11:34:22.882687
440,4080,09/07/2026,06:45:09,2.560873,-72.64815917,NUEVA UBICACION,0,0,HERMES-01,2026-07-09T11:45:17.828387
441,4081,09/07/2026,06:55:23,2.560843167,-72.64824433,NUEVA UBICACION,0,0,HERMES-01,2026-07-09T11:55:31.354872
442,4083,09/07/2026,07:16:07,2.5608625,-72.648157,NUEVA UBICACION,0,0,HERMES-01,2026-07-09T12:16:15.741585
443,4084,09/07/2026,07:26:24,2.5608955,-72.64816033,NUEVA UBICACION,0,0,HERMES-01,2026-07-09T12:26:30.807640
444,4085,09/07/2026,07:36:39,2.560818167,-72.6482155,NUEVA UBICACION,0,0,HERMES-01,2026-07-09T12:36:46.547429
445,4086,09/07/2026,07:47:25,2.560819167,-72.64817,NUEVA UBICACION,0,0,HERMES-01,2026-07-09T12:47:33.796825
446,4087,09/07/2026,07:57:41,2.560869833,-72.6481855,NUEVA UBICACION,0,0,HERMES-01,2026-07-09T12:57:47.763247
447,4088,,No disponible,2.560941,-72.64816133,NUEVA UBICACION,0,0,HERMES-01,2026-07-09T13:08:04.700596
448,4089,09/07/2026,08:18:12,2.5608615,-72.64817983,NUEVA UBICACION,0,0,HERMES-01,2026-07-09T13:18:20.304340
449,4090,09/07/2026,08:28:28,2.5608735,-72.64815667,NUEVA UBICACION,0,0,HERMES-01,2026-07-09T13:28:37.088157
450,4091,09/07/2026,08:38:46,2.560853667,-72.64815817,NUEVA UBICACION,0,0,HERMES-01,2026-07-09T13:38:53.639248
451,4092,09/07/2026,08:49:03,2.560882667,-72.64814867,NUEVA UBICACION,0,0,HERMES-01,2026-07-09T13:49:10.684162
452,4093,09/07/2026,08:59:17,2.560855333,-72.64813967,NUEVA UBICACION,0,0,HERMES-01,2026-07-09T13:59:24.114381
453,4094,09/07/2026,09:09:32,2.560871667,-72.6481395,NUEVA UBICACION,0,0,HERMES-01,2026-07-09T14:09:39.958994
454,4095,,No disponible,2.560869667,-72.64818683,NUEVA UBICACION,0,0,HERMES-01,2026-07-09T14:19:59.547807
455,4096,,No disponible,2.5608875,-72.6481845,NUEVA UBICACION,0,0,HERMES-01,2026-07-09T14:30:14.971150
456,4097,09/07/2026,09:40:24,2.560836667,-72.64819767,NUEVA UBICACION,0,0,HERMES-01,2026-07-09T14:40:31.324339
457,4098,09/07/2026,09:50:49,2.560929333,-72.64819183,NUEVA UBICACION,0,0,HERMES-01,2026-07-09T14:50:56.427525
458,4099,09/07/2026,10:01:04,2.560871167,-72.64814767,NUEVA UBICACION,0,0,HERMES-01,2026-07-09T15:01:12.272075
459,4100,09/07/2026,10:11:21,2.560857167,-72.64815933,NUEVA UBICACION,0,0,HERMES-01,2026-07-09T15:11:37.533464
460,4101,09/07/2026,10:21:46,2.560871167,-72.648119,NUEVA UBICACION,0,0,HERMES-01,2026-07-09T15:21:53.919267
461,4102,09/07/2026,10:32:03,2.560819667,-72.64808617,NUEVA UBICACION,0,0,HERMES-01,2026-07-09T15:32:12.181135
462,4104,09/07/2026,10:52:52,2.560827667,-72.64814633,NUEVA UBICACION,0,0,HERMES-01,2026-07-09T15:52:59.244064
463,4105,09/07/2026,11:03:08,2.560824667,-72.64818167,NUEVA UBICACION,0,0,HERMES-01,2026-07-09T16:03:14.582365
464,4106,09/07/2026,11:13:21,2.560814333,-72.64816633,NUEVA UBICACION,0,0,HERMES-01,2026-07-09T16:13:28.090298
465,4107,09/07/2026,11:23:37,2.560806167,-72.64816383,NUEVA UBICACION,0,0,HERMES-01,2026-07-09T16:23:45.109861
466,4108,09/07/2026,11:33:53,2.560897333,-72.64815333,NUEVA UBICACION,0,0,HERMES-01,2026-07-09T16:34:00.121247
467,4109,09/07/2026,11:44:18,2.560864833,-72.648122,NUEVA UBICACION,0,0,HERMES-01,2026-07-09T16:44:26.418580
468,4110,09/07/2026,11:54:35,2.560852167,-72.6481985,NUEVA UBICACION,0,0,HERMES-01,2026-07-09T16:54:44.051971
469,4111,09/07/2026,12:04:51,2.560926333,-72.64816933,NUEVA UBICACION,0,0,HERMES-01,2026-07-09T17:04:59.567012
470,4112,,No disponible,2.560976667,-72.648173,NUEVA UBICACION,0,0,HERMES-01,2026-07-09T17:15:16.193399
471,4113,,No disponible,2.560866667,-72.64820067,NUEVA UBICACION,0,0,HERMES-01,2026-07-09T17:25:30.881096
472,4114,09/07/2026,12:35:38,2.560844333,-72.64812683,NUEVA UBICACION,0,0,HERMES-01,2026-07-09T17:35:46.498326
473,4115,09/07/2026,12:45:55,2.560844667,-72.6481605,NUEVA UBICACION,0,0,HERMES-01,2026-07-09T17:46:02.164286
474,4117,09/07/2026,13:06:40,2.560887667,-72.64816633,NUEVA UBICACION,0,0,HERMES-01,2026-07-09T18:06:47.430077
475,4118,09/07/2026,13:16:55,2.560898667,-72.64815733,NUEVA UBICACION,0,0,HERMES-01,2026-07-09T18:17:04.387027
476,4119,09/07/2026,13:27:12,2.5608925,-72.64817083,NUEVA UBICACION,0,0,HERMES-01,2026-07-09T18:27:19.369814
477,4120,,No disponible,2.560884667,-72.6481625,NUEVA UBICACION,0,0,HERMES-01,2026-07-09T18:37:34.144390
478,4121,09/07/2026,13:47:43,2.560866167,-72.6481565,NUEVA UBICACION,0,0,HERMES-01,2026-07-09T18:47:50.719640
479,4122,,No disponible,2.560882667,-72.648166,NUEVA UBICACION,0,0,HERMES-01,2026-07-09T18:58:07.693498
480,4123,09/07/2026,14:08:16,2.560874667,-72.64815483,NUEVA UBICACION,0,0,HERMES-01,2026-07-09T19:08:24.394507
481,4124,09/07/2026,14:18:32,2.560914667,-72.64814817,NUEVA UBICACION,0,0,HERMES-01,2026-07-09T19:18:40.335455
482,4125,,No disponible,2.560880333,-72.648166,NUEVA UBICACION,0,0,HERMES-01,2026-07-09T19:28:55.788733
483,4126,09/07/2026,14:39:06,2.560870333,-72.648192,NUEVA UBICACION,0,0,HERMES-01,2026-07-09T19:39:14.009649
484,4127,09/07/2026,14:49:21,2.560849833,-72.64817683,NUEVA UBICACION,0,0,HERMES-01,2026-07-09T19:49:29.490623
485,4128,,No disponible,2.560881667,-72.64819017,NUEVA UBICACION,0,0,HERMES-01,2026-07-09T19:59:46.968138
486,4129,09/07/2026,15:09:58,2.5608795,-72.64816383,NUEVA UBICACION,0,0,HERMES-01,2026-07-09T20:10:05.585806
487,4130,09/07/2026,15:20:15,2.560843833,-72.64815467,NUEVA UBICACION,0,0,HERMES-01,2026-07-09T20:20:26.017333
488,4131,09/07/2026,15:30:32,2.5608875,-72.64816733,NUEVA UBICACION,0,0,HERMES-01,2026-07-09T20:30:41.067968
489,4132,09/07/2026,15:40:50,2.560864667,-72.64817817,NUEVA UBICACION,0,0,HERMES-01,2026-07-09T20:40:57.302248
490,4133,09/07/2026,15:51:05,2.560863667,-72.64815517,NUEVA UBICACION,0,0,HERMES-01,2026-07-09T20:51:15.677593
491,4134,,No disponible,2.560863667,-72.64814467,NUEVA UBICACION,0,0,HERMES-01,2026-07-09T21:01:31.799425
492,4135,,No disponible,2.5608435,-72.64815,NUEVA UBICACION,0,0,HERMES-01,2026-07-09T21:11:48.809929
493,4136,09/07/2026,16:21:57,2.560872667,-72.64814817,NUEVA UBICACION,0,0,HERMES-01,2026-07-09T21:22:04.224270
494,4137,,No disponible,2.560860833,-72.64814767,NUEVA UBICACION,0,0,HERMES-01,2026-07-09T21:32:19.856257
495,4138,09/07/2026,16:42:34,2.560853833,-72.6481335,NUEVA UBICACION,0,0,HERMES-01,2026-07-09T21:42:45.076015
496,4139,09/07/2026,16:52:53,2.5608665,-72.6481505,NUEVA UBICACION,0,0,HERMES-01,2026-07-09T21:52:59.270881
497,4140,09/07/2026,17:03:06,2.560893667,-72.648151,NUEVA UBICACION,0,0,HERMES-01,2026-07-09T22:03:14.135644
498,4141,09/07/2026,17:13:21,2.560830167,-72.64814,NUEVA UBICACION,0,0,HERMES-01,2026-07-09T22:13:29.780871
499,4142,09/07/2026,17:23:37,2.560875833,-72.648165,NUEVA UBICACION,0,0,HERMES-01,2026-07-09T22:23:45.619324
500,4143,09/07/2026,17:33:59,2.5608265,-72.64817017,NUEVA UBICACION,0,0,HERMES-01,2026-07-09T22:34:10.569754
501,4144,,No disponible,2.560835833,-72.6481375,NUEVA UBICACION,0,0,HERMES-01,2026-07-09T22:44:32.169507
502,4145,09/07/2026,17:54:42,2.560885,-72.6481695,NUEVA UBICACION,0,0,HERMES-01,2026-07-09T22:54:48.615012
503,4146,09/07/2026,18:05:38,2.560861167,-72.6481615,NUEVA UBICACION,0,0,HERMES-01,2026-07-09T23:05:46.024083
504,4147,09/07/2026,18:15:51,2.560832667,-72.648133,NUEVA UBICACION,0,0,HERMES-01,2026-07-09T23:16:05.391711
505,4148,09/07/2026,18:26:14,2.560858333,-72.64817467,NUEVA UBICACION,0,0,HERMES-01,2026-07-09T23:28:21.598458
506,4149,09/07/2026,18:39:18,2.560856167,-72.64820333,NUEVA UBICACION,0,0,HERMES-01,2026-07-09T23:39:26.567073
507,4150,09/07/2026,18:49:36,2.560803,-72.64812117,NUEVA UBICACION,0,0,HERMES-01,2026-07-09T23:49:46.896868
508,4012,09/07/2026,19:04:35,2.5608565,-72.64814317,NUEVA UBICACION,0,0,HERMES-01,2026-07-09T00:04:42.536745
509,4013,09/07/2026,19:14:52,2.5608355,-72.64818267,NUEVA UBICACION,0,0,HERMES-01,2026-07-09T00:15:00.471449
510,4015,09/07/2026,19:35:26,2.560792667,-72.64816183,NUEVA UBICACION,0,0,HERMES-01,2026-07-09T00:35:33.276613
511,4017,09/07/2026,19:56:17,2.560885833,-72.64815483,NUEVA UBICACION,0,0,HERMES-01,2026-07-09T00:56:26.023230
512,4018,09/07/2026,20:06:32,2.560864333,-72.648197,NUEVA UBICACION,0,0,HERMES-01,2026-07-09T01:06:40.998838
513,4019,09/07/2026,20:16:50,2.5609505,-72.64815,NUEVA UBICACION,0,0,HERMES-01,2026-07-09T01:16:56.473431
514,4020,09/07/2026,20:27:05,2.5602265,-72.648663,NUEVA UBICACION,0,0,HERMES-01,2026-07-09T01:27:12.530375
515,4160,,No disponible,2.560834,-72.6481555,NUEVA UBICACION,0,0,HERMES-01,2026-07-10T01:32:47.109950
516,4021,09/07/2026,20:37:21,2.560866667,-72.648145,NUEVA UBICACION,0,0,HERMES-01,2026-07-09T01:37:28.879000
517,4161,,No disponible,2.560845833,-72.64813333,NUEVA UBICACION,0,0,HERMES-01,2026-07-10T01:43:05.828611
518,4022,09/07/2026,20:47:37,2.560837,-72.64813583,NUEVA UBICACION,0,0,HERMES-01,2026-07-09T01:47:43.714518
519,4023,09/07/2026,20:57:52,2.5608585,-72.64822633,NUEVA UBICACION,0,0,HERMES-01,2026-07-09T01:58:00.642987
520,4024,09/07/2026,21:08:08,2.5608825,-72.64820667,NUEVA UBICACION,0,0,HERMES-01,2026-07-09T02:08:15.544310
521,4025,09/07/2026,21:18:25,2.560885,-72.64830983,NUEVA UBICACION,0,0,HERMES-01,2026-07-09T02:18:32.816502
522,4026,09/07/2026,21:28:41,2.560806667,-72.64815817,NUEVA UBICACION,0,0,HERMES-01,2026-07-09T02:28:49.103709
523,4027,09/07/2026,21:38:56,2.560869667,-72.64814733,NUEVA UBICACION,0,0,HERMES-01,2026-07-09T02:39:03.503474
524,4028,09/07/2026,21:49:12,2.5608515,-72.6481585,NUEVA UBICACION,0,0,HERMES-01,2026-07-09T02:49:19.991205
525,4168,,No disponible,2.5608405,-72.64813417,NUEVA UBICACION,0,0,HERMES-01,2026-07-10T02:55:00.550488
526,4030,09/07/2026,22:09:43,2.560880333,-72.648148,NUEVA UBICACION,0,0,HERMES-01,2026-07-09T03:09:51.017491
527,4031,09/07/2026,22:19:59,2.560862333,-72.6481835,NUEVA UBICACION,0,0,HERMES-01,2026-07-09T03:20:06.927067
528,4032,09/07/2026,22:30:15,2.5606985,-72.64786417,NUEVA UBICACION,0,0,HERMES-01,2026-07-09T03:30:21.569776
529,4033,09/07/2026,22:40:29,2.560079667,-72.64737283,NUEVA UBICACION,0,0,HERMES-01,2026-07-09T03:40:37.944526
530,4034,09/07/2026,22:50:46,2.560831333,-72.64814733,NUEVA UBICACION,0,0,HERMES-01,2026-07-09T03:50:54.288500
531,4035,09/07/2026,23:01:07,2.560764833,-72.64805867,NUEVA UBICACION,0,0,HERMES-01,2026-07-09T04:01:16.042203
532,4037,09/07/2026,23:21:39,2.56087,-72.64815017,NUEVA UBICACION,0,0,HERMES-01,2026-07-09T04:21:47.079298
533,4038,09/07/2026,23:31:55,2.560891333,-72.64814933,NUEVA UBICACION,0,0,HERMES-01,2026-07-09T04:32:02.011710
534,4039,09/07/2026,23:42:10,2.560891167,-72.64815217,NUEVA UBICACION,0,0,HERMES-01,2026-07-09T04:42:18.277046
535,4040,09/07/2026,23:52:26,2.560916667,-72.64814983,NUEVA UBICACION,0,0,HERMES-01,2026-07-09T04:52:33.262162
536,4181,10/07/2026,00:08:45,2.560861333,-72.64812917,NUEVA UBICACION,0,0,HERMES-01,2026-07-10T05:08:52.591009
537,4182,10/07/2026,00:19:03,2.560862667,-72.64812633,NUEVA UBICACION,0,0,HERMES-01,2026-07-10T05:19:12.143842
538,4183,10/07/2026,00:29:22,2.560874333,-72.6481405,NUEVA UBICACION,0,0,HERMES-01,2026-07-10T05:29:31.556418
539,4184,10/07/2026,00:39:40,2.560863667,-72.6481495,NUEVA UBICACION,0,0,HERMES-01,2026-07-10T05:39:47.858147
540,4185,10/07/2026,00:49:56,2.560895333,-72.64815667,NUEVA UBICACION,0,0,HERMES-01,2026-07-10T05:50:03.010326
541,4186,10/07/2026,01:00:11,2.5608915,-72.64815233,NUEVA UBICACION,0,0,HERMES-01,2026-07-10T06:00:21.043701
542,4187,10/07/2026,01:10:29,2.560849833,-72.648119,NUEVA UBICACION,0,0,HERMES-01,2026-07-10T06:10:38.626053
543,4188,10/07/2026,01:20:45,2.560882,-72.64816367,NUEVA UBICACION,0,0,HERMES-01,2026-07-10T06:20:53.235150
544,4189,10/07/2026,01:31:02,2.560868667,-72.6481655,NUEVA UBICACION,0,0,HERMES-01,2026-07-10T06:31:10.616101
545,4190,10/07/2026,01:41:18,2.560845667,-72.64817133,NUEVA UBICACION,0,0,HERMES-01,2026-07-10T06:41:26.363930
546,4191,10/07/2026,01:52:52,2.560853333,-72.64814683,NUEVA UBICACION,0,0,HERMES-01,2026-07-10T06:53:00.833284
547,4192,10/07/2026,02:03:07,2.5608435,-72.64819883,NUEVA UBICACION,0,0,HERMES-01,2026-07-10T07:03:27.167441
548,4193,10/07/2026,02:13:36,2.560866667,-72.648175,NUEVA UBICACION,0,0,HERMES-01,2026-07-10T07:13:45.294192
549,4194,10/07/2026,02:24:03,2.5608175,-72.64816133,NUEVA UBICACION,0,0,HERMES-01,2026-07-10T07:24:14.193193
550,4195,10/07/2026,02:34:21,2.560880333,-72.64815417,NUEVA UBICACION,0,0,HERMES-01,2026-07-10T07:34:29.941583
551,4196,10/07/2026,02:44:38,2.560843167,-72.64817017,NUEVA UBICACION,0,0,HERMES-01,2026-07-10T07:44:46.271945
552,4197,10/07/2026,02:54:53,2.560873833,-72.648163,NUEVA UBICACION,0,0,HERMES-01,2026-07-10T07:55:00.476871
553,4198,10/07/2026,03:05:09,2.560855833,-72.648164,NUEVA UBICACION,0,0,HERMES-01,2026-07-10T08:05:17.489147
554,4199,10/07/2026,03:15:26,2.560861833,-72.64816667,NUEVA UBICACION,0,0,HERMES-01,2026-07-10T08:15:32.756277
555,4200,10/07/2026,03:25:39,2.560840167,-72.6481675,NUEVA UBICACION,0,0,HERMES-01,2026-07-10T08:25:48.630485
556,4201,10/07/2026,03:35:57,2.560849,-72.6481295,NUEVA UBICACION,0,0,HERMES-01,2026-07-10T08:36:05.843964
557,4202,10/07/2026,03:46:14,2.560832333,-72.64820567,NUEVA UBICACION,0,0,HERMES-01,2026-07-10T08:46:24.052218
558,4203,10/07/2026,03:56:31,2.5608335,-72.6481535,NUEVA UBICACION,0,0,HERMES-01,2026-07-10T08:56:37.757979
559,4204,10/07/2026,04:06:47,2.56084,-72.64809817,NUEVA UBICACION,0,0,HERMES-01,2026-07-10T09:06:54.401831
560,4205,10/07/2026,04:17:02,2.560874833,-72.648178,NUEVA UBICACION,0,0,HERMES-01,2026-07-10T09:17:08.620256
561,4206,10/07/2026,04:27:18,2.5608135,-72.64817383,NUEVA UBICACION,0,0,HERMES-01,2026-07-10T09:27:24.795381
562,4207,10/07/2026,04:37:33,2.560890333,-72.64818733,NUEVA UBICACION,0,0,HERMES-01,2026-07-10T09:37:40.027773
563,4208,10/07/2026,04:48:00,2.560877667,-72.6480885,NUEVA UBICACION,0,0,HERMES-01,2026-07-10T09:48:09.685051
564,4209,10/07/2026,04:58:18,2.5608775,-72.64825317,NUEVA UBICACION,0,0,HERMES-01,2026-07-10T09:58:27.156527
565,4210,10/07/2026,05:09:10,2.560654833,-72.6485915,NUEVA UBICACION,0,0,HERMES-01,2026-07-10T10:09:17.900734
566,4211,10/07/2026,05:19:27,2.560770333,-72.6481445,NUEVA UBICACION,0,0,HERMES-01,2026-07-10T10:19:35.342823
567,4212,10/07/2026,05:29:43,2.560855167,-72.64824417,NUEVA UBICACION,0,0,HERMES-01,2026-07-10T10:29:51.786882
568,4213,10/07/2026,05:40:01,2.560866833,-72.64818383,NUEVA UBICACION,0,0,HERMES-01,2026-07-10T10:40:08.564305
569,4214,10/07/2026,05:50:18,2.560803667,-72.64817467,NUEVA UBICACION,0,0,HERMES-01,2026-07-10T10:50:24.937248
570,4215,10/07/2026,06:00:33,2.560857833,-72.64816683,NUEVA UBICACION,0,0,HERMES-01,2026-07-10T11:00:39.586444
571,4216,,No disponible,2.5608745,-72.648174,NUEVA UBICACION,0,0,HERMES-01,2026-07-10T11:10:55.108323
572,4217,10/07/2026,06:21:17,2.560867833,-72.648187,NUEVA UBICACION,0,0,HERMES-01,2026-07-10T11:21:27.527874
573,4218,10/07/2026,06:31:41,2.560855333,-72.648188,NUEVA UBICACION,0,0,HERMES-01,2026-07-10T11:31:58.010341
574,4219,10/07/2026,06:42:07,2.5608825,-72.64822,NUEVA UBICACION,0,0,HERMES-01,2026-07-10T11:42:13.592044
575,4220,10/07/2026,06:52:22,2.560912833,-72.648198,NUEVA UBICACION,0,0,HERMES-01,2026-07-10T11:52:28.827728
576,4221,10/07/2026,07:02:36,2.560884667,-72.6481285,NUEVA UBICACION,0,0,HERMES-01,2026-07-10T12:02:43.196087
577,4222,10/07/2026,07:12:52,2.560954833,-72.6482735,NUEVA UBICACION,0,0,HERMES-01,2026-07-10T12:13:03.773937
578,4223,10/07/2026,07:23:12,2.5608965,-72.64815417,NUEVA UBICACION,0,0,HERMES-01,2026-07-10T12:23:19.497166
579,4224,,No disponible,2.560825833,-72.64818117,NUEVA UBICACION,0,0,HERMES-01,2026-07-10T12:33:36.085970
580,4225,10/07/2026,07:43:45,2.560892167,-72.64817367,NUEVA UBICACION,0,0,HERMES-01,2026-07-10T12:43:52.445203
581,4226,,No disponible,2.560818667,-72.648137,NUEVA UBICACION,0,0,HERMES-01,2026-07-10T12:54:09.143073
582,4227,10/07/2026,08:04:17,2.560873,-72.64817717,NUEVA UBICACION,0,0,HERMES-01,2026-07-10T13:04:26.340492
583,4228,,No disponible,2.560848667,-72.64816183,NUEVA UBICACION,0,0,HERMES-01,2026-07-10T13:14:42.383179
584,4229,10/07/2026,08:24:50,2.560840167,-72.64816367,NUEVA UBICACION,0,0,HERMES-01,2026-07-10T13:24:58.582813
585,4230,,No disponible,2.560870167,-72.6481315,NUEVA UBICACION,0,0,HERMES-01,2026-07-10T13:35:15.061239
586,4231,10/07/2026,08:45:24,2.56087,-72.64817383,NUEVA UBICACION,0,0,HERMES-01,2026-07-10T13:45:31.936408
587,4232,,No disponible,2.560900833,-72.64812883,NUEVA UBICACION,0,0,HERMES-01,2026-07-10T13:55:48.648928
588,4233,10/07/2026,09:05:59,2.560896167,-72.648196,NUEVA UBICACION,0,0,HERMES-01,2026-07-10T14:06:07.548850
589,4234,,No disponible,2.560893833,-72.6481165,NUEVA UBICACION,0,0,HERMES-01,2026-07-10T14:16:24.805306
590,4235,10/07/2026,09:26:55,2.560889,-72.64820267,NUEVA UBICACION,0,0,HERMES-01,2026-07-10T14:27:03.357084
591,4236,10/07/2026,09:37:10,2.560896,-72.64814767,NUEVA UBICACION,0,0,HERMES-01,2026-07-10T14:37:17.963177
592,4237,10/07/2026,09:47:26,2.5608645,-72.64818417,NUEVA UBICACION,0,0,HERMES-01,2026-07-10T14:47:33.826482
593,4238,,No disponible,2.560870833,-72.64820067,NUEVA UBICACION,0,0,HERMES-01,2026-07-10T14:57:50.248193
594,4239,10/07/2026,10:07:59,2.560851167,-72.6481585,NUEVA UBICACION,0,0,HERMES-01,2026-07-10T15:08:08.101110
595,4240,10/07/2026,10:18:16,2.560903667,-72.6481905,NUEVA UBICACION,0,0,HERMES-01,2026-07-10T15:18:23.378323
596,4241,,No disponible,2.560883,-72.64814117,NUEVA UBICACION,0,0,HERMES-01,2026-07-10T15:28:44.927890
597,4242,10/07/2026,10:38:54,2.560935333,-72.64818867,NUEVA UBICACION,0,0,HERMES-01,2026-07-10T15:39:00.775385
598,4243,10/07/2026,10:49:09,2.560889333,-72.6482,NUEVA UBICACION,0,0,HERMES-01,2026-07-10T15:49:16.352123
599,4244,10/07/2026,10:59:26,2.560878,-72.64821667,NUEVA UBICACION,0,0,HERMES-01,2026-07-10T15:59:33.796437
600,4245,10/07/2026,11:09:42,2.560882,-72.64817517,NUEVA UBICACION,0,0,HERMES-01,2026-07-10T16:09:50.164065
601,4246,10/07/2026,11:19:58,2.5608945,-72.64817883,NUEVA UBICACION,0,0,HERMES-01,2026-07-10T16:20:05.236632
602,4247,10/07/2026,11:30:14,2.560855333,-72.64819167,NUEVA UBICACION,0,0,HERMES-01,2026-07-10T16:30:28.900066
603,4248,10/07/2026,11:40:36,2.560887167,-72.64819333,NUEVA UBICACION,0,0,HERMES-01,2026-07-10T16:40:44.086378
604,4249,10/07/2026,11:50:51,2.560877667,-72.64817683,NUEVA UBICACION,0,0,HERMES-01,2026-07-10T16:50:58.626611
605,4250,10/07/2026,12:01:07,2.5608595,-72.64818633,NUEVA UBICACION,0,0,HERMES-01,2026-07-10T17:01:29.811279
606,4251,10/07/2026,12:11:38,2.560856167,-72.6481615,NUEVA UBICACION,0,0,HERMES-01,2026-07-10T17:11:46.578647
607,4252,10/07/2026,12:23:32,2.560907333,-72.64814083,NUEVA UBICACION,0,0,HERMES-01,2026-07-10T17:24:06.948999
608,4253,10/07/2026,12:34:27,2.560791667,-72.64805583,NUEVA UBICACION,0,0,HERMES-01,2026-07-10T17:34:48.068410
609,4254,,No disponible,2.560828667,-72.64814,NUEVA UBICACION,0,0,HERMES-01,2026-07-10T17:46:17.335416
610,4255,,No disponible,2.560854,-72.64817767,NUEVA UBICACION,0,0,HERMES-01,2026-07-10T17:59:51.881489
611,4256,10/07/2026,13:10:12,2.560822167,-72.64817133,NUEVA UBICACION,0,0,HERMES-01,2026-07-10T18:11:10.425073
612,4257,10/07/2026,13:21:35,2.560872667,-72.64815483,NUEVA UBICACION,0,0,HERMES-01,2026-07-10T18:21:46.744891
613,4258,10/07/2026,13:31:58,2.560907667,-72.64814833,NUEVA UBICACION,0,0,HERMES-01,2026-07-10T18:32:05.840757
614,4259,10/07/2026,13:42:23,2.560883167,-72.64819283,NUEVA UBICACION,0,0,HERMES-01,2026-07-10T18:42:30.176131
615,4260,10/07/2026,13:52:38,2.5609015,-72.64817267,NUEVA UBICACION,0,0,HERMES-01,2026-07-10T18:52:45.019803
616,4261,10/07/2026,14:02:54,2.5609165,-72.64818383,NUEVA UBICACION,0,0,HERMES-01,2026-07-10T19:03:02.458818
617,4262,,No disponible,2.5608675,-72.64815317,NUEVA UBICACION,0,0,HERMES-01,2026-07-10T19:13:28.690427
618,4263,10/07/2026,14:23:47,2.560867833,-72.648164,NUEVA UBICACION,0,0,HERMES-01,2026-07-10T19:24:04.336121
619,4264,10/07/2026,14:34:37,2.560842333,-72.648192,NUEVA UBICACION,0,0,HERMES-01,2026-07-10T19:34:46.369183
620,4265,,No disponible,2.560863,-72.64814217,NUEVA UBICACION,0,0,HERMES-01,2026-07-10T19:45:08.411864
621,4266,10/07/2026,14:55:15,2.5608505,-72.64819017,NUEVA UBICACION,0,0,HERMES-01,2026-07-10T19:55:23.191531
622,4267,10/07/2026,15:05:31,2.560899333,-72.648158,NUEVA UBICACION,0,0,HERMES-01,2026-07-10T20:05:39.130925
623,4268,,No disponible,2.560814833,-72.64817167,NUEVA UBICACION,0,0,HERMES-01,2026-07-10T20:15:55.713539
624,4269,,No disponible,2.560914833,-72.648164,NUEVA UBICACION,0,0,HERMES-01,2026-07-10T20:26:15.554092
625,4270,10/07/2026,15:36:25,2.5608135,-72.64814383,NUEVA UBICACION,0,0,HERMES-01,2026-07-10T20:36:33.687583
626,4271,10/07/2026,15:46:42,2.560835167,-72.64817017,NUEVA UBICACION,0,0,HERMES-01,2026-07-10T20:46:49.420935
627,4272,,No disponible,2.560837333,-72.64813533,NUEVA UBICACION,0,0,HERMES-01,2026-07-10T20:57:08.831321
628,4273,10/07/2026,16:07:17,2.5608355,-72.64812267,NUEVA UBICACION,0,0,HERMES-01,2026-07-10T21:07:24.287913
629,4274,10/07/2026,16:17:36,2.560827333,-72.64816167,NUEVA UBICACION,0,0,HERMES-01,2026-07-10T21:17:44.755016
630,4275,10/07/2026,16:27:52,2.560861333,-72.6481585,NUEVA UBICACION,0,0,HERMES-01,2026-07-10T21:27:59.693794
631,4276,,No disponible,2.560836,-72.64817083,NUEVA UBICACION,0,0,HERMES-01,2026-07-10T21:38:16.233005
632,4277,10/07/2026,16:48:24,2.560880167,-72.64814217,NUEVA UBICACION,0,0,HERMES-01,2026-07-10T21:48:30.306939
633,4278,10/07/2026,16:58:39,2.560861167,-72.64816783,NUEVA UBICACION,0,0,HERMES-01,2026-07-10T21:58:47.494378
634,4279,,No disponible,2.560841667,-72.64817917,NUEVA UBICACION,0,0,HERMES-01,2026-07-10T22:09:04.635088
635,4280,,No disponible,2.560834667,-72.64812833,NUEVA UBICACION,0,0,HERMES-01,2026-07-10T22:19:22.441657
636,4281,10/07/2026,17:29:32,2.5608025,-72.64817833,NUEVA UBICACION,0,0,HERMES-01,2026-07-10T22:29:39.109256
637,4282,10/07/2026,17:39:48,2.560856333,-72.6481525,NUEVA UBICACION,0,0,HERMES-01,2026-07-10T22:39:56.872799
638,4283,10/07/2026,17:50:11,2.560901833,-72.64814517,NUEVA UBICACION,0,0,HERMES-01,2026-07-10T22:50:19.929358
639,4284,10/07/2026,18:00:27,2.560865167,-72.64815183,NUEVA UBICACION,0,0,HERMES-01,2026-07-10T23:00:36.090154
640,4285,10/07/2026,18:10:45,2.560862,-72.64817233,NUEVA UBICACION,0,0,HERMES-01,2026-07-10T23:10:52.138422
641,4286,10/07/2026,18:21:00,2.560869,-72.64822717,NUEVA UBICACION,0,0,HERMES-01,2026-07-10T23:21:07.323382
642,4287,10/07/2026,18:31:17,2.5608745,-72.648173,NUEVA UBICACION,0,0,HERMES-01,2026-07-10T23:31:25.811631
643,4288,10/07/2026,18:41:34,2.560804,-72.64808517,NUEVA UBICACION,0,0,HERMES-01,2026-07-10T23:41:42.329145
644,4289,10/07/2026,18:51:52,2.560908167,-72.64821167,NUEVA UBICACION,0,0,HERMES-01,2026-07-10T23:52:01.280935
645,4151,10/07/2026,19:00:00,2.560864167,-72.64814683,NUEVA UBICACION,0,0,HERMES-01,2026-07-10T00:00:07.837065
646,4290,,No disponible,2.560893,-72.64815183,NUEVA UBICACION,0,0,HERMES-01,2026-07-11T00:02:18.060444
647,4152,10/07/2026,19:10:18,2.560857667,-72.648155,NUEVA UBICACION,0,0,HERMES-01,2026-07-10T00:10:25.968580
648,4153,10/07/2026,19:20:34,2.560856833,-72.64814217,NUEVA UBICACION,0,0,HERMES-01,2026-07-10T00:20:43.852741
649,4154,10/07/2026,19:30:53,2.5608805,-72.64817667,NUEVA UBICACION,0,0,HERMES-01,2026-07-10T00:31:00.668528
650,4155,10/07/2026,19:41:11,2.5608605,-72.6481635,NUEVA UBICACION,0,0,HERMES-01,2026-07-10T00:41:20.646013
651,4156,10/07/2026,19:51:30,2.560870333,-72.648169,NUEVA UBICACION,0,0,HERMES-01,2026-07-10T00:51:39.156395
652,4157,10/07/2026,20:01:47,2.5608955,-72.64814567,NUEVA UBICACION,0,0,HERMES-01,2026-07-10T01:01:54.496106
653,4158,10/07/2026,20:12:05,2.5608985,-72.64815667,NUEVA UBICACION,0,0,HERMES-01,2026-07-10T01:12:14.002801
654,4159,10/07/2026,20:22:23,2.560776333,-72.6481325,NUEVA UBICACION,0,0,HERMES-01,2026-07-10T01:22:31.496384
655,4162,10/07/2026,20:53:16,2.560806333,-72.64819233,NUEVA UBICACION,0,0,HERMES-01,2026-07-10T01:53:24.340505
656,4163,10/07/2026,21:03:32,2.5608395,-72.64822167,NUEVA UBICACION,0,0,HERMES-01,2026-07-10T02:03:41.388675
657,4164,10/07/2026,21:13:48,2.5608605,-72.648184,NUEVA UBICACION,0,0,HERMES-01,2026-07-10T02:13:57.007624
658,4165,10/07/2026,21:24:05,2.560859833,-72.6481695,NUEVA UBICACION,0,0,HERMES-01,2026-07-10T02:24:12.497595
659,4166,10/07/2026,21:34:19,2.560867333,-72.64817167,NUEVA UBICACION,0,0,HERMES-01,2026-07-10T02:34:27.271614
660,4305,,No disponible,2.560812667,-72.648208,NUEVA UBICACION,0,0,HERMES-01,2026-07-11T02:36:46.815342
661,4167,10/07/2026,21:44:37,2.560830167,-72.64812667,NUEVA UBICACION,0,0,HERMES-01,2026-07-10T02:44:45.312373
662,4169,10/07/2026,22:05:09,2.560918167,-72.64817083,NUEVA UBICACION,0,0,HERMES-01,2026-07-10T03:05:16.673638
663,4308,,No disponible,2.5608865,-72.64822867,NUEVA UBICACION,0,0,HERMES-01,2026-07-11T03:07:54.655232
664,4170,10/07/2026,22:15:25,2.560813667,-72.6481805,NUEVA UBICACION,0,0,HERMES-01,2026-07-10T03:15:34.336822
665,4309,,No disponible,2.560831,-72.64816633,NUEVA UBICACION,0,0,HERMES-01,2026-07-11T03:18:10.224227
666,4171,10/07/2026,22:25:48,2.560844,-72.64816183,NUEVA UBICACION,0,0,HERMES-01,2026-07-10T03:25:55.488666
667,4172,10/07/2026,22:36:03,2.560826667,-72.64818317,NUEVA UBICACION,0,0,HERMES-01,2026-07-10T03:36:12.228845
668,4173,10/07/2026,22:46:22,2.560831,-72.648162,NUEVA UBICACION,0,0,HERMES-01,2026-07-10T03:46:31.477440
669,4174,10/07/2026,22:56:40,2.560806,-72.64814333,NUEVA UBICACION,0,0,HERMES-01,2026-07-10T03:56:47.851642
670,4175,10/07/2026,23:07:06,2.5608225,-72.64814117,NUEVA UBICACION,0,0,HERMES-01,2026-07-10T04:07:14.376182
671,4176,10/07/2026,23:17:24,2.5608705,-72.648144,NUEVA UBICACION,0,0,HERMES-01,2026-07-10T04:17:32.124631
672,4177,10/07/2026,23:27:41,2.5608685,-72.64813033,NUEVA UBICACION,0,0,HERMES-01,2026-07-10T04:27:48.809659
673,4178,10/07/2026,23:37:57,2.560891833,-72.648148,NUEVA UBICACION,0,0,HERMES-01,2026-07-10T04:38:04.879463
674,4179,10/07/2026,23:48:12,2.560853333,-72.64817383,NUEVA UBICACION,0,0,HERMES-01,2026-07-10T04:48:21.199818
675,4180,10/07/2026,23:58:30,2.560814,-72.64818083,NUEVA UBICACION,0,0,HERMES-01,2026-07-10T04:58:37.706734
676,4319,11/07/2026,00:00:49,2.560846833,-72.64813467,NUEVA UBICACION,0,0,HERMES-01,2026-07-11T05:00:56.737400
677,4320,11/07/2026,00:11:05,2.560839833,-72.64815983,NUEVA UBICACION,0,0,HERMES-01,2026-07-11T05:11:13.889224
678,4321,,No disponible,2.560801167,-72.648155,NUEVA UBICACION,0,0,HERMES-01,2026-07-11T05:21:29.277803
679,4322,,No disponible,2.560857,-72.64815117,NUEVA UBICACION,0,0,HERMES-01,2026-07-11T05:31:46.587379
680,4323,11/07/2026,00:41:54,2.560842833,-72.6481485,NUEVA UBICACION,0,0,HERMES-01,2026-07-11T05:42:01.025212
681,4324,11/07/2026,00:52:08,2.560843833,-72.64817183,NUEVA UBICACION,0,0,HERMES-01,2026-07-11T05:52:16.628763
682,4325,11/07/2026,01:02:23,2.560861,-72.648164,NUEVA UBICACION,0,0,HERMES-01,2026-07-11T06:02:32.221735
683,4326,11/07/2026,01:12:40,2.560885167,-72.64812917,NUEVA UBICACION,0,0,HERMES-01,2026-07-11T06:12:49.441717
684,4327,11/07/2026,01:22:57,2.5608225,-72.6481875,NUEVA UBICACION,0,0,HERMES-01,2026-07-11T06:23:06.532177
685,4328,,No disponible,2.560870833,-72.64820183,NUEVA UBICACION,0,0,HERMES-01,2026-07-11T06:33:22.327007
686,4329,11/07/2026,01:43:29,2.560934667,-72.64824217,NUEVA UBICACION,0,0,HERMES-01,2026-07-11T06:43:38.068240
687,4330,11/07/2026,01:53:45,2.560819,-72.64815283,NUEVA UBICACION,0,0,HERMES-01,2026-07-11T06:53:53.309746
688,4331,11/07/2026,02:04:01,2.560830667,-72.64815833,NUEVA UBICACION,0,0,HERMES-01,2026-07-11T07:04:09.997256
689,4332,11/07/2026,02:14:31,2.5608275,-72.648161,NUEVA UBICACION,0,0,HERMES-01,2026-07-11T07:14:40.010115
690,4333,11/07/2026,02:24:46,2.560863,-72.648191,NUEVA UBICACION,0,0,HERMES-01,2026-07-11T07:24:54.409520
691,4334,11/07/2026,02:35:03,2.5608555,-72.648169,NUEVA UBICACION,0,0,HERMES-01,2026-07-11T07:35:10.594917
692,4335,11/07/2026,02:45:19,2.560842,-72.64815817,NUEVA UBICACION,0,0,HERMES-01,2026-07-11T07:45:28.083393
693,4337,11/07/2026,02:55:36,2.560885,-72.648165,REENVIO PENDIENTE,0,0,HERMES-01,2026-07-11T08:06:16.786626
694,4337,11/07/2026,03:06:20,2.560848167,-72.64812317,NUEVA UBICACION,0,0,HERMES-01,2026-07-11T08:06:28.864427
695,4338,11/07/2026,03:16:35,2.560872333,-72.6481375,NUEVA UBICACION,0,0,HERMES-01,2026-07-11T08:16:43.003758
696,4339,,No disponible,2.560855,-72.64817333,NUEVA UBICACION,0,0,HERMES-01,2026-07-11T08:26:58.330446
697,4340,11/07/2026,03:37:06,2.5608715,-72.64814067,NUEVA UBICACION,0,0,HERMES-01,2026-07-11T08:37:13.902627
698,4341,11/07/2026,03:47:23,2.560865667,-72.64814167,NUEVA UBICACION,0,0,HERMES-01,2026-07-11T08:47:32.548370
699,4342,11/07/2026,03:57:39,2.560879,-72.64814117,NUEVA UBICACION,0,0,HERMES-01,2026-07-11T08:57:48.101117
700,4343,11/07/2026,04:07:56,2.560859333,-72.64815733,NUEVA UBICACION,0,0,HERMES-01,2026-07-11T09:08:03.946036
701,4344,11/07/2026,04:18:11,2.5608285,-72.64817867,NUEVA UBICACION,0,0,HERMES-01,2026-07-11T09:18:18.683871
702,4345,11/07/2026,04:28:26,2.560856833,-72.64820233,NUEVA UBICACION,0,0,HERMES-01,2026-07-11T09:28:35.027235
703,4346,11/07/2026,04:38:43,2.560854167,-72.6481515,NUEVA UBICACION,0,0,HERMES-01,2026-07-11T09:38:49.846342
704,4347,11/07/2026,04:48:58,2.560876333,-72.64817517,NUEVA UBICACION,0,0,HERMES-01,2026-07-11T09:49:07.237227
705,4348,11/07/2026,04:59:15,2.5608805,-72.64822233,NUEVA UBICACION,0,0,HERMES-01,2026-07-11T09:59:22.960875
706,4349,11/07/2026,05:09:31,2.560847,-72.64819583,NUEVA UBICACION,0,0,HERMES-01,2026-07-11T10:09:38.098949
707,4350,11/07/2026,05:19:46,2.560772667,-72.64820867,NUEVA UBICACION,0,0,HERMES-01,2026-07-11T10:19:53.598193
708,4351,11/07/2026,05:30:03,2.560908167,-72.64816517,NUEVA UBICACION,0,0,HERMES-01,2026-07-11T10:30:09.652312
709,4352,11/07/2026,05:40:18,2.560826667,-72.64816833,NUEVA UBICACION,0,0,HERMES-01,2026-07-11T10:40:25.460117
710,4353,11/07/2026,05:50:33,2.560888667,-72.648127,NUEVA UBICACION,0,0,HERMES-01,2026-07-11T10:50:40.834844
711,4354,11/07/2026,06:00:49,2.560846333,-72.648139,NUEVA UBICACION,0,0,HERMES-01,2026-07-11T11:00:56.972843
712,4355,,No disponible,2.560935167,-72.6480985,NUEVA UBICACION,0,0,HERMES-01,2026-07-11T11:11:12.190664
713,4356,,No disponible,2.560914667,-72.64809083,NUEVA UBICACION,0,0,HERMES-01,2026-07-11T11:21:27.575036
714,4357,11/07/2026,06:31:35,2.560845167,-72.64816617,NUEVA UBICACION,0,0,HERMES-01,2026-07-11T11:31:42.092288
715,4358,11/07/2026,06:41:50,2.560859667,-72.64817183,NUEVA UBICACION,0,0,HERMES-01,2026-07-11T11:41:56.773035
716,4359,11/07/2026,06:52:04,2.560868167,-72.648171,NUEVA UBICACION,0,0,HERMES-01,2026-07-11T11:52:14.073709
717,4360,11/07/2026,07:02:22,2.560906333,-72.648219,NUEVA UBICACION,0,0,HERMES-01,2026-07-11T12:02:29.875404
718,4361,11/07/2026,07:12:38,2.560864333,-72.648193,NUEVA UBICACION,0,0,HERMES-01,2026-07-11T12:12:44.717712
719,4362,11/07/2026,07:22:53,2.560792667,-72.64815217,NUEVA UBICACION,0,0,HERMES-01,2026-07-11T12:23:00.664909
720,4363,11/07/2026,07:33:08,2.560849167,-72.64826317,NUEVA UBICACION,0,0,HERMES-01,2026-07-11T12:33:16.004930
721,4364,,No disponible,2.5608725,-72.6481705,NUEVA UBICACION,0,0,HERMES-01,2026-07-11T12:43:33.520947
722,4365,11/07/2026,07:53:41,2.5608955,-72.64816783,NUEVA UBICACION,0,0,HERMES-01,2026-07-11T12:53:49.717156
723,4366,11/07/2026,08:04:41,2.560887167,-72.64815933,NUEVA UBICACION,0,0,HERMES-01,2026-07-11T13:04:49.417958
724,4367,11/07/2026,08:14:57,2.560909833,-72.64815167,NUEVA UBICACION,0,0,HERMES-01,2026-07-11T13:15:16.290485
725,4368,11/07/2026,08:25:23,2.560895333,-72.64814783,NUEVA UBICACION,0,0,HERMES-01,2026-07-11T13:25:32.193206
726,4369,11/07/2026,08:35:40,2.560882333,-72.64813983,NUEVA UBICACION,0,0,HERMES-01,2026-07-11T13:35:46.906375
727,4370,11/07/2026,08:45:56,2.5608765,-72.64813117,NUEVA UBICACION,0,0,HERMES-01,2026-07-11T13:46:03.801868
728,4371,11/07/2026,08:56:12,2.560896167,-72.6481135,NUEVA UBICACION,0,0,HERMES-01,2026-07-11T13:56:19.312567
729,4372,11/07/2026,09:06:29,2.5608585,-72.64814483,NUEVA UBICACION,0,0,HERMES-01,2026-07-11T14:06:35.621077
730,4373,11/07/2026,09:16:43,2.5608805,-72.64815583,NUEVA UBICACION,0,0,HERMES-01,2026-07-11T14:16:51.586681
731,4374,11/07/2026,09:26:59,2.560864667,-72.64815317,NUEVA UBICACION,0,0,HERMES-01,2026-07-11T14:27:07.418798
732,4375,11/07/2026,09:37:18,2.560888667,-72.64815983,NUEVA UBICACION,0,0,HERMES-01,2026-07-11T14:37:26.048496
733,4376,11/07/2026,09:47:34,2.560826833,-72.64812,NUEVA UBICACION,0,0,HERMES-01,2026-07-11T14:47:42.246237
734,4377,11/07/2026,09:57:50,2.560843833,-72.648112,NUEVA UBICACION,0,0,HERMES-01,2026-07-11T14:57:57.975898
735,4378,11/07/2026,10:08:06,2.560918667,-72.64823517,NUEVA UBICACION,0,0,HERMES-01,2026-07-11T15:08:12.837515
736,4379,11/07/2026,10:18:22,2.560891333,-72.64818633,NUEVA UBICACION,0,0,HERMES-01,2026-07-11T15:18:29.561291
737,4380,11/07/2026,10:28:39,2.560864,-72.64820833,NUEVA UBICACION,0,0,HERMES-01,2026-07-11T15:28:47.056367
738,4381,11/07/2026,10:38:56,2.560897333,-72.64818367,NUEVA UBICACION,0,0,HERMES-01,2026-07-11T15:39:03.790028
739,4382,,No disponible,2.560901333,-72.64820317,NUEVA UBICACION,0,0,HERMES-01,2026-07-11T15:49:26.526536
740,4383,11/07/2026,10:59:54,2.560902167,-72.648166,NUEVA UBICACION,0,0,HERMES-01,2026-07-11T16:00:01.768173
741,4384,11/07/2026,11:10:21,2.5608825,-72.64815967,NUEVA UBICACION,0,0,HERMES-01,2026-07-11T16:10:28.099725
742,4385,11/07/2026,11:20:46,2.5608715,-72.64821167,NUEVA UBICACION,0,0,HERMES-01,2026-07-11T16:20:52.929517
743,4386,11/07/2026,11:31:02,2.560835167,-72.64817233,NUEVA UBICACION,0,0,HERMES-01,2026-07-11T16:31:09.233954
744,4387,11/07/2026,11:41:17,2.560875667,-72.64817933,NUEVA UBICACION,0,0,HERMES-01,2026-07-11T16:41:24.889777
745,4388,11/07/2026,11:51:34,2.560880833,-72.64815233,NUEVA UBICACION,0,0,HERMES-01,2026-07-11T16:51:40.888932
746,4389,11/07/2026,12:01:50,2.560895667,-72.64817117,NUEVA UBICACION,0,0,HERMES-01,2026-07-11T17:01:58.594142
747,4390,11/07/2026,12:12:07,2.560891,-72.64818567,NUEVA UBICACION,0,0,HERMES-01,2026-07-11T17:12:15.146094
748,4391,11/07/2026,12:22:23,2.560865833,-72.64818767,NUEVA UBICACION,0,0,HERMES-01,2026-07-11T17:22:37.611322
749,4392,11/07/2026,12:32:46,2.560831,-72.648151,NUEVA UBICACION,0,0,HERMES-01,2026-07-11T17:32:55.181375
750,4393,11/07/2026,12:43:03,2.560822167,-72.64815367,NUEVA UBICACION,0,0,HERMES-01,2026-07-11T17:43:11.869248
751,4394,11/07/2026,12:53:20,2.560829167,-72.6481755,NUEVA UBICACION,0,0,HERMES-01,2026-07-11T17:53:28.069970
752,4395,11/07/2026,13:03:36,2.560878667,-72.6481655,NUEVA UBICACION,0,0,HERMES-01,2026-07-11T18:03:44.162322
753,4396,11/07/2026,13:13:54,2.560903333,-72.6481475,NUEVA UBICACION,0,0,HERMES-01,2026-07-11T18:14:01.092963
754,4397,11/07/2026,13:24:19,2.560868167,-72.648164,NUEVA UBICACION,0,0,HERMES-01,2026-07-11T18:24:26.819236
755,4398,11/07/2026,13:34:34,2.560894,-72.6481605,NUEVA UBICACION,0,0,HERMES-01,2026-07-11T18:34:44.823864
756,4399,11/07/2026,13:44:52,2.560868167,-72.64815633,NUEVA UBICACION,0,0,HERMES-01,2026-07-11T18:44:59.466933
757,4400,11/07/2026,13:55:07,2.560918333,-72.64810067,NUEVA UBICACION,0,0,HERMES-01,2026-07-11T18:55:14.691142
758,4401,11/07/2026,14:05:28,2.560859667,-72.64816867,NUEVA UBICACION,0,0,HERMES-01,2026-07-11T19:05:35.366743
759,4402,11/07/2026,14:15:43,2.560827333,-72.64817667,NUEVA UBICACION,0,0,HERMES-01,2026-07-11T19:15:51.129244
760,4403,11/07/2026,14:26:04,2.560846167,-72.64815,NUEVA UBICACION,0,0,HERMES-01,2026-07-11T19:26:11.031940
761,4404,11/07/2026,14:36:19,2.560893,-72.64816867,NUEVA UBICACION,0,0,HERMES-01,2026-07-11T19:36:33.080392
762,4405,11/07/2026,14:46:50,2.560849333,-72.64814483,NUEVA UBICACION,0,0,HERMES-01,2026-07-11T19:46:59.381680
763,4406,,No disponible,2.560851833,-72.648223,NUEVA UBICACION,0,0,HERMES-01,2026-07-11T19:57:14.798913
764,4407,,No disponible,2.560813333,-72.6481925,NUEVA UBICACION,0,0,HERMES-01,2026-07-11T20:07:29.165393
765,4408,11/07/2026,15:17:37,2.560800667,-72.64821117,NUEVA UBICACION,0,0,HERMES-01,2026-07-11T20:17:45.308657
766,4409,,No disponible,2.560831167,-72.64810683,NUEVA UBICACION,0,0,HERMES-01,2026-07-11T20:28:00.311881
767,4410,11/07/2026,15:38:08,2.560865,-72.64813933,NUEVA UBICACION,0,0,HERMES-01,2026-07-11T20:38:15.639419
768,4411,,No disponible,2.560851167,-72.64813917,NUEVA UBICACION,0,0,HERMES-01,2026-07-11T20:48:30.124194
769,4412,11/07/2026,15:58:39,2.560844667,-72.64814167,NUEVA UBICACION,0,0,HERMES-01,2026-07-11T20:58:46.306288
770,4413,11/07/2026,16:09:03,2.560835333,-72.64814867,NUEVA UBICACION,0,0,HERMES-01,2026-07-11T21:09:12.809249
771,4414,11/07/2026,16:19:19,2.560839,-72.648192,NUEVA UBICACION,0,0,HERMES-01,2026-07-11T21:19:25.967923
772,4415,11/07/2026,16:29:33,2.560862333,-72.64816317,NUEVA UBICACION,0,0,HERMES-01,2026-07-11T21:29:41.569970
773,4416,11/07/2026,16:39:49,2.560821,-72.64815,NUEVA UBICACION,0,0,HERMES-01,2026-07-11T21:39:55.876657
774,4417,11/07/2026,16:50:03,2.560855167,-72.6481695,NUEVA UBICACION,0,0,HERMES-01,2026-07-11T21:50:11.174128
775,4418,,No disponible,2.5608115,-72.648159,NUEVA UBICACION,0,0,HERMES-01,2026-07-11T22:00:27.144490
776,4419,,No disponible,2.560802,-72.648161,NUEVA UBICACION,0,0,HERMES-01,2026-07-11T22:10:43.059984
777,4420,11/07/2026,17:20:50,2.560820333,-72.6481405,NUEVA UBICACION,0,0,HERMES-01,2026-07-11T22:20:58.537526
778,4421,11/07/2026,17:31:05,2.560861833,-72.64810683,NUEVA UBICACION,0,0,HERMES-01,2026-07-11T22:31:13.110367
779,4422,11/07/2026,17:41:20,2.560840667,-72.64814383,NUEVA UBICACION,0,0,HERMES-01,2026-07-11T22:41:27.390426
780,4423,11/07/2026,17:51:36,2.560882167,-72.648139,NUEVA UBICACION,0,0,HERMES-01,2026-07-11T22:51:43.341437
781,4424,11/07/2026,18:01:52,2.560870333,-72.6481435,NUEVA UBICACION,0,0,HERMES-01,2026-07-11T23:02:00.976356
782,4425,11/07/2026,18:12:20,2.560861167,-72.64816833,NUEVA UBICACION,0,0,HERMES-01,2026-07-11T23:12:26.851812
783,4426,11/07/2026,18:22:34,2.560906167,-72.648186,NUEVA UBICACION,0,0,HERMES-01,2026-07-11T23:22:41.978893
784,4427,11/07/2026,18:32:50,2.5608395,-72.64810433,NUEVA UBICACION,0,0,HERMES-01,2026-07-11T23:32:57.688332
785,4428,11/07/2026,18:43:06,2.560804667,-72.64819833,NUEVA UBICACION,0,0,HERMES-01,2026-07-11T23:43:15.081386
786,4429,11/07/2026,18:53:23,2.560840667,-72.648125,NUEVA UBICACION,0,0,HERMES-01,2026-07-11T23:53:31.218200
787,4291,11/07/2026,19:12:24,2.560889167,-72.6482035,NUEVA UBICACION,0,0,HERMES-01,2026-07-11T00:12:31.246712
788,4292,11/07/2026,19:22:39,2.560811167,-72.64817117,NUEVA UBICACION,0,0,HERMES-01,2026-07-11T00:22:46.411895
789,4293,11/07/2026,19:32:59,2.560849,-72.64818533,NUEVA UBICACION,0,0,HERMES-01,2026-07-11T00:33:06.096000
790,4294,11/07/2026,19:43:16,2.560870833,-72.64816267,NUEVA UBICACION,0,0,HERMES-01,2026-07-11T00:43:23.086852
791,4295,11/07/2026,19:53:31,2.560872833,-72.64817567,NUEVA UBICACION,0,0,HERMES-01,2026-07-11T00:53:37.842139
792,4435,,No disponible,2.560845833,-72.64816483,NUEVA UBICACION,0,0,HERMES-01,2026-07-12T00:55:04.350129
793,4296,11/07/2026,20:03:45,2.560884833,-72.64812183,NUEVA UBICACION,0,0,HERMES-01,2026-07-11T01:03:52.712634
794,4297,11/07/2026,20:14:02,2.560825667,-72.64816683,NUEVA UBICACION,0,0,HERMES-01,2026-07-11T01:14:09.320571
795,4298,11/07/2026,20:24:21,2.557183667,-72.63966417,NUEVA UBICACION,0,0,HERMES-01,2026-07-11T01:24:29.458177
796,4299,11/07/2026,20:34:39,2.560844667,-72.64814833,NUEVA UBICACION,0,0,HERMES-01,2026-07-11T01:34:46.744707
797,4300,11/07/2026,20:44:55,2.560818,-72.6481735,NUEVA UBICACION,0,0,HERMES-01,2026-07-11T01:45:02.643713
798,4301,11/07/2026,20:55:10,2.560847,-72.6481985,NUEVA UBICACION,0,0,HERMES-01,2026-07-11T01:55:18.336027
799,4441,,No disponible,2.560829167,-72.64814933,NUEVA UBICACION,0,0,HERMES-01,2026-07-12T01:57:23.280791
800,4302,11/07/2026,21:05:36,2.560835667,-72.64819917,NUEVA UBICACION,0,0,HERMES-01,2026-07-11T02:06:03.128993
801,4303,11/07/2026,21:16:08,2.560832167,-72.648186,NUEVA UBICACION,0,0,HERMES-01,2026-07-11T02:16:15.607684
802,4443,,No disponible,2.5608295,-72.6481435,NUEVA UBICACION,0,0,HERMES-01,2026-07-12T02:17:53.383377
803,4304,11/07/2026,21:26:24,2.560833667,-72.648204,NUEVA UBICACION,0,0,HERMES-01,2026-07-11T02:26:30.983188
804,4306,11/07/2026,21:46:54,2.560840333,-72.64813533,NUEVA UBICACION,0,0,HERMES-01,2026-07-11T02:47:02.095435
805,4307,11/07/2026,21:57:10,2.560908333,-72.64823367,NUEVA UBICACION,0,0,HERMES-01,2026-07-11T02:57:16.559198
806,4447,,No disponible,2.5608445,-72.648153,NUEVA UBICACION,0,0,HERMES-01,2026-07-12T02:58:59.448011
807,4448,,No disponible,2.560804833,-72.64814167,NUEVA UBICACION,0,0,HERMES-01,2026-07-12T03:09:14.794749
808,4310,11/07/2026,22:28:19,2.56085,-72.64820067,NUEVA UBICACION,0,0,HERMES-01,2026-07-11T03:28:28.355877
809,4311,11/07/2026,22:38:36,2.56083,-72.64815283,NUEVA UBICACION,0,0,HERMES-01,2026-07-11T03:38:44.838342
810,4312,11/07/2026,22:48:53,2.560835167,-72.64817083,NUEVA UBICACION,0,0,HERMES-01,2026-07-11T03:49:00.968347
811,4313,11/07/2026,22:59:13,2.5608615,-72.64818667,NUEVA UBICACION,0,0,HERMES-01,2026-07-11T03:59:20.751884
812,4314,11/07/2026,23:09:29,2.560861,-72.64816483,NUEVA UBICACION,0,0,HERMES-01,2026-07-11T04:09:37.247876
813,4315,11/07/2026,23:19:45,2.5608675,-72.64816183,NUEVA UBICACION,0,0,HERMES-01,2026-07-11T04:19:53.840800
814,4316,11/07/2026,23:30:02,2.560850333,-72.6481395,NUEVA UBICACION,0,0,HERMES-01,2026-07-11T04:30:09.655153
815,4456,,No disponible,2.560644,-72.64798633,NUEVA UBICACION,0,0,HERMES-01,2026-07-12T04:31:32.389927
816,4317,11/07/2026,23:40:17,2.560925667,-72.64813033,NUEVA UBICACION,0,0,HERMES-01,2026-07-11T04:40:25.839973
817,4318,11/07/2026,23:50:33,2.560872167,-72.64810417,NUEVA UBICACION,0,0,HERMES-01,2026-07-11T04:50:40.876288
818,4459,12/07/2026,00:02:13,2.560868167,-72.64813217,NUEVA UBICACION,0,0,HERMES-01,2026-07-12T05:02:21.442616
819,4460,12/07/2026,00:12:30,2.5608655,-72.648143,NUEVA UBICACION,0,0,HERMES-01,2026-07-12T05:12:37.494178
820,4461,12/07/2026,00:22:48,2.560885667,-72.64810767,NUEVA UBICACION,0,0,HERMES-01,2026-07-12T05:22:55.237754
821,4462,,No disponible,2.560893667,-72.64814033,NUEVA UBICACION,0,0,HERMES-01,2026-07-12T05:33:11.904140
822,4463,12/07/2026,00:43:20,2.5608725,-72.64816117,NUEVA UBICACION,0,0,HERMES-01,2026-07-12T05:43:27.192202
823,4464,12/07/2026,00:53:34,2.560860667,-72.64818767,NUEVA UBICACION,0,0,HERMES-01,2026-07-12T05:53:42.632803
824,4465,12/07/2026,01:03:50,2.560856667,-72.64816033,NUEVA UBICACION,0,0,HERMES-01,2026-07-12T06:03:57.277429
825,4466,12/07/2026,01:14:05,2.560850833,-72.64817067,NUEVA UBICACION,0,0,HERMES-01,2026-07-12T06:14:30.560939
826,4467,12/07/2026,01:24:37,2.560831833,-72.64818467,NUEVA UBICACION,0,0,HERMES-01,2026-07-12T06:24:44.386632
827,4468,12/07/2026,01:34:51,2.560907333,-72.64819933,NUEVA UBICACION,0,0,HERMES-01,2026-07-12T06:34:58.250054
828,4469,12/07/2026,01:45:06,2.560794333,-72.64814633,NUEVA UBICACION,0,0,HERMES-01,2026-07-12T06:45:13.342243
829,4470,12/07/2026,01:55:20,2.560827333,-72.64817983,NUEVA UBICACION,0,0,HERMES-01,2026-07-12T06:55:27.631857
830,4471,12/07/2026,02:05:35,2.560865667,-72.648158,NUEVA UBICACION,0,0,HERMES-01,2026-07-12T07:05:44.786887
831,4472,12/07/2026,02:15:53,2.5608655,-72.64813617,NUEVA UBICACION,0,0,HERMES-01,2026-07-12T07:16:01.496942
832,4473,,No disponible,2.560845667,-72.64816317,NUEVA UBICACION,0,0,HERMES-01,2026-07-12T07:26:16.306406
833,4474,12/07/2026,02:36:25,2.560873167,-72.64817317,NUEVA UBICACION,0,0,HERMES-01,2026-07-12T07:36:31.654223
834,4475,12/07/2026,02:46:38,2.560887833,-72.648157,NUEVA UBICACION,0,0,HERMES-01,2026-07-12T07:46:46.233241
835,4476,12/07/2026,02:56:54,2.560878667,-72.648183,NUEVA UBICACION,0,0,HERMES-01,2026-07-12T07:57:01.638394
836,4477,12/07/2026,03:07:10,2.560852667,-72.64816117,NUEVA UBICACION,0,0,HERMES-01,2026-07-12T08:07:16.970934
837,4478,12/07/2026,03:17:26,2.560873667,-72.64817767,NUEVA UBICACION,0,0,HERMES-01,2026-07-12T08:17:43.740653
838,4480,12/07/2026,03:38:18,2.560873333,-72.64816017,NUEVA UBICACION,0,0,HERMES-01,2026-07-12T08:38:25.296858
839,4481,12/07/2026,03:48:34,2.5608505,-72.648156,NUEVA UBICACION,0,0,HERMES-01,2026-07-12T08:48:41.727984
840,4482,12/07/2026,03:58:50,2.560855167,-72.6481455,NUEVA UBICACION,0,0,HERMES-01,2026-07-12T08:58:57.011701
841,4483,12/07/2026,04:09:05,2.560858667,-72.64815867,NUEVA UBICACION,0,0,HERMES-01,2026-07-12T09:09:11.479517
842,4484,12/07/2026,04:19:20,2.560867833,-72.6482075,NUEVA UBICACION,0,0,HERMES-01,2026-07-12T09:19:27.697049
843,4485,12/07/2026,04:29:35,2.560881167,-72.6481935,NUEVA UBICACION,0,0,HERMES-01,2026-07-12T09:29:42.709116
844,4486,12/07/2026,04:39:50,2.560807833,-72.64816733,NUEVA UBICACION,0,0,HERMES-01,2026-07-12T09:39:58.389017
845,4487,12/07/2026,04:50:06,2.560916667,-72.64815133,NUEVA UBICACION,0,0,HERMES-01,2026-07-12T09:50:13.790917
846,4488,12/07/2026,05:00:22,2.5608525,-72.64816117,NUEVA UBICACION,0,0,HERMES-01,2026-07-12T10:00:30.509038
847,4489,12/07/2026,05:10:40,2.5608655,-72.648186,NUEVA UBICACION,0,0,HERMES-01,2026-07-12T10:10:47.156036
848,4490,12/07/2026,05:20:55,2.560823667,-72.64813467,NUEVA UBICACION,0,0,HERMES-01,2026-07-12T10:21:03.826224
849,4491,12/07/2026,05:31:11,2.560853167,-72.64816283,NUEVA UBICACION,0,0,HERMES-01,2026-07-12T10:31:20.415631
850,4492,12/07/2026,05:41:29,2.560821667,-72.648162,NUEVA UBICACION,0,0,HERMES-01,2026-07-12T10:41:37.070337
851,4493,12/07/2026,05:51:45,2.56078,-72.64813,NUEVA UBICACION,0,0,HERMES-01,2026-07-12T10:51:53.135349
852,4494,12/07/2026,06:02:01,2.560833167,-72.6481775,NUEVA UBICACION,0,0,HERMES-01,2026-07-12T11:02:09.213956
853,4495,,No disponible,2.560853667,-72.64817617,NUEVA UBICACION,0,0,HERMES-01,2026-07-12T11:12:23.434599
854,4496,12/07/2026,06:22:30,2.560839,-72.64815967,NUEVA UBICACION,0,0,HERMES-01,2026-07-12T11:22:37.714462
855,4497,12/07/2026,06:32:48,2.5608695,-72.64811467,NUEVA UBICACION,0,0,HERMES-01,2026-07-12T11:32:55.619310
856,4498,12/07/2026,06:43:04,2.5608505,-72.648147,NUEVA UBICACION,0,0,HERMES-01,2026-07-12T11:43:10.906842
857,4499,12/07/2026,06:53:19,2.560845333,-72.64815317,NUEVA UBICACION,0,0,HERMES-01,2026-07-12T11:53:27.003855
858,4500,12/07/2026,07:03:34,2.560988,-72.64817,NUEVA UBICACION,0,0,HERMES-01,2026-07-12T12:03:42.521244
859,4501,12/07/2026,07:13:50,2.560870833,-72.64813967,NUEVA UBICACION,0,0,HERMES-01,2026-07-12T12:13:58.470481
860,4502,12/07/2026,07:24:05,2.560870667,-72.64818633,NUEVA UBICACION,0,0,HERMES-01,2026-07-12T12:24:13.098631
861,4503,,No disponible,2.560891167,-72.64816933,NUEVA UBICACION,0,0,HERMES-01,2026-07-12T12:34:28.518902
862,4504,12/07/2026,07:44:37,2.560888,-72.64816333,NUEVA UBICACION,0,0,HERMES-01,2026-07-12T12:44:43.831029
863,4505,12/07/2026,07:54:52,2.560879833,-72.64816983,NUEVA UBICACION,0,0,HERMES-01,2026-07-12T12:54:58.686757
864,4506,12/07/2026,08:05:06,2.560880833,-72.64814683,NUEVA UBICACION,0,0,HERMES-01,2026-07-12T13:05:14.081596
865,4507,12/07/2026,08:15:23,2.560846833,-72.64815,NUEVA UBICACION,0,0,HERMES-01,2026-07-12T13:15:30.477076
866,4508,12/07/2026,08:25:38,2.560871833,-72.6481365,NUEVA UBICACION,0,0,HERMES-01,2026-07-12T13:25:44.429840
867,4509,12/07/2026,08:35:51,2.5608565,-72.64817483,NUEVA UBICACION,0,0,HERMES-01,2026-07-12T13:35:59.602840
868,4510,,No disponible,2.5608525,-72.6481815,NUEVA UBICACION,0,0,HERMES-01,2026-07-12T13:46:15.086122
869,4511,12/07/2026,08:56:23,2.560863167,-72.64815167,NUEVA UBICACION,0,0,HERMES-01,2026-07-12T13:56:30.196657
870,4512,12/07/2026,09:06:48,2.560872333,-72.6481805,NUEVA UBICACION,0,0,HERMES-01,2026-07-12T14:06:55.423703
871,4513,,No disponible,2.560822833,-72.64821417,NUEVA UBICACION,0,0,HERMES-01,2026-07-12T14:17:09.511735
872,4514,12/07/2026,09:27:19,2.5608625,-72.64816617,NUEVA UBICACION,0,0,HERMES-01,2026-07-12T14:27:28.022132
873,4515,,No disponible,2.560832167,-72.64816167,NUEVA UBICACION,0,0,HERMES-01,2026-07-12T14:37:40.335534
874,4516,12/07/2026,09:47:50,2.560876333,-72.648158,NUEVA UBICACION,0,0,HERMES-01,2026-07-12T14:47:58.551706
875,4517,12/07/2026,09:58:06,2.560857,-72.64816283,NUEVA UBICACION,0,0,HERMES-01,2026-07-12T14:58:13.985478
876,4518,12/07/2026,10:08:21,2.560815333,-72.64810883,NUEVA UBICACION,0,0,HERMES-01,2026-07-12T15:08:28.754324
877,4519,12/07/2026,10:18:39,2.560742333,-72.64803483,NUEVA UBICACION,0,0,HERMES-01,2026-07-12T15:18:46.516523
878,4520,12/07/2026,10:29:06,2.560903833,-72.64815133,NUEVA UBICACION,0,0,HERMES-01,2026-07-12T15:29:13.930379
879,4521,,No disponible,2.5608615,-72.648153,NUEVA UBICACION,0,0,HERMES-01,2026-07-12T15:39:34.728842
880,4522,12/07/2026,10:49:51,2.5606975,-72.64813167,NUEVA UBICACION,0,0,HERMES-01,2026-07-12T15:49:57.963180
881,4523,,No disponible,2.560744667,-72.6481195,NUEVA UBICACION,0,0,HERMES-01,2026-07-12T16:00:14.011911
882,4524,12/07/2026,11:10:22,2.560865333,-72.64816967,NUEVA UBICACION,0,0,HERMES-01,2026-07-12T16:10:29.708976
883,4525,12/07/2026,11:20:38,2.5608855,-72.64820883,NUEVA UBICACION,0,0,HERMES-01,2026-07-12T16:20:45.663514
884,4526,12/07/2026,11:30:54,2.560835833,-72.64817133,NUEVA UBICACION,0,0,HERMES-01,2026-07-12T16:31:01.160878
885,4527,12/07/2026,11:41:11,2.560834,-72.64814033,NUEVA UBICACION,0,0,HERMES-01,2026-07-12T16:41:17.552758
886,4528,12/07/2026,11:51:24,2.560856167,-72.64808317,NUEVA UBICACION,0,0,HERMES-01,2026-07-12T16:51:33.008664
887,4529,12/07/2026,12:01:41,2.560855833,-72.64813817,NUEVA UBICACION,0,0,HERMES-01,2026-07-12T17:01:47.743372
888,4530,12/07/2026,12:11:57,2.560825333,-72.6482225,NUEVA UBICACION,0,0,HERMES-01,2026-07-12T17:12:05.129045
889,4531,12/07/2026,12:22:14,2.5608425,-72.64814717,NUEVA UBICACION,0,0,HERMES-01,2026-07-12T17:22:21.653802
890,4532,12/07/2026,12:32:30,2.560840833,-72.64815767,NUEVA UBICACION,0,0,HERMES-01,2026-07-12T17:32:38.464610
891,4533,12/07/2026,12:42:48,2.560863167,-72.6481535,NUEVA UBICACION,0,0,HERMES-01,2026-07-12T17:42:55.768129
892,4535,12/07/2026,13:04:17,2.560862,-72.64813267,NUEVA UBICACION,0,0,HERMES-01,2026-07-12T18:04:23.960725
893,4536,12/07/2026,13:14:32,2.560856333,-72.648163,NUEVA UBICACION,0,0,HERMES-01,2026-07-12T18:14:40.004625
894,4537,,No disponible,2.560898167,-72.64816817,NUEVA UBICACION,0,0,HERMES-01,2026-07-12T18:24:57.825143
895,4538,12/07/2026,13:35:06,2.560833167,-72.64817567,NUEVA UBICACION,0,0,HERMES-01,2026-07-12T18:35:12.883258
896,4539,12/07/2026,13:45:19,2.5608775,-72.64819817,NUEVA UBICACION,0,0,HERMES-01,2026-07-12T18:45:28.019596
897,4540,12/07/2026,13:55:37,2.560857667,-72.64817833,NUEVA UBICACION,0,0,HERMES-01,2026-07-12T18:55:45.366753
898,4542,12/07/2026,14:16:20,2.560831333,-72.6482015,NUEVA UBICACION,0,0,HERMES-01,2026-07-12T19:16:26.848806
899,4543,,No disponible,2.560853333,-72.6481475,NUEVA UBICACION,0,0,HERMES-01,2026-07-12T19:26:41.689056
900,4544,12/07/2026,14:37:02,2.5608575,-72.648178,NUEVA UBICACION,0,0,HERMES-01,2026-07-12T19:37:08.937160
901,4545,12/07/2026,14:47:16,2.560821167,-72.64820633,NUEVA UBICACION,0,0,HERMES-01,2026-07-12T19:47:24.672817
902,4546,12/07/2026,14:57:32,2.560876333,-72.64812567,NUEVA UBICACION,0,0,HERMES-01,2026-07-12T19:57:41.221787
903,4547,12/07/2026,15:07:50,2.560844,-72.64814367,NUEVA UBICACION,0,0,HERMES-01,2026-07-12T20:07:57.172087
904,4548,12/07/2026,15:18:05,2.5609355,-72.64814217,NUEVA UBICACION,0,0,HERMES-01,2026-07-12T20:18:13.960866
905,4549,12/07/2026,15:28:23,2.5608615,-72.6481925,NUEVA UBICACION,0,0,HERMES-01,2026-07-12T20:28:31.016492
906,4550,,No disponible,2.560895833,-72.64815567,NUEVA UBICACION,0,0,HERMES-01,2026-07-12T20:38:47.160656
907,4551,12/07/2026,15:48:56,2.560844667,-72.648138,NUEVA UBICACION,0,0,HERMES-01,2026-07-12T20:49:02.924609
908,4552,12/07/2026,15:59:10,2.560850167,-72.648142,NUEVA UBICACION,0,0,HERMES-01,2026-07-12T20:59:16.794621
909,4553,12/07/2026,16:09:24,2.560851,-72.64815767,NUEVA UBICACION,0,0,HERMES-01,2026-07-12T21:09:32.456718
910,4554,,No disponible,2.560848167,-72.64814917,NUEVA UBICACION,0,0,HERMES-01,2026-07-12T21:19:45.930050
911,4555,,No disponible,2.560873167,-72.64813933,NUEVA UBICACION,0,0,HERMES-01,2026-07-12T21:30:00.949273
912,4558,12/07/2026,17:01:16,2.560856833,-72.64815383,NUEVA UBICACION,0,0,HERMES-01,2026-07-12T22:01:24.131786
913,4559,12/07/2026,17:11:31,2.560871833,-72.648152,NUEVA UBICACION,0,0,HERMES-01,2026-07-12T22:11:39.387462
914,4560,12/07/2026,17:21:48,2.560875333,-72.64815633,NUEVA UBICACION,0,0,HERMES-01,2026-07-12T22:21:55.098776
915,4561,12/07/2026,17:32:16,2.560862833,-72.648158,NUEVA UBICACION,0,0,HERMES-01,2026-07-12T22:32:23.381414
916,4562,,No disponible,2.560855833,-72.648159,NUEVA UBICACION,0,0,HERMES-01,2026-07-12T22:42:36.130685
917,4563,12/07/2026,17:52:43,2.560845,-72.6481555,NUEVA UBICACION,0,0,HERMES-01,2026-07-12T22:52:50.399290
918,4564,12/07/2026,18:02:57,2.560838,-72.64813417,NUEVA UBICACION,0,0,HERMES-01,2026-07-12T23:03:05.195025
919,4565,12/07/2026,18:13:14,2.560874667,-72.6481585,NUEVA UBICACION,0,0,HERMES-01,2026-07-12T23:13:40.766204
920,4566,12/07/2026,18:23:46,2.5608795,-72.64815617,NUEVA UBICACION,0,0,HERMES-01,2026-07-12T23:23:53.274510
921,4567,,No disponible,2.560860833,-72.64813083,NUEVA UBICACION,0,0,HERMES-01,2026-07-12T23:34:07.923940
922,4568,12/07/2026,18:44:15,2.5608625,-72.64825617,NUEVA UBICACION,0,0,HERMES-01,2026-07-12T23:44:22.793753
923,4569,,No disponible,2.560860667,-72.64812367,NUEVA UBICACION,0,0,HERMES-01,2026-07-12T23:54:38.431130
924,4430,12/07/2026,19:03:38,2.560852167,-72.6481535,NUEVA UBICACION,0,0,HERMES-01,2026-07-12T00:03:47.055834
925,4431,12/07/2026,19:13:54,2.560843167,-72.64814217,NUEVA UBICACION,0,0,HERMES-01,2026-07-12T00:14:01.483298
926,4432,12/07/2026,19:24:09,2.560884833,-72.64819817,NUEVA UBICACION,0,0,HERMES-01,2026-07-12T00:24:19.077866
927,4433,12/07/2026,19:34:28,2.560850667,-72.648187,NUEVA UBICACION,0,0,HERMES-01,2026-07-12T00:34:35.635871
928,4434,12/07/2026,19:44:43,2.560867667,-72.64817367,NUEVA UBICACION,0,0,HERMES-01,2026-07-12T00:44:50.252579
929,4436,12/07/2026,20:05:12,2.560855167,-72.64813683,NUEVA UBICACION,0,0,HERMES-01,2026-07-12T01:05:19.268283
930,4437,12/07/2026,20:15:31,2.560860167,-72.64822617,NUEVA UBICACION,0,0,HERMES-01,2026-07-12T01:15:38.573468
931,4438,12/07/2026,20:25:49,2.5608595,-72.648148,NUEVA UBICACION,0,0,HERMES-01,2026-07-12T01:26:39.285918
932,4439,12/07/2026,20:36:44,2.560845167,-72.64813167,NUEVA UBICACION,0,0,HERMES-01,2026-07-12T01:36:52.971250
933,4440,12/07/2026,20:47:00,2.560828667,-72.648155,NUEVA UBICACION,0,0,HERMES-01,2026-07-12T01:47:07.191491
934,4581,,No disponible,2.560458333,-72.6481225,NUEVA UBICACION,0,0,HERMES-01,2026-07-13T01:59:06.146283
935,4442,12/07/2026,21:07:30,2.560850667,-72.6481425,NUEVA UBICACION,0,0,HERMES-01,2026-07-12T02:07:37.551863
936,4582,,No disponible,2.560842167,-72.6481645,NUEVA UBICACION,0,0,HERMES-01,2026-07-13T02:09:20.424502
937,4444,12/07/2026,21:28:02,2.560889,-72.64808083,NUEVA UBICACION,0,0,HERMES-01,2026-07-12T02:28:09.112760
938,4445,12/07/2026,21:38:17,2.5608215,-72.64816283,NUEVA UBICACION,0,0,HERMES-01,2026-07-12T02:38:24.236814
939,4446,12/07/2026,21:48:32,2.560885833,-72.64809983,NUEVA UBICACION,0,0,HERMES-01,2026-07-12T02:48:39.754392
940,4449,12/07/2026,22:19:22,2.560830333,-72.64811883,NUEVA UBICACION,0,0,HERMES-01,2026-07-12T03:19:30.574847
941,4450,12/07/2026,22:29:39,2.560882667,-72.648217,NUEVA UBICACION,0,0,HERMES-01,2026-07-12T03:29:48.901970
942,4451,12/07/2026,22:39:56,2.56086,-72.64812967,NUEVA UBICACION,0,0,HERMES-01,2026-07-12T03:40:03.522183
943,4591,,No disponible,2.560868667,-72.64818917,NUEVA UBICACION,0,0,HERMES-01,2026-07-13T03:41:33.331886
944,4452,12/07/2026,22:50:13,2.560871,-72.64816233,NUEVA UBICACION,0,0,HERMES-01,2026-07-12T03:50:30.455287
945,4453,12/07/2026,23:00:37,2.560877667,-72.64817033,NUEVA UBICACION,0,0,HERMES-01,2026-07-12T04:00:44.978772
946,4454,12/07/2026,23:10:51,2.560873833,-72.64815233,NUEVA UBICACION,0,0,HERMES-01,2026-07-12T04:10:59.622919
947,4455,12/07/2026,23:21:07,2.560826333,-72.648166,NUEVA UBICACION,0,0,HERMES-01,2026-07-12T04:21:15.824229
948,4596,,No disponible,2.560867833,-72.64815333,NUEVA UBICACION,0,0,HERMES-01,2026-07-13T04:33:55.657019
949,4457,12/07/2026,23:41:40,2.560866833,-72.648044,NUEVA UBICACION,0,0,HERMES-01,2026-07-12T04:41:48.009954
950,4458,12/07/2026,23:51:56,2.5607805,-72.64818067,NUEVA UBICACION,0,0,HERMES-01,2026-07-12T04:52:05.536721
951,4602,13/07/2026,00:36:39,2.560904,-72.64814517,NUEVA UBICACION,0,0,HERMES-01,2026-07-13T05:36:45.686567
952,4603,13/07/2026,00:46:54,2.560858333,-72.64815933,NUEVA UBICACION,0,0,HERMES-01,2026-07-13T05:47:01.201404
953,4604,13/07/2026,00:57:07,2.560868667,-72.64816717,NUEVA UBICACION,0,0,HERMES-01,2026-07-13T05:57:13.837344
954,4606,13/07/2026,01:18:59,2.5608375,-72.64815867,NUEVA UBICACION,0,0,HERMES-01,2026-07-13T06:19:25.541846
955,4607,13/07/2026,01:29:26,2.560876667,-72.64816833,NUEVA UBICACION,0,0,HERMES-01,2026-07-13T06:29:37.430779
956,4608,13/07/2026,01:39:44,2.560848,-72.64815,NUEVA UBICACION,0,0,HERMES-01,2026-07-13T06:39:52.197239
957,4609,,No disponible,2.560865833,-72.64816033,NUEVA UBICACION,0,0,HERMES-01,2026-07-13T06:50:08.056874
958,4610,13/07/2026,02:00:16,2.560837333,-72.64814517,NUEVA UBICACION,0,0,HERMES-01,2026-07-13T07:00:23.757430
959,4611,13/07/2026,02:10:31,2.560879333,-72.6481505,NUEVA UBICACION,0,0,HERMES-01,2026-07-13T07:10:38.245999
960,4612,13/07/2026,02:20:48,2.560821333,-72.64815133,NUEVA UBICACION,0,0,HERMES-01,2026-07-13T07:20:56.182749
961,4613,13/07/2026,02:31:16,2.560790333,-72.64808833,NUEVA UBICACION,0,0,HERMES-01,2026-07-13T07:31:23.761592
962,4614,13/07/2026,02:41:30,2.560866833,-72.64818883,NUEVA UBICACION,0,0,HERMES-01,2026-07-13T07:41:37.909514
963,4615,13/07/2026,02:51:45,2.560822667,-72.648149,NUEVA UBICACION,0,0,HERMES-01,2026-07-13T07:51:53.233214
964,4616,13/07/2026,03:02:01,2.5608925,-72.648166,NUEVA UBICACION,0,0,HERMES-01,2026-07-13T08:02:08.945154
965,4617,,No disponible,2.560842667,-72.64818083,NUEVA UBICACION,0,0,HERMES-01,2026-07-13T08:12:23.177906
966,4618,13/07/2026,03:22:32,2.560870167,-72.64817317,NUEVA UBICACION,0,0,HERMES-01,2026-07-13T08:22:40.039883
967,4619,13/07/2026,03:32:57,2.5608745,-72.6481565,NUEVA UBICACION,0,0,HERMES-01,2026-07-13T08:33:05.015527
968,4620,13/07/2026,03:43:22,2.560859667,-72.64815833,NUEVA UBICACION,0,0,HERMES-01,2026-07-13T08:43:29.926170
969,4621,13/07/2026,03:53:37,2.560866833,-72.6481475,NUEVA UBICACION,0,0,HERMES-01,2026-07-13T08:53:45.009773
970,4622,13/07/2026,04:03:51,2.560842167,-72.64817617,NUEVA UBICACION,0,0,HERMES-01,2026-07-13T09:03:59.349723
971,4623,13/07/2026,04:14:07,2.560882667,-72.64814683,NUEVA UBICACION,0,0,HERMES-01,2026-07-13T09:14:15.644667
972,4624,,No disponible,2.560864667,-72.64813583,NUEVA UBICACION,0,0,HERMES-01,2026-07-13T09:24:31.275369
973,4625,13/07/2026,04:34:40,2.560853833,-72.6481565,NUEVA UBICACION,0,0,HERMES-01,2026-07-13T09:34:48.360941
974,4626,13/07/2026,04:44:56,2.5608455,-72.64813783,NUEVA UBICACION,0,0,HERMES-01,2026-07-13T09:45:06.178620
975,4627,13/07/2026,04:55:14,2.560850333,-72.64817633,NUEVA UBICACION,0,0,HERMES-01,2026-07-13T09:55:21.673189
976,4628,13/07/2026,05:05:29,2.560865833,-72.6481705,NUEVA UBICACION,0,0,HERMES-01,2026-07-13T10:05:37.585428
977,4629,13/07/2026,05:15:46,2.5608385,-72.64814783,NUEVA UBICACION,0,0,HERMES-01,2026-07-13T10:15:54.125963
978,4630,13/07/2026,05:26:01,2.560869167,-72.6481645,NUEVA UBICACION,0,0,HERMES-01,2026-07-13T10:26:09.368418
979,4631,13/07/2026,05:36:17,2.560816167,-72.648188,NUEVA UBICACION,0,0,HERMES-01,2026-07-13T10:36:24.954659
980,4632,13/07/2026,05:46:34,2.561036667,-72.64816333,NUEVA UBICACION,0,0,HERMES-01,2026-07-13T10:46:40.576630
981,4633,13/07/2026,05:56:49,2.560877,-72.6482175,NUEVA UBICACION,0,0,HERMES-01,2026-07-13T10:56:57.485532
982,4634,13/07/2026,06:07:05,2.560871833,-72.64818567,NUEVA UBICACION,0,0,HERMES-01,2026-07-13T11:07:13.054731
983,4635,13/07/2026,06:18:05,2.560856167,-72.64815567,NUEVA UBICACION,0,0,HERMES-01,2026-07-13T11:18:14.048284
984,4636,13/07/2026,06:28:20,2.560879833,-72.64816183,NUEVA UBICACION,0,0,HERMES-01,2026-07-13T11:28:28.406686
985,4637,13/07/2026,06:38:36,2.560876,-72.64817133,NUEVA UBICACION,0,0,HERMES-01,2026-07-13T11:38:42.970992
986,4638,13/07/2026,06:48:50,2.560876333,-72.64817783,NUEVA UBICACION,0,0,HERMES-01,2026-07-13T11:48:58.311603
987,4639,,No disponible,2.560877167,-72.64816267,NUEVA UBICACION,0,0,HERMES-01,2026-07-13T11:59:13.649811
988,4640,13/07/2026,07:09:21,2.560894833,-72.64817633,NUEVA UBICACION,0,0,HERMES-01,2026-07-13T12:09:29.597871
989,4641,13/07/2026,07:19:39,2.560866833,-72.64818,NUEVA UBICACION,0,0,HERMES-01,2026-07-13T12:19:47.528022
990,4642,,No disponible,2.560885667,-72.64818717,NUEVA UBICACION,0,0,HERMES-01,2026-07-13T12:30:03.107890
991,4643,13/07/2026,07:40:12,2.560847833,-72.64819217,NUEVA UBICACION,0,0,HERMES-01,2026-07-13T12:40:20.307354
992,4644,13/07/2026,07:50:28,2.560896,-72.6481655,NUEVA UBICACION,0,0,HERMES-01,2026-07-13T12:50:34.303730
993,4645,,No disponible,2.560872167,-72.64814567,NUEVA UBICACION,0,0,HERMES-01,2026-07-13T13:00:52.672180
994,4646,13/07/2026,08:11:00,2.560874333,-72.64817017,NUEVA UBICACION,0,0,HERMES-01,2026-07-13T13:11:07.695937
995,4647,13/07/2026,08:21:18,2.560837333,-72.64816017,NUEVA UBICACION,0,0,HERMES-01,2026-07-13T13:21:24.950771
996,4648,13/07/2026,08:31:32,2.560863333,-72.6481695,NUEVA UBICACION,0,0,HERMES-01,2026-07-13T13:31:38.919243
997,4649,13/07/2026,08:41:47,2.5608355,-72.64817067,NUEVA UBICACION,0,0,HERMES-01,2026-07-13T13:41:55.019381
998,4650,13/07/2026,08:52:03,2.560876667,-72.64814133,NUEVA UBICACION,0,0,HERMES-01,2026-07-13T13:52:11.039852
999,4651,13/07/2026,09:02:21,2.560913333,-72.64816533,NUEVA UBICACION,0,0,HERMES-01,2026-07-13T14:02:28.690015
1000,4652,,No disponible,2.560924333,-72.64819583,NUEVA UBICACION,0,0,HERMES-01,2026-07-13T14:12:50.147128
1001,4653,13/07/2026,09:23:00,2.5608705,-72.64817283,NUEVA UBICACION,0,0,HERMES-01,2026-07-13T14:23:06.523499
1002,4654,13/07/2026,09:33:19,2.560891167,-72.64819783,NUEVA UBICACION,0,0,HERMES-01,2026-07-13T14:33:27.194945
1003,4655,13/07/2026,09:43:36,2.560867,-72.6481585,NUEVA UBICACION,0,0,HERMES-01,2026-07-13T14:43:43.453796
1004,4656,13/07/2026,09:53:53,2.560886333,-72.64815917,NUEVA UBICACION,0,0,HERMES-01,2026-07-13T14:53:59.308200
1005,4657,13/07/2026,10:04:08,2.560866,-72.648167,NUEVA UBICACION,0,0,HERMES-01,2026-07-13T15:04:16.914043
1006,4658,13/07/2026,10:14:24,2.560867667,-72.64813433,NUEVA UBICACION,0,0,HERMES-01,2026-07-13T15:14:32.302651
1007,4659,13/07/2026,10:24:45,2.560889167,-72.64816283,NUEVA UBICACION,0,0,HERMES-01,2026-07-13T15:24:51.800405
1008,4660,13/07/2026,10:35:00,2.560855167,-72.64815333,NUEVA UBICACION,0,0,HERMES-01,2026-07-13T15:35:08.884055
1009,4713,13/07/2026,10:45:41,2.560888,-72.648503,REENVIO PENDIENTE,0,0,HERMES-01,2026-07-14T01:20:40.028130
1010,4713,13/07/2026,10:56:42,2.561704,-72.649222,REENVIO PENDIENTE,0,0,HERMES-01,2026-07-14T01:20:44.844585
1011,4713,13/07/2026,11:07:44,2.571865,-72.647136,REENVIO PENDIENTE,0,0,HERMES-01,2026-07-14T01:20:49.603623
1012,4713,13/07/2026,11:18:47,2.571854,-72.647111,REENVIO PENDIENTE,0,0,HERMES-01,2026-07-14T01:20:54.572861
1013,4713,13/07/2026,11:29:50,2.571819,-72.64711,REENVIO PENDIENTE,0,0,HERMES-01,2026-07-14T01:20:59.669924
1014,4713,13/07/2026,11:40:52,2.571872,-72.647147,REENVIO PENDIENTE,0,0,HERMES-01,2026-07-14T01:21:04.700815
1015,4713,13/07/2026,12:02:57,2.571844,-72.647122,REENVIO PENDIENTE,0,0,HERMES-01,2026-07-14T01:21:14.372351
1016,4713,13/07/2026,12:14:00,2.571835,-72.647141,REENVIO PENDIENTE,0,0,HERMES-01,2026-07-14T01:21:19.722950
1017,4713,13/07/2026,12:25:02,2.571857,-72.647135,REENVIO PENDIENTE,0,0,HERMES-01,2026-07-14T01:21:24.648821
1018,4713,13/07/2026,12:36:05,2.571856,-72.647144,REENVIO PENDIENTE,0,0,HERMES-01,2026-07-14T01:21:29.573399
1019,4713,13/07/2026,12:47:08,2.571865,-72.647141,REENVIO PENDIENTE,0,0,HERMES-01,2026-07-14T01:21:35.107989
1020,4713,13/07/2026,12:58:10,2.571839,-72.647137,REENVIO PENDIENTE,0,0,HERMES-01,2026-07-14T01:21:41.603183
1021,4713,13/07/2026,13:09:12,2.571833,-72.647136,REENVIO PENDIENTE,0,0,HERMES-01,2026-07-14T01:21:46.381825
1022,4713,13/07/2026,13:20:14,2.571853,-72.647149,REENVIO PENDIENTE,0,0,HERMES-01,2026-07-14T01:21:52.335142
1023,4713,13/07/2026,13:31:16,2.57186,-72.647137,REENVIO PENDIENTE,0,0,HERMES-01,2026-07-14T01:21:57.689923
1024,4713,13/07/2026,13:42:19,2.571868,-72.647141,REENVIO PENDIENTE,0,0,HERMES-01,2026-07-14T01:22:02.492596
1025,4713,13/07/2026,13:53:21,2.571883,-72.64713,REENVIO PENDIENTE,0,0,HERMES-01,2026-07-14T01:22:07.324361
1026,4713,13/07/2026,14:15:27,2.571875,-72.647141,REENVIO PENDIENTE,0,0,HERMES-01,2026-07-14T01:22:16.991890
1027,4713,13/07/2026,14:26:30,2.571844,-72.647119,REENVIO PENDIENTE,0,0,HERMES-01,2026-07-14T01:22:21.993772
1028,4713,13/07/2026,14:37:32,2.571846,-72.647116,REENVIO PENDIENTE,0,0,HERMES-01,2026-07-14T01:22:26.724500
1029,4713,13/07/2026,14:48:35,2.571812,-72.64711,REENVIO PENDIENTE,0,0,HERMES-01,2026-07-14T01:22:31.576499
1030,4713,13/07/2026,14:59:37,2.571831,-72.647108,REENVIO PENDIENTE,0,0,HERMES-01,2026-07-14T01:22:36.453195
1031,4713,13/07/2026,15:10:40,2.571874,-72.64713,REENVIO PENDIENTE,0,0,HERMES-01,2026-07-14T01:22:41.282834
1032,4713,13/07/2026,15:21:42,2.571841,-72.647091,REENVIO PENDIENTE,0,0,HERMES-01,2026-07-14T01:22:46.378612
1033,4713,13/07/2026,15:32:45,2.571838,-72.647136,REENVIO PENDIENTE,0,0,HERMES-01,2026-07-14T01:22:51.517831
1034,4713,13/07/2026,15:43:48,2.571868,-72.647136,REENVIO PENDIENTE,0,0,HERMES-01,2026-07-14T01:22:56.695432
1035,4713,13/07/2026,15:54:51,2.571827,-72.647114,REENVIO PENDIENTE,0,0,HERMES-01,2026-07-14T01:23:01.516759
1036,4713,13/07/2026,16:05:53,2.571866,-72.647145,REENVIO PENDIENTE,0,0,HERMES-01,2026-07-14T01:23:06.291886
1037,4713,13/07/2026,16:16:56,2.57184,-72.647123,REENVIO PENDIENTE,0,0,HERMES-01,2026-07-14T01:23:11.133145
1038,4713,13/07/2026,16:27:57,2.571819,-72.647119,REENVIO PENDIENTE,0,0,HERMES-01,2026-07-14T01:23:15.901744
1039,4713,13/07/2026,16:39:00,2.57184,-72.647125,REENVIO PENDIENTE,0,0,HERMES-01,2026-07-14T01:23:20.867643
1040,4713,13/07/2026,16:50:03,2.571987,-72.646921,REENVIO PENDIENTE,0,0,HERMES-01,2026-07-14T01:23:26.513296
1041,4713,13/07/2026,17:01:06,2.560858,-72.648201,REENVIO PENDIENTE,0,0,HERMES-01,2026-07-14T01:23:31.315474
1042,4713,13/07/2026,17:23:11,2.560766,-72.648168,REENVIO PENDIENTE,0,0,HERMES-01,2026-07-14T01:23:40.967626
1043,4713,13/07/2026,17:34:19,2.560765,-72.648193,REENVIO PENDIENTE,0,0,HERMES-01,2026-07-14T01:23:45.827359
1044,4713,13/07/2026,17:45:22,2.560849,-72.648185,REENVIO PENDIENTE,0,0,HERMES-01,2026-07-14T01:23:54.170885
1045,4713,13/07/2026,17:56:24,2.560858,-72.648099,REENVIO PENDIENTE,0,0,HERMES-01,2026-07-14T01:23:59.041891
1046,4713,13/07/2026,18:07:27,2.560937,-72.64824,REENVIO PENDIENTE,0,0,HERMES-01,2026-07-14T01:24:03.968851
1047,4713,13/07/2026,18:18:30,2.560924,-72.648293,REENVIO PENDIENTE,0,0,HERMES-01,2026-07-14T01:24:08.967859
1048,4713,13/07/2026,18:29:33,2.560805,-72.648225,REENVIO PENDIENTE,0,0,HERMES-01,2026-07-14T01:24:13.825520
1049,4713,13/07/2026,18:40:36,2.560911,-72.648082,REENVIO PENDIENTE,0,0,HERMES-01,2026-07-14T01:24:18.724420
1050,4570,13/07/2026,19:04:46,2.560854167,-72.64819267,NUEVA UBICACION,0,0,HERMES-01,2026-07-13T00:04:52.893941
1051,4571,13/07/2026,19:15:06,2.5607905,-72.6481675,NUEVA UBICACION,0,0,HERMES-01,2026-07-13T00:15:13.187728
1052,4572,13/07/2026,19:25:21,2.560864333,-72.64817383,NUEVA UBICACION,0,0,HERMES-01,2026-07-13T00:25:28.023918
1053,4573,13/07/2026,19:35:36,2.560857,-72.64814767,NUEVA UBICACION,0,0,HERMES-01,2026-07-13T00:35:43.194816
1054,4574,13/07/2026,19:45:51,2.560892833,-72.64818683,NUEVA UBICACION,0,0,HERMES-01,2026-07-13T00:45:59.501429
1055,4575,13/07/2026,19:56:07,2.5608245,-72.648026,NUEVA UBICACION,0,0,HERMES-01,2026-07-13T00:56:13.856797
1056,4576,13/07/2026,20:06:22,2.560895167,-72.64813367,NUEVA UBICACION,0,0,HERMES-01,2026-07-13T01:06:29.620805
1057,4577,13/07/2026,20:17:41,2.560765,-72.6482615,NUEVA UBICACION,0,0,HERMES-01,2026-07-13T01:17:48.901254
1058,4713,,No disponible,2.571842,-72.647125,REENVIO PENDIENTE,0,0,HERMES-01,2026-07-14T01:21:09.593307
1059,4713,,No disponible,2.571878,-72.64713,REENVIO PENDIENTE,0,0,HERMES-01,2026-07-14T01:22:12.187759
1060,4713,,No disponible,2.56062,-72.64816,REENVIO PENDIENTE,0,0,HERMES-01,2026-07-14T01:23:36.163576
1061,4713,,No disponible,2.560939,-72.648201,REENVIO PENDIENTE,0,0,HERMES-01,2026-07-14T01:24:23.500056
1062,4578,13/07/2026,20:28:06,2.560800167,-72.64814467,NUEVA UBICACION,0,0,HERMES-01,2026-07-13T01:28:13.773394
1063,4579,13/07/2026,20:38:30,2.565441,-72.64598333,NUEVA UBICACION,0,0,HERMES-01,2026-07-13T01:38:37.497641
1064,4580,13/07/2026,20:48:44,2.560882833,-72.648186,NUEVA UBICACION,0,0,HERMES-01,2026-07-13T01:48:51.744921
1065,4583,13/07/2026,21:19:28,2.5608735,-72.64814,NUEVA UBICACION,0,0,HERMES-01,2026-07-13T02:19:35.156176
1066,4584,13/07/2026,21:29:42,2.560867333,-72.648157,NUEVA UBICACION,0,0,HERMES-01,2026-07-13T02:29:49.615267
1067,4585,13/07/2026,21:39:57,2.560781833,-72.64814167,NUEVA UBICACION,0,0,HERMES-01,2026-07-13T02:40:04.012088
1068,4586,13/07/2026,21:50:12,2.560859833,-72.6481695,NUEVA UBICACION,0,0,HERMES-01,2026-07-13T02:50:19.153061
1069,4587,13/07/2026,22:00:26,2.560838,-72.64816783,NUEVA UBICACION,0,0,HERMES-01,2026-07-13T03:00:34.083279
1070,4588,13/07/2026,22:10:41,2.560880667,-72.64814367,NUEVA UBICACION,0,0,HERMES-01,2026-07-13T03:10:48.414147
1071,4734,,No disponible,2.560864167,-72.648167,NUEVA UBICACION,0,0,HERMES-01,2026-07-14T03:20:17.669520
1072,4589,13/07/2026,22:20:56,2.560839833,-72.64817017,NUEVA UBICACION,0,0,HERMES-01,2026-07-13T03:21:03.266367
1073,4590,13/07/2026,22:31:10,2.560797,-72.64813367,NUEVA UBICACION,0,0,HERMES-01,2026-07-13T03:31:17.727122
1074,4737,,No disponible,2.560856167,-72.64815517,NUEVA UBICACION,0,0,HERMES-01,2026-07-14T03:36:13.276661
1075,4738,,No disponible,2.5608745,-72.6481525,NUEVA UBICACION,0,0,HERMES-01,2026-07-14T03:41:30.399891
1076,4739,,No disponible,2.560799833,-72.6481535,NUEVA UBICACION,0,0,HERMES-01,2026-07-14T03:46:47.924518
1077,4592,13/07/2026,22:51:40,2.560849167,-72.64816967,NUEVA UBICACION,0,0,HERMES-01,2026-07-13T03:51:48.021685
1078,4593,13/07/2026,23:01:55,2.5608865,-72.64814917,NUEVA UBICACION,0,0,HERMES-01,2026-07-13T04:02:02.683280
1079,4594,13/07/2026,23:12:12,2.560855167,-72.64810933,NUEVA UBICACION,0,0,HERMES-01,2026-07-13T04:13:10.434891
1080,4595,13/07/2026,23:23:32,2.561036167,-72.648284,NUEVA UBICACION,0,0,HERMES-01,2026-07-13T04:23:39.333113
1081,4749,,No disponible,2.5608715,-72.6481535,NUEVA UBICACION,0,0,HERMES-01,2026-07-14T04:40:08.289061
1082,4597,13/07/2026,23:44:04,2.560867,-72.648079,NUEVA UBICACION,0,0,HERMES-01,2026-07-13T04:44:11.105706
1083,4598,13/07/2026,23:54:19,2.560844833,-72.64816517,NUEVA UBICACION,0,0,HERMES-01,2026-07-13T04:54:26.194235
1084,4753,,No disponible,2.560816833,-72.648176,NUEVA UBICACION,0,0,HERMES-01,2026-07-14T05:01:27.014036
1085,4754,,No disponible,2.560839,-72.64815367,NUEVA UBICACION,0,0,HERMES-01,2026-07-14T05:06:49.493782
1086,4755,14/07/2026,00:12:00,2.5608335,-72.64814583,NUEVA UBICACION,0,0,HERMES-01,2026-07-14T05:12:08.717832
1087,4756,14/07/2026,00:17:20,2.560855,-72.64816267,NUEVA UBICACION,0,0,HERMES-01,2026-07-14T05:17:27.490154
1088,4757,14/07/2026,00:22:38,2.560857167,-72.64814667,NUEVA UBICACION,0,0,HERMES-01,2026-07-14T05:22:48.238655
1089,4758,14/07/2026,00:27:59,2.560870333,-72.64815867,NUEVA UBICACION,0,0,HERMES-01,2026-07-14T05:28:06.992591
1090,4759,14/07/2026,00:33:18,2.5608685,-72.648156,NUEVA UBICACION,0,0,HERMES-01,2026-07-14T05:33:26.305113
1091,4760,14/07/2026,00:38:38,2.560860167,-72.64815917,NUEVA UBICACION,0,0,HERMES-01,2026-07-14T05:38:45.704499
1092,4761,14/07/2026,00:43:57,2.560859833,-72.648166,NUEVA UBICACION,0,0,HERMES-01,2026-07-14T05:44:05.799849
1093,4762,14/07/2026,00:49:18,2.560877,-72.64816983,NUEVA UBICACION,0,0,HERMES-01,2026-07-14T05:49:26.278969
1094,4763,14/07/2026,00:54:48,2.560882833,-72.64816833,NUEVA UBICACION,0,0,HERMES-01,2026-07-14T05:54:56.526375
1095,4764,14/07/2026,01:00:08,2.560865333,-72.64816367,NUEVA UBICACION,0,0,HERMES-01,2026-07-14T06:00:16.774539
1096,4765,,No disponible,2.560881,-72.64816683,NUEVA UBICACION,0,0,HERMES-01,2026-07-14T06:05:36.369133
1097,4766,14/07/2026,01:10:47,2.5608475,-72.64811967,NUEVA UBICACION,0,0,HERMES-01,2026-07-14T06:10:58.108588
1098,4767,,No disponible,2.560854833,-72.64816933,NUEVA UBICACION,0,0,HERMES-01,2026-07-14T06:16:17.069367
1099,4768,,No disponible,2.560861667,-72.64814817,NUEVA UBICACION,0,0,HERMES-01,2026-07-14T06:21:37.080221
1100,4769,14/07/2026,01:26:50,2.560818667,-72.64814617,NUEVA UBICACION,0,0,HERMES-01,2026-07-14T06:26:57.378122
1101,4770,14/07/2026,01:32:10,2.5608545,-72.648146,NUEVA UBICACION,0,0,HERMES-01,2026-07-14T06:32:17.192640
1102,4771,14/07/2026,01:37:28,2.560851,-72.64815383,NUEVA UBICACION,0,0,HERMES-01,2026-07-14T06:37:42.345669
1103,4772,14/07/2026,01:42:53,2.5608745,-72.6481525,NUEVA UBICACION,0,0,HERMES-01,2026-07-14T06:43:01.129353
1104,4773,,No disponible,2.560865167,-72.6481595,NUEVA UBICACION,0,0,HERMES-01,2026-07-14T06:48:21.790502
1105,4774,,No disponible,2.560854,-72.64817017,NUEVA UBICACION,0,0,HERMES-01,2026-07-14T06:53:40.956201
1106,4775,,No disponible,2.5608645,-72.64816933,NUEVA UBICACION,0,0,HERMES-01,2026-07-14T06:59:00.357363
1107,4776,14/07/2026,02:04:11,2.560863833,-72.64816517,NUEVA UBICACION,0,0,HERMES-01,2026-07-14T07:04:20.408955
1108,4777,,No disponible,2.560864833,-72.6481675,NUEVA UBICACION,0,0,HERMES-01,2026-07-14T07:10:17.198881
1109,4778,14/07/2026,02:15:27,2.560842833,-72.648155,NUEVA UBICACION,0,0,HERMES-01,2026-07-14T07:15:35.250486
1110,4779,,No disponible,2.560827667,-72.64815467,NUEVA UBICACION,0,0,HERMES-01,2026-07-14T07:20:55.747125
1111,4780,14/07/2026,02:26:06,2.560884167,-72.6481385,NUEVA UBICACION,0,0,HERMES-01,2026-07-14T07:26:18.305980
1112,4781,14/07/2026,02:31:30,2.560877833,-72.6481365,NUEVA UBICACION,0,0,HERMES-01,2026-07-14T07:31:37.359802
1113,4782,,No disponible,2.5608745,-72.64814483,NUEVA UBICACION,0,0,HERMES-01,2026-07-14T07:36:56.224005
1114,4783,14/07/2026,02:42:08,2.560881333,-72.64815183,NUEVA UBICACION,0,0,HERMES-01,2026-07-14T07:42:17.156377
1115,4784,14/07/2026,02:47:29,2.560874,-72.648157,NUEVA UBICACION,0,0,HERMES-01,2026-07-14T07:47:37.704724
1116,4785,14/07/2026,02:52:49,2.560849833,-72.64815917,NUEVA UBICACION,0,0,HERMES-01,2026-07-14T07:52:57.208041
1117,4786,14/07/2026,02:58:07,2.560888167,-72.64815567,NUEVA UBICACION,0,0,HERMES-01,2026-07-14T07:58:13.946401
1118,4787,,No disponible,2.560870667,-72.64815417,NUEVA UBICACION,0,0,HERMES-01,2026-07-14T08:03:34.501461
1119,4788,14/07/2026,03:08:49,2.560860167,-72.64815067,NUEVA UBICACION,0,0,HERMES-01,2026-07-14T08:08:57.474871
1120,4789,14/07/2026,03:14:09,2.56086,-72.64814567,NUEVA UBICACION,0,0,HERMES-01,2026-07-14T08:14:17.165949
1121,4790,14/07/2026,03:19:29,2.560855667,-72.64814767,NUEVA UBICACION,0,0,HERMES-01,2026-07-14T08:19:35.576326
1122,4791,,No disponible,2.560853167,-72.64813533,NUEVA UBICACION,0,0,HERMES-01,2026-07-14T08:24:59.084466
1123,4792,14/07/2026,03:30:10,2.560861167,-72.64813567,NUEVA UBICACION,0,0,HERMES-01,2026-07-14T08:30:17.955602
1124,4793,14/07/2026,03:35:29,2.560852833,-72.64815667,NUEVA UBICACION,0,0,HERMES-01,2026-07-14T08:35:35.814790
1125,4794,14/07/2026,03:40:47,2.5608525,-72.64814883,NUEVA UBICACION,0,0,HERMES-01,2026-07-14T08:40:53.328889
1126,4795,14/07/2026,03:46:08,2.560872,-72.64816367,NUEVA UBICACION,0,0,HERMES-01,2026-07-14T08:46:15.950161
1127,4796,14/07/2026,03:51:27,2.560847,-72.64814517,NUEVA UBICACION,0,0,HERMES-01,2026-07-14T08:51:33.689323
1128,4797,14/07/2026,03:56:45,2.5608485,-72.64815883,NUEVA UBICACION,0,0,HERMES-01,2026-07-14T08:56:52.660302
1129,4798,14/07/2026,04:02:03,2.5608215,-72.64815333,NUEVA UBICACION,0,0,HERMES-01,2026-07-14T09:02:11.203380
1130,4799,14/07/2026,04:07:22,2.560841,-72.64815817,NUEVA UBICACION,0,0,HERMES-01,2026-07-14T09:07:29.556607
1131,4800,14/07/2026,04:12:41,2.560865167,-72.64816233,NUEVA UBICACION,0,0,HERMES-01,2026-07-14T09:12:50.162600
1132,4801,14/07/2026,04:18:01,2.560873,-72.64816933,NUEVA UBICACION,0,0,HERMES-01,2026-07-14T09:18:08.226728
1133,4802,14/07/2026,04:23:19,2.560859667,-72.64815217,NUEVA UBICACION,0,0,HERMES-01,2026-07-14T09:23:27.043196
1134,4803,,No disponible,2.5608765,-72.64815317,NUEVA UBICACION,0,0,HERMES-01,2026-07-14T09:28:46.540400
1135,4804,14/07/2026,04:34:01,2.560863333,-72.64815483,NUEVA UBICACION,0,0,HERMES-01,2026-07-14T09:34:09.016372
1136,4805,14/07/2026,04:39:21,2.5608535,-72.6481405,NUEVA UBICACION,0,0,HERMES-01,2026-07-14T09:39:48.816990
1137,4806,14/07/2026,04:45:00,2.560836167,-72.64814333,NUEVA UBICACION,0,0,HERMES-01,2026-07-14T09:45:07.954736
1138,4807,14/07/2026,04:50:34,2.560828833,-72.64815683,NUEVA UBICACION,0,0,HERMES-01,2026-07-14T09:50:45.261359
1139,4808,,No disponible,2.560870333,-72.64815167,NUEVA UBICACION,0,0,HERMES-01,2026-07-14T09:56:06.819518
1140,4809,14/07/2026,05:01:18,2.560852833,-72.64815117,NUEVA UBICACION,0,0,HERMES-01,2026-07-14T10:01:25.742692
1141,4810,14/07/2026,05:06:37,2.560903167,-72.6481635,NUEVA UBICACION,0,0,HERMES-01,2026-07-14T10:06:44.464669
1142,4811,,No disponible,2.560861167,-72.64816933,NUEVA UBICACION,0,0,HERMES-01,2026-07-14T10:12:04.107982
1143,4812,14/07/2026,05:17:16,2.560891,-72.64814483,NUEVA UBICACION,0,0,HERMES-01,2026-07-14T10:17:22.967082
1144,4813,14/07/2026,05:22:35,2.560873167,-72.64814833,NUEVA UBICACION,0,0,HERMES-01,2026-07-14T10:22:43.898356
1145,4814,14/07/2026,05:27:55,2.560861833,-72.64815567,NUEVA UBICACION,0,0,HERMES-01,2026-07-14T10:28:03.355958
1146,4815,14/07/2026,05:33:19,2.560864167,-72.64815783,NUEVA UBICACION,0,0,HERMES-01,2026-07-14T10:33:27.198978
1147,4816,,No disponible,2.560866167,-72.648152,NUEVA UBICACION,0,0,HERMES-01,2026-07-14T10:38:45.388390
1148,4817,14/07/2026,05:43:58,2.560846667,-72.64816617,NUEVA UBICACION,0,0,HERMES-01,2026-07-14T10:44:05.148286
1149,4818,14/07/2026,05:49:18,2.560861167,-72.64815017,NUEVA UBICACION,0,0,HERMES-01,2026-07-14T10:49:32.292313
1150,4819,14/07/2026,05:54:43,2.5608485,-72.648157,NUEVA UBICACION,0,0,HERMES-01,2026-07-14T10:54:55.002882
1151,4820,,No disponible,2.5608915,-72.6481425,NUEVA UBICACION,0,0,HERMES-01,2026-07-14T11:00:13.342992
1152,4821,14/07/2026,06:05:25,2.560860333,-72.6481495,NUEVA UBICACION,0,0,HERMES-01,2026-07-14T11:05:33.186482
1153,4822,,No disponible,2.560858,-72.648161,NUEVA UBICACION,0,0,HERMES-01,2026-07-14T11:10:49.662531
1154,4823,14/07/2026,06:16:04,2.560827,-72.64814417,NUEVA UBICACION,0,0,HERMES-01,2026-07-14T11:16:11.052285
1155,4861,14/07/2026,06:33:14,2.560943,-72.648168,REENVIO PENDIENTE,0,0,HERMES-01,2026-07-14T15:08:04.862407
1156,4861,14/07/2026,06:39:21,2.559044,-72.646526,REENVIO PENDIENTE,0,0,HERMES-01,2026-07-14T15:08:09.908748
1157,4861,14/07/2026,06:45:29,2.554177,-72.635738,REENVIO PENDIENTE,0,0,HERMES-01,2026-07-14T15:08:14.922169
1158,4861,14/07/2026,06:57:45,2.526908,-72.579452,REENVIO PENDIENTE,0,0,HERMES-01,2026-07-14T15:08:24.733530
1159,4861,14/07/2026,07:03:53,2.520923,-72.570918,REENVIO PENDIENTE,0,0,HERMES-01,2026-07-14T15:08:50.062930
1160,4861,14/07/2026,07:10:01,2.519521,-72.562026,REENVIO PENDIENTE,0,0,HERMES-01,2026-07-14T15:08:54.786386
1161,4861,14/07/2026,07:16:10,2.520549,-72.538305,REENVIO PENDIENTE,0,0,HERMES-01,2026-07-14T15:08:59.382317
1162,4861,14/07/2026,07:28:27,2.520779,-72.518546,REENVIO PENDIENTE,0,0,HERMES-01,2026-07-14T15:09:08.574720
1163,4861,14/07/2026,07:34:35,2.528437,-72.500293,REENVIO PENDIENTE,0,0,HERMES-01,2026-07-14T15:09:13.387121
1164,4861,14/07/2026,07:40:42,2.547954,-72.479443,REENVIO PENDIENTE,0,0,HERMES-01,2026-07-14T15:09:18.079323
1165,4861,14/07/2026,07:46:51,2.548406,-72.458856,REENVIO PENDIENTE,0,0,HERMES-01,2026-07-14T15:09:22.837207
1166,4861,14/07/2026,07:52:59,2.553526,-72.442007,REENVIO PENDIENTE,0,0,HERMES-01,2026-07-14T15:09:27.740860
1167,4861,14/07/2026,08:23:40,2.554323,-72.345958,REENVIO PENDIENTE,0,0,HERMES-01,2026-07-14T15:09:51.851817
1168,4861,14/07/2026,08:29:48,2.552844,-72.317735,REENVIO PENDIENTE,0,0,HERMES-01,2026-07-14T15:09:56.576263
1169,4861,14/07/2026,08:35:57,2.554922,-72.314576,REENVIO PENDIENTE,0,0,HERMES-01,2026-07-14T15:10:01.201394
1170,4861,14/07/2026,08:48:13,2.554929,-72.31456,REENVIO PENDIENTE,0,0,HERMES-01,2026-07-14T15:10:10.641685
1171,4861,14/07/2026,08:54:23,2.549707,-72.310466,REENVIO PENDIENTE,0,0,HERMES-01,2026-07-14T15:10:17.923976
1172,4861,14/07/2026,09:00:30,2.539077,-72.297691,REENVIO PENDIENTE,0,0,HERMES-01,2026-07-14T15:10:22.609258
1173,4861,14/07/2026,09:06:39,2.533076,-72.286905,REENVIO PENDIENTE,0,0,HERMES-01,2026-07-14T15:10:27.306605
1174,4861,14/07/2026,09:12:47,2.52224,-72.26658,REENVIO PENDIENTE,0,0,HERMES-01,2026-07-14T15:10:32.255828
1175,4861,14/07/2026,09:18:55,2.537152,-72.249887,REENVIO PENDIENTE,0,0,HERMES-01,2026-07-14T15:10:37.125391
1176,4861,14/07/2026,09:25:03,2.555917,-72.230883,REENVIO PENDIENTE,0,0,HERMES-01,2026-07-14T15:10:42.021605
1177,4861,14/07/2026,09:43:27,2.535675,-72.197464,REENVIO PENDIENTE,0,0,HERMES-01,2026-07-14T15:10:55.787858
1178,4861,14/07/2026,09:49:36,2.531139,-72.196802,REENVIO PENDIENTE,0,0,HERMES-01,2026-07-14T15:11:00.442256
1179,4861,14/07/2026,09:55:44,2.538461,-72.193787,REENVIO PENDIENTE,0,0,HERMES-01,2026-07-14T15:11:05.108096
1180,4861,,No disponible,2.522771,-72.617157,REENVIO PENDIENTE,0,0,HERMES-01,2026-07-14T15:08:19.723212
1181,4861,,No disponible,2.521217,-72.527917,REENVIO PENDIENTE,0,0,HERMES-01,2026-07-14T15:09:04.011465
1182,4861,,No disponible,2.549579,-72.423565,REENVIO PENDIENTE,0,0,HERMES-01,2026-07-14T15:09:32.663649
1183,4861,,No disponible,2.545257,-72.40428,REENVIO PENDIENTE,0,0,HERMES-01,2026-07-14T15:09:37.483576
1184,4861,,No disponible,2.536951,-72.386261,REENVIO PENDIENTE,0,0,HERMES-01,2026-07-14T15:09:42.211171
1185,4861,,No disponible,2.543316,-72.36777,REENVIO PENDIENTE,0,0,HERMES-01,2026-07-14T15:09:47.049033
1186,4861,,No disponible,2.554897,-72.314571,REENVIO PENDIENTE,0,0,HERMES-01,2026-07-14T15:10:05.813311
1187,4861,,No disponible,2.568556,-72.231125,REENVIO PENDIENTE,0,0,HERMES-01,2026-07-14T15:10:46.568683
1188,4861,,No disponible,2.575252,-72.221454,REENVIO PENDIENTE,0,0,HERMES-01,2026-07-14T15:10:51.140689
1189,4861,,No disponible,2.539948,-72.191599,REENVIO PENDIENTE,0,0,HERMES-01,2026-07-14T15:11:09.728950
1190,4861,14/07/2026,10:11:13,2.540051667,-72.1915035,NUEVA UBICACION,0,0,HERMES-01,2026-07-14T15:11:21.848721
1191,4862,14/07/2026,10:16:31,2.540006833,-72.19149017,NUEVA UBICACION,0,0,HERMES-01,2026-07-14T15:16:39.267682
1192,4863,14/07/2026,10:21:49,2.540023,-72.191512,NUEVA UBICACION,0,0,HERMES-01,2026-07-14T15:21:57.292669
1193,4864,14/07/2026,10:27:08,2.540010167,-72.19148817,NUEVA UBICACION,0,0,HERMES-01,2026-07-14T15:27:15.003383
1194,4865,14/07/2026,10:32:25,2.540017333,-72.19149717,NUEVA UBICACION,0,0,HERMES-01,2026-07-14T15:32:34.603131
1195,4866,14/07/2026,10:37:45,2.540009833,-72.19149983,NUEVA UBICACION,0,0,HERMES-01,2026-07-14T15:37:52.024242
1196,4867,14/07/2026,10:43:03,2.540018333,-72.19149583,NUEVA UBICACION,0,0,HERMES-01,2026-07-14T15:43:10.418385
1197,4868,14/07/2026,10:48:21,2.540024167,-72.191509,NUEVA UBICACION,0,0,HERMES-01,2026-07-14T15:48:29.118495
1198,4869,14/07/2026,10:53:39,2.540017667,-72.19150467,NUEVA UBICACION,0,0,HERMES-01,2026-07-14T15:53:46.853185
1199,4870,,No disponible,2.5400095,-72.19147283,NUEVA UBICACION,0,0,HERMES-01,2026-07-14T15:59:05.019004
1200,4871,14/07/2026,11:04:16,2.540008833,-72.19151633,NUEVA UBICACION,0,0,HERMES-01,2026-07-14T16:04:23.834663
1201,4872,,No disponible,2.539998,-72.1914745,NUEVA UBICACION,0,0,HERMES-01,2026-07-14T16:09:43.206195
1202,4873,14/07/2026,11:14:54,2.540025,-72.1914925,NUEVA UBICACION,0,0,HERMES-01,2026-07-14T16:15:01.285484
1203,4874,14/07/2026,11:20:11,2.5399925,-72.19148317,NUEVA UBICACION,0,0,HERMES-01,2026-07-14T16:20:18.852701
1204,4875,,No disponible,2.539986167,-72.191482,NUEVA UBICACION,0,0,HERMES-01,2026-07-14T16:25:37.376268
1205,4876,14/07/2026,11:30:48,2.540027667,-72.1915045,NUEVA UBICACION,0,0,HERMES-01,2026-07-14T16:30:56.933391
1206,4877,14/07/2026,11:36:08,2.53999,-72.19149233,NUEVA UBICACION,0,0,HERMES-01,2026-07-14T16:36:16.269219
1207,4878,14/07/2026,11:41:28,2.540005667,-72.191488,NUEVA UBICACION,0,0,HERMES-01,2026-07-14T16:41:35.788321
1208,4879,14/07/2026,11:46:46,2.540012667,-72.19147267,NUEVA UBICACION,0,0,HERMES-01,2026-07-14T16:46:53.993031
1209,4880,14/07/2026,11:52:04,2.5400465,-72.19149867,NUEVA UBICACION,0,0,HERMES-01,2026-07-14T16:52:12.463008
1210,4881,14/07/2026,11:57:22,2.540043833,-72.19149667,NUEVA UBICACION,0,0,HERMES-01,2026-07-14T16:57:30.379856
1211,4882,14/07/2026,12:02:42,2.540035333,-72.1915245,NUEVA UBICACION,0,0,HERMES-01,2026-07-14T17:02:48.799890
1212,4883,,No disponible,2.540032167,-72.19149483,NUEVA UBICACION,0,0,HERMES-01,2026-07-14T17:08:06.294039
1213,4884,14/07/2026,12:13:17,2.540025,-72.19149,NUEVA UBICACION,0,0,HERMES-01,2026-07-14T17:13:25.537264
1214,4885,14/07/2026,12:18:37,2.5400115,-72.191495,NUEVA UBICACION,0,0,HERMES-01,2026-07-14T17:18:45.753074
1215,4886,14/07/2026,12:23:57,2.540018833,-72.19152517,NUEVA UBICACION,0,0,HERMES-01,2026-07-14T17:24:04.037334
1216,4887,14/07/2026,12:29:15,2.540013333,-72.19149283,NUEVA UBICACION,0,0,HERMES-01,2026-07-14T17:29:21.680921
1217,4888,14/07/2026,12:34:32,2.540016,-72.19150883,NUEVA UBICACION,0,0,HERMES-01,2026-07-14T17:34:39.669081
1218,4889,14/07/2026,12:39:51,2.540064333,-72.1915095,NUEVA UBICACION,0,0,HERMES-01,2026-07-14T17:39:57.499835
1219,4890,14/07/2026,12:45:09,2.540047333,-72.19154383,NUEVA UBICACION,0,0,HERMES-01,2026-07-14T17:45:16.357898
1220,4891,14/07/2026,12:50:28,2.5399845,-72.19149617,NUEVA UBICACION,0,0,HERMES-01,2026-07-14T17:50:35.243821
1221,4892,14/07/2026,12:55:46,2.540034167,-72.191543,NUEVA UBICACION,0,0,HERMES-01,2026-07-14T17:55:52.678131
1222,4893,14/07/2026,13:01:04,2.539990333,-72.1914015,NUEVA UBICACION,0,0,HERMES-01,2026-07-14T18:01:11.538269
1223,4894,14/07/2026,13:06:23,2.540003667,-72.19151383,NUEVA UBICACION,0,0,HERMES-01,2026-07-14T18:06:29.632536
1224,4895,14/07/2026,13:11:42,2.540006167,-72.19150067,NUEVA UBICACION,0,0,HERMES-01,2026-07-14T18:11:48.919679
1225,4896,14/07/2026,13:17:00,2.540019333,-72.19151583,NUEVA UBICACION,0,0,HERMES-01,2026-07-14T18:17:07.485132
1226,4897,14/07/2026,13:22:18,2.5399825,-72.19150167,NUEVA UBICACION,0,0,HERMES-01,2026-07-14T18:22:26.505113
1227,4898,14/07/2026,13:27:38,2.540035833,-72.19150417,NUEVA UBICACION,0,0,HERMES-01,2026-07-14T18:27:45.003242
1228,4899,,No disponible,2.539994167,-72.19146533,NUEVA UBICACION,0,0,HERMES-01,2026-07-14T18:33:03.352918
1229,4900,,No disponible,2.539964,-72.19150217,NUEVA UBICACION,0,0,HERMES-01,2026-07-14T18:38:25.070018
1230,4901,14/07/2026,13:43:36,2.540020833,-72.19149383,NUEVA UBICACION,0,0,HERMES-01,2026-07-14T18:43:43.457931
1231,4902,14/07/2026,13:48:54,2.5400035,-72.19154533,NUEVA UBICACION,0,0,HERMES-01,2026-07-14T18:49:01.468669
1232,4903,14/07/2026,13:54:13,2.540023333,-72.19152683,NUEVA UBICACION,0,0,HERMES-01,2026-07-14T18:54:21.152706
1233,4904,,No disponible,2.5400135,-72.191528,NUEVA UBICACION,0,0,HERMES-01,2026-07-14T18:59:39.925303
1234,4905,14/07/2026,14:04:54,2.540055,-72.19151083,NUEVA UBICACION,0,0,HERMES-01,2026-07-14T19:05:01.920895
1235,4906,14/07/2026,14:10:13,2.5400015,-72.19149017,NUEVA UBICACION,0,0,HERMES-01,2026-07-14T19:10:20.999971
1236,4907,14/07/2026,14:15:33,2.5400065,-72.19149733,NUEVA UBICACION,0,0,HERMES-01,2026-07-14T19:15:44.493241
1237,4908,14/07/2026,14:20:55,2.53999,-72.1915015,NUEVA UBICACION,0,0,HERMES-01,2026-07-14T19:21:04.267801
1238,4909,,No disponible,2.539991667,-72.19148,NUEVA UBICACION,0,0,HERMES-01,2026-07-14T19:26:24.929805
1239,4910,14/07/2026,14:31:37,2.539975167,-72.19145633,NUEVA UBICACION,0,0,HERMES-01,2026-07-14T19:31:44.877113
1240,4911,14/07/2026,14:36:55,2.539947,-72.19144667,NUEVA UBICACION,0,0,HERMES-01,2026-07-14T19:37:03.696977
1241,4912,,No disponible,2.539956,-72.1914785,NUEVA UBICACION,0,0,HERMES-01,2026-07-14T19:42:22.895838
1242,4913,14/07/2026,14:47:34,2.539987833,-72.1914805,NUEVA UBICACION,0,0,HERMES-01,2026-07-14T19:47:41.319629
1243,4914,14/07/2026,14:53:04,2.539958667,-72.19147383,NUEVA UBICACION,0,0,HERMES-01,2026-07-14T19:53:11.445950
1244,4915,,No disponible,2.539971333,-72.19145683,NUEVA UBICACION,0,0,HERMES-01,2026-07-14T19:58:30.008247
1245,4916,,No disponible,2.539960667,-72.19151883,NUEVA UBICACION,0,0,HERMES-01,2026-07-14T20:03:48.977540
1246,4917,,No disponible,2.540009,-72.19149917,NUEVA UBICACION,0,0,HERMES-01,2026-07-14T20:09:10.598515
1247,4918,14/07/2026,15:14:22,2.540038333,-72.19152583,NUEVA UBICACION,0,0,HERMES-01,2026-07-14T20:14:29.399350
1248,4919,14/07/2026,15:19:41,2.5400325,-72.1915275,NUEVA UBICACION,0,0,HERMES-01,2026-07-14T20:19:48.885791
1249,4920,14/07/2026,15:25:00,2.5399575,-72.191456,NUEVA UBICACION,0,0,HERMES-01,2026-07-14T20:25:07.322666
1250,4921,14/07/2026,15:30:19,2.539985167,-72.19149483,NUEVA UBICACION,0,0,HERMES-01,2026-07-14T20:30:26.876295
1251,4922,14/07/2026,15:35:38,2.540018333,-72.1914835,NUEVA UBICACION,0,0,HERMES-01,2026-07-14T20:35:44.393490
1252,4923,14/07/2026,15:40:56,2.5399905,-72.19146733,NUEVA UBICACION,0,0,HERMES-01,2026-07-14T20:41:02.760987
1253,4924,14/07/2026,15:46:14,2.539995333,-72.19148067,NUEVA UBICACION,0,0,HERMES-01,2026-07-14T20:46:21.533935
1254,4925,14/07/2026,15:51:33,2.540021333,-72.19148033,NUEVA UBICACION,0,0,HERMES-01,2026-07-14T20:51:40.564257
1255,4926,14/07/2026,15:56:52,2.540063167,-72.19152,NUEVA UBICACION,0,0,HERMES-01,2026-07-14T20:56:58.988700
1256,4927,,No disponible,2.539969833,-72.19147833,NUEVA UBICACION,0,0,HERMES-01,2026-07-14T21:02:17.101502
1257,4928,14/07/2026,16:07:28,2.5400235,-72.19147367,NUEVA UBICACION,0,0,HERMES-01,2026-07-14T21:07:35.450460
1258,4929,14/07/2026,16:12:47,2.539962167,-72.19147933,NUEVA UBICACION,0,0,HERMES-01,2026-07-14T21:12:54.526217
1259,4930,14/07/2026,16:18:06,2.540067,-72.191514,NUEVA UBICACION,0,0,HERMES-01,2026-07-14T21:18:13.567226
1260,4931,14/07/2026,16:23:25,2.540004,-72.1914945,NUEVA UBICACION,0,0,HERMES-01,2026-07-14T21:23:32.473734
1261,4932,,No disponible,2.539947833,-72.19146583,NUEVA UBICACION,0,0,HERMES-01,2026-07-14T21:28:52.720167
1262,4933,14/07/2026,16:34:04,2.540002333,-72.19148683,NUEVA UBICACION,0,0,HERMES-01,2026-07-14T21:34:11.741830
1263,4934,14/07/2026,16:39:23,2.5400235,-72.19152317,NUEVA UBICACION,0,0,HERMES-01,2026-07-14T21:39:30.714017
1264,4935,14/07/2026,16:44:42,2.540018,-72.19150333,NUEVA UBICACION,0,0,HERMES-01,2026-07-14T21:44:48.984405
1265,4936,,No disponible,2.539996333,-72.191494,NUEVA UBICACION,0,0,HERMES-01,2026-07-14T21:50:08.013344
1266,4937,,No disponible,2.540015833,-72.19150533,NUEVA UBICACION,0,0,HERMES-01,2026-07-14T21:55:27.345380
1267,4938,14/07/2026,17:00:38,2.540020833,-72.191511,NUEVA UBICACION,0,0,HERMES-01,2026-07-14T22:00:45.806077
1268,4939,14/07/2026,17:05:57,2.539997,-72.19149717,NUEVA UBICACION,0,0,HERMES-01,2026-07-14T22:06:05.886523
1269,4940,14/07/2026,17:11:16,2.539999167,-72.19147983,NUEVA UBICACION,0,0,HERMES-01,2026-07-14T22:11:24.298299
1270,4941,14/07/2026,17:16:36,2.5399565,-72.19144817,NUEVA UBICACION,0,0,HERMES-01,2026-07-14T22:16:42.622192
1271,4942,14/07/2026,17:21:54,2.540014,-72.19149467,NUEVA UBICACION,0,0,HERMES-01,2026-07-14T22:22:00.567025
1272,4943,14/07/2026,17:27:12,2.540029,-72.191502,NUEVA UBICACION,0,0,HERMES-01,2026-07-14T22:27:18.610291
1273,4944,14/07/2026,17:32:30,2.540005833,-72.1914715,NUEVA UBICACION,0,0,HERMES-01,2026-07-14T22:32:37.142801
1274,4945,14/07/2026,17:37:48,2.540012,-72.1914875,NUEVA UBICACION,0,0,HERMES-01,2026-07-14T22:37:55.424219
1275,4946,14/07/2026,17:43:06,2.540008667,-72.19148683,NUEVA UBICACION,0,0,HERMES-01,2026-07-14T22:43:13.006722
1276,4947,14/07/2026,17:48:26,2.540018333,-72.19148667,NUEVA UBICACION,0,0,HERMES-01,2026-07-14T22:48:35.041353
1277,4948,14/07/2026,17:53:45,2.539989167,-72.1914605,NUEVA UBICACION,0,0,HERMES-01,2026-07-14T22:53:52.316233
1278,4949,,No disponible,2.540000833,-72.1914965,NUEVA UBICACION,0,0,HERMES-01,2026-07-14T22:59:09.909764
1279,4950,14/07/2026,18:04:20,2.5400235,-72.19150983,NUEVA UBICACION,0,0,HERMES-01,2026-07-14T23:04:27.787147
1280,4951,14/07/2026,18:09:38,2.540030667,-72.19149883,NUEVA UBICACION,0,0,HERMES-01,2026-07-14T23:09:45.766508
1281,4952,14/07/2026,18:14:56,2.539995,-72.1914715,NUEVA UBICACION,0,0,HERMES-01,2026-07-14T23:15:03.645656
1282,4999,14/07/2026,18:26:48,2.538477,-72.193974,REENVIO PENDIENTE,0,0,HERMES-01,2026-07-15T04:02:47.736250
1283,4999,14/07/2026,18:32:56,2.538423,-72.19411,REENVIO PENDIENTE,0,0,HERMES-01,2026-07-15T04:02:52.559279
1284,4999,14/07/2026,18:39:04,2.544404,-72.204295,REENVIO PENDIENTE,0,0,HERMES-01,2026-07-15T04:02:57.331368
1285,4999,14/07/2026,18:45:12,2.567468,-72.218551,REENVIO PENDIENTE,0,0,HERMES-01,2026-07-15T04:03:02.264056
1286,4999,14/07/2026,18:51:20,2.57041,-72.219675,REENVIO PENDIENTE,0,0,HERMES-01,2026-07-15T04:03:07.106589
1287,4999,14/07/2026,18:57:27,2.593363,-72.229072,REENVIO PENDIENTE,0,0,HERMES-01,2026-07-15T04:03:11.760463
1288,4713,14/07/2026,19:02:41,2.560811,-72.648203,REENVIO PENDIENTE,0,0,HERMES-01,2026-07-14T01:24:30.986112
1289,4713,14/07/2026,19:13:43,2.560798,-72.648197,REENVIO PENDIENTE,0,0,HERMES-01,2026-07-14T01:24:35.924397
1290,4713,14/07/2026,19:24:46,2.560863,-72.648389,REENVIO PENDIENTE,0,0,HERMES-01,2026-07-14T01:24:40.811075
1291,4713,14/07/2026,19:35:49,2.560829,-72.648215,REENVIO PENDIENTE,0,0,HERMES-01,2026-07-14T01:24:45.662944
1292,4713,14/07/2026,19:46:52,2.560847,-72.648347,REENVIO PENDIENTE,0,0,HERMES-01,2026-07-14T01:24:50.572205
1293,4713,14/07/2026,19:57:54,2.560849,-72.648088,REENVIO PENDIENTE,0,0,HERMES-01,2026-07-14T01:24:55.310761
1294,4713,14/07/2026,20:10:01,2.560889,-72.647991,REENVIO PENDIENTE,0,0,HERMES-01,2026-07-14T01:25:00.229976
1295,4713,14/07/2026,20:25:04,2.560830333,-72.64816883,NUEVA UBICACION,0,0,HERMES-01,2026-07-14T01:25:10.749562
1296,4714,14/07/2026,20:30:39,2.560855667,-72.64812067,NUEVA UBICACION,0,0,HERMES-01,2026-07-14T01:31:06.171190
1297,4715,14/07/2026,20:36:26,2.56083,-72.64813967,NUEVA UBICACION,0,0,HERMES-01,2026-07-14T01:36:33.141368
1298,4716,14/07/2026,20:41:45,2.560851167,-72.64816733,NUEVA UBICACION,0,0,HERMES-01,2026-07-14T01:41:52.171433
1299,4717,14/07/2026,20:47:04,2.560798167,-72.64814833,NUEVA UBICACION,0,0,HERMES-01,2026-07-14T01:47:11.039760
1300,4718,14/07/2026,20:52:24,2.560834333,-72.64815667,NUEVA UBICACION,0,0,HERMES-01,2026-07-14T01:52:31.034977
1301,4719,14/07/2026,20:57:43,2.5608465,-72.64815117,NUEVA UBICACION,0,0,HERMES-01,2026-07-14T01:57:50.781442
1302,4720,14/07/2026,21:03:02,2.560845833,-72.64816067,NUEVA UBICACION,0,0,HERMES-01,2026-07-14T02:03:08.653819
1303,4721,14/07/2026,21:08:22,2.560833167,-72.64814467,NUEVA UBICACION,0,0,HERMES-01,2026-07-14T02:08:30.051444
1304,4723,14/07/2026,21:14:07,2.560852,-72.648163,REENVIO PENDIENTE,0,0,HERMES-01,2026-07-14T02:19:50.840140
1305,4723,14/07/2026,21:19:54,2.560855833,-72.64815967,NUEVA UBICACION,0,0,HERMES-01,2026-07-14T02:20:02.559957
1306,4724,14/07/2026,21:25:26,2.560845,-72.6481545,NUEVA UBICACION,0,0,HERMES-01,2026-07-14T02:25:40.705745
1307,4725,14/07/2026,21:30:53,2.560872667,-72.64815167,NUEVA UBICACION,0,0,HERMES-01,2026-07-14T02:31:01.838227
1308,4726,14/07/2026,21:36:22,2.560858,-72.648167,NUEVA UBICACION,0,0,HERMES-01,2026-07-14T02:36:32.334311
1309,4727,14/07/2026,21:41:43,2.5608475,-72.64816,NUEVA UBICACION,0,0,HERMES-01,2026-07-14T02:41:50.710951
1310,4728,14/07/2026,21:47:01,2.560844667,-72.64814967,NUEVA UBICACION,0,0,HERMES-01,2026-07-14T02:47:08.713540
1311,4729,14/07/2026,21:52:20,2.560847167,-72.64815633,NUEVA UBICACION,0,0,HERMES-01,2026-07-14T02:52:47.604084
1312,4730,14/07/2026,21:58:23,2.560860167,-72.64816417,NUEVA UBICACION,0,0,HERMES-01,2026-07-14T02:58:45.082268
1313,4731,14/07/2026,22:03:55,2.560826333,-72.64815383,NUEVA UBICACION,0,0,HERMES-01,2026-07-14T03:04:02.441299
1314,4732,14/07/2026,22:09:34,2.560848667,-72.648162,NUEVA UBICACION,0,0,HERMES-01,2026-07-14T03:09:41.213486
1315,4733,14/07/2026,22:14:52,2.560892,-72.64816617,NUEVA UBICACION,0,0,HERMES-01,2026-07-14T03:14:58.708924
1316,4735,14/07/2026,22:25:29,2.560874167,-72.6481575,NUEVA UBICACION,0,0,HERMES-01,2026-07-14T03:25:36.457960
1317,4736,14/07/2026,22:30:48,2.560858667,-72.64815767,NUEVA UBICACION,0,0,HERMES-01,2026-07-14T03:30:54.684652
1318,4740,14/07/2026,22:51:58,2.560873833,-72.64815333,NUEVA UBICACION,0,0,HERMES-01,2026-07-14T03:52:05.148814
1319,4741,14/07/2026,22:57:15,2.560866833,-72.6481535,NUEVA UBICACION,0,0,HERMES-01,2026-07-14T03:57:21.930995
1320,4742,14/07/2026,23:02:46,2.560884333,-72.64819367,NUEVA UBICACION,0,0,HERMES-01,2026-07-14T04:02:53.481751
1321,4999,,No disponible,2.523179,-72.26066,REENVIO PENDIENTE,0,0,HERMES-01,2026-07-15T04:03:30.580190
1322,4999,,No disponible,2.536812,-72.2908,REENVIO PENDIENTE,0,0,HERMES-01,2026-07-15T04:03:40.157490
1323,4999,,No disponible,2.542173,-72.396064,REENVIO PENDIENTE,0,0,HERMES-01,2026-07-15T04:04:08.915007
1324,4999,,No disponible,2.551782,-72.470148,REENVIO PENDIENTE,0,0,HERMES-01,2026-07-15T04:04:37.571945
1325,4999,,No disponible,2.535601,-72.462075,REENVIO PENDIENTE,0,0,HERMES-01,2026-07-15T04:04:42.386879
1326,4999,,No disponible,2.51232,-72.4521,REENVIO PENDIENTE,0,0,HERMES-01,2026-07-15T04:04:51.649943
1327,4999,,No disponible,2.523787,-72.456171,REENVIO PENDIENTE,0,0,HERMES-01,2026-07-15T04:04:56.420654
1328,4999,,No disponible,2.483587,-72.524429,REENVIO PENDIENTE,0,0,HERMES-01,2026-07-15T04:05:34.983402
1329,4999,,No disponible,2.431993,-72.512331,REENVIO PENDIENTE,0,0,HERMES-01,2026-07-15T04:05:50.504041
1330,4743,14/07/2026,23:08:04,2.560866833,-72.64814133,NUEVA UBICACION,0,0,HERMES-01,2026-07-14T04:08:10.830887
1331,4744,14/07/2026,23:13:30,2.560824833,-72.64817467,NUEVA UBICACION,0,0,HERMES-01,2026-07-14T04:13:36.966675
1332,4745,14/07/2026,23:18:47,2.560836,-72.64813217,NUEVA UBICACION,0,0,HERMES-01,2026-07-14T04:18:55.176611
1333,4746,14/07/2026,23:24:06,2.560846833,-72.648153,NUEVA UBICACION,0,0,HERMES-01,2026-07-14T04:24:16.835458
1334,4747,14/07/2026,23:29:27,2.560855333,-72.64814283,NUEVA UBICACION,0,0,HERMES-01,2026-07-14T04:29:33.512808
1335,4748,14/07/2026,23:34:44,2.560872667,-72.64815967,NUEVA UBICACION,0,0,HERMES-01,2026-07-14T04:34:50.973296
1336,4750,14/07/2026,23:45:21,2.560843167,-72.64817017,NUEVA UBICACION,0,0,HERMES-01,2026-07-14T04:45:29.357509
1337,4751,14/07/2026,23:50:40,2.560838,-72.64817583,NUEVA UBICACION,0,0,HERMES-01,2026-07-14T04:50:47.298237
1338,4752,14/07/2026,23:56:00,2.560856167,-72.64817167,NUEVA UBICACION,0,0,HERMES-01,2026-07-14T04:56:07.702791
1339,5010,15/07/2026,00:04:55,2.392756,-72.548159,NUEVA UBICACION,0,0,HERMES-01,2026-07-15T05:05:01.832710
1340,5011,15/07/2026,00:10:13,2.392745167,-72.54819333,NUEVA UBICACION,0,0,HERMES-01,2026-07-15T05:10:20.557193
1341,5012,15/07/2026,00:15:32,2.3927375,-72.548165,NUEVA UBICACION,0,0,HERMES-01,2026-07-15T05:15:38.858359
1342,5013,15/07/2026,00:20:50,2.392734,-72.54816783,NUEVA UBICACION,0,0,HERMES-01,2026-07-15T05:20:59.450366
1343,5014,,No disponible,2.392741,-72.548156,NUEVA UBICACION,0,0,HERMES-01,2026-07-15T05:26:18.351334
1344,5015,15/07/2026,00:31:31,2.392737667,-72.5482085,NUEVA UBICACION,0,0,HERMES-01,2026-07-15T05:31:38.037258
1345,5016,15/07/2026,00:36:49,2.392737333,-72.54818917,NUEVA UBICACION,0,0,HERMES-01,2026-07-15T05:36:55.922421
1346,5017,,No disponible,2.392748833,-72.54814517,NUEVA UBICACION,0,0,HERMES-01,2026-07-15T05:42:14.100955
1347,5018,15/07/2026,00:47:25,2.392759833,-72.54817933,NUEVA UBICACION,0,0,HERMES-01,2026-07-15T05:47:32.761055
1348,5063,15/07/2026,00:59:18,2.39274,-72.548159,REENVIO PENDIENTE,0,0,HERMES-01,2026-07-15T10:22:55.533729
1349,5063,15/07/2026,01:05:26,2.39274,-72.548196,REENVIO PENDIENTE,0,0,HERMES-01,2026-07-15T10:23:00.201892
1350,5063,15/07/2026,01:11:33,2.392731,-72.548174,REENVIO PENDIENTE,0,0,HERMES-01,2026-07-15T10:23:05.004454
1351,5063,15/07/2026,01:17:41,2.392755,-72.548182,REENVIO PENDIENTE,0,0,HERMES-01,2026-07-15T10:23:09.778692
1352,5063,15/07/2026,01:29:56,2.39277,-72.548153,REENVIO PENDIENTE,0,0,HERMES-01,2026-07-15T10:23:19.321936
1353,5063,15/07/2026,01:36:04,2.39278,-72.548189,REENVIO PENDIENTE,0,0,HERMES-01,2026-07-15T10:23:24.031536
1354,5063,15/07/2026,01:48:19,2.392758,-72.548185,REENVIO PENDIENTE,0,0,HERMES-01,2026-07-15T10:23:33.583420
1355,5063,15/07/2026,01:54:27,2.392797,-72.548186,REENVIO PENDIENTE,0,0,HERMES-01,2026-07-15T10:23:38.341439
1356,5063,15/07/2026,02:00:35,2.392764,-72.548189,REENVIO PENDIENTE,0,0,HERMES-01,2026-07-15T10:23:43.535041
1357,5063,15/07/2026,02:06:43,2.392752,-72.548177,REENVIO PENDIENTE,0,0,HERMES-01,2026-07-15T10:23:48.404334
1358,5063,15/07/2026,02:12:51,2.392752,-72.548178,REENVIO PENDIENTE,0,0,HERMES-01,2026-07-15T10:23:53.173470
1359,5063,15/07/2026,02:25:06,2.392746,-72.548174,REENVIO PENDIENTE,0,0,HERMES-01,2026-07-15T10:24:03.857013
1360,5063,15/07/2026,02:31:14,2.392742,-72.548159,REENVIO PENDIENTE,0,0,HERMES-01,2026-07-15T10:24:08.883389
1361,5063,15/07/2026,02:37:22,2.39276,-72.548171,REENVIO PENDIENTE,0,0,HERMES-01,2026-07-15T10:24:13.667190
1362,5063,15/07/2026,02:43:30,2.392775,-72.54814,REENVIO PENDIENTE,0,0,HERMES-01,2026-07-15T10:24:18.449150
1363,5063,15/07/2026,02:49:37,2.392739,-72.548161,REENVIO PENDIENTE,0,0,HERMES-01,2026-07-15T10:24:23.160112
1364,5063,15/07/2026,02:55:45,2.392765,-72.548183,REENVIO PENDIENTE,0,0,HERMES-01,2026-07-15T10:24:27.766655
1365,5063,15/07/2026,03:01:53,2.392765,-72.548164,REENVIO PENDIENTE,0,0,HERMES-01,2026-07-15T10:24:32.541116
1366,5063,15/07/2026,03:08:01,2.392721,-72.5482,REENVIO PENDIENTE,0,0,HERMES-01,2026-07-15T10:24:37.206885
1367,5063,15/07/2026,03:14:09,2.392711,-72.548186,REENVIO PENDIENTE,0,0,HERMES-01,2026-07-15T10:24:41.856920
1368,5063,15/07/2026,03:20:17,2.39273,-72.548181,REENVIO PENDIENTE,0,0,HERMES-01,2026-07-15T10:24:46.463298
1369,5063,15/07/2026,03:26:25,2.392745,-72.54817,REENVIO PENDIENTE,0,0,HERMES-01,2026-07-15T10:24:51.102310
1370,5063,15/07/2026,03:32:33,2.392757,-72.548194,REENVIO PENDIENTE,0,0,HERMES-01,2026-07-15T10:24:55.855081
1371,5063,15/07/2026,03:38:41,2.39275,-72.548167,REENVIO PENDIENTE,0,0,HERMES-01,2026-07-15T10:25:00.622503
1372,5063,15/07/2026,04:03:12,2.392745,-72.548154,REENVIO PENDIENTE,0,0,HERMES-01,2026-07-15T10:25:19.396313
1373,5063,15/07/2026,04:09:19,2.392743,-72.548184,REENVIO PENDIENTE,0,0,HERMES-01,2026-07-15T10:25:24.323497
1374,5063,15/07/2026,04:15:27,2.392752,-72.54817,REENVIO PENDIENTE,0,0,HERMES-01,2026-07-15T10:25:29.163239
1375,5063,15/07/2026,04:21:35,2.392737,-72.548177,REENVIO PENDIENTE,0,0,HERMES-01,2026-07-15T10:25:33.907979
1376,5063,15/07/2026,04:27:43,2.392758,-72.548168,REENVIO PENDIENTE,0,0,HERMES-01,2026-07-15T10:25:38.668998
1377,5063,15/07/2026,04:33:51,2.392753,-72.548179,REENVIO PENDIENTE,0,0,HERMES-01,2026-07-15T10:25:43.303451
1378,5063,15/07/2026,04:39:59,2.392755,-72.548184,REENVIO PENDIENTE,0,0,HERMES-01,2026-07-15T10:25:47.985032
1379,5063,15/07/2026,04:46:06,2.392744,-72.548182,REENVIO PENDIENTE,0,0,HERMES-01,2026-07-15T10:25:52.751925
1380,5063,15/07/2026,04:52:14,2.392767,-72.548209,REENVIO PENDIENTE,0,0,HERMES-01,2026-07-15T10:25:57.349030
1381,5063,15/07/2026,04:58:22,2.392761,-72.548199,REENVIO PENDIENTE,0,0,HERMES-01,2026-07-15T10:26:02.006478
1382,5063,15/07/2026,05:04:30,2.392786,-72.548215,REENVIO PENDIENTE,0,0,HERMES-01,2026-07-15T10:26:06.657451
1383,5063,15/07/2026,05:10:38,2.392777,-72.548189,REENVIO PENDIENTE,0,0,HERMES-01,2026-07-15T10:26:11.209141
1384,5063,15/07/2026,05:16:46,2.392797,-72.548159,REENVIO PENDIENTE,0,0,HERMES-01,2026-07-15T10:26:15.795429
1385,5063,,No disponible,2.392709,-72.548175,REENVIO PENDIENTE,0,0,HERMES-01,2026-07-15T10:23:14.650156
1386,5063,,No disponible,2.392763,-72.548164,REENVIO PENDIENTE,0,0,HERMES-01,2026-07-15T10:23:28.741400
1387,5063,,No disponible,2.392751,-72.548208,REENVIO PENDIENTE,0,0,HERMES-01,2026-07-15T10:23:58.574757
1388,5063,,No disponible,2.392766,-72.548161,REENVIO PENDIENTE,0,0,HERMES-01,2026-07-15T10:25:05.293102
1389,5063,,No disponible,2.392745,-72.548147,REENVIO PENDIENTE,0,0,HERMES-01,2026-07-15T10:25:09.946118
1390,5063,,No disponible,2.392735,-72.548168,REENVIO PENDIENTE,0,0,HERMES-01,2026-07-15T10:25:14.523446
1391,5063,15/07/2026,05:26:20,2.392735333,-72.54817133,NUEVA UBICACION,0,0,HERMES-01,2026-07-15T10:26:26.485944
1392,5064,15/07/2026,05:31:36,2.392753833,-72.54819367,NUEVA UBICACION,0,0,HERMES-01,2026-07-15T10:31:43.695522
1393,5065,15/07/2026,05:36:55,2.392716167,-72.548222,NUEVA UBICACION,0,0,HERMES-01,2026-07-15T10:37:02.302078
1394,5066,15/07/2026,05:42:12,2.392734333,-72.54817267,NUEVA UBICACION,0,0,HERMES-01,2026-07-15T10:42:19.137940
1395,5067,15/07/2026,05:47:30,2.3927765,-72.54817333,NUEVA UBICACION,0,0,HERMES-01,2026-07-15T10:47:36.894199
1396,5068,,No disponible,2.392765333,-72.54815483,NUEVA UBICACION,0,0,HERMES-01,2026-07-15T10:52:53.971656
1397,5094,15/07/2026,06:04:39,2.392808,-72.548238,REENVIO PENDIENTE,0,0,HERMES-01,2026-07-15T13:31:32.460842
1398,5094,15/07/2026,06:29:10,2.412345,-72.556995,REENVIO PENDIENTE,0,0,HERMES-01,2026-07-15T13:31:52.339769
1399,5094,15/07/2026,06:35:18,2.403472,-72.566306,REENVIO PENDIENTE,0,0,HERMES-01,2026-07-15T13:31:56.987004
1400,5094,15/07/2026,06:41:26,2.403621,-72.566285,REENVIO PENDIENTE,0,0,HERMES-01,2026-07-15T13:32:01.629813
1401,5094,15/07/2026,06:47:34,2.411726,-72.556194,REENVIO PENDIENTE,0,0,HERMES-01,2026-07-15T13:32:06.331618
1402,5094,15/07/2026,06:53:42,2.411736,-72.537063,REENVIO PENDIENTE,0,0,HERMES-01,2026-07-15T13:32:11.019350
1403,5094,15/07/2026,07:05:58,2.404997,-72.526825,REENVIO PENDIENTE,0,0,HERMES-01,2026-07-15T13:32:20.812848
1404,5094,15/07/2026,07:12:06,2.400745,-72.5248,REENVIO PENDIENTE,0,0,HERMES-01,2026-07-15T13:32:25.665162
1405,5094,15/07/2026,07:24:22,2.373692,-72.490005,REENVIO PENDIENTE,0,0,HERMES-01,2026-07-15T13:32:35.503389
1406,5094,15/07/2026,07:30:31,2.354146,-72.466365,REENVIO PENDIENTE,0,0,HERMES-01,2026-07-15T13:32:41.209223
1407,5094,15/07/2026,07:36:39,2.342036,-72.457122,REENVIO PENDIENTE,0,0,HERMES-01,2026-07-15T13:32:45.952933
1408,5094,15/07/2026,07:42:46,2.351171,-72.446364,REENVIO PENDIENTE,0,0,HERMES-01,2026-07-15T13:32:50.761076
1409,5094,15/07/2026,07:48:54,2.341757,-72.434034,REENVIO PENDIENTE,0,0,HERMES-01,2026-07-15T13:32:55.478070
1410,5094,15/07/2026,08:01:10,2.349778,-72.425848,REENVIO PENDIENTE,0,0,HERMES-01,2026-07-15T13:33:05.155030
1411,5094,15/07/2026,08:13:25,2.340212,-72.435903,REENVIO PENDIENTE,0,0,HERMES-01,2026-07-15T13:33:15.711195
1412,5094,15/07/2026,08:19:34,2.340209,-72.435899,REENVIO PENDIENTE,0,0,HERMES-01,2026-07-15T13:33:21.467551
1413,5094,15/07/2026,08:25:42,2.340217,-72.435909,REENVIO PENDIENTE,0,0,HERMES-01,2026-07-15T13:33:27.169741
1414,5094,,No disponible,2.392818,-72.548217,REENVIO PENDIENTE,0,0,HERMES-01,2026-07-15T13:31:26.645075
1415,5094,,No disponible,2.392847,-72.547693,REENVIO PENDIENTE,0,0,HERMES-01,2026-07-15T13:31:37.727258
1416,5094,,No disponible,2.392856,-72.547887,REENVIO PENDIENTE,0,0,HERMES-01,2026-07-15T13:31:42.935533
1417,5094,,No disponible,2.396252,-72.541997,REENVIO PENDIENTE,0,0,HERMES-01,2026-07-15T13:31:47.637882
1418,5094,,No disponible,2.405124,-72.526913,REENVIO PENDIENTE,0,0,HERMES-01,2026-07-15T13:32:15.939547
1419,5094,,No disponible,2.379911,-72.510692,REENVIO PENDIENTE,0,0,HERMES-01,2026-07-15T13:32:30.626131
1420,5094,,No disponible,2.349772,-72.425859,REENVIO PENDIENTE,0,0,HERMES-01,2026-07-15T13:33:00.265885
1421,5094,,No disponible,2.349762,-72.425926,REENVIO PENDIENTE,0,0,HERMES-01,2026-07-15T13:33:09.924096
1422,5094,15/07/2026,08:33:30,2.340122833,-72.435718,NUEVA UBICACION,0,0,HERMES-01,2026-07-15T13:33:39.582612
1423,5095,15/07/2026,08:38:48,2.340098333,-72.43572433,NUEVA UBICACION,0,0,HERMES-01,2026-07-15T13:38:55.668050
1424,5135,15/07/2026,08:49:51,2.339886,-72.435671,REENVIO PENDIENTE,0,0,HERMES-01,2026-07-15T17:42:35.359348
1425,5135,15/07/2026,08:55:58,2.33994,-72.435808,REENVIO PENDIENTE,0,0,HERMES-01,2026-07-15T17:42:40.274203
1426,5135,15/07/2026,09:02:06,2.33959,-72.4364,REENVIO PENDIENTE,0,0,HERMES-01,2026-07-15T17:42:45.099358
1427,5135,15/07/2026,09:08:15,2.337263,-72.438955,REENVIO PENDIENTE,0,0,HERMES-01,2026-07-15T17:42:50.074329
1428,5135,15/07/2026,09:26:38,2.336464,-72.439866,REENVIO PENDIENTE,0,0,HERMES-01,2026-07-15T17:43:04.653099
1429,5135,15/07/2026,09:32:47,2.336426,-72.439856,REENVIO PENDIENTE,0,0,HERMES-01,2026-07-15T17:43:09.541421
1430,5135,15/07/2026,09:38:55,2.336489,-72.439915,REENVIO PENDIENTE,0,0,HERMES-01,2026-07-15T17:43:14.297085
1431,5135,15/07/2026,09:45:04,2.336461,-72.439924,REENVIO PENDIENTE,0,0,HERMES-01,2026-07-15T17:43:19.056110
1432,5135,15/07/2026,09:51:11,2.336476,-72.439887,REENVIO PENDIENTE,0,0,HERMES-01,2026-07-15T17:43:23.869959
1433,5135,15/07/2026,10:15:43,2.336451,-72.439891,REENVIO PENDIENTE,0,0,HERMES-01,2026-07-15T17:43:43.592827
1434,5135,15/07/2026,10:21:51,2.336462,-72.4399,REENVIO PENDIENTE,0,0,HERMES-01,2026-07-15T17:43:48.411465
1435,5135,15/07/2026,10:27:59,2.336483,-72.439888,REENVIO PENDIENTE,0,0,HERMES-01,2026-07-15T17:43:53.149550
1436,5135,15/07/2026,10:34:07,2.336476,-72.439899,REENVIO PENDIENTE,0,0,HERMES-01,2026-07-15T17:43:58.114259
1437,5135,15/07/2026,10:40:15,2.336476,-72.439882,REENVIO PENDIENTE,0,0,HERMES-01,2026-07-15T17:44:03.014626
1438,5135,15/07/2026,10:46:23,2.336458,-72.439909,REENVIO PENDIENTE,0,0,HERMES-01,2026-07-15T17:44:07.745470
1439,5135,15/07/2026,10:52:31,2.336491,-72.439901,REENVIO PENDIENTE,0,0,HERMES-01,2026-07-15T17:44:12.472886
1440,5135,15/07/2026,10:58:39,2.336471,-72.439912,REENVIO PENDIENTE,0,0,HERMES-01,2026-07-15T17:44:17.380001
1441,5135,15/07/2026,11:10:55,2.334609,-72.44232,REENVIO PENDIENTE,0,0,HERMES-01,2026-07-15T17:44:27.051671
1442,5135,15/07/2026,11:17:03,2.333432,-72.444421,REENVIO PENDIENTE,0,0,HERMES-01,2026-07-15T17:44:32.066218
1443,5135,15/07/2026,11:23:12,2.332066,-72.446954,REENVIO PENDIENTE,0,0,HERMES-01,2026-07-15T17:44:36.877331
1444,5135,15/07/2026,11:29:20,2.331168,-72.448602,REENVIO PENDIENTE,0,0,HERMES-01,2026-07-15T17:44:41.840669
1445,5135,15/07/2026,11:35:28,2.331181,-72.448597,REENVIO PENDIENTE,0,0,HERMES-01,2026-07-15T17:44:46.935132
1446,5135,15/07/2026,11:41:36,2.330378,-72.449939,REENVIO PENDIENTE,0,0,HERMES-01,2026-07-15T17:44:51.840903
1447,5135,15/07/2026,11:47:44,2.330233,-72.450094,REENVIO PENDIENTE,0,0,HERMES-01,2026-07-15T17:44:56.816280
1448,5135,15/07/2026,11:53:52,2.320597,-72.464636,REENVIO PENDIENTE,0,0,HERMES-01,2026-07-15T17:45:01.675604
1449,5135,15/07/2026,12:00:01,2.296597,-72.439221,REENVIO PENDIENTE,0,0,HERMES-01,2026-07-15T17:45:07.872324
1450,5135,15/07/2026,12:06:08,2.287284,-72.419403,REENVIO PENDIENTE,0,0,HERMES-01,2026-07-15T17:45:12.735522
1451,5135,15/07/2026,12:12:17,2.28181,-72.414253,REENVIO PENDIENTE,0,0,HERMES-01,2026-07-15T17:45:17.536825
1452,5135,15/07/2026,12:18:25,2.281746,-72.414154,REENVIO PENDIENTE,0,0,HERMES-01,2026-07-15T17:45:22.415262
1453,5135,15/07/2026,12:24:33,2.281729,-72.41414,REENVIO PENDIENTE,0,0,HERMES-01,2026-07-15T17:45:27.220428
1454,5135,15/07/2026,12:30:42,2.281593,-72.413887,REENVIO PENDIENTE,0,0,HERMES-01,2026-07-15T17:45:32.232139
1455,5135,15/07/2026,12:36:51,2.281666,-72.413981,REENVIO PENDIENTE,0,0,HERMES-01,2026-07-15T17:45:37.055379
1456,5135,,No disponible,2.336491,-72.439892,REENVIO PENDIENTE,0,0,HERMES-01,2026-07-15T17:42:54.870708
1457,5135,,No disponible,2.336473,-72.43991,REENVIO PENDIENTE,0,0,HERMES-01,2026-07-15T17:42:59.683347
1458,5135,,No disponible,2.336471,-72.43989,REENVIO PENDIENTE,0,0,HERMES-01,2026-07-15T17:43:28.648927
1459,5135,,No disponible,2.336475,-72.439934,REENVIO PENDIENTE,0,0,HERMES-01,2026-07-15T17:43:33.634749
1460,5135,,No disponible,2.336469,-72.439887,REENVIO PENDIENTE,0,0,HERMES-01,2026-07-15T17:43:38.458554
1461,5135,,No disponible,2.335641,-72.440959,REENVIO PENDIENTE,0,0,HERMES-01,2026-07-15T17:44:22.167059
1462,5135,15/07/2026,12:45:40,2.281671333,-72.4139705,NUEVA UBICACION,0,0,HERMES-01,2026-07-15T17:45:47.675516
1463,5136,,No disponible,2.281681333,-72.41394667,NUEVA UBICACION,0,0,HERMES-01,2026-07-15T17:51:04.974107
1464,5137,15/07/2026,12:56:16,2.281687667,-72.41396067,NUEVA UBICACION,0,0,HERMES-01,2026-07-15T17:56:23.763970
1465,5138,15/07/2026,13:01:36,2.2816665,-72.41398217,NUEVA UBICACION,0,0,HERMES-01,2026-07-15T18:01:43.520839
1466,5139,15/07/2026,13:06:56,2.281690833,-72.41395183,NUEVA UBICACION,0,0,HERMES-01,2026-07-15T18:07:03.000502
1467,5140,15/07/2026,13:12:14,2.281671333,-72.413948,NUEVA UBICACION,0,0,HERMES-01,2026-07-15T18:12:22.898362
1468,5141,15/07/2026,13:17:34,2.281650167,-72.41393717,NUEVA UBICACION,0,0,HERMES-01,2026-07-15T18:17:43.762814
1469,5142,15/07/2026,13:22:55,2.281675333,-72.41397383,NUEVA UBICACION,0,0,HERMES-01,2026-07-15T18:23:01.711608
1470,5143,,No disponible,2.28165,-72.413971,NUEVA UBICACION,0,0,HERMES-01,2026-07-15T18:28:20.519117
1471,5144,,No disponible,2.281680667,-72.41393117,NUEVA UBICACION,0,0,HERMES-01,2026-07-15T18:33:39.662820
1472,5145,15/07/2026,13:38:50,2.281653667,-72.41392783,NUEVA UBICACION,0,0,HERMES-01,2026-07-15T18:38:58.648175
1473,5146,15/07/2026,13:44:11,2.281664667,-72.41395833,NUEVA UBICACION,0,0,HERMES-01,2026-07-15T18:44:18.603780
1474,5147,15/07/2026,13:49:29,2.281673667,-72.413963,NUEVA UBICACION,0,0,HERMES-01,2026-07-15T18:49:36.544529
1475,5148,15/07/2026,13:54:48,2.2816655,-72.41394033,NUEVA UBICACION,0,0,HERMES-01,2026-07-15T18:54:55.386462
1476,5149,15/07/2026,14:00:07,2.281655,-72.41394583,NUEVA UBICACION,0,0,HERMES-01,2026-07-15T19:00:14.526449
1477,5150,15/07/2026,14:05:25,2.2817005,-72.4139655,NUEVA UBICACION,0,0,HERMES-01,2026-07-15T19:05:33.040050
1478,5151,15/07/2026,14:10:44,2.281683667,-72.41396517,NUEVA UBICACION,0,0,HERMES-01,2026-07-15T19:10:51.826654
1479,5152,15/07/2026,14:16:03,2.281693667,-72.41397117,NUEVA UBICACION,0,0,HERMES-01,2026-07-15T19:16:10.056519
1480,5153,,No disponible,2.281681,-72.41395933,NUEVA UBICACION,0,0,HERMES-01,2026-07-15T19:21:28.264503
1481,5154,,No disponible,2.281708667,-72.41397583,NUEVA UBICACION,0,0,HERMES-01,2026-07-15T19:26:47.173863
1482,5155,,No disponible,2.281693,-72.41397817,NUEVA UBICACION,0,0,HERMES-01,2026-07-15T19:32:04.909121
1483,5157,15/07/2026,14:37:42,2.281678,-72.413952,REENVIO PENDIENTE,0,0,HERMES-01,2026-07-15T19:43:26.040901
1484,5157,15/07/2026,14:43:30,2.281693,-72.413974,NUEVA UBICACION,0,0,HERMES-01,2026-07-15T19:43:37.375726
1485,5158,15/07/2026,14:48:48,2.28169,-72.4139615,NUEVA UBICACION,0,0,HERMES-01,2026-07-15T19:48:54.929054
1486,5159,15/07/2026,14:54:06,2.281710333,-72.413982,NUEVA UBICACION,0,0,HERMES-01,2026-07-15T19:54:12.857397
1487,5160,15/07/2026,14:59:25,2.281673333,-72.4139755,NUEVA UBICACION,0,0,HERMES-01,2026-07-15T19:59:33.168725
1488,5161,15/07/2026,15:04:45,2.28169,-72.4139695,NUEVA UBICACION,0,0,HERMES-01,2026-07-15T20:04:52.503065
1489,5162,15/07/2026,15:10:07,2.281653833,-72.41398383,NUEVA UBICACION,0,0,HERMES-01,2026-07-15T20:10:14.357418
1490,5163,15/07/2026,15:15:26,2.281682,-72.41396133,NUEVA UBICACION,0,0,HERMES-01,2026-07-15T20:15:33.063071
1491,5164,15/07/2026,15:20:43,2.281664667,-72.41393717,NUEVA UBICACION,0,0,HERMES-01,2026-07-15T20:20:52.337542
1492,5165,,No disponible,2.281685333,-72.4139615,NUEVA UBICACION,0,0,HERMES-01,2026-07-15T20:26:10.350326
1493,5166,15/07/2026,15:31:21,2.2816835,-72.41395717,NUEVA UBICACION,0,0,HERMES-01,2026-07-15T20:31:28.913585
1494,5167,15/07/2026,15:36:41,2.281689333,-72.4139505,NUEVA UBICACION,0,0,HERMES-01,2026-07-15T20:36:48.394557
1495,5168,15/07/2026,15:42:00,2.281662833,-72.41397683,NUEVA UBICACION,0,0,HERMES-01,2026-07-15T20:42:06.880997
1496,5169,,No disponible,2.281666,-72.41392633,NUEVA UBICACION,0,0,HERMES-01,2026-07-15T20:47:26.924416
1497,5170,15/07/2026,15:52:52,2.281665833,-72.41395033,NUEVA UBICACION,0,0,HERMES-01,2026-07-15T20:52:58.993249
1498,5171,15/07/2026,15:58:10,2.281642,-72.413955,NUEVA UBICACION,0,0,HERMES-01,2026-07-15T20:58:18.508425
1499,5172,,No disponible,2.281667,-72.41395083,NUEVA UBICACION,0,0,HERMES-01,2026-07-15T21:03:37.953511
1500,5173,15/07/2026,16:08:50,2.281675333,-72.4139565,NUEVA UBICACION,0,0,HERMES-01,2026-07-15T21:08:59.355660
1501,5174,15/07/2026,16:14:11,2.281645667,-72.41395167,NUEVA UBICACION,0,0,HERMES-01,2026-07-15T21:14:19.553774
1502,5175,15/07/2026,16:19:31,2.281649833,-72.413955,NUEVA UBICACION,0,0,HERMES-01,2026-07-15T21:19:39.446393
1503,5176,15/07/2026,16:24:51,2.281652,-72.41394383,NUEVA UBICACION,0,0,HERMES-01,2026-07-15T21:24:58.144846
1504,5177,15/07/2026,16:30:09,2.28164,-72.41396267,NUEVA UBICACION,0,0,HERMES-01,2026-07-15T21:30:16.785102
1505,5178,15/07/2026,16:35:28,2.281667833,-72.4139505,NUEVA UBICACION,0,0,HERMES-01,2026-07-15T21:35:34.784288
1506,5179,15/07/2026,16:40:46,2.281662333,-72.41392467,NUEVA UBICACION,0,0,HERMES-01,2026-07-15T21:40:53.099162
1507,5180,15/07/2026,16:46:05,2.281650167,-72.41395617,NUEVA UBICACION,0,0,HERMES-01,2026-07-15T21:46:11.947563
1508,5181,15/07/2026,16:51:24,2.281670667,-72.4139715,NUEVA UBICACION,0,0,HERMES-01,2026-07-15T21:51:32.201763
1509,5182,15/07/2026,16:56:44,2.281695833,-72.41396283,NUEVA UBICACION,0,0,HERMES-01,2026-07-15T21:56:50.909046
1510,5183,15/07/2026,17:02:02,2.281679,-72.4139745,NUEVA UBICACION,0,0,HERMES-01,2026-07-15T22:02:09.079813
1511,5184,,No disponible,2.281667167,-72.413978,NUEVA UBICACION,0,0,HERMES-01,2026-07-15T22:07:28.261270
1512,5185,15/07/2026,17:12:39,2.28169,-72.41397383,NUEVA UBICACION,0,0,HERMES-01,2026-07-15T22:12:47.018777
1513,5186,15/07/2026,17:18:00,2.2817,-72.41398717,NUEVA UBICACION,0,0,HERMES-01,2026-07-15T22:18:06.523285
1514,5187,15/07/2026,17:23:18,2.2816825,-72.41397483,NUEVA UBICACION,0,0,HERMES-01,2026-07-15T22:23:25.968858
1515,5188,15/07/2026,17:28:41,2.281699667,-72.41397683,NUEVA UBICACION,0,0,HERMES-01,2026-07-15T22:28:47.853400
1516,5189,15/07/2026,17:33:59,2.2816825,-72.4139775,NUEVA UBICACION,0,0,HERMES-01,2026-07-15T22:34:06.205741
1517,5190,15/07/2026,17:39:18,2.281673,-72.41396917,NUEVA UBICACION,0,0,HERMES-01,2026-07-15T22:39:25.862372
1518,5191,15/07/2026,17:44:39,2.281666333,-72.41402133,NUEVA UBICACION,0,0,HERMES-01,2026-07-15T22:44:47.000921
1519,5192,,No disponible,2.28165,-72.4139605,NUEVA UBICACION,0,0,HERMES-01,2026-07-15T22:50:04.029120
1520,5193,15/07/2026,17:55:14,2.281680333,-72.41399167,NUEVA UBICACION,0,0,HERMES-01,2026-07-15T22:55:22.052595
1521,5194,15/07/2026,18:00:34,2.281678,-72.4139685,NUEVA UBICACION,0,0,HERMES-01,2026-07-15T23:00:40.799499
1522,5195,15/07/2026,18:05:52,2.2817005,-72.413971,NUEVA UBICACION,0,0,HERMES-01,2026-07-15T23:06:01.359813
1523,5196,15/07/2026,18:11:12,2.281676333,-72.41395533,NUEVA UBICACION,0,0,HERMES-01,2026-07-15T23:11:18.938909
1524,5197,15/07/2026,18:16:30,2.281684,-72.41396783,NUEVA UBICACION,0,0,HERMES-01,2026-07-15T23:16:37.642141
1525,5198,15/07/2026,18:21:49,2.281686333,-72.41397033,NUEVA UBICACION,0,0,HERMES-01,2026-07-15T23:21:56.659300
1526,5199,15/07/2026,18:27:08,2.28172,-72.413935,NUEVA UBICACION,0,0,HERMES-01,2026-07-15T23:27:15.312053
1527,5200,15/07/2026,18:32:27,2.281672833,-72.41395417,NUEVA UBICACION,0,0,HERMES-01,2026-07-15T23:32:33.429528
1528,5201,15/07/2026,18:37:49,2.2816785,-72.41393883,NUEVA UBICACION,0,0,HERMES-01,2026-07-15T23:37:57.465736
1529,5202,15/07/2026,18:43:08,2.28168,-72.41395767,NUEVA UBICACION,0,0,HERMES-01,2026-07-15T23:43:15.504870
1530,5203,,No disponible,2.281666167,-72.41394717,NUEVA UBICACION,0,0,HERMES-01,2026-07-15T23:48:34.562638
1531,5204,15/07/2026,18:53:46,2.281659167,-72.41395617,NUEVA UBICACION,0,0,HERMES-01,2026-07-15T23:53:53.099497
1532,5205,15/07/2026,18:59:04,2.281677833,-72.41396733,NUEVA UBICACION,0,0,HERMES-01,2026-07-15T23:59:11.718556
1533,4999,15/07/2026,19:03:35,2.571258,-72.230592,REENVIO PENDIENTE,0,0,HERMES-01,2026-07-15T04:03:16.434100
1534,5206,,No disponible,2.281676833,-72.4139695,NUEVA UBICACION,0,0,HERMES-01,2026-07-16T00:04:28.982175
1535,4999,15/07/2026,19:09:43,2.550803,-72.238005,REENVIO PENDIENTE,0,0,HERMES-01,2026-07-15T04:03:21.197372
1536,4999,15/07/2026,19:15:52,2.53577,-72.251059,REENVIO PENDIENTE,0,0,HERMES-01,2026-07-15T04:03:25.869371
1537,4999,15/07/2026,19:28:07,2.524489,-72.275456,REENVIO PENDIENTE,0,0,HERMES-01,2026-07-15T04:03:35.353759
1538,4999,15/07/2026,19:40:23,2.543583,-72.305362,REENVIO PENDIENTE,0,0,HERMES-01,2026-07-15T04:03:45.004376
1539,4999,15/07/2026,19:46:31,2.553582,-72.322139,REENVIO PENDIENTE,0,0,HERMES-01,2026-07-15T04:03:49.783221
1540,4999,15/07/2026,19:52:39,2.554315,-72.345916,REENVIO PENDIENTE,0,0,HERMES-01,2026-07-15T04:03:54.663406
1541,5216,,No disponible,2.281638167,-72.4139705,NUEVA UBICACION,0,0,HERMES-01,2026-07-16T00:57:42.693796
1542,4999,15/07/2026,19:58:47,2.549806,-72.359111,REENVIO PENDIENTE,0,0,HERMES-01,2026-07-15T04:03:59.421387
1543,4999,15/07/2026,20:04:55,2.538946,-72.376055,REENVIO PENDIENTE,0,0,HERMES-01,2026-07-15T04:04:04.158151
1544,5218,,No disponible,2.281655833,-72.41398433,NUEVA UBICACION,0,0,HERMES-01,2026-07-16T01:08:21.423874
1545,4999,15/07/2026,20:17:11,2.54528,-72.412706,REENVIO PENDIENTE,0,0,HERMES-01,2026-07-15T04:04:13.740614
1546,4999,15/07/2026,20:23:19,2.550194,-72.429921,REENVIO PENDIENTE,0,0,HERMES-01,2026-07-15T04:04:18.592490
1547,4999,15/07/2026,20:29:27,2.552876,-72.436087,REENVIO PENDIENTE,0,0,HERMES-01,2026-07-15T04:04:23.228404
1548,5222,,No disponible,2.281667333,-72.4139625,NUEVA UBICACION,0,0,HERMES-01,2026-07-16T01:29:38.483825
1549,4999,15/07/2026,20:35:35,2.55487,-72.444215,REENVIO PENDIENTE,0,0,HERMES-01,2026-07-15T04:04:27.995926
1550,5224,,No disponible,2.281675333,-72.41398,NUEVA UBICACION,0,0,HERMES-01,2026-07-16T01:40:14.236859
1551,4999,15/07/2026,20:41:43,2.548277,-72.458682,REENVIO PENDIENTE,0,0,HERMES-01,2026-07-15T04:04:32.692048
1552,4999,15/07/2026,21:00:07,2.517404,-72.4535,REENVIO PENDIENTE,0,0,HERMES-01,2026-07-15T04:04:46.890079
1553,4999,15/07/2026,21:18:31,2.542423,-72.465825,REENVIO PENDIENTE,0,0,HERMES-01,2026-07-15T04:05:01.238800
1554,4999,15/07/2026,21:24:39,2.547789,-72.47971,REENVIO PENDIENTE,0,0,HERMES-01,2026-07-15T04:05:05.988513
1555,4999,15/07/2026,21:30:47,2.532397,-72.493998,REENVIO PENDIENTE,0,0,HERMES-01,2026-07-15T04:05:10.757036
1556,4999,15/07/2026,21:36:55,2.523342,-72.510025,REENVIO PENDIENTE,0,0,HERMES-01,2026-07-15T04:05:15.626237
1557,4999,15/07/2026,21:43:03,2.521664,-72.526586,REENVIO PENDIENTE,0,0,HERMES-01,2026-07-15T04:05:20.407133
1558,5236,,No disponible,2.281620333,-72.41396467,NUEVA UBICACION,0,0,HERMES-01,2026-07-16T02:44:09.486800
1559,4999,15/07/2026,21:49:10,2.517486,-72.545145,REENVIO PENDIENTE,0,0,HERMES-01,2026-07-15T04:05:25.142798
1560,5238,,No disponible,2.281672333,-72.41399817,NUEVA UBICACION,0,0,HERMES-01,2026-07-16T02:54:50.868133
1561,4999,15/07/2026,21:55:18,2.497677,-72.542196,REENVIO PENDIENTE,0,0,HERMES-01,2026-07-15T04:05:30.167227
1562,4999,15/07/2026,22:07:34,2.468536,-72.512243,REENVIO PENDIENTE,0,0,HERMES-01,2026-07-15T04:05:39.913626
1563,4999,15/07/2026,22:13:42,2.448631,-72.507532,REENVIO PENDIENTE,0,0,HERMES-01,2026-07-15T04:05:45.853147
1564,4999,15/07/2026,22:25:57,2.414467,-72.516576,REENVIO PENDIENTE,0,0,HERMES-01,2026-07-15T04:05:57.408226
1565,5244,,No disponible,2.281689833,-72.41399183,NUEVA UBICACION,0,0,HERMES-01,2026-07-16T03:26:50.462724
1566,4999,15/07/2026,22:32:05,2.406521,-72.527707,REENVIO PENDIENTE,0,0,HERMES-01,2026-07-15T04:06:02.207704
1567,4999,15/07/2026,22:38:13,2.406308,-72.543935,REENVIO PENDIENTE,0,0,HERMES-01,2026-07-15T04:06:07.050162
1568,4999,15/07/2026,22:44:21,2.392544,-72.543347,REENVIO PENDIENTE,0,0,HERMES-01,2026-07-15T04:06:12.021724
1569,5248,,No disponible,2.281598167,-72.41395133,NUEVA UBICACION,0,0,HERMES-01,2026-07-16T03:48:10.203690
1570,4999,15/07/2026,22:50:29,2.392802,-72.548248,REENVIO PENDIENTE,0,0,HERMES-01,2026-07-15T04:06:16.764231
1571,5249,,No disponible,2.281643667,-72.41397633,NUEVA UBICACION,0,0,HERMES-01,2026-07-16T03:53:30.683567
1572,4999,15/07/2026,22:56:37,2.392773,-72.548244,REENVIO PENDIENTE,0,0,HERMES-01,2026-07-15T04:06:21.687257
1573,4999,15/07/2026,23:06:25,2.392744833,-72.5481745,NUEVA UBICACION,0,0,HERMES-01,2026-07-15T04:06:32.177762
1574,5000,15/07/2026,23:11:42,2.392734833,-72.5481885,NUEVA UBICACION,0,0,HERMES-01,2026-07-15T04:11:50.574690
1575,5001,15/07/2026,23:17:02,2.392754667,-72.54816667,NUEVA UBICACION,0,0,HERMES-01,2026-07-15T04:17:10.415586
1576,5002,15/07/2026,23:22:22,2.392757667,-72.54818383,NUEVA UBICACION,0,0,HERMES-01,2026-07-15T04:22:29.621500
1577,5003,15/07/2026,23:27:41,2.3926945,-72.54816667,NUEVA UBICACION,0,0,HERMES-01,2026-07-15T04:27:48.720808
1578,5004,15/07/2026,23:33:00,2.392744,-72.5481855,NUEVA UBICACION,0,0,HERMES-01,2026-07-15T04:33:06.506151
1579,5005,15/07/2026,23:38:18,2.392742833,-72.54815967,NUEVA UBICACION,0,0,HERMES-01,2026-07-15T04:38:27.763980
1580,5006,15/07/2026,23:43:39,2.392754167,-72.5482065,NUEVA UBICACION,0,0,HERMES-01,2026-07-15T04:43:46.867008
1581,5007,15/07/2026,23:48:58,2.392743,-72.54818033,NUEVA UBICACION,0,0,HERMES-01,2026-07-15T04:49:05.662471
1582,5008,15/07/2026,23:54:18,2.392750667,-72.54817783,NUEVA UBICACION,0,0,HERMES-01,2026-07-15T04:54:24.409862
1583,5009,15/07/2026,23:59:35,2.392745167,-72.548201,NUEVA UBICACION,0,0,HERMES-01,2026-07-15T04:59:42.734763
1584,5272,16/07/2026,00:12:41,2.281664,-72.413948,REENVIO PENDIENTE,0,0,HERMES-01,2026-07-16T06:14:55.466764
1585,5272,16/07/2026,00:24:56,2.281659,-72.41394,REENVIO PENDIENTE,0,0,HERMES-01,2026-07-16T06:15:05.274285
1586,5272,16/07/2026,00:31:04,2.281665,-72.413955,REENVIO PENDIENTE,0,0,HERMES-01,2026-07-16T06:15:10.032236
1587,5272,16/07/2026,00:43:19,2.281676,-72.413958,REENVIO PENDIENTE,0,0,HERMES-01,2026-07-16T06:15:19.762765
1588,5272,16/07/2026,00:49:27,2.281644,-72.413947,REENVIO PENDIENTE,0,0,HERMES-01,2026-07-16T06:15:24.595918
1589,5272,16/07/2026,00:55:35,2.281668,-72.413961,REENVIO PENDIENTE,0,0,HERMES-01,2026-07-16T06:15:29.382203
1590,5272,16/07/2026,01:01:43,2.281633,-72.413942,REENVIO PENDIENTE,0,0,HERMES-01,2026-07-16T06:15:34.445730
1591,5272,16/07/2026,01:07:50,2.281638,-72.413948,REENVIO PENDIENTE,0,0,HERMES-01,2026-07-16T06:15:39.222333
1592,5272,,No disponible,2.281678,-72.413965,REENVIO PENDIENTE,0,0,HERMES-01,2026-07-16T06:14:41.315252
1593,5272,,No disponible,2.281665,-72.413983,REENVIO PENDIENTE,0,0,HERMES-01,2026-07-16T06:14:46.169964
1594,5272,,No disponible,2.281691,-72.413952,REENVIO PENDIENTE,0,0,HERMES-01,2026-07-16T06:14:50.860304
1595,5272,,No disponible,2.281658,-72.413952,REENVIO PENDIENTE,0,0,HERMES-01,2026-07-16T06:15:00.249529
1596,5272,,No disponible,2.281672,-72.413957,REENVIO PENDIENTE,0,0,HERMES-01,2026-07-16T06:15:14.864994
1597,5272,16/07/2026,01:15:43,2.281608,-72.41392033,NUEVA UBICACION,0,0,HERMES-01,2026-07-16T06:15:49.721420
1598,5273,16/07/2026,01:20:58,2.2816315,-72.41394067,NUEVA UBICACION,0,0,HERMES-01,2026-07-16T06:21:06.591391
1599,5274,16/07/2026,01:26:17,2.281687167,-72.41396933,NUEVA UBICACION,0,0,HERMES-01,2026-07-16T06:26:24.424276
1600,5275,16/07/2026,01:31:35,2.281611,-72.41394083,NUEVA UBICACION,0,0,HERMES-01,2026-07-16T06:31:42.322215
1601,5276,16/07/2026,01:36:54,2.2816155,-72.41394733,NUEVA UBICACION,0,0,HERMES-01,2026-07-16T06:37:01.732423
1602,5277,,No disponible,2.281648667,-72.41393783,NUEVA UBICACION,0,0,HERMES-01,2026-07-16T06:42:20.651664
1603,5278,,No disponible,2.281673,-72.413959,NUEVA UBICACION,0,0,HERMES-01,2026-07-16T06:47:38.963973
1604,5279,,No disponible,2.281689167,-72.41396233,NUEVA UBICACION,0,0,HERMES-01,2026-07-16T06:52:57.906144
1605,5280,16/07/2026,01:58:09,2.281654,-72.41397267,NUEVA UBICACION,0,0,HERMES-01,2026-07-16T06:58:16.478525
1606,5281,16/07/2026,02:03:27,2.281672,-72.413974,NUEVA UBICACION,0,0,HERMES-01,2026-07-16T07:03:34.518297
1607,5282,16/07/2026,02:08:45,2.281690667,-72.41397283,NUEVA UBICACION,0,0,HERMES-01,2026-07-16T07:08:52.895578
1608,5283,,No disponible,2.2816485,-72.413959,NUEVA UBICACION,0,0,HERMES-01,2026-07-16T07:14:10.270634
1609,5284,16/07/2026,02:19:22,2.281670333,-72.4139265,NUEVA UBICACION,0,0,HERMES-01,2026-07-16T07:19:28.730404
1610,5285,16/07/2026,02:24:40,2.2816615,-72.41394433,NUEVA UBICACION,0,0,HERMES-01,2026-07-16T07:24:47.401431
1611,5286,16/07/2026,02:29:58,2.281644,-72.4139435,NUEVA UBICACION,0,0,HERMES-01,2026-07-16T07:30:06.870200
1612,5287,16/07/2026,02:35:18,2.281711167,-72.41397833,NUEVA UBICACION,0,0,HERMES-01,2026-07-16T07:35:27.113518
1613,5288,,No disponible,2.281699167,-72.41395417,NUEVA UBICACION,0,0,HERMES-01,2026-07-16T07:40:44.401402
1614,5289,16/07/2026,02:45:55,2.281689333,-72.41395533,NUEVA UBICACION,0,0,HERMES-01,2026-07-16T07:46:01.890097
1615,5290,16/07/2026,02:51:13,2.281688,-72.413958,NUEVA UBICACION,0,0,HERMES-01,2026-07-16T07:51:19.876468
1616,5291,16/07/2026,02:56:31,2.281675833,-72.413966,NUEVA UBICACION,0,0,HERMES-01,2026-07-16T07:56:38.090281
1617,5292,16/07/2026,03:01:49,2.2816565,-72.41396283,NUEVA UBICACION,0,0,HERMES-01,2026-07-16T08:01:56.292685
1618,5293,16/07/2026,03:07:08,2.281668833,-72.41396683,NUEVA UBICACION,0,0,HERMES-01,2026-07-16T08:07:15.375042
1619,5294,,No disponible,2.281664333,-72.41396233,NUEVA UBICACION,0,0,HERMES-01,2026-07-16T08:12:33.532580
1620,5295,,No disponible,2.281656167,-72.41395883,NUEVA UBICACION,0,0,HERMES-01,2026-07-16T08:17:51.131129
1621,5296,16/07/2026,03:23:02,2.281652,-72.41394967,NUEVA UBICACION,0,0,HERMES-01,2026-07-16T08:23:08.596599
1622,5297,16/07/2026,03:28:19,2.281662167,-72.41395667,NUEVA UBICACION,0,0,HERMES-01,2026-07-16T08:28:26.144935
1623,5298,,No disponible,2.281650167,-72.41395567,NUEVA UBICACION,0,0,HERMES-01,2026-07-16T08:33:43.781690
1624,5299,16/07/2026,03:38:54,2.281667833,-72.41396567,NUEVA UBICACION,0,0,HERMES-01,2026-07-16T08:39:01.674489
1625,5300,16/07/2026,03:44:14,2.281687333,-72.41396717,NUEVA UBICACION,0,0,HERMES-01,2026-07-16T08:44:21.829464
1626,5301,16/07/2026,03:49:33,2.28165,-72.41397233,NUEVA UBICACION,0,0,HERMES-01,2026-07-16T08:49:40.058841
1627,5302,16/07/2026,03:54:52,2.281655667,-72.41397583,NUEVA UBICACION,0,0,HERMES-01,2026-07-16T08:54:58.616039
1628,5303,16/07/2026,04:00:10,2.281656667,-72.41394267,NUEVA UBICACION,0,0,HERMES-01,2026-07-16T09:00:16.708988
1629,5304,,No disponible,2.2816575,-72.41397083,NUEVA UBICACION,0,0,HERMES-01,2026-07-16T09:05:35.411982
1630,5305,16/07/2026,04:10:47,2.281640833,-72.413909,NUEVA UBICACION,0,0,HERMES-01,2026-07-16T09:10:53.339213
1631,5306,16/07/2026,04:16:05,2.281676833,-72.41401517,NUEVA UBICACION,0,0,HERMES-01,2026-07-16T09:16:11.548210
1632,5307,16/07/2026,04:21:24,2.281667333,-72.41395367,NUEVA UBICACION,0,0,HERMES-01,2026-07-16T09:21:31.776570
1633,5308,,No disponible,2.281680167,-72.41398883,NUEVA UBICACION,0,0,HERMES-01,2026-07-16T09:26:49.562122
1634,5309,,No disponible,2.281650833,-72.41397583,NUEVA UBICACION,0,0,HERMES-01,2026-07-16T09:32:07.935253
1635,5310,,No disponible,2.281673167,-72.41397267,NUEVA UBICACION,0,0,HERMES-01,2026-07-16T09:37:25.755040
1636,5311,,No disponible,2.2816505,-72.413941,NUEVA UBICACION,0,0,HERMES-01,2026-07-16T09:42:46.562205
1637,5312,16/07/2026,04:47:57,2.281653333,-72.4139505,NUEVA UBICACION,0,0,HERMES-01,2026-07-16T09:48:04.533475
1638,5313,16/07/2026,04:53:17,2.281655333,-72.41394483,NUEVA UBICACION,0,0,HERMES-01,2026-07-16T09:53:24.479318
1639,5314,16/07/2026,04:58:36,2.281683167,-72.413931,NUEVA UBICACION,0,0,HERMES-01,2026-07-16T09:58:42.981455
1640,5315,16/07/2026,05:03:54,2.281707833,-72.41396083,NUEVA UBICACION,0,0,HERMES-01,2026-07-16T10:04:03.798396
1641,5316,16/07/2026,05:09:16,2.281659167,-72.4139835,NUEVA UBICACION,0,0,HERMES-01,2026-07-16T10:09:23.257256
1642,5317,16/07/2026,05:14:34,2.281665833,-72.4139705,NUEVA UBICACION,0,0,HERMES-01,2026-07-16T10:14:41.393901
1643,5318,16/07/2026,05:19:54,2.281663833,-72.41396867,NUEVA UBICACION,0,0,HERMES-01,2026-07-16T10:20:02.639554
1644,5322,16/07/2026,05:43:35,2.281668333,-72.41395433,NUEVA UBICACION,0,0,HERMES-01,2026-07-16T10:43:42.477197
1645,5323,16/07/2026,05:48:52,2.281679167,-72.41397033,NUEVA UBICACION,0,0,HERMES-01,2026-07-16T10:48:59.832543
1646,5324,,No disponible,2.281694,-72.41395467,NUEVA UBICACION,0,0,HERMES-01,2026-07-16T10:54:19.410329
1647,5325,16/07/2026,05:59:30,2.281712167,-72.413974,NUEVA UBICACION,0,0,HERMES-01,2026-07-16T10:59:36.962370
1648,5326,16/07/2026,06:04:50,2.281697667,-72.41397983,NUEVA UBICACION,0,0,HERMES-01,2026-07-16T11:04:57.228667
1649,5327,16/07/2026,06:10:08,2.281677333,-72.413975,NUEVA UBICACION,0,0,HERMES-01,2026-07-16T11:10:15.809643
1650,5328,16/07/2026,06:15:27,2.281649833,-72.41395783,NUEVA UBICACION,0,0,HERMES-01,2026-07-16T11:15:35.032825
1651,5329,,No disponible,2.281665333,-72.41396917,NUEVA UBICACION,0,0,HERMES-01,2026-07-16T11:20:52.808125
1652,5330,16/07/2026,06:26:04,2.281663833,-72.41397433,NUEVA UBICACION,0,0,HERMES-01,2026-07-16T11:26:12.436090
1653,5331,16/07/2026,06:31:23,2.2816805,-72.41398517,NUEVA UBICACION,0,0,HERMES-01,2026-07-16T11:31:30.309183
1654,5332,16/07/2026,06:36:41,2.281612833,-72.4139395,NUEVA UBICACION,0,0,HERMES-01,2026-07-16T11:36:48.988221
1655,5333,16/07/2026,06:42:01,2.281680167,-72.4139845,NUEVA UBICACION,0,0,HERMES-01,2026-07-16T11:42:07.936670
1656,5334,16/07/2026,06:47:19,2.2816775,-72.41398867,NUEVA UBICACION,0,0,HERMES-01,2026-07-16T11:47:25.800169
1657,5335,16/07/2026,06:52:38,2.281645167,-72.41401017,NUEVA UBICACION,0,0,HERMES-01,2026-07-16T11:52:46.868555
1658,5336,16/07/2026,06:57:59,2.281662833,-72.41397517,NUEVA UBICACION,0,0,HERMES-01,2026-07-16T11:58:06.278690
1659,5337,16/07/2026,07:03:18,2.281680667,-72.413984,NUEVA UBICACION,0,0,HERMES-01,2026-07-16T12:03:26.253213
1660,5338,16/07/2026,07:08:38,2.281673667,-72.41397667,NUEVA UBICACION,0,0,HERMES-01,2026-07-16T12:08:45.948151
1661,5339,16/07/2026,07:13:57,2.281660833,-72.41399483,NUEVA UBICACION,0,0,HERMES-01,2026-07-16T12:14:05.602373
1662,5340,16/07/2026,07:19:18,2.281661667,-72.413962,NUEVA UBICACION,0,0,HERMES-01,2026-07-16T12:19:27.680457
1663,5341,16/07/2026,07:24:39,2.281672,-72.41397167,NUEVA UBICACION,0,0,HERMES-01,2026-07-16T12:24:46.934465
1664,5342,,No disponible,2.281694167,-72.4139975,NUEVA UBICACION,0,0,HERMES-01,2026-07-16T12:30:06.171292
1665,5343,16/07/2026,07:35:17,2.281665667,-72.41393133,NUEVA UBICACION,0,0,HERMES-01,2026-07-16T12:35:24.114976
1666,5344,16/07/2026,07:40:36,2.281657333,-72.4139735,NUEVA UBICACION,0,0,HERMES-01,2026-07-16T12:40:43.736002
1667,5345,16/07/2026,07:45:55,2.2817175,-72.4140045,NUEVA UBICACION,0,0,HERMES-01,2026-07-16T12:46:04.380372
1668,5346,16/07/2026,07:51:16,2.281683833,-72.41398067,NUEVA UBICACION,0,0,HERMES-01,2026-07-16T12:51:24.151198
1669,5347,16/07/2026,07:56:37,2.281646,-72.41393217,NUEVA UBICACION,0,0,HERMES-01,2026-07-16T12:56:43.905754
1670,5348,16/07/2026,08:01:55,2.281676167,-72.41399333,NUEVA UBICACION,0,0,HERMES-01,2026-07-16T13:02:03.447254
1671,5349,,No disponible,2.2816835,-72.4139915,NUEVA UBICACION,0,0,HERMES-01,2026-07-16T13:07:22.037549
1672,5350,16/07/2026,08:12:33,2.281680667,-72.41399267,NUEVA UBICACION,0,0,HERMES-01,2026-07-16T13:12:40.949941
1673,5351,16/07/2026,08:17:52,2.281629667,-72.41398767,NUEVA UBICACION,0,0,HERMES-01,2026-07-16T13:17:59.438668
1674,5352,16/07/2026,08:23:11,2.281657167,-72.4139775,NUEVA UBICACION,0,0,HERMES-01,2026-07-16T13:23:17.619330
1675,5353,16/07/2026,08:28:30,2.2816685,-72.41397917,NUEVA UBICACION,0,0,HERMES-01,2026-07-16T13:28:37.386316
1676,5354,16/07/2026,08:33:50,2.281673667,-72.41399583,NUEVA UBICACION,0,0,HERMES-01,2026-07-16T13:33:57.020479
1677,5355,16/07/2026,08:39:08,2.281679333,-72.41399017,NUEVA UBICACION,0,0,HERMES-01,2026-07-16T13:39:19.568254
1678,5356,16/07/2026,08:44:33,2.281703667,-72.41397917,NUEVA UBICACION,0,0,HERMES-01,2026-07-16T13:44:41.947950
1679,5357,16/07/2026,08:49:53,2.2816975,-72.413998,NUEVA UBICACION,0,0,HERMES-01,2026-07-16T13:49:59.975457
1680,5358,16/07/2026,08:55:11,2.281680667,-72.41398017,NUEVA UBICACION,0,0,HERMES-01,2026-07-16T13:55:20.371954
1681,5359,16/07/2026,09:00:32,2.2816685,-72.41396,NUEVA UBICACION,0,0,HERMES-01,2026-07-16T14:00:40.196114
1682,5360,16/07/2026,09:05:53,2.281720167,-72.41396083,NUEVA UBICACION,0,0,HERMES-01,2026-07-16T14:05:59.485843
1683,5361,16/07/2026,09:11:11,2.281698333,-72.41393,NUEVA UBICACION,0,0,HERMES-01,2026-07-16T14:11:17.339989
1684,5362,16/07/2026,09:16:30,2.281706833,-72.41396717,NUEVA UBICACION,0,0,HERMES-01,2026-07-16T14:16:38.147362
1685,5363,16/07/2026,09:21:49,2.281659,-72.41397,NUEVA UBICACION,0,0,HERMES-01,2026-07-16T14:21:56.468427
1686,5364,16/07/2026,09:27:11,2.2816635,-72.41397367,NUEVA UBICACION,0,0,HERMES-01,2026-07-16T14:27:19.945101
1687,5365,16/07/2026,09:32:33,2.281667833,-72.41396233,NUEVA UBICACION,0,0,HERMES-01,2026-07-16T14:32:40.153557
1688,5366,16/07/2026,09:37:53,2.281702833,-72.413995,NUEVA UBICACION,0,0,HERMES-01,2026-07-16T14:37:59.851667
1689,5367,16/07/2026,09:43:12,2.2816715,-72.41396867,NUEVA UBICACION,0,0,HERMES-01,2026-07-16T14:43:20.017599
1690,5368,16/07/2026,09:48:32,2.281694833,-72.41398133,NUEVA UBICACION,0,0,HERMES-01,2026-07-16T14:48:39.534493
1691,5369,16/07/2026,09:53:52,2.2817,-72.41397133,NUEVA UBICACION,0,0,HERMES-01,2026-07-16T14:54:00.286227
1692,5370,,No disponible,2.281677167,-72.41396967,NUEVA UBICACION,0,0,HERMES-01,2026-07-16T14:59:20.526796
1693,5371,16/07/2026,10:04:33,2.281678667,-72.41396317,NUEVA UBICACION,0,0,HERMES-01,2026-07-16T15:04:40.333246
1694,5372,16/07/2026,10:09:52,2.281685667,-72.41396367,NUEVA UBICACION,0,0,HERMES-01,2026-07-16T15:10:00.512366
1695,5373,16/07/2026,10:15:14,2.281655167,-72.41396067,NUEVA UBICACION,0,0,HERMES-01,2026-07-16T15:15:21.753196
1696,5374,16/07/2026,10:20:35,2.281652333,-72.41395417,NUEVA UBICACION,0,0,HERMES-01,2026-07-16T15:20:43.199455
1697,5375,,No disponible,2.281691667,-72.4139825,NUEVA UBICACION,0,0,HERMES-01,2026-07-16T15:26:04.773383
1698,5376,16/07/2026,10:31:16,2.2816665,-72.41395733,NUEVA UBICACION,0,0,HERMES-01,2026-07-16T15:31:24.942880
1699,5377,16/07/2026,10:36:38,2.2816715,-72.41394017,NUEVA UBICACION,0,0,HERMES-01,2026-07-16T15:36:46.672963
1700,5378,16/07/2026,10:41:58,2.281701667,-72.41397033,NUEVA UBICACION,0,0,HERMES-01,2026-07-16T15:42:09.005246
1701,5379,,No disponible,2.2816785,-72.41397483,NUEVA UBICACION,0,0,HERMES-01,2026-07-16T15:47:27.553525
1702,5380,16/07/2026,10:52:40,2.281679833,-72.41395833,NUEVA UBICACION,0,0,HERMES-01,2026-07-16T15:52:47.561287
1703,5381,16/07/2026,10:57:59,2.281690667,-72.41397767,NUEVA UBICACION,0,0,HERMES-01,2026-07-16T15:58:07.251280
1704,5382,16/07/2026,11:03:19,2.281691,-72.41396483,NUEVA UBICACION,0,0,HERMES-01,2026-07-16T16:03:26.462104
1705,5383,16/07/2026,11:08:38,2.28169,-72.413971,NUEVA UBICACION,0,0,HERMES-01,2026-07-16T16:08:47.945419
1706,5384,16/07/2026,11:14:01,2.281682,-72.41397633,NUEVA UBICACION,0,0,HERMES-01,2026-07-16T16:14:07.932428
1707,5385,,No disponible,2.281686833,-72.41395617,NUEVA UBICACION,0,0,HERMES-01,2026-07-16T16:19:29.172662
1708,5386,16/07/2026,11:24:41,2.281674833,-72.41393567,NUEVA UBICACION,0,0,HERMES-01,2026-07-16T16:24:59.339541
1709,5387,16/07/2026,11:30:11,2.281680167,-72.41396583,NUEVA UBICACION,0,0,HERMES-01,2026-07-16T16:30:28.529745
1710,5388,16/07/2026,11:35:41,2.281666833,-72.4139545,NUEVA UBICACION,0,0,HERMES-01,2026-07-16T16:35:49.906050
1711,5389,16/07/2026,11:41:02,2.2816805,-72.413946,NUEVA UBICACION,0,0,HERMES-01,2026-07-16T16:41:10.401102
1712,5390,16/07/2026,11:46:25,2.2816795,-72.41396617,NUEVA UBICACION,0,0,HERMES-01,2026-07-16T16:46:33.132853
1713,5391,16/07/2026,11:51:44,2.281658,-72.41395083,NUEVA UBICACION,0,0,HERMES-01,2026-07-16T16:51:51.528156
1714,5392,16/07/2026,11:57:04,2.281720167,-72.41396133,NUEVA UBICACION,0,0,HERMES-01,2026-07-16T16:57:11.213882
1715,5393,16/07/2026,12:02:26,2.281651333,-72.41395033,NUEVA UBICACION,0,0,HERMES-01,2026-07-16T17:02:33.532552
1716,5394,,No disponible,2.281653167,-72.41393883,NUEVA UBICACION,0,0,HERMES-01,2026-07-16T17:07:55.021473
1717,5395,16/07/2026,12:13:08,2.2816775,-72.41393967,NUEVA UBICACION,0,0,HERMES-01,2026-07-16T17:13:17.631359
1718,5396,16/07/2026,12:18:30,2.281654333,-72.41394133,NUEVA UBICACION,0,0,HERMES-01,2026-07-16T17:18:38.510134
1719,5397,16/07/2026,12:23:55,2.281658667,-72.41398117,NUEVA UBICACION,0,0,HERMES-01,2026-07-16T17:24:03.989420
1720,5398,16/07/2026,12:29:16,2.281704,-72.41400683,NUEVA UBICACION,0,0,HERMES-01,2026-07-16T17:29:24.123423
1721,5399,16/07/2026,12:34:38,2.281682167,-72.41395983,NUEVA UBICACION,0,0,HERMES-01,2026-07-16T17:34:46.595555
1722,5400,16/07/2026,12:40:01,2.281656333,-72.413981,NUEVA UBICACION,0,0,HERMES-01,2026-07-16T17:40:09.243614
1723,5401,16/07/2026,12:45:22,2.281689333,-72.41398667,NUEVA UBICACION,0,0,HERMES-01,2026-07-16T17:45:30.318875
1724,5402,,No disponible,2.281661,-72.4139555,NUEVA UBICACION,0,0,HERMES-01,2026-07-16T17:50:51.075477
1725,5403,16/07/2026,12:56:06,2.281675833,-72.41391117,NUEVA UBICACION,0,0,HERMES-01,2026-07-16T17:56:13.805365
1726,5404,16/07/2026,13:01:25,2.281647333,-72.4139235,NUEVA UBICACION,0,0,HERMES-01,2026-07-16T18:01:32.680217
1727,5405,16/07/2026,13:06:45,2.281672833,-72.41396317,NUEVA UBICACION,0,0,HERMES-01,2026-07-16T18:06:51.779128
1728,5406,,No disponible,2.281654167,-72.4139715,NUEVA UBICACION,0,0,HERMES-01,2026-07-16T18:12:10.343164
1729,5407,16/07/2026,13:17:23,2.281651,-72.41396617,NUEVA UBICACION,0,0,HERMES-01,2026-07-16T18:17:34.331546
1730,5408,16/07/2026,13:22:46,2.28167,-72.41397633,NUEVA UBICACION,0,0,HERMES-01,2026-07-16T18:22:53.344622
1731,5409,16/07/2026,13:28:08,2.2816665,-72.41394083,NUEVA UBICACION,0,0,HERMES-01,2026-07-16T18:28:15.590277
1732,5410,16/07/2026,13:33:29,2.281675,-72.413953,NUEVA UBICACION,0,0,HERMES-01,2026-07-16T18:33:37.022131
1733,5411,16/07/2026,13:38:49,2.281662333,-72.413972,NUEVA UBICACION,0,0,HERMES-01,2026-07-16T18:38:57.137594
1734,5412,,No disponible,2.281662,-72.41397067,NUEVA UBICACION,0,0,HERMES-01,2026-07-16T18:44:18.921291
1735,5413,,No disponible,2.281700333,-72.41395933,NUEVA UBICACION,0,0,HERMES-01,2026-07-16T18:49:39.065198
1736,5414,,No disponible,2.281683333,-72.41397033,NUEVA UBICACION,0,0,HERMES-01,2026-07-16T18:55:20.170809
1737,5415,16/07/2026,14:00:31,2.2816925,-72.413961,NUEVA UBICACION,0,0,HERMES-01,2026-07-16T19:00:38.051996
1738,5416,16/07/2026,14:05:50,2.281682167,-72.4139665,NUEVA UBICACION,0,0,HERMES-01,2026-07-16T19:05:57.844217
1739,5417,16/07/2026,14:11:11,2.2816875,-72.41396033,NUEVA UBICACION,0,0,HERMES-01,2026-07-16T19:11:18.462491
1740,5418,16/07/2026,14:16:31,2.281645833,-72.41396117,NUEVA UBICACION,0,0,HERMES-01,2026-07-16T19:16:39.098138
1741,5419,16/07/2026,14:21:52,2.281671,-72.41396983,NUEVA UBICACION,0,0,HERMES-01,2026-07-16T19:22:00.700965
1742,5420,16/07/2026,14:27:14,2.281677667,-72.4139735,NUEVA UBICACION,0,0,HERMES-01,2026-07-16T19:27:23.297066
1743,5421,16/07/2026,14:32:36,2.2816835,-72.41397667,NUEVA UBICACION,0,0,HERMES-01,2026-07-16T19:32:44.201278
1744,5422,16/07/2026,14:37:56,2.281656333,-72.41395183,NUEVA UBICACION,0,0,HERMES-01,2026-07-16T19:38:04.571442
1745,5423,16/07/2026,14:43:17,2.2816705,-72.413959,NUEVA UBICACION,0,0,HERMES-01,2026-07-16T19:43:24.486939
1746,5424,16/07/2026,14:48:40,2.281666167,-72.4140385,NUEVA UBICACION,0,0,HERMES-01,2026-07-16T19:48:47.911707
1747,5425,16/07/2026,14:54:00,2.281651167,-72.41398333,NUEVA UBICACION,0,0,HERMES-01,2026-07-16T19:54:08.605944
1748,5426,16/07/2026,14:59:21,2.2816855,-72.41397,NUEVA UBICACION,0,0,HERMES-01,2026-07-16T19:59:29.926630
1749,5427,16/07/2026,15:04:43,2.2816805,-72.414009,NUEVA UBICACION,0,0,HERMES-01,2026-07-16T20:04:51.956181
1750,5428,16/07/2026,15:10:04,2.2816705,-72.41398233,NUEVA UBICACION,0,0,HERMES-01,2026-07-16T20:10:11.911436
1751,5429,16/07/2026,15:15:24,2.2816655,-72.41395867,NUEVA UBICACION,0,0,HERMES-01,2026-07-16T20:15:31.942109
1752,5430,16/07/2026,15:20:44,2.281677167,-72.41397183,NUEVA UBICACION,0,0,HERMES-01,2026-07-16T20:20:51.807710
1753,5431,16/07/2026,15:26:03,2.2816715,-72.413966,NUEVA UBICACION,0,0,HERMES-01,2026-07-16T20:26:11.431476
1754,5432,16/07/2026,15:31:23,2.281665667,-72.41396683,NUEVA UBICACION,0,0,HERMES-01,2026-07-16T20:31:30.762290
1755,5433,16/07/2026,15:36:54,2.281696333,-72.413935,NUEVA UBICACION,0,0,HERMES-01,2026-07-16T20:37:02.217802
1756,5434,16/07/2026,15:42:16,2.281676667,-72.41397283,NUEVA UBICACION,0,0,HERMES-01,2026-07-16T20:42:22.661663
1757,5435,16/07/2026,15:47:33,2.281668667,-72.41396967,NUEVA UBICACION,0,0,HERMES-01,2026-07-16T20:47:40.855804
1758,5436,16/07/2026,15:52:53,2.281667333,-72.413961,NUEVA UBICACION,0,0,HERMES-01,2026-07-16T20:53:00.976318
1759,5437,16/07/2026,15:58:13,2.2816275,-72.4139505,NUEVA UBICACION,0,0,HERMES-01,2026-07-16T20:58:20.385168
1760,5438,,No disponible,2.281664667,-72.41397267,NUEVA UBICACION,0,0,HERMES-01,2026-07-16T21:03:38.450822
1761,5439,16/07/2026,16:08:50,2.281647667,-72.413949,NUEVA UBICACION,0,0,HERMES-01,2026-07-16T21:08:58.020674
1762,5440,16/07/2026,16:14:10,2.281651833,-72.41393567,NUEVA UBICACION,0,0,HERMES-01,2026-07-16T21:14:17.872939
1763,5441,,No disponible,2.281614333,-72.413964,NUEVA UBICACION,0,0,HERMES-01,2026-07-16T21:19:37.316994
1764,5442,16/07/2026,16:24:49,2.281613667,-72.41394433,NUEVA UBICACION,0,0,HERMES-01,2026-07-16T21:24:56.331216
1765,5443,16/07/2026,16:30:09,2.281667167,-72.413941,NUEVA UBICACION,0,0,HERMES-01,2026-07-16T21:30:26.432347
1766,5444,16/07/2026,16:35:44,2.281663833,-72.41395683,NUEVA UBICACION,0,0,HERMES-01,2026-07-16T21:35:51.878173
1767,5445,16/07/2026,16:41:03,2.281690833,-72.41393933,NUEVA UBICACION,0,0,HERMES-01,2026-07-16T21:41:10.641515
1768,5446,16/07/2026,16:46:22,2.281662333,-72.4139495,NUEVA UBICACION,0,0,HERMES-01,2026-07-16T21:46:31.044914
1769,5447,16/07/2026,16:51:42,2.2816575,-72.41397117,NUEVA UBICACION,0,0,HERMES-01,2026-07-16T21:51:49.738933
1770,5448,16/07/2026,16:57:02,2.281696667,-72.413961,NUEVA UBICACION,0,0,HERMES-01,2026-07-16T21:57:09.853414
1771,5449,16/07/2026,17:02:21,2.281667833,-72.4139675,NUEVA UBICACION,0,0,HERMES-01,2026-07-16T22:02:30.385937
1772,5450,16/07/2026,17:07:43,2.281673833,-72.41395283,NUEVA UBICACION,0,0,HERMES-01,2026-07-16T22:07:49.677002
1773,5451,16/07/2026,17:13:03,2.2816715,-72.41395667,NUEVA UBICACION,0,0,HERMES-01,2026-07-16T22:13:10.713749
1774,5452,16/07/2026,17:18:23,2.281698333,-72.41396517,NUEVA UBICACION,0,0,HERMES-01,2026-07-16T22:18:31.336845
1775,5453,16/07/2026,17:23:43,2.281678167,-72.41397033,NUEVA UBICACION,0,0,HERMES-01,2026-07-16T22:23:49.680634
1776,5454,16/07/2026,17:29:01,2.281671333,-72.4139445,NUEVA UBICACION,0,0,HERMES-01,2026-07-16T22:29:10.138369
1777,5455,16/07/2026,17:34:21,2.281660833,-72.41394567,NUEVA UBICACION,0,0,HERMES-01,2026-07-16T22:34:28.833362
1778,5456,16/07/2026,17:39:40,2.281664333,-72.41392967,NUEVA UBICACION,0,0,HERMES-01,2026-07-16T22:39:47.573834
1779,5457,,No disponible,2.281667833,-72.413942,NUEVA UBICACION,0,0,HERMES-01,2026-07-16T22:45:06.814404
1780,5458,,No disponible,2.2816675,-72.41395567,NUEVA UBICACION,0,0,HERMES-01,2026-07-16T22:50:27.432153
1781,5459,16/07/2026,17:55:40,2.281667333,-72.41390733,NUEVA UBICACION,0,0,HERMES-01,2026-07-16T22:55:47.883273
1782,5460,,No disponible,2.281703167,-72.413973,NUEVA UBICACION,0,0,HERMES-01,2026-07-16T23:01:08.773474
1783,5461,16/07/2026,18:06:22,2.2817145,-72.4139705,NUEVA UBICACION,0,0,HERMES-01,2026-07-16T23:06:29.663291
1784,5462,,No disponible,2.281695167,-72.41396383,NUEVA UBICACION,0,0,HERMES-01,2026-07-16T23:11:50.451198
1785,5463,16/07/2026,18:17:02,2.2816695,-72.41395767,NUEVA UBICACION,0,0,HERMES-01,2026-07-16T23:17:10.540860
1786,5466,16/07/2026,18:22:48,2.28167,-72.413955,REENVIO PENDIENTE,0,0,HERMES-01,2026-07-16T23:34:40.612490
1787,5466,16/07/2026,18:28:56,2.281662,-72.413934,REENVIO PENDIENTE,0,0,HERMES-01,2026-07-16T23:34:45.393841
1788,5466,16/07/2026,18:34:49,2.281692833,-72.41394067,NUEVA UBICACION,0,0,HERMES-01,2026-07-16T23:34:55.737265
1789,5467,16/07/2026,18:40:06,2.281670167,-72.4139655,NUEVA UBICACION,0,0,HERMES-01,2026-07-16T23:40:14.174403
1790,5468,16/07/2026,18:45:25,2.281628,-72.41395133,NUEVA UBICACION,0,0,HERMES-01,2026-07-16T23:45:33.117417
1791,5469,16/07/2026,18:50:44,2.281642,-72.413953,NUEVA UBICACION,0,0,HERMES-01,2026-07-16T23:50:50.894258
1792,5470,16/07/2026,18:56:02,2.281662,-72.41394467,NUEVA UBICACION,0,0,HERMES-01,2026-07-16T23:56:09.180108
1793,5472,,No disponible,2.281660333,-72.413969,NUEVA UBICACION,0,0,HERMES-01,2026-07-17T00:06:47.631863
1794,5207,16/07/2026,19:09:42,2.281679667,-72.4139815,NUEVA UBICACION,0,0,HERMES-01,2026-07-16T00:09:48.402230
1795,5473,,No disponible,2.281688,-72.41399217,NUEVA UBICACION,0,0,HERMES-01,2026-07-17T00:12:09.171704
1796,5208,16/07/2026,19:14:59,2.281669,-72.41395867,NUEVA UBICACION,0,0,HERMES-01,2026-07-16T00:15:06.856147
1797,5209,16/07/2026,19:20:19,2.2816555,-72.41396667,NUEVA UBICACION,0,0,HERMES-01,2026-07-16T00:20:26.457383
1798,5210,16/07/2026,19:25:37,2.281656,-72.41396883,NUEVA UBICACION,0,0,HERMES-01,2026-07-16T00:25:46.838386
1799,5211,16/07/2026,19:30:58,2.281685833,-72.41399633,NUEVA UBICACION,0,0,HERMES-01,2026-07-16T00:31:05.852297
1800,5212,16/07/2026,19:36:18,2.2816705,-72.41397217,NUEVA UBICACION,0,0,HERMES-01,2026-07-16T00:36:25.033005
1801,5213,16/07/2026,19:41:36,2.281700333,-72.4139755,NUEVA UBICACION,0,0,HERMES-01,2026-07-16T00:41:44.010691
1802,5214,16/07/2026,19:46:55,2.281639833,-72.41395517,NUEVA UBICACION,0,0,HERMES-01,2026-07-16T00:47:04.537720
1803,5480,,No disponible,2.281652667,-72.413931,NUEVA UBICACION,0,0,HERMES-01,2026-07-17T00:49:33.660946
1804,5215,16/07/2026,19:52:17,2.281648167,-72.41393817,NUEVA UBICACION,0,0,HERMES-01,2026-07-16T00:52:24.838086
1805,5217,16/07/2026,20:02:55,2.281670833,-72.4139575,NUEVA UBICACION,0,0,HERMES-01,2026-07-16T01:03:02.533969
1806,5219,16/07/2026,20:13:32,2.281663,-72.41395667,NUEVA UBICACION,0,0,HERMES-01,2026-07-16T01:13:38.958569
1807,5220,16/07/2026,20:18:51,2.2816775,-72.41398583,NUEVA UBICACION,0,0,HERMES-01,2026-07-16T01:19:00.244788
1808,5221,16/07/2026,20:24:11,2.281659,-72.41398483,NUEVA UBICACION,0,0,HERMES-01,2026-07-16T01:24:18.898727
1809,5488,,No disponible,2.281665667,-72.41397,NUEVA UBICACION,0,0,HERMES-01,2026-07-17T01:32:06.193913
1810,5223,16/07/2026,20:34:49,2.281653,-72.413975,NUEVA UBICACION,0,0,HERMES-01,2026-07-16T01:34:56.221769
1811,5225,16/07/2026,20:45:27,2.281681,-72.413971,NUEVA UBICACION,0,0,HERMES-01,2026-07-16T01:45:33.733301
1812,5226,16/07/2026,20:50:46,2.2816565,-72.4139895,NUEVA UBICACION,0,0,HERMES-01,2026-07-16T01:50:52.591506
1813,5227,16/07/2026,20:56:04,2.281672333,-72.413969,NUEVA UBICACION,0,0,HERMES-01,2026-07-16T01:56:11.253185
1814,5493,,No disponible,2.281665833,-72.41397233,NUEVA UBICACION,0,0,HERMES-01,2026-07-17T01:58:40.064330
1815,5228,16/07/2026,21:01:23,2.281681167,-72.41400183,NUEVA UBICACION,0,0,HERMES-01,2026-07-16T02:01:31.131498
1816,5229,16/07/2026,21:06:42,2.281673333,-72.41399033,NUEVA UBICACION,0,0,HERMES-01,2026-07-16T02:06:48.376570
1817,5230,16/07/2026,21:12:01,2.281673333,-72.4140055,NUEVA UBICACION,0,0,HERMES-01,2026-07-16T02:12:08.943599
1818,5231,16/07/2026,21:17:21,2.281654667,-72.4139745,NUEVA UBICACION,0,0,HERMES-01,2026-07-16T02:17:28.537562
1819,5232,16/07/2026,21:22:41,2.281646167,-72.413974,NUEVA UBICACION,0,0,HERMES-01,2026-07-16T02:22:49.030211
1820,5233,16/07/2026,21:28:00,2.281677167,-72.41398733,NUEVA UBICACION,0,0,HERMES-01,2026-07-16T02:28:08.184651
1821,5234,16/07/2026,21:33:22,2.281640167,-72.41397433,NUEVA UBICACION,0,0,HERMES-01,2026-07-16T02:33:30.205796
1822,5235,16/07/2026,21:38:43,2.281651833,-72.41396167,NUEVA UBICACION,0,0,HERMES-01,2026-07-16T02:38:49.630226
1823,5237,16/07/2026,21:49:21,2.281684833,-72.41397067,NUEVA UBICACION,0,0,HERMES-01,2026-07-16T02:49:28.771708
1824,5504,,No disponible,2.2816435,-72.4139565,NUEVA UBICACION,0,0,HERMES-01,2026-07-17T02:57:04.403667
1825,5239,16/07/2026,22:00:02,2.281628333,-72.41392017,NUEVA UBICACION,0,0,HERMES-01,2026-07-16T03:00:10.277840
1826,5240,16/07/2026,22:05:23,2.281665167,-72.41398783,NUEVA UBICACION,0,0,HERMES-01,2026-07-16T03:05:31.930822
1827,5241,16/07/2026,22:10:44,2.281652833,-72.41396533,NUEVA UBICACION,0,0,HERMES-01,2026-07-16T03:10:52.106476
1828,5242,16/07/2026,22:16:03,2.281648333,-72.413949,NUEVA UBICACION,0,0,HERMES-01,2026-07-16T03:16:10.668799
1829,5243,16/07/2026,22:21:22,2.281660667,-72.4139685,NUEVA UBICACION,0,0,HERMES-01,2026-07-16T03:21:30.518710
1830,5245,16/07/2026,22:32:02,2.2816405,-72.41397,NUEVA UBICACION,0,0,HERMES-01,2026-07-16T03:32:10.293760
1831,5246,16/07/2026,22:37:22,2.2816305,-72.413981,NUEVA UBICACION,0,0,HERMES-01,2026-07-16T03:37:30.522154
1832,5247,16/07/2026,22:42:42,2.281618833,-72.41395467,NUEVA UBICACION,0,0,HERMES-01,2026-07-16T03:42:50.182378
1833,5272,16/07/2026,23:05:15,2.28167,-72.413966,REENVIO PENDIENTE,0,0,HERMES-01,2026-07-16T06:14:02.510099
1834,5518,,No disponible,2.2816945,-72.4139555,NUEVA UBICACION,0,0,HERMES-01,2026-07-17T04:11:12.776669
1835,5272,16/07/2026,23:11:23,2.281712,-72.413983,REENVIO PENDIENTE,0,0,HERMES-01,2026-07-16T06:14:07.257854
1836,5272,16/07/2026,23:17:31,2.281708,-72.413968,REENVIO PENDIENTE,0,0,HERMES-01,2026-07-16T06:14:11.945501
1837,5272,16/07/2026,23:23:39,2.281669,-72.413968,REENVIO PENDIENTE,0,0,HERMES-01,2026-07-16T06:14:16.636963
1838,5272,16/07/2026,23:29:47,2.281653,-72.413949,REENVIO PENDIENTE,0,0,HERMES-01,2026-07-16T06:14:21.409643
1839,5272,16/07/2026,23:35:54,2.281668,-72.413972,REENVIO PENDIENTE,0,0,HERMES-01,2026-07-16T06:14:26.211095
1840,5272,16/07/2026,23:42:02,2.281685,-72.413987,REENVIO PENDIENTE,0,0,HERMES-01,2026-07-16T06:14:31.213822
1841,5272,16/07/2026,23:48:10,2.281662,-72.413977,REENVIO PENDIENTE,0,0,HERMES-01,2026-07-16T06:14:36.300497
1842,5527,,No disponible,2.281670833,-72.41395567,NUEVA UBICACION,0,0,HERMES-01,2026-07-17T04:59:00.868574
1843,5528,,No disponible,2.281678833,-72.41397833,NUEVA UBICACION,0,0,HERMES-01,2026-07-17T05:04:19.694640
1844,5529,17/07/2026,00:09:32,2.281648667,-72.4139575,NUEVA UBICACION,0,0,HERMES-01,2026-07-17T05:09:41.164381
1845,5530,17/07/2026,00:14:52,2.281640167,-72.41391667,NUEVA UBICACION,0,0,HERMES-01,2026-07-17T05:14:58.951735
1846,5531,17/07/2026,00:20:11,2.2817025,-72.41397917,NUEVA UBICACION,0,0,HERMES-01,2026-07-17T05:20:21.562130
1847,5532,17/07/2026,00:25:32,2.281621,-72.413965,NUEVA UBICACION,0,0,HERMES-01,2026-07-17T05:25:38.943277
1848,5533,17/07/2026,00:30:50,2.281687833,-72.41398517,NUEVA UBICACION,0,0,HERMES-01,2026-07-17T05:30:57.379396
1849,5534,17/07/2026,00:36:10,2.281632667,-72.41394683,NUEVA UBICACION,0,0,HERMES-01,2026-07-17T05:36:17.269287
1850,5535,17/07/2026,00:41:28,2.281685833,-72.413971,NUEVA UBICACION,0,0,HERMES-01,2026-07-17T05:41:34.895310
1851,5536,17/07/2026,00:46:46,2.281658833,-72.41398683,NUEVA UBICACION,0,0,HERMES-01,2026-07-17T05:46:53.660257
1852,5537,,No disponible,2.281663833,-72.41395867,NUEVA UBICACION,0,0,HERMES-01,2026-07-17T05:52:11.373304
1853,5538,17/07/2026,00:57:24,2.281664333,-72.413967,NUEVA UBICACION,0,0,HERMES-01,2026-07-17T05:57:31.530147
1854,5539,17/07/2026,01:02:43,2.2816595,-72.413959,NUEVA UBICACION,0,0,HERMES-01,2026-07-17T06:02:49.817273
1855,5540,17/07/2026,01:08:02,2.281645333,-72.41398133,NUEVA UBICACION,0,0,HERMES-01,2026-07-17T06:08:08.616202
1856,5541,17/07/2026,01:13:20,2.281678,-72.4139715,NUEVA UBICACION,0,0,HERMES-01,2026-07-17T06:13:27.504937
1857,5542,17/07/2026,01:18:39,2.281603167,-72.41399033,NUEVA UBICACION,0,0,HERMES-01,2026-07-17T06:18:46.613672
1858,5543,17/07/2026,01:23:58,2.281653667,-72.41395283,NUEVA UBICACION,0,0,HERMES-01,2026-07-17T06:24:04.427550
1859,5544,17/07/2026,01:29:16,2.281632833,-72.41394667,NUEVA UBICACION,0,0,HERMES-01,2026-07-17T06:29:22.887178
1860,5545,17/07/2026,01:34:34,2.281608167,-72.41393817,NUEVA UBICACION,0,0,HERMES-01,2026-07-17T06:34:40.923603
1861,5546,,No disponible,2.281639833,-72.413953,NUEVA UBICACION,0,0,HERMES-01,2026-07-17T06:39:58.350859
1862,5547,,No disponible,2.281659167,-72.41394867,NUEVA UBICACION,0,0,HERMES-01,2026-07-17T06:45:16.989737
1863,5548,17/07/2026,01:50:28,2.281687167,-72.414004,NUEVA UBICACION,0,0,HERMES-01,2026-07-17T06:50:35.346450
1864,5549,17/07/2026,01:55:47,2.281647167,-72.41395417,NUEVA UBICACION,0,0,HERMES-01,2026-07-17T06:55:54.428911
1865,5550,17/07/2026,02:01:05,2.281635333,-72.413945,NUEVA UBICACION,0,0,HERMES-01,2026-07-17T07:01:12.669581
1866,5551,17/07/2026,02:06:24,2.281641667,-72.41395167,NUEVA UBICACION,0,0,HERMES-01,2026-07-17T07:06:30.888246
1867,5552,17/07/2026,02:11:42,2.281664333,-72.4139815,NUEVA UBICACION,0,0,HERMES-01,2026-07-17T07:11:48.742157
1868,5553,17/07/2026,02:17:00,2.2816345,-72.41394633,NUEVA UBICACION,0,0,HERMES-01,2026-07-17T07:17:06.705345
1869,5554,17/07/2026,02:22:18,2.281648,-72.41395217,NUEVA UBICACION,0,0,HERMES-01,2026-07-17T07:22:24.323538
1870,5555,17/07/2026,02:27:35,2.281642833,-72.41399083,NUEVA UBICACION,0,0,HERMES-01,2026-07-17T07:27:42.452463
1871,5556,,No disponible,2.281675167,-72.41397317,NUEVA UBICACION,0,0,HERMES-01,2026-07-17T07:32:59.884644
1872,5557,17/07/2026,02:38:11,2.2816895,-72.41398383,NUEVA UBICACION,0,0,HERMES-01,2026-07-17T07:38:17.838220
1873,5558,17/07/2026,02:43:28,2.281696833,-72.4139675,NUEVA UBICACION,0,0,HERMES-01,2026-07-17T07:43:35.196158
1874,5559,17/07/2026,02:48:46,2.281689167,-72.41396483,NUEVA UBICACION,0,0,HERMES-01,2026-07-17T07:48:53.479081
1875,5560,,No disponible,2.281668333,-72.41395267,NUEVA UBICACION,0,0,HERMES-01,2026-07-17T07:54:11.148680
1876,5561,17/07/2026,02:59:23,2.281673333,-72.41396983,NUEVA UBICACION,0,0,HERMES-01,2026-07-17T07:59:29.752213
1877,5562,17/07/2026,03:04:40,2.2816905,-72.41395517,NUEVA UBICACION,0,0,HERMES-01,2026-07-17T08:04:47.643130
1878,5563,17/07/2026,03:10:00,2.281666667,-72.41396467,NUEVA UBICACION,0,0,HERMES-01,2026-07-17T08:10:06.451424
1879,5564,17/07/2026,03:15:17,2.281648333,-72.413978,NUEVA UBICACION,0,0,HERMES-01,2026-07-17T08:15:24.227203
1880,5565,,No disponible,2.281668833,-72.41395683,NUEVA UBICACION,0,0,HERMES-01,2026-07-17T08:20:42.422121
1881,5566,17/07/2026,03:25:54,2.281604667,-72.41389717,NUEVA UBICACION,0,0,HERMES-01,2026-07-17T08:26:00.655456
1882,5588,17/07/2026,03:50:01,2.281674,-72.413973,REENVIO PENDIENTE,0,0,HERMES-01,2026-07-17T10:40:47.875145
1883,5588,17/07/2026,03:56:08,2.281656,-72.413949,REENVIO PENDIENTE,0,0,HERMES-01,2026-07-17T10:40:52.850978
1884,5588,17/07/2026,04:02:16,2.281661,-72.413963,REENVIO PENDIENTE,0,0,HERMES-01,2026-07-17T10:40:57.946741
1885,5588,17/07/2026,04:08:23,2.281667,-72.413972,REENVIO PENDIENTE,0,0,HERMES-01,2026-07-17T10:41:02.816249
1886,5588,17/07/2026,04:14:31,2.281664,-72.413954,REENVIO PENDIENTE,0,0,HERMES-01,2026-07-17T10:41:07.621208
1887,5588,17/07/2026,04:26:47,2.281666,-72.413953,REENVIO PENDIENTE,0,0,HERMES-01,2026-07-17T10:41:17.462974
1888,5588,17/07/2026,04:32:54,2.281642,-72.413948,REENVIO PENDIENTE,0,0,HERMES-01,2026-07-17T10:41:23.502864
1889,5588,17/07/2026,04:39:02,2.281672,-72.413958,REENVIO PENDIENTE,0,0,HERMES-01,2026-07-17T10:41:28.386472
1890,5588,17/07/2026,04:45:10,2.28166,-72.413952,REENVIO PENDIENTE,0,0,HERMES-01,2026-07-17T10:41:33.215546
1891,5588,17/07/2026,04:51:18,2.281653,-72.413971,REENVIO PENDIENTE,0,0,HERMES-01,2026-07-17T10:41:38.152058
1892,5588,17/07/2026,04:57:26,2.281671,-72.413955,REENVIO PENDIENTE,0,0,HERMES-01,2026-07-17T10:41:43.067599
1893,5588,17/07/2026,05:15:49,2.281641,-72.413957,REENVIO PENDIENTE,0,0,HERMES-01,2026-07-17T10:41:59.928976
1894,5588,17/07/2026,05:28:04,2.281649,-72.413957,REENVIO PENDIENTE,0,0,HERMES-01,2026-07-17T10:42:10.375953
1895,5588,17/07/2026,05:34:12,2.281658,-72.413967,REENVIO PENDIENTE,0,0,HERMES-01,2026-07-17T10:42:15.213703
1896,5588,,No disponible,2.281675,-72.413966,REENVIO PENDIENTE,0,0,HERMES-01,2026-07-17T10:41:12.519854
1897,5588,,No disponible,2.281649,-72.413947,REENVIO PENDIENTE,0,0,HERMES-01,2026-07-17T10:41:47.963265
1898,5588,,No disponible,2.281642,-72.413951,REENVIO PENDIENTE,0,0,HERMES-01,2026-07-17T10:41:54.593333
1899,5588,,No disponible,2.281655,-72.413961,REENVIO PENDIENTE,0,0,HERMES-01,2026-07-17T10:42:05.308617
1900,5588,17/07/2026,05:42:19,2.281627167,-72.4139835,NUEVA UBICACION,0,0,HERMES-01,2026-07-17T10:42:25.582832
1901,5589,17/07/2026,05:47:34,2.281647,-72.41397867,NUEVA UBICACION,0,0,HERMES-01,2026-07-17T10:47:42.151330
1902,5590,,No disponible,2.281630667,-72.413942,NUEVA UBICACION,0,0,HERMES-01,2026-07-17T10:52:59.865729
1903,5591,17/07/2026,05:58:11,2.281664667,-72.41395333,NUEVA UBICACION,0,0,HERMES-01,2026-07-17T10:58:18.091263
1904,5592,17/07/2026,06:03:29,2.281688,-72.41396867,NUEVA UBICACION,0,0,HERMES-01,2026-07-17T11:03:35.846569
1905,5593,17/07/2026,06:08:47,2.2816315,-72.41398967,NUEVA UBICACION,0,0,HERMES-01,2026-07-17T11:08:54.349477
1906,5594,17/07/2026,06:14:05,2.2816545,-72.413978,NUEVA UBICACION,0,0,HERMES-01,2026-07-17T11:14:11.830508
1907,5595,17/07/2026,06:19:23,2.281664333,-72.41396683,NUEVA UBICACION,0,0,HERMES-01,2026-07-17T11:19:32.281545
1908,5596,17/07/2026,06:24:44,2.281658333,-72.41398733,NUEVA UBICACION,0,0,HERMES-01,2026-07-17T11:24:51.095402
1909,5597,17/07/2026,06:30:03,2.281650333,-72.41397567,NUEVA UBICACION,0,0,HERMES-01,2026-07-17T11:30:11.141655
1910,5598,17/07/2026,06:35:23,2.281667,-72.4139665,NUEVA UBICACION,0,0,HERMES-01,2026-07-17T11:35:29.603416
1911,5599,,No disponible,2.281656667,-72.41395483,NUEVA UBICACION,0,0,HERMES-01,2026-07-17T11:40:48.336366
1912,5600,17/07/2026,06:45:59,2.281657833,-72.41396583,NUEVA UBICACION,0,0,HERMES-01,2026-07-17T11:46:12.709628
1913,5601,,No disponible,2.281667333,-72.41397767,NUEVA UBICACION,0,0,HERMES-01,2026-07-17T11:51:30.190848
1914,5602,,No disponible,2.281651,-72.41398783,NUEVA UBICACION,0,0,HERMES-01,2026-07-17T11:56:48.994633
1915,5603,,No disponible,2.281726167,-72.4140135,NUEVA UBICACION,0,0,HERMES-01,2026-07-17T12:02:08.740751
1916,5604,17/07/2026,07:07:21,2.281628,-72.41397367,NUEVA UBICACION,0,0,HERMES-01,2026-07-17T12:07:31.923775
1917,5605,17/07/2026,07:12:45,2.281674833,-72.41397667,NUEVA UBICACION,0,0,HERMES-01,2026-07-17T12:12:51.961605
1918,5606,17/07/2026,07:18:03,2.281687,-72.41400117,NUEVA UBICACION,0,0,HERMES-01,2026-07-17T12:18:10.258957
1919,5607,,No disponible,2.281671167,-72.41398783,NUEVA UBICACION,0,0,HERMES-01,2026-07-17T12:23:27.942188
1920,5608,,No disponible,2.281648167,-72.41396467,NUEVA UBICACION,0,0,HERMES-01,2026-07-17T12:28:45.943668
1921,5609,17/07/2026,07:33:57,2.281699,-72.413946,NUEVA UBICACION,0,0,HERMES-01,2026-07-17T12:34:04.276908
1922,5610,17/07/2026,07:39:15,2.281715333,-72.41396883,NUEVA UBICACION,0,0,HERMES-01,2026-07-17T12:39:22.338330
1923,5611,17/07/2026,07:44:33,2.281665333,-72.41397333,NUEVA UBICACION,0,0,HERMES-01,2026-07-17T12:44:40.300783
1924,5612,17/07/2026,07:49:54,2.281676,-72.41396183,NUEVA UBICACION,0,0,HERMES-01,2026-07-17T12:50:01.545201
1925,5613,17/07/2026,07:55:13,2.281691833,-72.41397567,NUEVA UBICACION,0,0,HERMES-01,2026-07-17T12:55:19.841286
1926,5614,17/07/2026,08:00:32,2.281665333,-72.41396583,NUEVA UBICACION,0,0,HERMES-01,2026-07-17T13:00:38.391816
1927,5615,,No disponible,2.281682667,-72.41395567,NUEVA UBICACION,0,0,HERMES-01,2026-07-17T13:05:58.614214
1928,5616,17/07/2026,08:11:09,2.281656833,-72.41394383,NUEVA UBICACION,0,0,HERMES-01,2026-07-17T13:11:17.414446
1929,5617,17/07/2026,08:16:28,2.2816545,-72.41396067,NUEVA UBICACION,0,0,HERMES-01,2026-07-17T13:16:35.548003
1930,5618,17/07/2026,08:21:46,2.2816865,-72.41397367,NUEVA UBICACION,0,0,HERMES-01,2026-07-17T13:21:53.768201
1931,5619,17/07/2026,08:27:06,2.281678333,-72.41395833,NUEVA UBICACION,0,0,HERMES-01,2026-07-17T13:27:12.988647
1932,5620,17/07/2026,08:32:24,2.2816615,-72.41396317,NUEVA UBICACION,0,0,HERMES-01,2026-07-17T13:32:30.517822
1933,5621,17/07/2026,08:37:42,2.281674333,-72.41397783,NUEVA UBICACION,0,0,HERMES-01,2026-07-17T13:37:48.661657
1934,5622,17/07/2026,08:43:01,2.281671167,-72.4139685,NUEVA UBICACION,0,0,HERMES-01,2026-07-17T13:43:08.039872
1935,5623,17/07/2026,08:48:20,2.281694667,-72.4139825,NUEVA UBICACION,0,0,HERMES-01,2026-07-17T13:48:26.459724
1936,5624,17/07/2026,08:53:38,2.2816935,-72.41399267,NUEVA UBICACION,0,0,HERMES-01,2026-07-17T13:53:44.911931
1937,5625,17/07/2026,08:58:56,2.281697833,-72.4140005,NUEVA UBICACION,0,0,HERMES-01,2026-07-17T13:59:04.238057
1938,5626,17/07/2026,09:04:16,2.281665167,-72.41396883,NUEVA UBICACION,0,0,HERMES-01,2026-07-17T14:04:24.058237
1939,5627,17/07/2026,09:09:35,2.281701667,-72.41396533,NUEVA UBICACION,0,0,HERMES-01,2026-07-17T14:09:41.517492
1940,5628,17/07/2026,09:14:55,2.281676667,-72.413972,NUEVA UBICACION,0,0,HERMES-01,2026-07-17T14:15:01.859726
1941,5629,17/07/2026,09:20:15,2.281685,-72.41395483,NUEVA UBICACION,0,0,HERMES-01,2026-07-17T14:20:22.520108
1942,5630,17/07/2026,09:25:34,2.281683,-72.41398717,NUEVA UBICACION,0,0,HERMES-01,2026-07-17T14:25:40.258941
1943,5631,17/07/2026,09:30:52,2.281653,-72.41396817,NUEVA UBICACION,0,0,HERMES-01,2026-07-17T14:30:59.580475
1944,5632,17/07/2026,09:36:12,2.281697167,-72.41397217,NUEVA UBICACION,0,0,HERMES-01,2026-07-17T14:36:20.132955
1945,5633,17/07/2026,09:41:32,2.2816685,-72.4139765,NUEVA UBICACION,0,0,HERMES-01,2026-07-17T14:41:40.336088
1946,5634,17/07/2026,09:46:52,2.281686667,-72.41397233,NUEVA UBICACION,0,0,HERMES-01,2026-07-17T14:46:59.432728
1947,5635,17/07/2026,09:52:11,2.281692,-72.41398067,NUEVA UBICACION,0,0,HERMES-01,2026-07-17T14:52:18.357662
1948,5636,17/07/2026,09:57:31,2.281683333,-72.41396633,NUEVA UBICACION,0,0,HERMES-01,2026-07-17T14:57:40.847906
1949,5637,17/07/2026,10:02:54,2.281684667,-72.4139695,NUEVA UBICACION,0,0,HERMES-01,2026-07-17T15:03:01.543447
1950,5638,17/07/2026,10:08:13,2.281706333,-72.41393583,NUEVA UBICACION,0,0,HERMES-01,2026-07-17T15:08:19.907950
1951,5639,17/07/2026,10:13:31,2.281672667,-72.413958,NUEVA UBICACION,0,0,HERMES-01,2026-07-17T15:13:39.069752
1952,5640,,No disponible,2.281676167,-72.41397367,NUEVA UBICACION,0,0,HERMES-01,2026-07-17T15:18:59.688506
1953,5641,17/07/2026,10:24:11,2.2816755,-72.4139835,NUEVA UBICACION,0,0,HERMES-01,2026-07-17T15:24:17.929336
1954,5642,,No disponible,2.281678,-72.41396317,NUEVA UBICACION,0,0,HERMES-01,2026-07-17T15:29:35.984240
1955,5643,17/07/2026,10:34:47,2.281691167,-72.41396383,NUEVA UBICACION,0,0,HERMES-01,2026-07-17T15:34:54.539180
1956,5644,17/07/2026,10:40:06,2.2816705,-72.4139605,NUEVA UBICACION,0,0,HERMES-01,2026-07-17T15:40:12.963165
1957,5645,17/07/2026,10:45:24,2.281671,-72.41397667,NUEVA UBICACION,0,0,HERMES-01,2026-07-17T15:45:30.946929
1958,5646,17/07/2026,10:50:43,2.281703167,-72.41396533,NUEVA UBICACION,0,0,HERMES-01,2026-07-17T15:50:50.461197
1959,5647,17/07/2026,10:56:02,2.281655167,-72.413976,NUEVA UBICACION,0,0,HERMES-01,2026-07-17T15:56:09.566161
1960,5648,17/07/2026,11:01:22,2.281678,-72.4139785,NUEVA UBICACION,0,0,HERMES-01,2026-07-17T16:01:28.761140
1961,5649,17/07/2026,11:06:40,2.281704333,-72.4139615,NUEVA UBICACION,0,0,HERMES-01,2026-07-17T16:06:49.951261
1962,5650,17/07/2026,11:12:01,2.281668,-72.41397233,NUEVA UBICACION,0,0,HERMES-01,2026-07-17T16:12:09.288640
1963,5651,17/07/2026,11:17:22,2.2816695,-72.4139605,NUEVA UBICACION,0,0,HERMES-01,2026-07-17T16:17:28.644351
1964,5652,17/07/2026,11:22:40,2.281678833,-72.413982,NUEVA UBICACION,0,0,HERMES-01,2026-07-17T16:22:48.840231
1965,5653,17/07/2026,11:28:01,2.281761167,-72.413975,NUEVA UBICACION,0,0,HERMES-01,2026-07-17T16:28:09.064196
1966,5654,17/07/2026,11:33:25,2.281630333,-72.41398733,NUEVA UBICACION,0,0,HERMES-01,2026-07-17T16:33:31.938465
1967,5655,17/07/2026,11:38:43,2.281695667,-72.41393283,NUEVA UBICACION,0,0,HERMES-01,2026-07-17T16:38:50.478044
1968,5656,,No disponible,2.281672,-72.41395317,NUEVA UBICACION,0,0,HERMES-01,2026-07-17T16:44:08.947576
1969,5657,17/07/2026,11:49:22,2.281682833,-72.41392617,NUEVA UBICACION,0,0,HERMES-01,2026-07-17T16:49:29.451066
1970,5658,17/07/2026,11:54:42,2.281676667,-72.41396433,NUEVA UBICACION,0,0,HERMES-01,2026-07-17T16:54:49.330523
1971,5659,17/07/2026,12:00:03,2.281717667,-72.4139185,NUEVA UBICACION,0,0,HERMES-01,2026-07-17T17:00:09.977572
1972,5660,17/07/2026,12:05:22,2.281672167,-72.41396567,NUEVA UBICACION,0,0,HERMES-01,2026-07-17T17:05:29.316397
1973,5661,,No disponible,2.2816705,-72.41398367,NUEVA UBICACION,0,0,HERMES-01,2026-07-17T17:10:50.717925
1974,5662,17/07/2026,12:16:03,2.281673333,-72.4139685,NUEVA UBICACION,0,0,HERMES-01,2026-07-17T17:16:09.969480
1975,5663,17/07/2026,12:21:22,2.281674167,-72.41398417,NUEVA UBICACION,0,0,HERMES-01,2026-07-17T17:21:29.670427
1976,5664,17/07/2026,12:26:41,2.281658167,-72.4139715,NUEVA UBICACION,0,0,HERMES-01,2026-07-17T17:26:49.766877
1977,5665,17/07/2026,12:32:01,2.281693167,-72.41398267,NUEVA UBICACION,0,0,HERMES-01,2026-07-17T17:32:08.042205
1978,5667,17/07/2026,12:42:55,2.281666333,-72.41395933,NUEVA UBICACION,0,0,HERMES-01,2026-07-17T17:43:03.592526
1979,5668,17/07/2026,12:48:15,2.281652667,-72.413962,NUEVA UBICACION,0,0,HERMES-01,2026-07-17T17:48:22.674369
1980,5669,17/07/2026,12:53:35,2.281649667,-72.41396767,NUEVA UBICACION,0,0,HERMES-01,2026-07-17T17:53:42.861437
1981,5670,17/07/2026,12:58:54,2.281640833,-72.41395467,NUEVA UBICACION,0,0,HERMES-01,2026-07-17T17:59:00.371744
1982,5671,17/07/2026,13:04:13,2.281676667,-72.41396067,NUEVA UBICACION,0,0,HERMES-01,2026-07-17T18:04:19.504114
1983,5672,17/07/2026,13:09:31,2.281663833,-72.41397583,NUEVA UBICACION,0,0,HERMES-01,2026-07-17T18:09:38.377498
1984,5673,17/07/2026,13:14:50,2.281647833,-72.41398083,NUEVA UBICACION,0,0,HERMES-01,2026-07-17T18:14:57.918521
1985,5674,17/07/2026,13:20:09,2.281655667,-72.41397283,NUEVA UBICACION,0,0,HERMES-01,2026-07-17T18:20:15.474387
1986,5675,17/07/2026,13:25:26,2.281659333,-72.413956,NUEVA UBICACION,0,0,HERMES-01,2026-07-17T18:25:33.402132
1987,5676,17/07/2026,13:30:44,2.281676667,-72.41396383,NUEVA UBICACION,0,0,HERMES-01,2026-07-17T18:30:52.050760
1988,5677,17/07/2026,13:36:04,2.281672167,-72.41396867,NUEVA UBICACION,0,0,HERMES-01,2026-07-17T18:36:11.898576
1989,5678,17/07/2026,13:41:23,2.281653333,-72.41397317,NUEVA UBICACION,0,0,HERMES-01,2026-07-17T18:41:30.382662
1990,5679,17/07/2026,13:46:41,2.281623667,-72.41395933,NUEVA UBICACION,0,0,HERMES-01,2026-07-17T18:46:48.202269
1991,5680,17/07/2026,13:51:59,2.281656167,-72.41396117,NUEVA UBICACION,0,0,HERMES-01,2026-07-17T18:52:06.804758
1992,5681,17/07/2026,13:57:18,2.281661167,-72.41396183,NUEVA UBICACION,0,0,HERMES-01,2026-07-17T18:57:26.098956
1993,5682,17/07/2026,14:02:39,2.281665167,-72.41398133,NUEVA UBICACION,0,0,HERMES-01,2026-07-17T19:02:46.975406
1994,5683,17/07/2026,14:07:57,2.281653333,-72.41395117,NUEVA UBICACION,0,0,HERMES-01,2026-07-17T19:08:04.098393
1995,5684,17/07/2026,14:13:15,2.281653833,-72.413973,NUEVA UBICACION,0,0,HERMES-01,2026-07-17T19:13:22.576732
1996,5685,17/07/2026,14:18:33,2.281664833,-72.41398267,NUEVA UBICACION,0,0,HERMES-01,2026-07-17T19:18:40.667101
1997,5686,17/07/2026,14:23:52,2.281665167,-72.41395267,NUEVA UBICACION,0,0,HERMES-01,2026-07-17T19:23:59.230640
1998,5687,,No disponible,2.281668833,-72.41397283,NUEVA UBICACION,0,0,HERMES-01,2026-07-17T19:29:17.665182
1999,5688,17/07/2026,14:34:29,2.281662333,-72.41397533,NUEVA UBICACION,0,0,HERMES-01,2026-07-17T19:34:35.159745
2000,5689,17/07/2026,14:39:47,2.281677333,-72.41396333,NUEVA UBICACION,0,0,HERMES-01,2026-07-17T19:39:54.354514
2001,5690,17/07/2026,14:45:05,2.281676833,-72.41396317,NUEVA UBICACION,0,0,HERMES-01,2026-07-17T19:45:11.919059
2002,5691,,No disponible,2.281670833,-72.413967,NUEVA UBICACION,0,0,HERMES-01,2026-07-17T19:50:31.321736
2003,5692,17/07/2026,14:55:45,2.2816655,-72.41395617,NUEVA UBICACION,0,0,HERMES-01,2026-07-17T19:55:52.419614
2004,5693,17/07/2026,15:01:04,2.281642333,-72.41396233,NUEVA UBICACION,0,0,HERMES-01,2026-07-17T20:01:12.446564
2005,5694,17/07/2026,15:06:24,2.281654833,-72.41395667,NUEVA UBICACION,0,0,HERMES-01,2026-07-17T20:06:31.569063
2006,5695,17/07/2026,15:11:43,2.281660333,-72.41395983,NUEVA UBICACION,0,0,HERMES-01,2026-07-17T20:11:53.581950
2007,5696,17/07/2026,15:17:05,2.2816575,-72.41396867,NUEVA UBICACION,0,0,HERMES-01,2026-07-17T20:17:11.971968
2008,5697,17/07/2026,15:22:23,2.281670167,-72.413975,NUEVA UBICACION,0,0,HERMES-01,2026-07-17T20:22:29.685821
2009,5698,17/07/2026,15:27:42,2.281624667,-72.41397083,NUEVA UBICACION,0,0,HERMES-01,2026-07-17T20:27:50.269377
2010,5699,,No disponible,2.281687167,-72.41398883,NUEVA UBICACION,0,0,HERMES-01,2026-07-17T20:33:09.172318
2011,5700,,No disponible,2.2816605,-72.4139905,NUEVA UBICACION,0,0,HERMES-01,2026-07-17T20:38:28.942266
2012,5701,17/07/2026,15:43:40,2.2817005,-72.41399417,NUEVA UBICACION,0,0,HERMES-01,2026-07-17T20:43:47.816067
2013,5702,17/07/2026,15:48:59,2.281665167,-72.41398583,NUEVA UBICACION,0,0,HERMES-01,2026-07-17T20:49:05.657251
2014,5703,17/07/2026,15:54:17,2.281638,-72.4139835,NUEVA UBICACION,0,0,HERMES-01,2026-07-17T20:54:23.842859
2015,5704,17/07/2026,15:59:35,2.281668833,-72.413954,NUEVA UBICACION,0,0,HERMES-01,2026-07-17T20:59:41.673928
2016,5705,17/07/2026,16:04:54,2.281699333,-72.41394283,NUEVA UBICACION,0,0,HERMES-01,2026-07-17T21:05:01.886565
2017,5706,17/07/2026,16:10:14,2.281651333,-72.41395183,NUEVA UBICACION,0,0,HERMES-01,2026-07-17T21:10:21.248099
2018,5707,17/07/2026,16:15:35,2.2816645,-72.41395867,NUEVA UBICACION,0,0,HERMES-01,2026-07-17T21:15:42.810594
2019,5708,17/07/2026,16:20:54,2.281668667,-72.41397,NUEVA UBICACION,0,0,HERMES-01,2026-07-17T21:21:01.094436
2020,5709,17/07/2026,16:26:13,2.281665,-72.41396783,NUEVA UBICACION,0,0,HERMES-01,2026-07-17T21:26:21.498075
2021,5710,17/07/2026,16:31:33,2.281669,-72.41396733,NUEVA UBICACION,0,0,HERMES-01,2026-07-17T21:31:40.127347
2022,5711,17/07/2026,16:36:53,2.281667167,-72.41396667,NUEVA UBICACION,0,0,HERMES-01,2026-07-17T21:37:01.087460
2023,5712,17/07/2026,16:42:12,2.2816525,-72.41397233,NUEVA UBICACION,0,0,HERMES-01,2026-07-17T21:42:24.663204
2024,5713,17/07/2026,16:47:37,2.281665,-72.41397167,NUEVA UBICACION,0,0,HERMES-01,2026-07-17T21:47:44.100108
2025,5714,17/07/2026,16:52:55,2.281675333,-72.413974,NUEVA UBICACION,0,0,HERMES-01,2026-07-17T21:53:02.896707
2026,5715,17/07/2026,16:58:14,2.281663667,-72.41397117,NUEVA UBICACION,0,0,HERMES-01,2026-07-17T21:58:22.205479
2027,5716,17/07/2026,17:03:34,2.281653167,-72.41395717,NUEVA UBICACION,0,0,HERMES-01,2026-07-17T22:03:42.282197
2028,5717,,No disponible,2.281664833,-72.4139735,NUEVA UBICACION,0,0,HERMES-01,2026-07-17T22:09:02.381097
2029,5718,17/07/2026,17:14:14,2.281685,-72.41395833,NUEVA UBICACION,0,0,HERMES-01,2026-07-17T22:14:22.802101
2030,5719,17/07/2026,17:19:34,2.281692167,-72.41397683,NUEVA UBICACION,0,0,HERMES-01,2026-07-17T22:19:44.803271
2031,5720,,No disponible,2.281686333,-72.41395983,NUEVA UBICACION,0,0,HERMES-01,2026-07-17T22:25:02.614723
2032,5721,17/07/2026,17:30:16,2.281662167,-72.41397917,NUEVA UBICACION,0,0,HERMES-01,2026-07-17T22:30:23.492534
2033,5722,,No disponible,2.281654167,-72.41395667,NUEVA UBICACION,0,0,HERMES-01,2026-07-17T22:35:42.295439
2034,5723,17/07/2026,17:40:54,2.281660333,-72.41397567,NUEVA UBICACION,0,0,HERMES-01,2026-07-17T22:41:02.290645
2035,5724,17/07/2026,17:46:14,2.2816515,-72.41399283,NUEVA UBICACION,0,0,HERMES-01,2026-07-17T22:46:21.862307
2036,5725,17/07/2026,17:51:34,2.281685,-72.41397183,NUEVA UBICACION,0,0,HERMES-01,2026-07-17T22:51:42.758717
2037,5726,17/07/2026,17:56:54,2.281689667,-72.41399033,NUEVA UBICACION,0,0,HERMES-01,2026-07-17T22:57:02.346763
2038,5727,17/07/2026,18:02:16,2.281659667,-72.41397283,NUEVA UBICACION,0,0,HERMES-01,2026-07-17T23:02:23.341992
2039,5728,17/07/2026,18:07:35,2.2816585,-72.413975,NUEVA UBICACION,0,0,HERMES-01,2026-07-17T23:07:42.204704
2040,5729,17/07/2026,18:12:54,2.281641667,-72.41394967,NUEVA UBICACION,0,0,HERMES-01,2026-07-17T23:13:01.271488
2041,5730,17/07/2026,18:18:12,2.281626167,-72.41397183,NUEVA UBICACION,0,0,HERMES-01,2026-07-17T23:18:19.294854
2042,5731,17/07/2026,18:23:30,2.281643667,-72.41397367,NUEVA UBICACION,0,0,HERMES-01,2026-07-17T23:23:37.333689
2043,5732,17/07/2026,18:28:50,2.281663333,-72.41396983,NUEVA UBICACION,0,0,HERMES-01,2026-07-17T23:28:58.454929
2044,5733,17/07/2026,18:34:09,2.281643667,-72.41397433,NUEVA UBICACION,0,0,HERMES-01,2026-07-17T23:34:18.198659
2045,5734,17/07/2026,18:39:30,2.281659333,-72.41399067,NUEVA UBICACION,0,0,HERMES-01,2026-07-17T23:39:38.541153
2046,5735,17/07/2026,18:44:51,2.281657833,-72.41398167,NUEVA UBICACION,0,0,HERMES-01,2026-07-17T23:44:58.595135
2047,5736,17/07/2026,18:50:10,2.2816465,-72.41398433,NUEVA UBICACION,0,0,HERMES-01,2026-07-17T23:50:20.750575
2048,5737,17/07/2026,18:55:32,2.281589333,-72.414031,NUEVA UBICACION,0,0,HERMES-01,2026-07-17T23:55:40.023664
2049,5471,17/07/2026,19:01:21,2.2816515,-72.41397967,NUEVA UBICACION,0,0,HERMES-01,2026-07-17T00:01:28.171379
2050,5475,17/07/2026,19:22:53,2.281699333,-72.4139725,NUEVA UBICACION,0,0,HERMES-01,2026-07-17T00:23:00.838619
2051,5476,17/07/2026,19:28:13,2.281666167,-72.413965,NUEVA UBICACION,0,0,HERMES-01,2026-07-17T00:28:19.679450
2052,5477,17/07/2026,19:33:32,2.281653167,-72.41394617,NUEVA UBICACION,0,0,HERMES-01,2026-07-17T00:33:39.532236
2053,5478,17/07/2026,19:38:50,2.281668,-72.4139565,NUEVA UBICACION,0,0,HERMES-01,2026-07-17T00:38:56.988561
2054,5479,17/07/2026,19:44:09,2.281655833,-72.41395983,NUEVA UBICACION,0,0,HERMES-01,2026-07-17T00:44:16.290617
2055,5481,17/07/2026,19:54:45,2.281662833,-72.413968,NUEVA UBICACION,0,0,HERMES-01,2026-07-17T00:54:52.139144
2056,5482,17/07/2026,20:00:03,2.281641167,-72.41395017,NUEVA UBICACION,0,0,HERMES-01,2026-07-17T01:00:09.471862
2057,5483,17/07/2026,20:05:20,2.281673833,-72.4139895,NUEVA UBICACION,0,0,HERMES-01,2026-07-17T01:05:27.476910
2058,5484,17/07/2026,20:10:39,2.281677833,-72.41398333,NUEVA UBICACION,0,0,HERMES-01,2026-07-17T01:10:46.023135
2059,5485,17/07/2026,20:16:00,2.281693667,-72.41399267,NUEVA UBICACION,0,0,HERMES-01,2026-07-17T01:16:08.883920
2060,5486,17/07/2026,20:21:21,2.281685333,-72.41398267,NUEVA UBICACION,0,0,HERMES-01,2026-07-17T01:21:28.077886
2061,5487,17/07/2026,20:26:39,2.281709833,-72.4139935,NUEVA UBICACION,0,0,HERMES-01,2026-07-17T01:26:46.023464
2062,5489,17/07/2026,20:37:19,2.2816355,-72.41396217,NUEVA UBICACION,0,0,HERMES-01,2026-07-17T01:37:26.385440
2063,5490,17/07/2026,20:42:38,2.281653333,-72.4139535,NUEVA UBICACION,0,0,HERMES-01,2026-07-17T01:42:45.394302
2064,5491,17/07/2026,20:47:56,2.281620333,-72.41393967,NUEVA UBICACION,0,0,HERMES-01,2026-07-17T01:48:03.420375
2065,5492,17/07/2026,20:53:15,2.281653,-72.4139445,NUEVA UBICACION,0,0,HERMES-01,2026-07-17T01:53:21.465417
2066,5494,17/07/2026,21:03:51,2.281666,-72.4139575,NUEVA UBICACION,0,0,HERMES-01,2026-07-17T02:03:58.655964
2067,5495,17/07/2026,21:09:11,2.281666833,-72.41397367,NUEVA UBICACION,0,0,HERMES-01,2026-07-17T02:09:17.519165
2068,5763,,No disponible,2.281671,-72.41394433,NUEVA UBICACION,0,0,HERMES-01,2026-07-18T02:13:56.586601
2069,5496,17/07/2026,21:14:31,2.281671167,-72.41396483,NUEVA UBICACION,0,0,HERMES-01,2026-07-17T02:14:37.383379
2070,5497,17/07/2026,21:19:48,2.281681667,-72.41394383,NUEVA UBICACION,0,0,HERMES-01,2026-07-17T02:19:54.137857
2071,5498,17/07/2026,21:25:06,2.281666833,-72.413948,NUEVA UBICACION,0,0,HERMES-01,2026-07-17T02:25:12.709336
2072,5499,17/07/2026,21:30:24,2.281649833,-72.4139705,NUEVA UBICACION,0,0,HERMES-01,2026-07-17T02:30:30.451496
2073,5500,17/07/2026,21:35:40,2.281655167,-72.413964,NUEVA UBICACION,0,0,HERMES-01,2026-07-17T02:35:47.515040
2074,5768,,No disponible,2.281682833,-72.41396567,NUEVA UBICACION,0,0,HERMES-01,2026-07-18T02:40:31.839549
2075,5501,17/07/2026,21:40:59,2.281632833,-72.4139595,NUEVA UBICACION,0,0,HERMES-01,2026-07-17T02:41:07.051032
2076,5502,17/07/2026,21:46:17,2.2816575,-72.41396133,NUEVA UBICACION,0,0,HERMES-01,2026-07-17T02:46:25.276720
2077,5503,17/07/2026,21:51:37,2.281676667,-72.41395683,NUEVA UBICACION,0,0,HERMES-01,2026-07-17T02:51:44.574466
2078,5505,17/07/2026,22:02:15,2.281640833,-72.41394283,NUEVA UBICACION,0,0,HERMES-01,2026-07-17T03:02:21.992329
2079,5773,,No disponible,2.281651,-72.41398383,NUEVA UBICACION,0,0,HERMES-01,2026-07-18T03:07:07.133839
2080,5506,17/07/2026,22:07:32,2.281649833,-72.41396617,NUEVA UBICACION,0,0,HERMES-01,2026-07-17T03:07:39.026187
2081,5507,17/07/2026,22:12:51,2.281645833,-72.41395233,NUEVA UBICACION,0,0,HERMES-01,2026-07-17T03:12:57.656321
2082,5508,17/07/2026,22:18:09,2.281672167,-72.41396383,NUEVA UBICACION,0,0,HERMES-01,2026-07-17T03:18:15.428229
2083,5776,,No disponible,2.281647833,-72.41396617,NUEVA UBICACION,0,0,HERMES-01,2026-07-18T03:23:03.477262
2084,5509,17/07/2026,22:23:27,2.281665833,-72.41395217,NUEVA UBICACION,0,0,HERMES-01,2026-07-17T03:23:33.522253
2085,5510,17/07/2026,22:28:45,2.281636,-72.4139265,NUEVA UBICACION,0,0,HERMES-01,2026-07-17T03:28:51.935946
2086,5778,,No disponible,2.281681333,-72.413964,NUEVA UBICACION,0,0,HERMES-01,2026-07-18T03:33:41.242406
2087,5511,17/07/2026,22:34:04,2.281664,-72.41395383,NUEVA UBICACION,0,0,HERMES-01,2026-07-17T03:34:10.600896
2088,5512,17/07/2026,22:39:20,2.281684833,-72.41397417,NUEVA UBICACION,0,0,HERMES-01,2026-07-17T03:39:26.684398
2089,5513,17/07/2026,22:44:37,2.281659333,-72.413945,NUEVA UBICACION,0,0,HERMES-01,2026-07-17T03:44:44.493490
2090,5514,17/07/2026,22:49:56,2.281669,-72.41397533,NUEVA UBICACION,0,0,HERMES-01,2026-07-17T03:50:02.445368
2091,5515,17/07/2026,22:55:13,2.281646333,-72.41399067,NUEVA UBICACION,0,0,HERMES-01,2026-07-17T03:55:20.212286
2092,5516,17/07/2026,23:00:31,2.281652333,-72.41397067,NUEVA UBICACION,0,0,HERMES-01,2026-07-17T04:00:37.851554
2093,5517,17/07/2026,23:05:48,2.281649333,-72.4139715,NUEVA UBICACION,0,0,HERMES-01,2026-07-17T04:05:55.135763
2094,5519,17/07/2026,23:16:25,2.281662333,-72.41396283,NUEVA UBICACION,0,0,HERMES-01,2026-07-17T04:16:32.031631
2095,5520,17/07/2026,23:21:43,2.281684,-72.413974,NUEVA UBICACION,0,0,HERMES-01,2026-07-17T04:21:51.267200
2096,5788,,No disponible,2.281662833,-72.41395833,NUEVA UBICACION,0,0,HERMES-01,2026-07-18T04:26:56.366870
2097,5521,17/07/2026,23:27:02,2.281652833,-72.41398183,NUEVA UBICACION,0,0,HERMES-01,2026-07-17T04:27:09.536556
2098,5789,,No disponible,2.281680333,-72.41398067,NUEVA UBICACION,0,0,HERMES-01,2026-07-18T04:32:14.823859
2099,5522,17/07/2026,23:32:21,2.281674167,-72.4139855,NUEVA UBICACION,0,0,HERMES-01,2026-07-17T04:32:28.581320
2100,5523,17/07/2026,23:37:39,2.281676667,-72.41399,NUEVA UBICACION,0,0,HERMES-01,2026-07-17T04:37:46.921912
2101,5524,17/07/2026,23:42:59,2.281663833,-72.41394567,NUEVA UBICACION,0,0,HERMES-01,2026-07-17T04:43:06.594989
2102,5525,17/07/2026,23:48:17,2.281698167,-72.413954,NUEVA UBICACION,0,0,HERMES-01,2026-07-17T04:48:23.948697
2103,5526,17/07/2026,23:53:35,2.281669167,-72.41397083,NUEVA UBICACION,0,0,HERMES-01,2026-07-17T04:53:42.023241
2104,5795,18/07/2026,00:04:04,2.281668333,-72.413965,NUEVA UBICACION,0,0,HERMES-01,2026-07-18T05:04:11.835742
2105,5796,18/07/2026,00:09:23,2.281678667,-72.41395333,NUEVA UBICACION,0,0,HERMES-01,2026-07-18T05:09:29.906689
2106,5797,,No disponible,2.281655333,-72.41394683,NUEVA UBICACION,0,0,HERMES-01,2026-07-18T05:14:49.421666
2107,5798,18/07/2026,00:20:01,2.281647667,-72.41394617,NUEVA UBICACION,0,0,HERMES-01,2026-07-18T05:20:08.441243
2108,5799,18/07/2026,00:25:21,2.281671333,-72.41395867,NUEVA UBICACION,0,0,HERMES-01,2026-07-18T05:25:29.006944
2109,5800,18/07/2026,00:30:42,2.281667333,-72.41397817,NUEVA UBICACION,0,0,HERMES-01,2026-07-18T05:30:49.161175
2110,5801,18/07/2026,00:36:02,2.281664333,-72.41394633,NUEVA UBICACION,0,0,HERMES-01,2026-07-18T05:36:10.140338
2111,5802,18/07/2026,00:41:22,2.281677667,-72.413982,NUEVA UBICACION,0,0,HERMES-01,2026-07-18T05:41:29.313620
2112,5803,18/07/2026,00:46:42,2.281670667,-72.41397617,NUEVA UBICACION,0,0,HERMES-01,2026-07-18T05:46:49.358486
2113,5804,18/07/2026,00:52:01,2.281663667,-72.41396117,NUEVA UBICACION,0,0,HERMES-01,2026-07-18T05:52:08.013268
2114,5805,,No disponible,2.281639167,-72.41396867,NUEVA UBICACION,0,0,HERMES-01,2026-07-18T05:57:26.807254
2115,5806,18/07/2026,01:02:38,2.281648833,-72.41397817,NUEVA UBICACION,0,0,HERMES-01,2026-07-18T06:02:45.192270
2116,5807,18/07/2026,01:07:58,2.2816325,-72.41396333,NUEVA UBICACION,0,0,HERMES-01,2026-07-18T06:08:04.990329
2117,5808,18/07/2026,01:13:17,2.2816785,-72.4139815,NUEVA UBICACION,0,0,HERMES-01,2026-07-18T06:13:24.309485
2118,5809,,No disponible,2.281639333,-72.41395633,NUEVA UBICACION,0,0,HERMES-01,2026-07-18T06:18:43.969122
2119,5810,18/07/2026,01:23:56,2.281624,-72.41393867,NUEVA UBICACION,0,0,HERMES-01,2026-07-18T06:24:03.791267
2120,5811,18/07/2026,01:29:17,2.281634167,-72.41396033,NUEVA UBICACION,0,0,HERMES-01,2026-07-18T06:29:24.554656
2121,5812,18/07/2026,01:34:37,2.281641833,-72.4139615,NUEVA UBICACION,0,0,HERMES-01,2026-07-18T06:34:44.125399
2122,5813,18/07/2026,01:39:58,2.281601167,-72.41394517,NUEVA UBICACION,0,0,HERMES-01,2026-07-18T06:40:05.826975
2123,5814,18/07/2026,01:45:17,2.281740167,-72.41396517,NUEVA UBICACION,0,0,HERMES-01,2026-07-18T06:45:25.165327
2124,5815,18/07/2026,01:50:37,2.281685667,-72.413976,NUEVA UBICACION,0,0,HERMES-01,2026-07-18T06:50:44.426168
2125,5816,18/07/2026,01:55:55,2.281673833,-72.41397517,NUEVA UBICACION,0,0,HERMES-01,2026-07-18T06:56:03.847941
2126,5818,18/07/2026,02:06:57,2.2816615,-72.41396767,NUEVA UBICACION,0,0,HERMES-01,2026-07-18T07:07:04.191467
2127,5819,18/07/2026,02:12:16,2.281706167,-72.4139945,NUEVA UBICACION,0,0,HERMES-01,2026-07-18T07:12:23.550329
2128,5820,18/07/2026,02:17:34,2.281629333,-72.41394217,NUEVA UBICACION,0,0,HERMES-01,2026-07-18T07:17:41.079346
2129,5821,18/07/2026,02:22:53,2.281667,-72.41396333,NUEVA UBICACION,0,0,HERMES-01,2026-07-18T07:23:01.560958
2130,5822,18/07/2026,02:28:12,2.281634167,-72.41395933,NUEVA UBICACION,0,0,HERMES-01,2026-07-18T07:28:19.782647
2131,5823,,No disponible,2.2816485,-72.41397283,NUEVA UBICACION,0,0,HERMES-01,2026-07-18T07:33:38.307813
2132,5824,18/07/2026,02:38:50,2.2816685,-72.413946,NUEVA UBICACION,0,0,HERMES-01,2026-07-18T07:38:57.139951
2133,5825,18/07/2026,02:44:08,2.281649833,-72.41396083,NUEVA UBICACION,0,0,HERMES-01,2026-07-18T07:44:15.538741
2134,5826,18/07/2026,02:49:27,2.281661167,-72.41396933,NUEVA UBICACION,0,0,HERMES-01,2026-07-18T07:49:36.301600
2135,5827,18/07/2026,02:54:47,2.281646667,-72.41395783,NUEVA UBICACION,0,0,HERMES-01,2026-07-18T07:54:54.206514
2136,5828,18/07/2026,03:00:06,2.281667,-72.41395467,NUEVA UBICACION,0,0,HERMES-01,2026-07-18T08:00:14.326218
2137,5829,,No disponible,2.281659167,-72.4139705,NUEVA UBICACION,0,0,HERMES-01,2026-07-18T08:05:34.430812
2138,5830,18/07/2026,03:10:46,2.281654667,-72.413959,NUEVA UBICACION,0,0,HERMES-01,2026-07-18T08:10:53.078888
2139,5831,18/07/2026,03:16:30,2.281693667,-72.414016,NUEVA UBICACION,0,0,HERMES-01,2026-07-18T08:16:37.470291
2140,5832,18/07/2026,03:21:48,2.281691333,-72.41399917,NUEVA UBICACION,0,0,HERMES-01,2026-07-18T08:21:54.484120
2141,5833,18/07/2026,03:27:06,2.281695333,-72.41397117,NUEVA UBICACION,0,0,HERMES-01,2026-07-18T08:27:12.343048
2142,5834,18/07/2026,03:32:32,2.281621,-72.41390367,NUEVA UBICACION,0,0,HERMES-01,2026-07-18T08:32:39.712731
2143,5835,18/07/2026,03:37:51,2.2816595,-72.41395667,NUEVA UBICACION,0,0,HERMES-01,2026-07-18T08:37:58.671143
2144,5836,18/07/2026,03:43:10,2.2816615,-72.41395583,NUEVA UBICACION,0,0,HERMES-01,2026-07-18T08:43:16.312491
2145,5837,,No disponible,2.281638833,-72.4139255,NUEVA UBICACION,0,0,HERMES-01,2026-07-18T08:48:38.510812
2146,5838,18/07/2026,03:53:49,2.281663833,-72.41396367,NUEVA UBICACION,0,0,HERMES-01,2026-07-18T08:53:56.705476
2147,5839,18/07/2026,03:59:10,2.281665,-72.4139635,NUEVA UBICACION,0,0,HERMES-01,2026-07-18T08:59:17.297743
2148,5840,18/07/2026,04:04:29,2.281670167,-72.41397967,NUEVA UBICACION,0,0,HERMES-01,2026-07-18T09:04:36.956138
2149,5841,18/07/2026,04:09:48,2.281670667,-72.41396567,NUEVA UBICACION,0,0,HERMES-01,2026-07-18T09:09:54.419648
2150,5842,18/07/2026,04:15:06,2.2816495,-72.41395867,NUEVA UBICACION,0,0,HERMES-01,2026-07-18T09:15:13.584091
2151,5843,18/07/2026,04:20:25,2.281666833,-72.413948,NUEVA UBICACION,0,0,HERMES-01,2026-07-18T09:20:32.251380
2152,5844,18/07/2026,04:25:44,2.281666667,-72.41395517,NUEVA UBICACION,0,0,HERMES-01,2026-07-18T09:25:51.561998
2153,5845,18/07/2026,04:31:04,2.2816675,-72.41395867,NUEVA UBICACION,0,0,HERMES-01,2026-07-18T09:31:11.738397
2154,5846,18/07/2026,04:36:23,2.281664833,-72.41397717,NUEVA UBICACION,0,0,HERMES-01,2026-07-18T09:36:29.656197
2155,5847,18/07/2026,04:41:40,2.281688,-72.41396767,NUEVA UBICACION,0,0,HERMES-01,2026-07-18T09:41:47.607223
2156,5848,18/07/2026,04:46:59,2.2816625,-72.41395933,NUEVA UBICACION,0,0,HERMES-01,2026-07-18T09:47:05.454347
2157,5849,18/07/2026,04:52:17,2.281661333,-72.41397,NUEVA UBICACION,0,0,HERMES-01,2026-07-18T09:52:24.909064
2158,5850,18/07/2026,04:57:37,2.281659333,-72.413963,NUEVA UBICACION,0,0,HERMES-01,2026-07-18T09:57:44.690720
2159,5851,18/07/2026,05:02:56,2.2816555,-72.41395917,NUEVA UBICACION,0,0,HERMES-01,2026-07-18T10:03:03.082294
2160,5852,18/07/2026,05:08:14,2.281652333,-72.41397683,NUEVA UBICACION,0,0,HERMES-01,2026-07-18T10:08:21.514832
2161,5853,18/07/2026,05:13:34,2.281661333,-72.41395483,NUEVA UBICACION,0,0,HERMES-01,2026-07-18T10:13:40.277892
2162,5854,18/07/2026,05:18:52,2.281661333,-72.41396267,NUEVA UBICACION,0,0,HERMES-01,2026-07-18T10:19:00.982396
2163,5855,18/07/2026,05:24:14,2.281670833,-72.41395783,NUEVA UBICACION,0,0,HERMES-01,2026-07-18T10:24:20.838337
2164,5856,18/07/2026,05:29:33,2.281677667,-72.4139775,NUEVA UBICACION,0,0,HERMES-01,2026-07-18T10:29:40.740039
2165,5857,18/07/2026,05:34:54,2.281657667,-72.41396283,NUEVA UBICACION,0,0,HERMES-01,2026-07-18T10:35:01.805180
2166,5858,18/07/2026,05:40:12,2.281665167,-72.41395367,NUEVA UBICACION,0,0,HERMES-01,2026-07-18T10:40:20.101317
2167,5859,18/07/2026,05:45:32,2.281633333,-72.4139525,NUEVA UBICACION,0,0,HERMES-01,2026-07-18T10:45:38.530643
2168,5860,18/07/2026,05:50:51,2.281663,-72.41400233,NUEVA UBICACION,0,0,HERMES-01,2026-07-18T10:50:59.730411
2169,5861,18/07/2026,05:56:11,2.281656833,-72.41394067,NUEVA UBICACION,0,0,HERMES-01,2026-07-18T10:56:19.631945
2170,5862,18/07/2026,06:01:30,2.281673833,-72.41395767,NUEVA UBICACION,0,0,HERMES-01,2026-07-18T11:01:37.626354
2171,5863,18/07/2026,06:06:52,2.2816535,-72.4139605,NUEVA UBICACION,0,0,HERMES-01,2026-07-18T11:06:59.259236
2172,5864,18/07/2026,06:12:10,2.281646667,-72.41396717,NUEVA UBICACION,0,0,HERMES-01,2026-07-18T11:12:17.284516
2173,5865,18/07/2026,06:17:28,2.281658,-72.4139705,NUEVA UBICACION,0,0,HERMES-01,2026-07-18T11:17:34.719485
2174,5866,18/07/2026,06:22:45,2.281678167,-72.41398,NUEVA UBICACION,0,0,HERMES-01,2026-07-18T11:22:52.297233
2175,5867,18/07/2026,06:28:03,2.2816635,-72.41397717,NUEVA UBICACION,0,0,HERMES-01,2026-07-18T11:28:10.220570
2176,5868,18/07/2026,06:33:21,2.281683333,-72.4139865,NUEVA UBICACION,0,0,HERMES-01,2026-07-18T11:33:27.358277
2177,5869,18/07/2026,06:38:38,2.281667333,-72.41397717,NUEVA UBICACION,0,0,HERMES-01,2026-07-18T11:38:45.221608
2178,5870,,No disponible,2.281624333,-72.41393517,NUEVA UBICACION,0,0,HERMES-01,2026-07-18T11:44:04.874796
2179,5871,18/07/2026,06:49:18,2.281656833,-72.4139605,NUEVA UBICACION,0,0,HERMES-01,2026-07-18T11:49:24.464178
2180,5872,18/07/2026,06:54:37,2.281653,-72.413961,NUEVA UBICACION,0,0,HERMES-01,2026-07-18T11:54:43.674292
2181,5873,18/07/2026,06:59:55,2.281673333,-72.413976,NUEVA UBICACION,0,0,HERMES-01,2026-07-18T12:00:02.329749
2182,5874,18/07/2026,07:05:14,2.281664,-72.4139725,NUEVA UBICACION,0,0,HERMES-01,2026-07-18T12:05:21.166879
2183,5875,18/07/2026,07:10:34,2.281663,-72.4139565,NUEVA UBICACION,0,0,HERMES-01,2026-07-18T12:10:40.801141
2184,5876,18/07/2026,07:15:52,2.281650333,-72.41396567,NUEVA UBICACION,0,0,HERMES-01,2026-07-18T12:15:59.920986
2185,5877,18/07/2026,07:21:12,2.281694,-72.4140065,NUEVA UBICACION,0,0,HERMES-01,2026-07-18T12:21:18.832955
2186,5878,,No disponible,2.281665333,-72.41398083,NUEVA UBICACION,0,0,HERMES-01,2026-07-18T12:26:37.917547
2187,5879,,No disponible,2.281654,-72.4139765,NUEVA UBICACION,0,0,HERMES-01,2026-07-18T12:31:55.038806
2188,5880,18/07/2026,07:37:06,2.281680167,-72.414008,NUEVA UBICACION,0,0,HERMES-01,2026-07-18T12:37:13.637921
2189,5881,,No disponible,2.2816205,-72.41398083,NUEVA UBICACION,0,0,HERMES-01,2026-07-18T12:42:32.689298
2190,5882,,No disponible,2.281663833,-72.41395567,NUEVA UBICACION,0,0,HERMES-01,2026-07-18T12:48:15.130136
2191,5883,18/07/2026,07:53:25,2.281669833,-72.41399517,NUEVA UBICACION,0,0,HERMES-01,2026-07-18T12:53:31.829639
2192,5884,18/07/2026,07:58:43,2.281712833,-72.41392167,NUEVA UBICACION,0,0,HERMES-01,2026-07-18T12:58:50.747745
2193,5885,18/07/2026,08:04:02,2.2816775,-72.41394933,NUEVA UBICACION,0,0,HERMES-01,2026-07-18T13:04:08.798563
2194,5886,18/07/2026,08:09:19,2.281691667,-72.413947,NUEVA UBICACION,0,0,HERMES-01,2026-07-18T13:09:26.393680
2195,5887,18/07/2026,08:14:39,2.281684667,-72.41396817,NUEVA UBICACION,0,0,HERMES-01,2026-07-18T13:14:45.593442
2196,5888,18/07/2026,08:20:00,2.281644833,-72.41400417,NUEVA UBICACION,0,0,HERMES-01,2026-07-18T13:20:07.787041
2197,5889,18/07/2026,08:25:19,2.281675667,-72.41399767,NUEVA UBICACION,0,0,HERMES-01,2026-07-18T13:25:26.748211
2198,5890,18/07/2026,08:30:38,2.281689667,-72.41398083,NUEVA UBICACION,0,0,HERMES-01,2026-07-18T13:30:45.215192
2199,5891,18/07/2026,08:35:56,2.281684167,-72.4139945,NUEVA UBICACION,0,0,HERMES-01,2026-07-18T13:36:03.739859
2200,5892,18/07/2026,08:41:14,2.281691333,-72.41398017,NUEVA UBICACION,0,0,HERMES-01,2026-07-18T13:41:22.665478
2201,5893,18/07/2026,08:46:33,2.281693833,-72.41397267,NUEVA UBICACION,0,0,HERMES-01,2026-07-18T13:46:40.325370
2202,5894,18/07/2026,08:51:52,2.2816625,-72.413938,NUEVA UBICACION,0,0,HERMES-01,2026-07-18T13:51:58.710341
2203,5895,18/07/2026,08:57:11,2.281659333,-72.41397733,NUEVA UBICACION,0,0,HERMES-01,2026-07-18T13:57:18.134705
2204,5896,18/07/2026,09:02:31,2.281678,-72.4139895,NUEVA UBICACION,0,0,HERMES-01,2026-07-18T14:02:38.232222
2205,5897,18/07/2026,09:07:51,2.281694667,-72.41395183,NUEVA UBICACION,0,0,HERMES-01,2026-07-18T14:07:58.893831
2206,5898,18/07/2026,09:13:10,2.281646667,-72.41395417,NUEVA UBICACION,0,0,HERMES-01,2026-07-18T14:13:16.638633
2207,5899,18/07/2026,09:18:28,2.281647,-72.41393533,NUEVA UBICACION,0,0,HERMES-01,2026-07-18T14:18:34.740587
2208,5900,,No disponible,2.281701333,-72.41400633,NUEVA UBICACION,0,0,HERMES-01,2026-07-18T14:23:53.840968
2209,5901,18/07/2026,09:29:05,2.281673,-72.41398117,NUEVA UBICACION,0,0,HERMES-01,2026-07-18T14:29:11.320534
2210,5902,18/07/2026,09:34:23,2.281653333,-72.41395817,NUEVA UBICACION,0,0,HERMES-01,2026-07-18T14:34:29.603854
2211,5903,18/07/2026,09:39:41,2.281663667,-72.41395967,NUEVA UBICACION,0,0,HERMES-01,2026-07-18T14:39:48.900470
2212,5904,18/07/2026,09:45:01,2.281656,-72.4139725,NUEVA UBICACION,0,0,HERMES-01,2026-07-18T14:45:07.729289
2213,5905,18/07/2026,09:50:19,2.2816735,-72.41395317,NUEVA UBICACION,0,0,HERMES-01,2026-07-18T14:50:26.111978
2214,5906,18/07/2026,09:55:38,2.281699667,-72.41397217,NUEVA UBICACION,0,0,HERMES-01,2026-07-18T14:55:46.243945
2215,5907,,No disponible,2.281642667,-72.413967,NUEVA UBICACION,0,0,HERMES-01,2026-07-18T15:01:04.668482
2216,5908,18/07/2026,10:06:17,2.281655,-72.4139475,NUEVA UBICACION,0,0,HERMES-01,2026-07-18T15:06:23.421658
2217,5909,18/07/2026,10:11:35,2.281653333,-72.41396217,NUEVA UBICACION,0,0,HERMES-01,2026-07-18T15:11:42.897479
2218,5910,,No disponible,2.281635167,-72.41396783,NUEVA UBICACION,0,0,HERMES-01,2026-07-18T15:17:01.254047
2219,5911,18/07/2026,10:22:13,2.281679,-72.41396417,NUEVA UBICACION,0,0,HERMES-01,2026-07-18T15:22:19.726339
2220,5912,18/07/2026,10:27:32,2.281684,-72.41396383,NUEVA UBICACION,0,0,HERMES-01,2026-07-18T15:27:39.202310
2221,5913,,No disponible,2.281717667,-72.41400733,NUEVA UBICACION,0,0,HERMES-01,2026-07-18T15:32:57.332310
2222,5914,18/07/2026,10:38:08,2.281700333,-72.41399,NUEVA UBICACION,0,0,HERMES-01,2026-07-18T15:38:15.596856
2223,5915,18/07/2026,10:43:27,2.2817045,-72.413972,NUEVA UBICACION,0,0,HERMES-01,2026-07-18T15:43:34.404703
2224,5916,18/07/2026,10:48:46,2.281696833,-72.413959,NUEVA UBICACION,0,0,HERMES-01,2026-07-18T15:48:53.175803
2225,5917,,No disponible,2.281689167,-72.41396517,NUEVA UBICACION,0,0,HERMES-01,2026-07-18T15:54:11.007696
2226,5918,18/07/2026,10:59:23,2.281713667,-72.41398733,NUEVA UBICACION,0,0,HERMES-01,2026-07-18T15:59:31.059201
2227,5919,,No disponible,2.281656333,-72.41396567,NUEVA UBICACION,0,0,HERMES-01,2026-07-18T16:04:48.940501
2228,5920,18/07/2026,11:10:00,2.281681833,-72.4139735,NUEVA UBICACION,0,0,HERMES-01,2026-07-18T16:10:07.214938
2229,5921,18/07/2026,11:15:22,2.281687167,-72.4139755,NUEVA UBICACION,0,0,HERMES-01,2026-07-18T16:15:28.882682
2230,5922,18/07/2026,11:20:41,2.281674667,-72.41396333,NUEVA UBICACION,0,0,HERMES-01,2026-07-18T16:20:47.656991
2231,5923,18/07/2026,11:25:59,2.281677833,-72.413952,NUEVA UBICACION,0,0,HERMES-01,2026-07-18T16:26:05.400087
2232,5924,18/07/2026,11:31:17,2.2816855,-72.41395317,NUEVA UBICACION,0,0,HERMES-01,2026-07-18T16:31:24.146747
2233,5925,18/07/2026,11:36:37,2.281660667,-72.4139515,NUEVA UBICACION,0,0,HERMES-01,2026-07-18T16:36:44.412895
2234,5926,18/07/2026,11:41:56,2.281675,-72.41395517,NUEVA UBICACION,0,0,HERMES-01,2026-07-18T16:42:02.792854
2235,5927,18/07/2026,11:47:14,2.281682833,-72.41395717,NUEVA UBICACION,0,0,HERMES-01,2026-07-18T16:47:21.730469
2236,5928,18/07/2026,11:52:35,2.281688833,-72.41394867,NUEVA UBICACION,0,0,HERMES-01,2026-07-18T16:52:41.822568
2237,5929,18/07/2026,11:57:54,2.281678,-72.41396817,NUEVA UBICACION,0,0,HERMES-01,2026-07-18T16:58:02.291723
2238,5930,18/07/2026,12:03:13,2.2816835,-72.41393783,NUEVA UBICACION,0,0,HERMES-01,2026-07-18T17:03:20.060252
2239,5931,18/07/2026,12:08:31,2.281670167,-72.4139865,NUEVA UBICACION,0,0,HERMES-01,2026-07-18T17:08:38.127330
2240,5932,18/07/2026,12:13:49,2.281664667,-72.4139495,NUEVA UBICACION,0,0,HERMES-01,2026-07-18T17:13:56.087334
2241,5933,18/07/2026,12:19:08,2.281676333,-72.41399217,NUEVA UBICACION,0,0,HERMES-01,2026-07-18T17:19:15.090881
2242,5934,18/07/2026,12:24:26,2.2816565,-72.41396067,NUEVA UBICACION,0,0,HERMES-01,2026-07-18T17:24:33.788717
2243,5935,18/07/2026,12:29:45,2.281661167,-72.4139315,NUEVA UBICACION,0,0,HERMES-01,2026-07-18T17:29:52.064512
2244,5936,18/07/2026,12:35:03,2.281677,-72.41395717,NUEVA UBICACION,0,0,HERMES-01,2026-07-18T17:35:11.263117
2245,5937,18/07/2026,12:40:22,2.2816715,-72.41394383,NUEVA UBICACION,0,0,HERMES-01,2026-07-18T17:40:29.119131
2246,5938,18/07/2026,12:45:42,2.281638333,-72.41392533,NUEVA UBICACION,0,0,HERMES-01,2026-07-18T17:45:48.270510
2247,5939,18/07/2026,12:51:00,2.2816565,-72.413979,NUEVA UBICACION,0,0,HERMES-01,2026-07-18T17:51:09.519094
2248,5940,18/07/2026,12:56:22,2.281662,-72.413955,NUEVA UBICACION,0,0,HERMES-01,2026-07-18T17:56:29.111635
2249,5941,,No disponible,2.281660667,-72.41396033,NUEVA UBICACION,0,0,HERMES-01,2026-07-18T18:01:50.005489
2250,5942,18/07/2026,13:07:03,2.281685667,-72.41391067,NUEVA UBICACION,0,0,HERMES-01,2026-07-18T18:07:10.470621
2251,5943,18/07/2026,13:12:21,2.281677,-72.41395333,NUEVA UBICACION,0,0,HERMES-01,2026-07-18T18:12:29.572921
2252,5944,18/07/2026,13:17:44,2.281666333,-72.41395667,NUEVA UBICACION,0,0,HERMES-01,2026-07-18T18:17:51.340542
2253,5945,18/07/2026,13:23:03,2.281661,-72.41395417,NUEVA UBICACION,0,0,HERMES-01,2026-07-18T18:23:09.473367
2254,5946,18/07/2026,13:28:21,2.281650833,-72.41395117,NUEVA UBICACION,0,0,HERMES-01,2026-07-18T18:28:28.454644
2255,5947,18/07/2026,13:33:40,2.281665667,-72.4139595,NUEVA UBICACION,0,0,HERMES-01,2026-07-18T18:33:46.710456
2256,5948,18/07/2026,13:38:59,2.281660833,-72.41395517,NUEVA UBICACION,0,0,HERMES-01,2026-07-18T18:39:05.818659
2257,5949,18/07/2026,13:44:18,2.2816725,-72.41395067,NUEVA UBICACION,0,0,HERMES-01,2026-07-18T18:44:28.587214
2258,5950,18/07/2026,13:49:40,2.281650667,-72.41395167,NUEVA UBICACION,0,0,HERMES-01,2026-07-18T18:49:47.773631
2259,5951,18/07/2026,13:54:59,2.281703333,-72.41398933,NUEVA UBICACION,0,0,HERMES-01,2026-07-18T18:55:05.985118
2260,5952,18/07/2026,14:00:18,2.281666333,-72.4139795,NUEVA UBICACION,0,0,HERMES-01,2026-07-18T19:00:24.863749
2261,5953,18/07/2026,14:05:36,2.281684667,-72.41399367,NUEVA UBICACION,0,0,HERMES-01,2026-07-18T19:05:43.374571
2262,5954,18/07/2026,14:10:57,2.281655667,-72.4139695,NUEVA UBICACION,0,0,HERMES-01,2026-07-18T19:11:04.274944
2263,5955,18/07/2026,14:16:16,2.281722333,-72.41398717,NUEVA UBICACION,0,0,HERMES-01,2026-07-18T19:16:22.193196
2264,5956,18/07/2026,14:21:34,2.281686667,-72.41397517,NUEVA UBICACION,0,0,HERMES-01,2026-07-18T19:21:40.834374
2265,5957,18/07/2026,14:26:52,2.281688167,-72.41397083,NUEVA UBICACION,0,0,HERMES-01,2026-07-18T19:27:00.909091
2266,5958,18/07/2026,14:32:13,2.2816905,-72.413992,NUEVA UBICACION,0,0,HERMES-01,2026-07-18T19:32:20.599318
2267,5959,18/07/2026,14:37:34,2.281669667,-72.41393383,NUEVA UBICACION,0,0,HERMES-01,2026-07-18T19:37:41.375370
2268,5960,,No disponible,2.281678167,-72.41398,NUEVA UBICACION,0,0,HERMES-01,2026-07-18T19:43:00.394599
2269,5961,18/07/2026,14:48:15,2.281678667,-72.41395983,NUEVA UBICACION,0,0,HERMES-01,2026-07-18T19:48:22.404947
2270,5962,18/07/2026,14:53:34,2.281674667,-72.41396417,NUEVA UBICACION,0,0,HERMES-01,2026-07-18T19:53:40.812678
2271,5963,18/07/2026,14:58:55,2.281672167,-72.413976,NUEVA UBICACION,0,0,HERMES-01,2026-07-18T19:59:03.100402
2272,5964,18/07/2026,15:04:14,2.281682333,-72.41399817,NUEVA UBICACION,0,0,HERMES-01,2026-07-18T20:04:21.228219
2273,5965,18/07/2026,15:09:33,2.281681667,-72.413957,NUEVA UBICACION,0,0,HERMES-01,2026-07-18T20:09:41.034755
2274,5966,18/07/2026,15:14:54,2.2816635,-72.41395867,NUEVA UBICACION,0,0,HERMES-01,2026-07-18T20:15:01.778615
2275,5967,,No disponible,2.2816565,-72.413938,NUEVA UBICACION,0,0,HERMES-01,2026-07-18T20:20:20.193067
2276,5968,18/07/2026,15:25:33,2.281683333,-72.41395967,NUEVA UBICACION,0,0,HERMES-01,2026-07-18T20:25:40.525040
2277,5969,18/07/2026,15:30:53,2.281684333,-72.41395067,NUEVA UBICACION,0,0,HERMES-01,2026-07-18T20:30:59.823245
2278,5970,18/07/2026,15:36:15,2.281672833,-72.41396867,NUEVA UBICACION,0,0,HERMES-01,2026-07-18T20:36:21.921289
2279,5971,18/07/2026,15:41:33,2.2817025,-72.4139765,NUEVA UBICACION,0,0,HERMES-01,2026-07-18T20:41:49.645576
2280,5972,18/07/2026,15:47:01,2.281668,-72.41395683,NUEVA UBICACION,0,0,HERMES-01,2026-07-18T20:47:07.472244
2281,5973,18/07/2026,15:52:18,2.281662333,-72.41394,NUEVA UBICACION,0,0,HERMES-01,2026-07-18T20:52:25.752117
2282,5974,18/07/2026,15:57:39,2.281639667,-72.41393133,NUEVA UBICACION,0,0,HERMES-01,2026-07-18T20:57:45.391504
2283,5975,18/07/2026,16:02:57,2.281638167,-72.41393683,NUEVA UBICACION,0,0,HERMES-01,2026-07-18T21:03:06.803670
2284,5976,18/07/2026,16:08:17,2.2816765,-72.41398033,NUEVA UBICACION,0,0,HERMES-01,2026-07-18T21:08:24.287872
2285,5977,18/07/2026,16:13:35,2.281675,-72.4139585,NUEVA UBICACION,0,0,HERMES-01,2026-07-18T21:13:41.929688
2286,5978,18/07/2026,16:18:53,2.281656,-72.41396583,NUEVA UBICACION,0,0,HERMES-01,2026-07-18T21:19:00.684893
2287,5979,18/07/2026,16:24:12,2.281694,-72.4139475,NUEVA UBICACION,0,0,HERMES-01,2026-07-18T21:24:18.747371
2288,5980,18/07/2026,16:29:30,2.2816675,-72.41396233,NUEVA UBICACION,0,0,HERMES-01,2026-07-18T21:29:37.638640
2289,5981,18/07/2026,16:34:50,2.281654667,-72.41397483,NUEVA UBICACION,0,0,HERMES-01,2026-07-18T21:34:56.662339
2290,5982,18/07/2026,16:40:08,2.2816585,-72.4139585,NUEVA UBICACION,0,0,HERMES-01,2026-07-18T21:40:14.403719
2291,5983,,No disponible,2.281655333,-72.413962,NUEVA UBICACION,0,0,HERMES-01,2026-07-18T21:45:33.033506
2292,5984,18/07/2026,16:50:44,2.281652833,-72.41395783,NUEVA UBICACION,0,0,HERMES-01,2026-07-18T21:50:51.281837
2293,5985,,No disponible,2.281662667,-72.41395983,NUEVA UBICACION,0,0,HERMES-01,2026-07-18T21:56:11.271753
2294,5986,18/07/2026,17:01:23,2.281674833,-72.41396633,NUEVA UBICACION,0,0,HERMES-01,2026-07-18T22:01:30.096590
2295,5987,18/07/2026,17:06:41,2.281718667,-72.41396067,NUEVA UBICACION,0,0,HERMES-01,2026-07-18T22:06:48.599953
2296,5988,18/07/2026,17:12:03,2.281719,-72.41398017,NUEVA UBICACION,0,0,HERMES-01,2026-07-18T22:12:13.620062
2297,5989,18/07/2026,17:17:24,2.281676833,-72.4139555,NUEVA UBICACION,0,0,HERMES-01,2026-07-18T22:17:32.398522
2298,5990,18/07/2026,17:22:45,2.281668,-72.4139715,NUEVA UBICACION,0,0,HERMES-01,2026-07-18T22:22:52.895288
2299,5991,18/07/2026,17:28:04,2.281656833,-72.41395383,NUEVA UBICACION,0,0,HERMES-01,2026-07-18T22:28:10.291743
2300,5992,18/07/2026,17:33:22,2.281662833,-72.41397417,NUEVA UBICACION,0,0,HERMES-01,2026-07-18T22:33:29.609644
2301,5993,18/07/2026,17:38:41,2.281689833,-72.41395067,NUEVA UBICACION,0,0,HERMES-01,2026-07-18T22:38:49.059993
2302,6158,18/07/2026,18:02:50,2.280344,-72.410194,REENVIO PENDIENTE,0,0,HERMES-01,2026-07-19T15:30:25.906263
2303,6158,18/07/2026,18:08:58,2.280365,-72.410117,REENVIO PENDIENTE,0,0,HERMES-01,2026-07-19T15:30:31.152258
2304,6158,18/07/2026,18:15:06,2.280329,-72.410164,REENVIO PENDIENTE,0,0,HERMES-01,2026-07-19T15:30:36.294022
2305,6158,18/07/2026,18:27:22,2.280317,-72.410178,REENVIO PENDIENTE,0,0,HERMES-01,2026-07-19T15:30:46.601860
2306,6158,18/07/2026,18:39:38,2.280321,-72.410177,REENVIO PENDIENTE,0,0,HERMES-01,2026-07-19T15:30:56.678470
2307,6158,18/07/2026,18:45:46,2.280308,-72.410169,REENVIO PENDIENTE,0,0,HERMES-01,2026-07-19T15:31:02.828777
2308,6158,18/07/2026,18:51:54,2.280331,-72.410216,REENVIO PENDIENTE,0,0,HERMES-01,2026-07-19T15:31:08.666173
2309,6158,18/07/2026,18:58:02,2.280363,-72.41022,REENVIO PENDIENTE,0,0,HERMES-01,2026-07-19T15:31:13.724539
2310,5738,18/07/2026,19:00:52,2.281665833,-72.4139965,NUEVA UBICACION,0,0,HERMES-01,2026-07-18T00:00:59.447679
2311,5739,18/07/2026,19:06:11,2.281645333,-72.41396867,NUEVA UBICACION,0,0,HERMES-01,2026-07-18T00:06:18.513627
2312,5740,18/07/2026,19:11:30,2.281657333,-72.41397267,NUEVA UBICACION,0,0,HERMES-01,2026-07-18T00:11:37.089219
2313,5741,18/07/2026,19:16:48,2.281659833,-72.4139695,NUEVA UBICACION,0,0,HERMES-01,2026-07-18T00:16:55.434670
2314,5742,18/07/2026,19:22:07,2.2816585,-72.41399083,NUEVA UBICACION,0,0,HERMES-01,2026-07-18T00:22:13.856792
2315,5743,18/07/2026,19:27:26,2.281648833,-72.4140035,NUEVA UBICACION,0,0,HERMES-01,2026-07-18T00:27:34.254378
2316,5744,18/07/2026,19:32:45,2.28166,-72.41396483,NUEVA UBICACION,0,0,HERMES-01,2026-07-18T00:32:52.837913
2317,5745,18/07/2026,19:38:04,2.281674,-72.41396283,NUEVA UBICACION,0,0,HERMES-01,2026-07-18T00:38:11.419612
2318,5746,18/07/2026,19:43:23,2.281637167,-72.41396333,NUEVA UBICACION,0,0,HERMES-01,2026-07-18T00:43:30.425124
2319,5747,18/07/2026,19:48:42,2.281632667,-72.41397583,NUEVA UBICACION,0,0,HERMES-01,2026-07-18T00:48:49.277399
2320,5748,18/07/2026,19:54:00,2.281647,-72.41395633,NUEVA UBICACION,0,0,HERMES-01,2026-07-18T00:54:08.430283
2321,5749,18/07/2026,19:59:20,2.281659833,-72.41398633,NUEVA UBICACION,0,0,HERMES-01,2026-07-18T00:59:27.719241
2322,5750,18/07/2026,20:04:39,2.281651333,-72.41396633,NUEVA UBICACION,0,0,HERMES-01,2026-07-18T01:04:46.227480
2323,5751,18/07/2026,20:09:59,2.281661333,-72.41398083,NUEVA UBICACION,0,0,HERMES-01,2026-07-18T01:10:06.465145
2324,5752,18/07/2026,20:15:19,2.281661,-72.4139715,NUEVA UBICACION,0,0,HERMES-01,2026-07-18T01:15:26.439376
2325,5753,18/07/2026,20:20:37,2.28168,-72.41394683,NUEVA UBICACION,0,0,HERMES-01,2026-07-18T01:20:44.204380
2326,5754,18/07/2026,20:25:58,2.281663667,-72.41397917,NUEVA UBICACION,0,0,HERMES-01,2026-07-18T01:26:05.330151
2327,5755,18/07/2026,20:31:17,2.281666167,-72.41393933,NUEVA UBICACION,0,0,HERMES-01,2026-07-18T01:31:23.286660
2328,5756,18/07/2026,20:36:35,2.281662833,-72.41393567,NUEVA UBICACION,0,0,HERMES-01,2026-07-18T01:36:43.233333
2329,5757,18/07/2026,20:41:54,2.281668333,-72.41396483,NUEVA UBICACION,0,0,HERMES-01,2026-07-18T01:42:01.025393
2330,5758,18/07/2026,20:47:12,2.281638667,-72.41396567,NUEVA UBICACION,0,0,HERMES-01,2026-07-18T01:47:20.163005
2331,5759,18/07/2026,20:52:31,2.281637,-72.41395383,NUEVA UBICACION,0,0,HERMES-01,2026-07-18T01:52:39.443901
2332,5760,18/07/2026,20:57:52,2.281666,-72.413977,NUEVA UBICACION,0,0,HERMES-01,2026-07-18T01:57:58.895153
2333,5761,18/07/2026,21:03:11,2.281669,-72.41395183,NUEVA UBICACION,0,0,HERMES-01,2026-07-18T02:03:18.238799
2334,5762,18/07/2026,21:08:31,2.281668667,-72.41394833,NUEVA UBICACION,0,0,HERMES-01,2026-07-18T02:08:37.998594
2335,5764,18/07/2026,21:19:09,2.281639333,-72.41395733,NUEVA UBICACION,0,0,HERMES-01,2026-07-18T02:19:15.929411
2336,5765,18/07/2026,21:24:27,2.281658667,-72.41395817,NUEVA UBICACION,0,0,HERMES-01,2026-07-18T02:24:34.300638
2337,5766,18/07/2026,21:29:46,2.281646,-72.41395167,NUEVA UBICACION,0,0,HERMES-01,2026-07-18T02:29:54.730145
2338,5767,18/07/2026,21:35:07,2.281666,-72.41396483,NUEVA UBICACION,0,0,HERMES-01,2026-07-18T02:35:13.652301
2339,5769,18/07/2026,21:45:43,2.281662833,-72.413973,NUEVA UBICACION,0,0,HERMES-01,2026-07-18T02:45:50.291985
2340,5770,18/07/2026,21:51:02,2.281681833,-72.41392567,NUEVA UBICACION,0,0,HERMES-01,2026-07-18T02:51:10.331349
2341,5771,18/07/2026,21:56:21,2.281656167,-72.41396483,NUEVA UBICACION,0,0,HERMES-01,2026-07-18T02:56:28.146998
2342,5772,18/07/2026,22:01:40,2.281653833,-72.41395767,NUEVA UBICACION,0,0,HERMES-01,2026-07-18T03:01:47.452645
2343,5774,18/07/2026,22:12:18,2.2816685,-72.41396583,NUEVA UBICACION,0,0,HERMES-01,2026-07-18T03:12:26.425625
2344,5775,18/07/2026,22:17:37,2.281675,-72.41395383,NUEVA UBICACION,0,0,HERMES-01,2026-07-18T03:17:44.829367
2345,5777,18/07/2026,22:28:14,2.281696833,-72.41394383,NUEVA UBICACION,0,0,HERMES-01,2026-07-18T03:28:22.853554
2346,5779,18/07/2026,22:38:53,2.281687667,-72.41395483,NUEVA UBICACION,0,0,HERMES-01,2026-07-18T03:39:00.136590
2347,5780,18/07/2026,22:44:12,2.281663167,-72.41396,NUEVA UBICACION,0,0,HERMES-01,2026-07-18T03:44:20.176424
2348,5781,18/07/2026,22:49:32,2.281664833,-72.41395883,NUEVA UBICACION,0,0,HERMES-01,2026-07-18T03:49:39.214785
2349,5782,18/07/2026,22:54:50,2.281655167,-72.414007,NUEVA UBICACION,0,0,HERMES-01,2026-07-18T03:54:58.377744
2350,5783,18/07/2026,23:00:10,2.281677,-72.41397167,NUEVA UBICACION,0,0,HERMES-01,2026-07-18T04:00:18.161259
2351,5784,18/07/2026,23:05:30,2.281646833,-72.41394683,NUEVA UBICACION,0,0,HERMES-01,2026-07-18T04:05:37.053674
2352,5785,18/07/2026,23:10:48,2.281672,-72.41396133,NUEVA UBICACION,0,0,HERMES-01,2026-07-18T04:10:55.391670
2353,5786,18/07/2026,23:16:07,2.281617667,-72.413958,NUEVA UBICACION,0,0,HERMES-01,2026-07-18T04:16:14.884300
2354,5787,18/07/2026,23:21:28,2.281662167,-72.4139405,NUEVA UBICACION,0,0,HERMES-01,2026-07-18T04:21:35.579038
2355,5790,18/07/2026,23:37:26,2.2816805,-72.41398,NUEVA UBICACION,0,0,HERMES-01,2026-07-18T04:37:33.790335
2356,5791,18/07/2026,23:42:46,2.281683,-72.41398033,NUEVA UBICACION,0,0,HERMES-01,2026-07-18T04:42:53.113185
2357,5792,18/07/2026,23:48:06,2.2816475,-72.413974,NUEVA UBICACION,0,0,HERMES-01,2026-07-18T04:48:14.914406
2358,5793,18/07/2026,23:53:27,2.281690667,-72.41394633,NUEVA UBICACION,0,0,HERMES-01,2026-07-18T04:53:34.046617
2359,5794,18/07/2026,23:58:46,2.2816655,-72.41397167,NUEVA UBICACION,0,0,HERMES-01,2026-07-18T04:58:53.284869
2360,6158,19/07/2026,00:04:42,2.280552,-72.410158,REENVIO PENDIENTE,0,0,HERMES-01,2026-07-19T15:35:50.855631
2361,6158,19/07/2026,00:16:58,2.280345,-72.410173,REENVIO PENDIENTE,0,0,HERMES-01,2026-07-19T15:36:01.207249
2362,6158,19/07/2026,00:23:06,2.280371,-72.410174,REENVIO PENDIENTE,0,0,HERMES-01,2026-07-19T15:36:07.279996
2363,6158,19/07/2026,00:29:14,2.280393,-72.410171,REENVIO PENDIENTE,0,0,HERMES-01,2026-07-19T15:36:12.803975
2364,6158,19/07/2026,00:35:22,2.280445,-72.410186,REENVIO PENDIENTE,0,0,HERMES-01,2026-07-19T15:36:18.114051
2365,6158,19/07/2026,00:47:38,2.280421,-72.410217,REENVIO PENDIENTE,0,0,HERMES-01,2026-07-19T15:36:28.657097
2366,6158,19/07/2026,00:53:45,2.280471,-72.410166,REENVIO PENDIENTE,0,0,HERMES-01,2026-07-19T15:36:33.977856
2367,6158,19/07/2026,00:59:53,2.280366,-72.410207,REENVIO PENDIENTE,0,0,HERMES-01,2026-07-19T15:36:39.095289
2368,6158,19/07/2026,01:06:01,2.280357,-72.410224,REENVIO PENDIENTE,0,0,HERMES-01,2026-07-19T15:36:44.228634
2369,6158,19/07/2026,01:12:09,2.280237,-72.4102,REENVIO PENDIENTE,0,0,HERMES-01,2026-07-19T15:36:49.515907
2370,6158,19/07/2026,01:18:17,2.280278,-72.410213,REENVIO PENDIENTE,0,0,HERMES-01,2026-07-19T15:36:54.453901
2371,6158,19/07/2026,01:24:25,2.280346,-72.410209,REENVIO PENDIENTE,0,0,HERMES-01,2026-07-19T15:37:02.272215
2372,6158,19/07/2026,01:30:33,2.280419,-72.410161,REENVIO PENDIENTE,0,0,HERMES-01,2026-07-19T15:37:07.153876
2373,6158,19/07/2026,01:36:41,2.280345,-72.410204,REENVIO PENDIENTE,0,0,HERMES-01,2026-07-19T15:37:14.496107
2374,6158,19/07/2026,01:42:48,2.280306,-72.410256,REENVIO PENDIENTE,0,0,HERMES-01,2026-07-19T15:37:19.622258
2375,6158,19/07/2026,01:55:04,2.280347,-72.41021,REENVIO PENDIENTE,0,0,HERMES-01,2026-07-19T15:37:31.955655
2376,6158,19/07/2026,02:01:12,2.28041,-72.410218,REENVIO PENDIENTE,0,0,HERMES-01,2026-07-19T15:37:36.923799
2377,6158,19/07/2026,02:07:19,2.280302,-72.4102,REENVIO PENDIENTE,0,0,HERMES-01,2026-07-19T15:37:41.904044
2378,6158,19/07/2026,02:13:27,2.280288,-72.410177,REENVIO PENDIENTE,0,0,HERMES-01,2026-07-19T15:37:46.825032
2379,6158,19/07/2026,02:19:35,2.280319,-72.410232,REENVIO PENDIENTE,0,0,HERMES-01,2026-07-19T15:37:51.653923
2380,6158,19/07/2026,02:31:51,2.2803,-72.410221,REENVIO PENDIENTE,0,0,HERMES-01,2026-07-19T15:38:03.238726
2381,6158,19/07/2026,02:37:59,2.280398,-72.410158,REENVIO PENDIENTE,0,0,HERMES-01,2026-07-19T15:38:08.142829
2382,6158,19/07/2026,02:44:06,2.280301,-72.410155,REENVIO PENDIENTE,0,0,HERMES-01,2026-07-19T15:38:13.375299
2383,6158,19/07/2026,02:50:14,2.280237,-72.410152,REENVIO PENDIENTE,0,0,HERMES-01,2026-07-19T15:38:19.011816
2384,6158,19/07/2026,02:56:22,2.280245,-72.410261,REENVIO PENDIENTE,0,0,HERMES-01,2026-07-19T15:38:24.729676
2385,6158,19/07/2026,03:02:29,2.280278,-72.410217,REENVIO PENDIENTE,0,0,HERMES-01,2026-07-19T15:38:30.121208
2386,6158,19/07/2026,03:14:45,2.280367,-72.410295,REENVIO PENDIENTE,0,0,HERMES-01,2026-07-19T15:38:40.507472
2387,6158,19/07/2026,03:20:53,2.280282,-72.410208,REENVIO PENDIENTE,0,0,HERMES-01,2026-07-19T15:38:45.692497
2388,6158,19/07/2026,03:27:00,2.280193,-72.410248,REENVIO PENDIENTE,0,0,HERMES-01,2026-07-19T15:38:50.647978
2389,6158,19/07/2026,03:39:16,2.280339,-72.410207,REENVIO PENDIENTE,0,0,HERMES-01,2026-07-19T15:39:01.132695
2390,6158,19/07/2026,03:45:24,2.280233,-72.410185,REENVIO PENDIENTE,0,0,HERMES-01,2026-07-19T15:39:06.503865
2391,6158,19/07/2026,03:51:32,2.280334,-72.410194,REENVIO PENDIENTE,0,0,HERMES-01,2026-07-19T15:39:11.611677
2392,6158,19/07/2026,03:57:40,2.280324,-72.410139,REENVIO PENDIENTE,0,0,HERMES-01,2026-07-19T15:39:16.621164
2393,6158,19/07/2026,04:03:47,2.280386,-72.410074,REENVIO PENDIENTE,0,0,HERMES-01,2026-07-19T15:39:21.515173
2394,6158,19/07/2026,04:22:10,2.280355,-72.410238,REENVIO PENDIENTE,0,0,HERMES-01,2026-07-19T15:39:36.235135
2395,6158,19/07/2026,04:28:18,2.280308,-72.4102,REENVIO PENDIENTE,0,0,HERMES-01,2026-07-19T15:39:41.207118
2396,6158,19/07/2026,04:34:26,2.280207,-72.41016,REENVIO PENDIENTE,0,0,HERMES-01,2026-07-19T15:39:46.569258
2397,6158,19/07/2026,04:40:34,2.280388,-72.410188,REENVIO PENDIENTE,0,0,HERMES-01,2026-07-19T15:39:51.608600
2398,6158,19/07/2026,04:46:42,2.280357,-72.41021,REENVIO PENDIENTE,0,0,HERMES-01,2026-07-19T15:39:56.990152
2399,6158,19/07/2026,04:52:49,2.280299,-72.41017,REENVIO PENDIENTE,0,0,HERMES-01,2026-07-19T15:40:01.970376
2400,6158,19/07/2026,05:05:04,2.280414,-72.410241,REENVIO PENDIENTE,0,0,HERMES-01,2026-07-19T15:40:12.063655
2401,6158,19/07/2026,05:11:12,2.280262,-72.410194,REENVIO PENDIENTE,0,0,HERMES-01,2026-07-19T15:40:17.725264
2402,6158,19/07/2026,05:17:20,2.280334,-72.410154,REENVIO PENDIENTE,0,0,HERMES-01,2026-07-19T15:40:23.276677
2403,6158,19/07/2026,05:23:27,2.280239,-72.41019,REENVIO PENDIENTE,0,0,HERMES-01,2026-07-19T15:40:28.605143
2404,6158,19/07/2026,05:29:35,2.280165,-72.410213,REENVIO PENDIENTE,0,0,HERMES-01,2026-07-19T15:40:33.654007
2405,6158,19/07/2026,05:35:43,2.280316,-72.410206,REENVIO PENDIENTE,0,0,HERMES-01,2026-07-19T15:40:38.445447
2406,6158,19/07/2026,05:41:51,2.280382,-72.410217,REENVIO PENDIENTE,0,0,HERMES-01,2026-07-19T15:40:46.205229
2407,6158,19/07/2026,05:47:59,2.280451,-72.41031,REENVIO PENDIENTE,0,0,HERMES-01,2026-07-19T15:40:51.780993
2408,6158,19/07/2026,05:54:07,2.280451,-72.410319,REENVIO PENDIENTE,0,0,HERMES-01,2026-07-19T15:40:57.290135
2409,6158,19/07/2026,06:00:15,2.280161,-72.4099,REENVIO PENDIENTE,0,0,HERMES-01,2026-07-19T15:41:02.324126
2410,6158,19/07/2026,06:12:31,2.280667,-72.409075,REENVIO PENDIENTE,0,0,HERMES-01,2026-07-19T15:41:13.616821
2411,6158,19/07/2026,06:18:39,2.280711,-72.409035,REENVIO PENDIENTE,0,0,HERMES-01,2026-07-19T15:41:18.537923
2412,6158,19/07/2026,06:24:46,2.280659,-72.409071,REENVIO PENDIENTE,0,0,HERMES-01,2026-07-19T15:41:23.468422
2413,6158,19/07/2026,06:30:54,2.280681,-72.409011,REENVIO PENDIENTE,0,0,HERMES-01,2026-07-19T15:41:28.447936
2414,6158,19/07/2026,06:37:02,2.280677,-72.40903,REENVIO PENDIENTE,0,0,HERMES-01,2026-07-19T15:41:33.377075
2415,6158,19/07/2026,06:43:10,2.280691,-72.409038,REENVIO PENDIENTE,0,0,HERMES-01,2026-07-19T15:41:38.230669
2416,6158,19/07/2026,06:49:17,2.280666,-72.408999,REENVIO PENDIENTE,0,0,HERMES-01,2026-07-19T15:41:43.198286
2417,6158,19/07/2026,06:55:25,2.280683,-72.409016,REENVIO PENDIENTE,0,0,HERMES-01,2026-07-19T15:41:48.419486
2418,6158,19/07/2026,07:01:33,2.280681,-72.409015,REENVIO PENDIENTE,0,0,HERMES-01,2026-07-19T15:41:53.966170
2419,6158,19/07/2026,07:07:41,2.280686,-72.409023,REENVIO PENDIENTE,0,0,HERMES-01,2026-07-19T15:41:59.391064
2420,6158,19/07/2026,07:19:57,2.2807,-72.409004,REENVIO PENDIENTE,0,0,HERMES-01,2026-07-19T15:42:10.949149
2421,6158,19/07/2026,07:26:05,2.280712,-72.409006,REENVIO PENDIENTE,0,0,HERMES-01,2026-07-19T15:42:16.365477
2422,6158,19/07/2026,07:32:12,2.280712,-72.409018,REENVIO PENDIENTE,0,0,HERMES-01,2026-07-19T15:42:21.711316
2423,6158,19/07/2026,07:38:21,2.280688,-72.408985,REENVIO PENDIENTE,0,0,HERMES-01,2026-07-19T15:42:27.022943
2424,6158,19/07/2026,07:44:28,2.28066,-72.408974,REENVIO PENDIENTE,0,0,HERMES-01,2026-07-19T15:42:31.994856
2425,6158,19/07/2026,07:56:44,2.280699,-72.408995,REENVIO PENDIENTE,0,0,HERMES-01,2026-07-19T15:42:45.511114
2426,6158,19/07/2026,08:02:52,2.280671,-72.408964,REENVIO PENDIENTE,0,0,HERMES-01,2026-07-19T15:42:50.909335
2427,6158,19/07/2026,08:09:00,2.280694,-72.409022,REENVIO PENDIENTE,0,0,HERMES-01,2026-07-19T15:42:56.285236
2428,6158,19/07/2026,08:15:08,2.280699,-72.408989,REENVIO PENDIENTE,0,0,HERMES-01,2026-07-19T15:43:01.333125
2429,6158,19/07/2026,08:21:16,2.280681,-72.40899,REENVIO PENDIENTE,0,0,HERMES-01,2026-07-19T15:43:06.584056
2430,6158,19/07/2026,08:27:23,2.280692,-72.409026,REENVIO PENDIENTE,0,0,HERMES-01,2026-07-19T15:43:11.725607
2431,6158,19/07/2026,08:39:39,2.280693,-72.409023,REENVIO PENDIENTE,0,0,HERMES-01,2026-07-19T15:43:21.786633
2432,6158,19/07/2026,08:45:47,2.280693,-72.408976,REENVIO PENDIENTE,0,0,HERMES-01,2026-07-19T15:43:29.752265
2433,6158,19/07/2026,08:51:55,2.280688,-72.409015,REENVIO PENDIENTE,0,0,HERMES-01,2026-07-19T15:43:37.562054
2434,6158,19/07/2026,08:58:03,2.280691,-72.409028,REENVIO PENDIENTE,0,0,HERMES-01,2026-07-19T15:43:42.343857
2435,6158,19/07/2026,09:04:11,2.28068,-72.40899,REENVIO PENDIENTE,0,0,HERMES-01,2026-07-19T15:43:47.204618
2436,6158,19/07/2026,09:16:26,2.280675,-72.409016,REENVIO PENDIENTE,0,0,HERMES-01,2026-07-19T15:43:57.417378
2437,6158,19/07/2026,09:22:34,2.280687,-72.409031,REENVIO PENDIENTE,0,0,HERMES-01,2026-07-19T15:44:02.337384
2438,6158,19/07/2026,09:34:50,2.280699,-72.409035,REENVIO PENDIENTE,0,0,HERMES-01,2026-07-19T15:44:14.685886
2439,6158,19/07/2026,09:40:58,2.280705,-72.409038,REENVIO PENDIENTE,0,0,HERMES-01,2026-07-19T15:44:19.673721
2440,6158,19/07/2026,09:47:06,2.280714,-72.409054,REENVIO PENDIENTE,0,0,HERMES-01,2026-07-19T15:44:24.582730
2441,6158,19/07/2026,09:53:14,2.280699,-72.409058,REENVIO PENDIENTE,0,0,HERMES-01,2026-07-19T15:44:31.029199
2442,6158,19/07/2026,09:59:21,2.280682,-72.409013,REENVIO PENDIENTE,0,0,HERMES-01,2026-07-19T15:44:36.265734
2443,6158,19/07/2026,10:05:29,2.280675,-72.408984,REENVIO PENDIENTE,0,0,HERMES-01,2026-07-19T15:44:41.572716
2444,6158,19/07/2026,10:17:45,2.280674,-72.408911,REENVIO PENDIENTE,0,0,HERMES-01,2026-07-19T15:44:51.605826
2445,6158,,No disponible,2.280315,-72.410162,REENVIO PENDIENTE,0,0,HERMES-01,2026-07-19T15:30:41.534567
2446,6158,,No disponible,2.280376,-72.41015,REENVIO PENDIENTE,0,0,HERMES-01,2026-07-19T15:30:51.700142
2447,6158,,No disponible,2.280364,-72.410171,REENVIO PENDIENTE,0,0,HERMES-01,2026-07-19T15:32:35.812856
2448,6158,,No disponible,2.280328,-72.410192,REENVIO PENDIENTE,0,0,HERMES-01,2026-07-19T15:32:59.848678
2449,6158,,No disponible,2.280288,-72.410207,REENVIO PENDIENTE,0,0,HERMES-01,2026-07-19T15:33:16.228984
2450,6158,,No disponible,2.280351,-72.410142,REENVIO PENDIENTE,0,0,HERMES-01,2026-07-19T15:33:26.005416
2451,6158,,No disponible,2.280307,-72.410189,REENVIO PENDIENTE,0,0,HERMES-01,2026-07-19T15:33:46.316475
2452,6158,,No disponible,2.280306,-72.410188,REENVIO PENDIENTE,0,0,HERMES-01,2026-07-19T15:34:21.562666
2453,6158,,No disponible,2.280281,-72.410175,REENVIO PENDIENTE,0,0,HERMES-01,2026-07-19T15:34:46.694963
2454,6158,,No disponible,2.280234,-72.410163,REENVIO PENDIENTE,0,0,HERMES-01,2026-07-19T15:35:35.518601
2455,6158,,No disponible,2.280381,-72.410183,REENVIO PENDIENTE,0,0,HERMES-01,2026-07-19T15:35:55.616157
2456,6158,,No disponible,2.280429,-72.41018,REENVIO PENDIENTE,0,0,HERMES-01,2026-07-19T15:36:23.527682
2457,6158,,No disponible,2.280346,-72.410211,REENVIO PENDIENTE,0,0,HERMES-01,2026-07-19T15:37:24.719769
2458,6158,,No disponible,2.280302,-72.410277,REENVIO PENDIENTE,0,0,HERMES-01,2026-07-19T15:37:56.543040
2459,6158,,No disponible,2.280347,-72.410207,REENVIO PENDIENTE,0,0,HERMES-01,2026-07-19T15:38:35.211977
2460,6158,,No disponible,2.280261,-72.410222,REENVIO PENDIENTE,0,0,HERMES-01,2026-07-19T15:38:55.632565
2461,6158,,No disponible,2.280353,-72.410141,REENVIO PENDIENTE,0,0,HERMES-01,2026-07-19T15:39:26.547979
2462,6158,,No disponible,2.280305,-72.410217,REENVIO PENDIENTE,0,0,HERMES-01,2026-07-19T15:39:31.322948
2463,6158,,No disponible,2.280251,-72.410162,REENVIO PENDIENTE,0,0,HERMES-01,2026-07-19T15:40:06.991511
2464,6158,,No disponible,2.280781,-72.40908,REENVIO PENDIENTE,0,0,HERMES-01,2026-07-19T15:41:07.168540
2465,6158,,No disponible,2.28068,-72.409047,REENVIO PENDIENTE,0,0,HERMES-01,2026-07-19T15:42:05.207424
2466,6158,,No disponible,2.280666,-72.408997,REENVIO PENDIENTE,0,0,HERMES-01,2026-07-19T15:42:36.930911
2467,6158,,No disponible,2.280692,-72.409008,REENVIO PENDIENTE,0,0,HERMES-01,2026-07-19T15:43:16.739260
2468,6158,,No disponible,2.280687,-72.409031,REENVIO PENDIENTE,0,0,HERMES-01,2026-07-19T15:43:52.299460
2469,6158,,No disponible,2.280689,-72.409044,REENVIO PENDIENTE,0,0,HERMES-01,2026-07-19T15:44:07.227462
2470,6158,,No disponible,2.280701,-72.409079,REENVIO PENDIENTE,0,0,HERMES-01,2026-07-19T15:44:46.554143
2471,6158,19/07/2026,10:44:55,2.280555167,-72.408784,NUEVA UBICACION,0,0,HERMES-01,2026-07-19T15:45:02.839972
2472,6159,19/07/2026,10:50:11,2.2805375,-72.40879267,NUEVA UBICACION,0,0,HERMES-01,2026-07-19T15:50:19.927402
2473,6160,19/07/2026,10:55:32,2.280536,-72.40876733,NUEVA UBICACION,0,0,HERMES-01,2026-07-19T15:55:39.127004
2474,6161,19/07/2026,11:00:50,2.280554833,-72.40871533,NUEVA UBICACION,0,0,HERMES-01,2026-07-19T16:00:58.655982
2475,6162,19/07/2026,11:06:11,2.280563667,-72.40874767,NUEVA UBICACION,0,0,HERMES-01,2026-07-19T16:06:19.680389
2476,6163,19/07/2026,11:11:31,2.2806075,-72.408738,NUEVA UBICACION,0,0,HERMES-01,2026-07-19T16:11:38.851191
2477,6164,19/07/2026,11:16:49,2.280542167,-72.40877683,NUEVA UBICACION,0,0,HERMES-01,2026-07-19T16:16:57.185098
2478,6165,19/07/2026,11:22:08,2.2805515,-72.40876217,NUEVA UBICACION,0,0,HERMES-01,2026-07-19T16:22:14.965425
2479,6166,19/07/2026,11:27:26,2.280529333,-72.4087725,NUEVA UBICACION,0,0,HERMES-01,2026-07-19T16:27:33.544174
2480,6167,19/07/2026,11:32:44,2.280551667,-72.40878,NUEVA UBICACION,0,0,HERMES-01,2026-07-19T16:32:51.364669
2481,6168,19/07/2026,11:38:02,2.280583833,-72.40880217,NUEVA UBICACION,0,0,HERMES-01,2026-07-19T16:38:09.880150
2482,6169,19/07/2026,11:43:21,2.280572333,-72.40880167,NUEVA UBICACION,0,0,HERMES-01,2026-07-19T16:43:29.444084
2483,6170,19/07/2026,11:48:40,2.280559833,-72.4087605,NUEVA UBICACION,0,0,HERMES-01,2026-07-19T16:48:47.593603
2484,6171,19/07/2026,11:54:02,2.280515833,-72.4087345,NUEVA UBICACION,0,0,HERMES-01,2026-07-19T16:54:09.535485
2485,6172,,No disponible,2.2805455,-72.40884017,NUEVA UBICACION,0,0,HERMES-01,2026-07-19T16:59:28.665561
2486,6173,19/07/2026,12:04:39,2.280550167,-72.408781,NUEVA UBICACION,0,0,HERMES-01,2026-07-19T17:04:46.278799
2487,6174,19/07/2026,12:09:57,2.280572167,-72.4088115,NUEVA UBICACION,0,0,HERMES-01,2026-07-19T17:10:04.840054
2488,6175,19/07/2026,12:15:17,2.2805465,-72.40878883,NUEVA UBICACION,0,0,HERMES-01,2026-07-19T17:15:25.114466
2489,6176,,No disponible,2.280543833,-72.40882817,NUEVA UBICACION,0,0,HERMES-01,2026-07-19T17:20:43.788585
2490,6177,19/07/2026,12:25:54,2.280558167,-72.408804,NUEVA UBICACION,0,0,HERMES-01,2026-07-19T17:26:01.534127
2491,6202,19/07/2026,12:43:54,2.279052,-72.410289,REENVIO PENDIENTE,0,0,HERMES-01,2026-07-19T19:59:08.214288
2492,6202,19/07/2026,12:50:02,2.279027,-72.410284,REENVIO PENDIENTE,0,0,HERMES-01,2026-07-19T19:59:13.539994
2493,6202,19/07/2026,12:56:10,2.279007,-72.410315,REENVIO PENDIENTE,0,0,HERMES-01,2026-07-19T19:59:18.764533
2494,6202,19/07/2026,13:02:18,2.279005,-72.410328,REENVIO PENDIENTE,0,0,HERMES-01,2026-07-19T19:59:25.839170
2495,6202,19/07/2026,13:08:26,2.278985,-72.410319,REENVIO PENDIENTE,0,0,HERMES-01,2026-07-19T19:59:31.124384
2496,6202,19/07/2026,13:20:42,2.279012,-72.410348,REENVIO PENDIENTE,0,0,HERMES-01,2026-07-19T19:59:41.701253
2497,6202,19/07/2026,13:32:58,2.279011,-72.410335,REENVIO PENDIENTE,0,0,HERMES-01,2026-07-19T19:59:54.635571
2498,6202,19/07/2026,13:39:05,2.279006,-72.4103,REENVIO PENDIENTE,0,0,HERMES-01,2026-07-19T19:59:59.453573
2499,6202,19/07/2026,13:45:13,2.279012,-72.410279,REENVIO PENDIENTE,0,0,HERMES-01,2026-07-19T20:00:04.376459
2500,6202,19/07/2026,13:51:22,2.278994,-72.410269,REENVIO PENDIENTE,0,0,HERMES-01,2026-07-19T20:00:10.099836
2501,6202,19/07/2026,13:57:29,2.279025,-72.41028,REENVIO PENDIENTE,0,0,HERMES-01,2026-07-19T20:00:15.276132
2502,6202,19/07/2026,14:03:38,2.27901,-72.410259,REENVIO PENDIENTE,0,0,HERMES-01,2026-07-19T20:00:20.302570
2503,6202,19/07/2026,14:09:46,2.278987,-72.410318,REENVIO PENDIENTE,0,0,HERMES-01,2026-07-19T20:00:25.523567
2504,6202,19/07/2026,14:15:53,2.279022,-72.410303,REENVIO PENDIENTE,0,0,HERMES-01,2026-07-19T20:00:30.427331
2505,6202,19/07/2026,14:22:01,2.279018,-72.410317,REENVIO PENDIENTE,0,0,HERMES-01,2026-07-19T20:00:36.479512
2506,6202,19/07/2026,14:28:08,2.279003,-72.410329,REENVIO PENDIENTE,0,0,HERMES-01,2026-07-19T20:00:43.658197
2507,6202,19/07/2026,14:46:32,2.279006,-72.410299,REENVIO PENDIENTE,0,0,HERMES-01,2026-07-19T20:00:58.642208
2508,6202,19/07/2026,14:52:40,2.279015,-72.41038,REENVIO PENDIENTE,0,0,HERMES-01,2026-07-19T20:01:03.769852
2509,6202,,No disponible,2.279024,-72.41038,REENVIO PENDIENTE,0,0,HERMES-01,2026-07-19T19:59:36.239334
2510,6202,,No disponible,2.278977,-72.410341,REENVIO PENDIENTE,0,0,HERMES-01,2026-07-19T19:59:49.626847
2511,6202,,No disponible,2.279009,-72.410305,REENVIO PENDIENTE,0,0,HERMES-01,2026-07-19T20:00:48.592108
2512,6202,,No disponible,2.27902,-72.410292,REENVIO PENDIENTE,0,0,HERMES-01,2026-07-19T20:00:53.623958
2513,6202,,No disponible,2.278965333,-72.41038517,NUEVA UBICACION,0,0,HERMES-01,2026-07-19T20:01:15.578428
2514,6203,,No disponible,2.278950167,-72.4104255,NUEVA UBICACION,0,0,HERMES-01,2026-07-19T20:06:33.751246
2515,6204,19/07/2026,15:11:45,2.278988333,-72.41041367,NUEVA UBICACION,0,0,HERMES-01,2026-07-19T20:11:53.327468
2516,6205,19/07/2026,15:17:04,2.278953333,-72.41038283,NUEVA UBICACION,0,0,HERMES-01,2026-07-19T20:17:11.297812
2517,6206,19/07/2026,15:22:22,2.278961667,-72.41039233,NUEVA UBICACION,0,0,HERMES-01,2026-07-19T20:22:30.032482
2518,6207,19/07/2026,15:27:41,2.278937167,-72.41038717,NUEVA UBICACION,0,0,HERMES-01,2026-07-19T20:27:48.164826
2519,6208,,No disponible,2.278966333,-72.41039267,NUEVA UBICACION,0,0,HERMES-01,2026-07-19T20:33:11.841611
2520,6209,19/07/2026,15:38:30,2.278943833,-72.41038983,NUEVA UBICACION,0,0,HERMES-01,2026-07-19T20:38:38.850569
2521,6210,,No disponible,2.278945833,-72.41038617,NUEVA UBICACION,0,0,HERMES-01,2026-07-19T20:43:58.981645
2522,6211,19/07/2026,15:49:12,2.2789575,-72.41039167,NUEVA UBICACION,0,0,HERMES-01,2026-07-19T20:49:20.188203
2523,6212,19/07/2026,15:54:31,2.278924833,-72.41039283,NUEVA UBICACION,0,0,HERMES-01,2026-07-19T20:54:39.211092
2524,6213,,No disponible,2.278942167,-72.41041417,NUEVA UBICACION,0,0,HERMES-01,2026-07-19T20:59:58.943688
2525,6214,19/07/2026,16:05:11,2.278940833,-72.41039617,NUEVA UBICACION,0,0,HERMES-01,2026-07-19T21:05:18.625541
2526,6215,19/07/2026,16:10:32,2.278934167,-72.410392,NUEVA UBICACION,0,0,HERMES-01,2026-07-19T21:10:38.975506
2527,6216,,No disponible,2.278967333,-72.41040467,NUEVA UBICACION,0,0,HERMES-01,2026-07-19T21:15:58.355456
2528,6217,19/07/2026,16:21:10,2.2789475,-72.41040167,NUEVA UBICACION,0,0,HERMES-01,2026-07-19T21:21:17.045425
2529,6218,19/07/2026,16:26:31,2.278927167,-72.41040917,NUEVA UBICACION,0,0,HERMES-01,2026-07-19T21:26:38.483519
2530,6219,19/07/2026,16:31:49,2.278951,-72.41041583,NUEVA UBICACION,0,0,HERMES-01,2026-07-19T21:31:57.197299
2531,6220,,No disponible,2.278922333,-72.4103875,NUEVA UBICACION,0,0,HERMES-01,2026-07-19T21:37:17.348593
2532,6221,19/07/2026,16:42:28,2.278933333,-72.41039517,NUEVA UBICACION,0,0,HERMES-01,2026-07-19T21:42:35.601037
2533,6222,19/07/2026,16:47:47,2.278959167,-72.410398,NUEVA UBICACION,0,0,HERMES-01,2026-07-19T21:47:53.856012
2534,6223,,No disponible,2.278955167,-72.41038483,NUEVA UBICACION,0,0,HERMES-01,2026-07-19T21:53:14.735648
2535,6224,19/07/2026,16:58:29,2.278967333,-72.4104035,NUEVA UBICACION,0,0,HERMES-01,2026-07-19T21:58:38.453719
2536,6225,19/07/2026,17:03:50,2.278921333,-72.41039633,NUEVA UBICACION,0,0,HERMES-01,2026-07-19T22:03:57.022006
2537,6226,19/07/2026,17:09:08,2.278931167,-72.41037167,NUEVA UBICACION,0,0,HERMES-01,2026-07-19T22:09:16.816648
2538,6227,19/07/2026,17:14:28,2.278918,-72.410379,NUEVA UBICACION,0,0,HERMES-01,2026-07-19T22:14:40.516869
2539,6233,19/07/2026,17:38:40,2.278942,-72.410389,REENVIO PENDIENTE,0,0,HERMES-01,2026-07-19T22:51:10.785521
2540,6233,19/07/2026,17:44:48,2.278925,-72.410403,REENVIO PENDIENTE,0,0,HERMES-01,2026-07-19T22:51:15.755908
2541,6233,,No disponible,2.278921,-72.41036,REENVIO PENDIENTE,0,0,HERMES-01,2026-07-19T22:51:00.554815
2542,6233,,No disponible,2.278942,-72.410381,REENVIO PENDIENTE,0,0,HERMES-01,2026-07-19T22:51:05.731499
2543,6233,19/07/2026,17:51:19,2.2790845,-72.41059733,NUEVA UBICACION,0,0,HERMES-01,2026-07-19T22:51:27.710847
2544,6234,19/07/2026,17:56:37,2.2789315,-72.41037617,NUEVA UBICACION,0,0,HERMES-01,2026-07-19T22:56:46.205279
2545,6235,19/07/2026,18:01:59,2.278924,-72.41036367,NUEVA UBICACION,0,0,HERMES-01,2026-07-19T23:02:06.180082
2546,6158,19/07/2026,19:04:10,2.28041,-72.410137,REENVIO PENDIENTE,0,0,HERMES-01,2026-07-19T15:31:18.790648
2547,6158,19/07/2026,19:10:18,2.280252,-72.410139,REENVIO PENDIENTE,0,0,HERMES-01,2026-07-19T15:31:23.736873
2548,6158,19/07/2026,19:16:26,2.280303,-72.410172,REENVIO PENDIENTE,0,0,HERMES-01,2026-07-19T15:31:28.671697
2549,6158,19/07/2026,19:22:33,2.280254,-72.410077,REENVIO PENDIENTE,0,0,HERMES-01,2026-07-19T15:31:33.689576
2550,6158,19/07/2026,19:28:41,2.280338,-72.410223,REENVIO PENDIENTE,0,0,HERMES-01,2026-07-19T15:31:38.568841
2551,6158,19/07/2026,19:34:50,2.28039,-72.410177,REENVIO PENDIENTE,0,0,HERMES-01,2026-07-19T15:31:43.222306
2552,6158,19/07/2026,19:40:57,2.280187,-72.41019,REENVIO PENDIENTE,0,0,HERMES-01,2026-07-19T15:31:48.167184
2553,6158,19/07/2026,19:47:06,2.280418,-72.410199,REENVIO PENDIENTE,0,0,HERMES-01,2026-07-19T15:31:53.045188
2554,6158,19/07/2026,19:53:14,2.280403,-72.410187,REENVIO PENDIENTE,0,0,HERMES-01,2026-07-19T15:31:59.523921
2555,6158,19/07/2026,19:59:21,2.28028,-72.410195,REENVIO PENDIENTE,0,0,HERMES-01,2026-07-19T15:32:25.704040
2556,6158,19/07/2026,20:05:29,2.280383,-72.41019,REENVIO PENDIENTE,0,0,HERMES-01,2026-07-19T15:32:30.814648
2557,6158,19/07/2026,20:17:45,2.280287,-72.410164,REENVIO PENDIENTE,0,0,HERMES-01,2026-07-19T15:32:41.037137
2558,6158,19/07/2026,20:23:53,2.280322,-72.410161,REENVIO PENDIENTE,0,0,HERMES-01,2026-07-19T15:32:47.760070
2559,6158,19/07/2026,20:30:01,2.280254,-72.410229,REENVIO PENDIENTE,0,0,HERMES-01,2026-07-19T15:32:52.512286
2560,6158,19/07/2026,20:42:17,2.280307,-72.410241,REENVIO PENDIENTE,0,0,HERMES-01,2026-07-19T15:33:04.768181
2561,6158,19/07/2026,20:48:25,2.280394,-72.410178,REENVIO PENDIENTE,0,0,HERMES-01,2026-07-19T15:33:09.589197
2562,6158,19/07/2026,21:00:41,2.280431,-72.410173,REENVIO PENDIENTE,0,0,HERMES-01,2026-07-19T15:33:21.071210
2563,6158,19/07/2026,21:12:57,2.280263,-72.410189,REENVIO PENDIENTE,0,0,HERMES-01,2026-07-19T15:33:31.297628
2564,6158,19/07/2026,21:19:05,2.280376,-72.41018,REENVIO PENDIENTE,0,0,HERMES-01,2026-07-19T15:33:36.225235
2565,6158,19/07/2026,21:25:13,2.28029,-72.410181,REENVIO PENDIENTE,0,0,HERMES-01,2026-07-19T15:33:41.290720
2566,6158,19/07/2026,21:37:28,2.280321,-72.410174,REENVIO PENDIENTE,0,0,HERMES-01,2026-07-19T15:33:51.287705
2567,6158,19/07/2026,21:43:37,2.280461,-72.410174,REENVIO PENDIENTE,0,0,HERMES-01,2026-07-19T15:33:56.371848
2568,6158,19/07/2026,21:49:45,2.280248,-72.410175,REENVIO PENDIENTE,0,0,HERMES-01,2026-07-19T15:34:01.285973
2569,6158,19/07/2026,21:55:53,2.280235,-72.410226,REENVIO PENDIENTE,0,0,HERMES-01,2026-07-19T15:34:06.348295
2570,6158,19/07/2026,22:02:01,2.280235,-72.410212,REENVIO PENDIENTE,0,0,HERMES-01,2026-07-19T15:34:11.421681
2571,6158,19/07/2026,22:08:09,2.280345,-72.410145,REENVIO PENDIENTE,0,0,HERMES-01,2026-07-19T15:34:16.530720
2572,6158,19/07/2026,22:20:25,2.280401,-72.410207,REENVIO PENDIENTE,0,0,HERMES-01,2026-07-19T15:34:26.697391
2573,6158,19/07/2026,22:26:33,2.280359,-72.410192,REENVIO PENDIENTE,0,0,HERMES-01,2026-07-19T15:34:31.562670
2574,6158,19/07/2026,22:32:41,2.280281,-72.410182,REENVIO PENDIENTE,0,0,HERMES-01,2026-07-19T15:34:36.594098
2575,6158,19/07/2026,22:38:49,2.280238,-72.410159,REENVIO PENDIENTE,0,0,HERMES-01,2026-07-19T15:34:41.580045
2576,6158,19/07/2026,22:51:05,2.28027,-72.410172,REENVIO PENDIENTE,0,0,HERMES-01,2026-07-19T15:34:51.508041
2577,6158,19/07/2026,22:57:13,2.280333,-72.410236,REENVIO PENDIENTE,0,0,HERMES-01,2026-07-19T15:34:56.576773
2578,6158,19/07/2026,23:03:24,2.280237,-72.410198,REENVIO PENDIENTE,0,0,HERMES-01,2026-07-19T15:35:01.449023
2579,6158,19/07/2026,23:09:32,2.280272,-72.410163,REENVIO PENDIENTE,0,0,HERMES-01,2026-07-19T15:35:06.369735
2580,6158,19/07/2026,23:15:39,2.280285,-72.410128,REENVIO PENDIENTE,0,0,HERMES-01,2026-07-19T15:35:11.251123
2581,6158,19/07/2026,23:21:47,2.280279,-72.410159,REENVIO PENDIENTE,0,0,HERMES-01,2026-07-19T15:35:16.015341
2582,6158,19/07/2026,23:27:55,2.28026,-72.410241,REENVIO PENDIENTE,0,0,HERMES-01,2026-07-19T15:35:20.858119
2583,6158,19/07/2026,23:34:03,2.280351,-72.410191,REENVIO PENDIENTE,0,0,HERMES-01,2026-07-19T15:35:25.759217
2584,6158,19/07/2026,23:40:10,2.280316,-72.410176,REENVIO PENDIENTE,0,0,HERMES-01,2026-07-19T15:35:30.538057
2585,6158,19/07/2026,23:52:26,2.280255,-72.410147,REENVIO PENDIENTE,0,0,HERMES-01,2026-07-19T15:35:40.492491
2586,6158,19/07/2026,23:58:34,2.280276,-72.410166,REENVIO PENDIENTE,0,0,HERMES-01,2026-07-19T15:35:45.459478
2587,6357,20/07/2026,06:26:52,2.278964,-72.410412,REENVIO PENDIENTE,0,0,HERMES-01,2026-07-20T11:33:03.528056
2588,6357,20/07/2026,06:33:08,2.2789525,-72.41038033,NUEVA UBICACION,0,0,HERMES-01,2026-07-20T11:33:16.841411
2589,6358,20/07/2026,06:38:29,2.278966,-72.410416,NUEVA UBICACION,0,0,HERMES-01,2026-07-20T11:38:36.544057
2590,6391,20/07/2026,06:55:39,2.278948,-72.410369,REENVIO PENDIENTE,0,0,HERMES-01,2026-07-20T15:00:29.805747
2591,6391,20/07/2026,07:26:18,2.278977,-72.410404,REENVIO PENDIENTE,0,0,HERMES-01,2026-07-20T15:01:43.436507
2592,6391,20/07/2026,08:15:22,2.278984,-72.410387,REENVIO PENDIENTE,0,0,HERMES-01,2026-07-20T15:04:20.397999
2593,6391,20/07/2026,08:21:30,2.278988,-72.410382,REENVIO PENDIENTE,0,0,HERMES-01,2026-07-20T15:04:25.213722
2594,6391,20/07/2026,08:27:38,2.278976,-72.410388,REENVIO PENDIENTE,0,0,HERMES-01,2026-07-20T15:04:38.582786
2595,6391,20/07/2026,08:33:46,2.278974,-72.410375,REENVIO PENDIENTE,0,0,HERMES-01,2026-07-20T15:04:50.058238
2596,6391,20/07/2026,08:39:54,2.278989,-72.410372,REENVIO PENDIENTE,0,0,HERMES-01,2026-07-20T15:05:17.200617
2597,6391,20/07/2026,08:52:11,2.278994,-72.410369,REENVIO PENDIENTE,0,0,HERMES-01,2026-07-20T15:05:27.343202
2598,6391,20/07/2026,09:04:28,2.278974,-72.410361,REENVIO PENDIENTE,0,0,HERMES-01,2026-07-20T15:05:37.274554
2599,6391,20/07/2026,09:10:36,2.278978,-72.410374,REENVIO PENDIENTE,0,0,HERMES-01,2026-07-20T15:05:42.273541
2600,6391,20/07/2026,09:22:52,2.278967,-72.410379,REENVIO PENDIENTE,0,0,HERMES-01,2026-07-20T15:05:52.256732
2601,6391,20/07/2026,09:29:00,2.278976,-72.410368,REENVIO PENDIENTE,0,0,HERMES-01,2026-07-20T15:05:57.127806
2602,6391,20/07/2026,09:41:16,2.279014,-72.410432,REENVIO PENDIENTE,0,0,HERMES-01,2026-07-20T15:06:08.867272
2603,6391,20/07/2026,09:47:24,2.279001,-72.410433,REENVIO PENDIENTE,0,0,HERMES-01,2026-07-20T15:06:14.068242
2604,6391,20/07/2026,09:53:32,2.278988,-72.410374,REENVIO PENDIENTE,0,0,HERMES-01,2026-07-20T15:06:18.996314
2605,6391,,No disponible,2.278971,-72.410366,REENVIO PENDIENTE,0,0,HERMES-01,2026-07-20T15:04:07.683046
2606,6391,,No disponible,2.278991,-72.41037,REENVIO PENDIENTE,0,0,HERMES-01,2026-07-20T15:04:15.577349
2607,6391,,No disponible,2.279008,-72.410357,REENVIO PENDIENTE,0,0,HERMES-01,2026-07-20T15:05:22.278154
2608,6391,,No disponible,2.278975,-72.410345,REENVIO PENDIENTE,0,0,HERMES-01,2026-07-20T15:05:32.371116
2609,6391,,No disponible,2.278983,-72.410405,REENVIO PENDIENTE,0,0,HERMES-01,2026-07-20T15:05:47.175717
2610,6391,,No disponible,2.279008,-72.410402,REENVIO PENDIENTE,0,0,HERMES-01,2026-07-20T15:06:02.974799
2611,6391,20/07/2026,10:06:23,2.280547833,-72.40879367,NUEVA UBICACION,0,0,HERMES-01,2026-07-20T15:06:30.349566
2612,6392,20/07/2026,10:11:39,2.280511,-72.40878633,NUEVA UBICACION,0,0,HERMES-01,2026-07-20T15:11:46.407737
2613,6393,20/07/2026,10:16:58,2.280506,-72.4087985,NUEVA UBICACION,0,0,HERMES-01,2026-07-20T15:17:06.333725
2614,6394,20/07/2026,10:22:20,2.280489167,-72.40879483,NUEVA UBICACION,0,0,HERMES-01,2026-07-20T15:22:27.819127
2615,6395,20/07/2026,10:27:39,2.280503167,-72.408772,NUEVA UBICACION,0,0,HERMES-01,2026-07-20T15:27:46.425255
2616,6396,20/07/2026,10:32:59,2.280528667,-72.40876717,NUEVA UBICACION,0,0,HERMES-01,2026-07-20T15:33:06.712454
2617,6397,20/07/2026,10:38:20,2.2805095,-72.4087635,NUEVA UBICACION,0,0,HERMES-01,2026-07-20T15:38:26.642337
2618,6398,20/07/2026,10:43:38,2.2805185,-72.4088235,NUEVA UBICACION,0,0,HERMES-01,2026-07-20T15:43:46.073628
2619,6399,20/07/2026,10:48:59,2.280499833,-72.4087845,NUEVA UBICACION,0,0,HERMES-01,2026-07-20T15:49:07.875960
2620,6400,20/07/2026,10:54:21,2.280506667,-72.40876617,NUEVA UBICACION,0,0,HERMES-01,2026-07-20T15:54:29.459357
2621,6401,20/07/2026,10:59:42,2.280516167,-72.40879283,NUEVA UBICACION,0,0,HERMES-01,2026-07-20T15:59:49.315196
2622,6402,20/07/2026,11:05:01,2.280526333,-72.408761,NUEVA UBICACION,0,0,HERMES-01,2026-07-20T16:05:08.421264
2623,6403,20/07/2026,11:10:20,2.280487333,-72.408738,NUEVA UBICACION,0,0,HERMES-01,2026-07-20T16:10:27.852377
2624,6404,20/07/2026,11:15:40,2.280529833,-72.40875817,NUEVA UBICACION,0,0,HERMES-01,2026-07-20T16:15:50.210036
2625,6405,20/07/2026,11:21:04,2.280519,-72.40881067,NUEVA UBICACION,0,0,HERMES-01,2026-07-20T16:21:12.490600
2626,6406,20/07/2026,11:26:26,2.280505333,-72.40874967,NUEVA UBICACION,0,0,HERMES-01,2026-07-20T16:26:32.653179
2627,6407,20/07/2026,11:31:46,2.2805225,-72.40881017,NUEVA UBICACION,0,0,HERMES-01,2026-07-20T16:31:58.932537
2628,6408,20/07/2026,11:37:13,2.2805125,-72.40877417,NUEVA UBICACION,0,0,HERMES-01,2026-07-20T16:37:21.372042
2629,6409,20/07/2026,11:42:36,2.280502333,-72.40875367,NUEVA UBICACION,0,0,HERMES-01,2026-07-20T16:42:56.032424
2630,6410,20/07/2026,11:48:30,2.2805145,-72.40872833,NUEVA UBICACION,0,0,HERMES-01,2026-07-20T16:48:38.086177
2631,6414,20/07/2026,11:54:15,2.280164,-72.409461,REENVIO PENDIENTE,0,0,HERMES-01,2026-07-20T17:12:12.841957
2632,6414,20/07/2026,12:00:22,2.278965,-72.410377,REENVIO PENDIENTE,0,0,HERMES-01,2026-07-20T17:12:17.938232
2633,6414,20/07/2026,12:06:29,2.28232,-72.414242,REENVIO PENDIENTE,0,0,HERMES-01,2026-07-20T17:12:22.981322
2634,6414,,No disponible,2.281678333,-72.41398433,NUEVA UBICACION,0,0,HERMES-01,2026-07-20T17:12:34.285006
2635,6418,,No disponible,2.281653333,-72.4139495,NUEVA UBICACION,0,0,HERMES-01,2026-07-20T19:14:08.581383
2636,6424,20/07/2026,15:45:37,2.279002,-72.410371,REENVIO PENDIENTE,0,0,HERMES-01,2026-07-20T22:17:57.657393
2637,6424,20/07/2026,16:16:20,2.278184,-72.411778,REENVIO PENDIENTE,0,0,HERMES-01,2026-07-20T22:18:03.462990
2638,6424,,No disponible,2.227924,-72.390222,REENVIO PENDIENTE,0,0,HERMES-01,2026-07-20T22:18:08.352789
2639,6424,20/07/2026,17:18:12,2.230100167,-72.38223517,NUEVA UBICACION,0,0,HERMES-01,2026-07-20T22:18:19.133061
2640,6430,,No disponible,2.230055333,-72.382325,NUEVA UBICACION,0,0,HERMES-01,2026-07-21T01:19:43.314620
2641,6447,21/07/2026,04:53:11,2.230135167,-72.38229833,NUEVA UBICACION,0,0,HERMES-01,2026-07-21T09:53:31.469547
2642,6457,21/07/2026,09:55:33,2.2301155,-72.382291,NUEVA UBICACION,0,0,HERMES-01,2026-07-21T14:55:39.494403
2643,6458,21/07/2026,10:25:31,2.230101833,-72.382367,NUEVA UBICACION,0,0,HERMES-01,2026-07-21T15:25:38.132937
2644,6459,21/07/2026,10:55:33,2.230098667,-72.38234067,NUEVA UBICACION,0,0,HERMES-01,2026-07-21T15:55:40.355327
2645,6460,21/07/2026,11:25:40,2.2300645,-72.38225317,NUEVA UBICACION,0,0,HERMES-01,2026-07-21T16:25:48.156965
2646,6463,,No disponible,2.230057333,-72.38230017,NUEVA UBICACION,0,0,HERMES-01,2026-07-21T17:56:48.247245
2647,6466,21/07/2026,14:27:24,2.230086,-72.3823085,NUEVA UBICACION,0,0,HERMES-01,2026-07-21T19:27:31.871001
2648,6467,21/07/2026,14:57:31,2.230100333,-72.3823015,NUEVA UBICACION,0,0,HERMES-01,2026-07-21T19:57:38.255410
2649,6468,21/07/2026,15:27:33,2.230114,-72.38229133,NUEVA UBICACION,0,0,HERMES-01,2026-07-21T20:27:41.840072
2650,6469,21/07/2026,15:57:32,2.230079833,-72.382258,NUEVA UBICACION,0,0,HERMES-01,2026-07-21T20:57:40.830877
2651,6471,21/07/2026,16:57:44,2.230065167,-72.38238483,NUEVA UBICACION,0,0,HERMES-01,2026-07-21T21:57:51.881939
2652,6472,21/07/2026,17:27:44,2.230128333,-72.382268,NUEVA UBICACION,0,0,HERMES-01,2026-07-21T22:27:51.199995
2653,6473,21/07/2026,17:58:05,2.2301255,-72.38230483,NUEVA UBICACION,0,0,HERMES-01,2026-07-21T22:58:12.518535
2654,6474,21/07/2026,18:28:04,2.230077833,-72.38228117,NUEVA UBICACION,0,0,HERMES-01,2026-07-21T23:28:10.995657
2655,6475,21/07/2026,18:58:03,2.230126167,-72.38225867,NUEVA UBICACION,0,0,HERMES-01,2026-07-21T23:58:12.691685
2656,6429,21/07/2026,19:49:22,2.230118,-72.3822705,NUEVA UBICACION,0,0,HERMES-01,2026-07-21T00:49:40.913397
2657,6485,,No disponible,2.230096833,-72.38231567,NUEVA UBICACION,0,0,HERMES-01,2026-07-22T05:00:47.338330
2658,6488,22/07/2026,01:31:18,2.230092167,-72.382348,NUEVA UBICACION,0,0,HERMES-01,2026-07-22T06:31:39.322844
2659,6489,22/07/2026,02:01:38,2.230104167,-72.38235733,NUEVA UBICACION,0,0,HERMES-01,2026-07-22T07:02:09.155028
2660,6501,22/07/2026,06:05:11,2.230074,-72.382324,REENVIO PENDIENTE,0,0,HERMES-01,2026-07-22T13:09:05.354035
2661,6501,22/07/2026,06:35:53,2.230145,-72.38226,REENVIO PENDIENTE,0,0,HERMES-01,2026-07-22T13:09:10.231713
2662,6501,22/07/2026,07:06:33,2.230135,-72.382261,REENVIO PENDIENTE,0,0,HERMES-01,2026-07-22T13:09:15.189171
2663,6501,22/07/2026,07:37:14,2.230097,-72.382302,REENVIO PENDIENTE,0,0,HERMES-01,2026-07-22T13:09:20.248827
2664,6501,22/07/2026,08:09:24,2.230095667,-72.38231867,NUEVA UBICACION,0,0,HERMES-01,2026-07-22T13:09:30.718645
2665,6504,22/07/2026,09:39:52,2.230118833,-72.38232267,NUEVA UBICACION,0,0,HERMES-01,2026-07-22T14:39:59.338575
2666,6505,22/07/2026,10:09:52,2.230094833,-72.38234533,NUEVA UBICACION,0,0,HERMES-01,2026-07-22T15:09:58.728846
2667,6506,22/07/2026,10:39:52,2.230132333,-72.38227817,NUEVA UBICACION,0,0,HERMES-01,2026-07-22T15:39:59.999790
2668,6507,22/07/2026,11:09:54,2.230097333,-72.38230917,NUEVA UBICACION,0,0,HERMES-01,2026-07-22T16:10:00.690879
2669,6508,,No disponible,2.230113833,-72.38229233,NUEVA UBICACION,0,0,HERMES-01,2026-07-22T16:40:04.389836
2670,6509,22/07/2026,12:10:03,2.230138833,-72.38225717,NUEVA UBICACION,0,0,HERMES-01,2026-07-22T17:10:11.091019
2671,6510,22/07/2026,12:40:06,2.230124333,-72.382289,NUEVA UBICACION,0,0,HERMES-01,2026-07-22T17:40:13.322811
2672,6511,22/07/2026,13:10:07,2.2301005,-72.38230483,NUEVA UBICACION,0,0,HERMES-01,2026-07-22T18:10:14.118576
2673,6512,22/07/2026,13:40:12,2.230105333,-72.38230083,NUEVA UBICACION,0,0,HERMES-01,2026-07-22T18:40:22.022992
2674,6513,22/07/2026,14:10:28,2.230141833,-72.38222067,NUEVA UBICACION,0,0,HERMES-01,2026-07-22T19:10:46.849966
2675,6514,22/07/2026,14:40:50,2.230041,-72.38241583,NUEVA UBICACION,0,0,HERMES-01,2026-07-22T19:42:22.351704
2676,6520,22/07/2026,16:43:05,2.228497,-72.382215,REENVIO PENDIENTE,0,0,HERMES-01,2026-07-22T22:43:55.981648
2677,6520,22/07/2026,17:13:37,2.238403,-72.33575,REENVIO PENDIENTE,0,0,HERMES-01,2026-07-22T22:44:01.648726
2678,6520,22/07/2026,17:44:05,2.237987667,-72.3316295,NUEVA UBICACION,0,0,HERMES-01,2026-07-22T22:44:14.321576
2679,6521,22/07/2026,18:14:06,2.237980333,-72.3316135,NUEVA UBICACION,0,0,HERMES-01,2026-07-22T23:14:13.061257
2680,6522,,No disponible,2.237961167,-72.331609,NUEVA UBICACION,0,0,HERMES-01,2026-07-22T23:44:14.158157
2681,6524,,No disponible,2.2379955,-72.3316405,NUEVA UBICACION,0,0,HERMES-01,2026-07-23T00:44:11.921554
2682,6483,22/07/2026,22:59:56,2.230103167,-72.38231,NUEVA UBICACION,0,0,HERMES-01,2026-07-22T04:00:17.003695
2683,6551,23/07/2026,09:19:15,2.237980833,-72.33164083,NUEVA UBICACION,0,0,HERMES-01,2026-07-23T14:19:21.637068
2684,2,23/07/2026,11:21:09,2.254807,-72.285157,REENVIO PENDIENTE,0,0,HERMES-01,2026-07-26T23:35:28.322248
2685,2,23/07/2026,11:51:51,2.248632,-72.259352,REENVIO PENDIENTE,0,0,HERMES-01,2026-07-26T23:35:35.361318
2686,2,23/07/2026,12:22:32,2.248618,-72.259354,REENVIO PENDIENTE,0,0,HERMES-01,2026-07-26T23:35:41.874527
2687,2,23/07/2026,12:53:13,2.248643,-72.259364,REENVIO PENDIENTE,0,0,HERMES-01,2026-07-26T23:35:48.549413
2688,2,23/07/2026,13:23:54,2.248635,-72.259356,REENVIO PENDIENTE,0,0,HERMES-01,2026-07-26T23:35:56.650201
2689,2,23/07/2026,13:54:38,2.248628,-72.259347,REENVIO PENDIENTE,0,0,HERMES-01,2026-07-26T23:36:03.044457
2690,2,23/07/2026,15:26:38,2.271861,-72.266135,REENVIO PENDIENTE,0,0,HERMES-01,2026-07-26T23:36:22.140770
2691,2,23/07/2026,15:57:19,2.271849,-72.26614,REENVIO PENDIENTE,0,0,HERMES-01,2026-07-26T23:36:28.946110
2692,2,23/07/2026,16:27:59,2.27184,-72.266159,REENVIO PENDIENTE,0,0,HERMES-01,2026-07-26T23:36:34.844844
2693,2,23/07/2026,16:58:40,2.271442,-72.265506,REENVIO PENDIENTE,0,0,HERMES-01,2026-07-26T23:36:41.180708
2694,2,23/07/2026,17:29:20,2.27144,-72.265492,REENVIO PENDIENTE,0,0,HERMES-01,2026-07-26T23:36:47.627432
2695,2,23/07/2026,18:00:02,2.271455,-72.265535,REENVIO PENDIENTE,0,0,HERMES-01,2026-07-26T23:36:53.286643
2696,2,23/07/2026,18:30:40,2.27146,-72.265494,REENVIO PENDIENTE,0,0,HERMES-01,2026-07-26T23:37:01.100551
2697,6523,23/07/2026,19:14:03,2.237971333,-72.33163333,NUEVA UBICACION,0,0,HERMES-01,2026-07-23T00:14:09.580467
2698,6526,23/07/2026,20:44:20,2.237973333,-72.33164117,NUEVA UBICACION,0,0,HERMES-01,2026-07-23T01:44:27.681472
2699,6528,23/07/2026,21:44:40,2.237984833,-72.33163733,NUEVA UBICACION,0,0,HERMES-01,2026-07-23T02:44:46.493154
2700,6529,23/07/2026,22:14:47,2.237977333,-72.33165333,NUEVA UBICACION,0,0,HERMES-01,2026-07-23T03:15:07.259452
2701,2,24/07/2026,00:07:51,2.271476,-72.265491,REENVIO PENDIENTE,0,0,HERMES-01,2026-07-26T23:38:09.764604
2702,2,24/07/2026,00:38:30,2.27147,-72.265529,REENVIO PENDIENTE,0,0,HERMES-01,2026-07-26T23:38:16.170967
2703,2,24/07/2026,01:09:08,2.27147,-72.265506,REENVIO PENDIENTE,0,0,HERMES-01,2026-07-26T23:38:24.068616
2704,2,24/07/2026,01:39:48,2.271495,-72.265493,REENVIO PENDIENTE,0,0,HERMES-01,2026-07-26T23:38:30.772340
2705,2,24/07/2026,02:10:28,2.271501,-72.265496,REENVIO PENDIENTE,0,0,HERMES-01,2026-07-26T23:38:38.651742
2706,2,24/07/2026,02:41:06,2.271482,-72.2655,REENVIO PENDIENTE,0,0,HERMES-01,2026-07-26T23:38:46.065570
2707,2,24/07/2026,03:42:26,2.271501,-72.265501,REENVIO PENDIENTE,0,0,HERMES-01,2026-07-26T23:38:58.167685
2708,2,24/07/2026,04:13:05,2.271489,-72.265524,REENVIO PENDIENTE,0,0,HERMES-01,2026-07-26T23:39:05.059884
2709,2,24/07/2026,04:43:45,2.271484,-72.26552,REENVIO PENDIENTE,0,0,HERMES-01,2026-07-26T23:39:10.320089
2710,2,24/07/2026,05:14:23,2.271475,-72.265511,REENVIO PENDIENTE,0,0,HERMES-01,2026-07-26T23:39:16.628599
2711,2,24/07/2026,06:15:42,2.271482,-72.265498,REENVIO PENDIENTE,0,0,HERMES-01,2026-07-26T23:39:30.838575
2712,2,24/07/2026,06:46:18,2.271513,-72.265529,REENVIO PENDIENTE,0,0,HERMES-01,2026-07-26T23:39:39.871180
2713,2,24/07/2026,07:47:39,2.27149,-72.265484,REENVIO PENDIENTE,0,0,HERMES-01,2026-07-26T23:39:53.943548
2714,2,24/07/2026,08:18:20,2.271514,-72.265516,REENVIO PENDIENTE,0,0,HERMES-01,2026-07-26T23:40:00.375258
2715,2,24/07/2026,08:49:02,2.271484,-72.265506,REENVIO PENDIENTE,0,0,HERMES-01,2026-07-26T23:40:07.726356
2716,2,24/07/2026,09:19:44,2.271497,-72.265539,REENVIO PENDIENTE,0,0,HERMES-01,2026-07-26T23:40:14.428705
2717,2,24/07/2026,09:50:26,2.271544,-72.26554,REENVIO PENDIENTE,0,0,HERMES-01,2026-07-26T23:40:20.621080
2718,2,24/07/2026,10:21:07,2.271484,-72.26557,REENVIO PENDIENTE,0,0,HERMES-01,2026-07-26T23:40:27.129526
2719,2,24/07/2026,10:51:48,2.27154,-72.265534,REENVIO PENDIENTE,0,0,HERMES-01,2026-07-26T23:40:33.553490
2720,2,24/07/2026,11:22:34,2.27147,-72.265504,REENVIO PENDIENTE,0,0,HERMES-01,2026-07-26T23:40:40.089792
2721,2,24/07/2026,11:53:18,2.271475,-72.265491,REENVIO PENDIENTE,0,0,HERMES-01,2026-07-26T23:40:45.730303
2722,2,24/07/2026,12:24:03,2.271474,-72.265498,REENVIO PENDIENTE,0,0,HERMES-01,2026-07-26T23:40:51.614298
2723,2,24/07/2026,20:02:38,2.271471,-72.265493,REENVIO PENDIENTE,0,0,HERMES-01,2026-07-26T23:37:19.979678
2724,2,24/07/2026,20:33:18,2.271504,-72.265467,REENVIO PENDIENTE,0,0,HERMES-01,2026-07-26T23:37:25.846337
2725,2,24/07/2026,21:03:58,2.271452,-72.265525,REENVIO PENDIENTE,0,0,HERMES-01,2026-07-26T23:37:32.481238
2726,2,24/07/2026,21:34:38,2.271466,-72.265496,REENVIO PENDIENTE,0,0,HERMES-01,2026-07-26T23:37:38.665274
2727,2,24/07/2026,22:05:14,2.271471,-72.265492,REENVIO PENDIENTE,0,0,HERMES-01,2026-07-26T23:37:45.133843
2728,2,24/07/2026,22:35:54,2.271474,-72.265484,REENVIO PENDIENTE,0,0,HERMES-01,2026-07-26T23:37:51.783760
2729,2,24/07/2026,23:06:32,2.271478,-72.265499,REENVIO PENDIENTE,0,0,HERMES-01,2026-07-26T23:37:57.893568
2730,2,24/07/2026,23:37:13,2.271485,-72.265484,REENVIO PENDIENTE,0,0,HERMES-01,2026-07-26T23:38:03.467755
2731,2,,No disponible,2.256,-72.263092,REENVIO PENDIENTE,0,0,HERMES-01,2026-07-26T23:36:09.340352
2732,2,,No disponible,2.271863,-72.266126,REENVIO PENDIENTE,0,0,HERMES-01,2026-07-26T23:36:15.294566
2733,2,,No disponible,2.271463,-72.265509,REENVIO PENDIENTE,0,0,HERMES-01,2026-07-26T23:37:07.885797
2734,2,,No disponible,2.271465,-72.265507,REENVIO PENDIENTE,0,0,HERMES-01,2026-07-26T23:37:13.558951
2735,2,,No disponible,2.271468,-72.265511,REENVIO PENDIENTE,0,0,HERMES-01,2026-07-26T23:38:52.856913
2736,2,,No disponible,2.271472,-72.2655,REENVIO PENDIENTE,0,0,HERMES-01,2026-07-26T23:39:23.724522
2737,2,,No disponible,2.271491,-72.265522,REENVIO PENDIENTE,0,0,HERMES-01,2026-07-26T23:39:46.189792
2738,2,26/07/2026,18:40:55,2.237990667,-72.33165417,NUEVA UBICACION,0,0,HERMES-01,2026-07-26T23:41:05.771503
2739,34,27/07/2026,10:46:31,2.237998333,-72.33162767,NUEVA UBICACION,0,0,HERMES-01,2026-07-27T15:46:37.920942
2740,35,,No disponible,2.237999833,-72.3316525,NUEVA UBICACION,0,0,HERMES-01,2026-07-27T16:16:41.609103
2741,36,,No disponible,2.2380015,-72.331628,NUEVA UBICACION,0,0,HERMES-01,2026-07-27T16:46:41.507701
2742,37,,No disponible,2.237999667,-72.33163217,NUEVA UBICACION,0,0,HERMES-01,2026-07-27T17:16:45.114257
2743,38,27/07/2026,12:46:41,2.237993,-72.33162467,NUEVA UBICACION,0,0,HERMES-01,2026-07-27T17:46:48.004859
2744,42,27/07/2026,14:47:22,2.237997,-72.33162883,NUEVA UBICACION,0,0,HERMES-01,2026-07-27T19:47:28.837207
2745,44,27/07/2026,15:47:33,2.237991833,-72.331645,NUEVA UBICACION,0,0,HERMES-01,2026-07-27T20:47:39.823912
2746,45,27/07/2026,16:17:26,2.238008,-72.33164017,NUEVA UBICACION,0,0,HERMES-01,2026-07-27T21:17:32.466902
2747,50,27/07/2026,18:47:56,2.2379845,-72.331604,NUEVA UBICACION,0,0,HERMES-01,2026-07-27T23:48:02.178333
2748,8,27/07/2026,21:41:49,2.237978,-72.33162867,NUEVA UBICACION,0,0,HERMES-01,2026-07-27T02:41:55.997989
2749,9,27/07/2026,22:11:49,2.2379995,-72.33164333,NUEVA UBICACION,0,0,HERMES-01,2026-07-27T03:11:56.504624
2750,57,,No disponible,2.238012833,-72.3316235,NUEVA UBICACION,0,0,HERMES-01,2026-07-28T03:19:02.825244
2751,10,27/07/2026,22:41:49,2.237962833,-72.33162667,NUEVA UBICACION,0,0,HERMES-01,2026-07-27T03:41:55.685379
2752,58,,No disponible,2.2380085,-72.3316335,NUEVA UBICACION,0,0,HERMES-01,2026-07-28T03:49:01.696866
2753,61,28/07/2026,00:18:55,2.238000333,-72.33164217,NUEVA UBICACION,0,0,HERMES-01,2026-07-28T05:19:01.224099
2754,62,28/07/2026,00:48:54,2.237965333,-72.33161733,NUEVA UBICACION,0,0,HERMES-01,2026-07-28T05:49:00.198505
2755,63,28/07/2026,01:18:54,2.237985,-72.3316295,NUEVA UBICACION,0,0,HERMES-01,2026-07-28T06:19:00.189054
2756,70,28/07/2026,04:49:35,2.238002333,-72.331644,NUEVA UBICACION,0,0,HERMES-01,2026-07-28T09:49:41.734771
2757,71,28/07/2026,05:19:35,2.237973,-72.33162833,NUEVA UBICACION,0,0,HERMES-01,2026-07-28T10:19:41.790237
2758,72,28/07/2026,05:49:34,2.237986333,-72.3316225,NUEVA UBICACION,0,0,HERMES-01,2026-07-28T10:49:41.112042
2759,74,28/07/2026,06:49:45,2.237999333,-72.3316345,NUEVA UBICACION,0,0,HERMES-01,2026-07-28T11:49:52.257732
2760,75,28/07/2026,07:19:45,2.238001667,-72.33163533,NUEVA UBICACION,0,0,HERMES-01,2026-07-28T12:19:52.508938
2761,77,28/07/2026,08:19:57,2.238020667,-72.33163483,NUEVA UBICACION,0,0,HERMES-01,2026-07-28T13:20:03.874274
2762,78,,No disponible,2.238021833,-72.3316425,NUEVA UBICACION,0,0,HERMES-01,2026-07-28T13:50:09.394212
2763,83,28/07/2026,11:21:03,2.237999667,-72.331656,NUEVA UBICACION,0,0,HERMES-01,2026-07-28T16:21:09.576294
2764,53,28/07/2026,20:18:23,2.2379775,-72.33161817,NUEVA UBICACION,0,0,HERMES-01,2026-07-28T01:18:29.942007
2765,59,28/07/2026,23:18:54,2.237981,-72.33162533,NUEVA UBICACION,0,0,HERMES-01,2026-07-28T04:19:00.169042
2766,60,28/07/2026,23:48:54,2.2379905,-72.33164283,NUEVA UBICACION,0,0,HERMES-01,2026-07-28T04:49:00.898144
2767,127,29/07/2026,09:28:54,2.238009333,-72.331634,NUEVA UBICACION,0,0,HERMES-01,2026-07-29T14:29:00.688229
2768,128,29/07/2026,09:58:57,2.238025,-72.33162967,NUEVA UBICACION,0,0,HERMES-01,2026-07-29T14:59:05.091691
2769,130,29/07/2026,10:59:16,2.238010167,-72.33163817,NUEVA UBICACION,0,0,HERMES-01,2026-07-29T15:59:23.541109
2770,131,,No disponible,2.237993667,-72.331656,NUEVA UBICACION,0,0,HERMES-01,2026-07-29T16:29:26.101165
2771,132,29/07/2026,11:59:23,2.238017833,-72.3316595,NUEVA UBICACION,0,0,HERMES-01,2026-07-29T16:59:32.722150
2772,179,29/07/2026,14:31:53,2.23786,-72.424376,REENVIO PENDIENTE,0,0,HERMES-01,2026-07-30T17:00:00.934270
2773,179,29/07/2026,15:02:32,2.20218,-72.438458,REENVIO PENDIENTE,0,0,HERMES-01,2026-07-30T17:00:05.856510
2774,179,29/07/2026,15:33:11,2.166833,-72.398553,REENVIO PENDIENTE,0,0,HERMES-01,2026-07-30T17:00:10.699746
2775,179,29/07/2026,16:03:52,2.139862,-72.344417,REENVIO PENDIENTE,0,0,HERMES-01,2026-07-30T17:00:15.581217
2776,179,29/07/2026,16:34:31,2.127827,-72.322459,REENVIO PENDIENTE,0,0,HERMES-01,2026-07-30T17:00:20.537285
2777,179,29/07/2026,17:05:10,2.123082,-72.303294,REENVIO PENDIENTE,0,0,HERMES-01,2026-07-30T17:00:25.386689
2778,179,29/07/2026,17:35:48,2.123101,-72.303301,REENVIO PENDIENTE,0,0,HERMES-01,2026-07-30T17:00:31.428472
2779,179,29/07/2026,18:06:29,2.123086,-72.303366,REENVIO PENDIENTE,0,0,HERMES-01,2026-07-30T17:00:36.546759
2780,99,29/07/2026,19:24:00,2.237991667,-72.33161817,NUEVA UBICACION,0,0,HERMES-01,2026-07-29T00:24:07.356410
2781,106,29/07/2026,22:55:10,2.238004,-72.331619,NUEVA UBICACION,0,0,HERMES-01,2026-07-29T03:55:16.718102
2782,107,29/07/2026,23:25:10,2.23797,-72.331621,NUEVA UBICACION,0,0,HERMES-01,2026-07-29T04:25:16.209538
2783,179,30/07/2026,00:14:29,2.123075,-72.303302,REENVIO PENDIENTE,0,0,HERMES-01,2026-07-30T17:01:40.047950
2784,179,30/07/2026,00:45:08,2.123066,-72.303301,REENVIO PENDIENTE,0,0,HERMES-01,2026-07-30T17:01:45.018277
2785,179,30/07/2026,01:15:47,2.123059,-72.303259,REENVIO PENDIENTE,0,0,HERMES-01,2026-07-30T17:01:49.906275
2786,179,30/07/2026,01:46:25,2.123076,-72.30331,REENVIO PENDIENTE,0,0,HERMES-01,2026-07-30T17:01:54.825328
2787,179,30/07/2026,02:17:06,2.123057,-72.30331,REENVIO PENDIENTE,0,0,HERMES-01,2026-07-30T17:02:02.595107
2788,179,30/07/2026,02:47:45,2.123071,-72.3033,REENVIO PENDIENTE,0,0,HERMES-01,2026-07-30T17:02:07.628243
2789,179,30/07/2026,03:18:26,2.123066,-72.303332,REENVIO PENDIENTE,0,0,HERMES-01,2026-07-30T17:02:12.830719
2790,179,30/07/2026,03:49:07,2.123056,-72.30331,REENVIO PENDIENTE,0,0,HERMES-01,2026-07-30T17:02:17.937063
2791,179,30/07/2026,04:19:46,2.123064,-72.303303,REENVIO PENDIENTE,0,0,HERMES-01,2026-07-30T17:02:23.075263
2792,179,30/07/2026,05:21:04,2.123057,-72.303332,REENVIO PENDIENTE,0,0,HERMES-01,2026-07-30T17:02:32.996340
2793,179,30/07/2026,05:51:41,2.123085,-72.303273,REENVIO PENDIENTE,0,0,HERMES-01,2026-07-30T17:02:38.335587
2794,179,30/07/2026,06:52:59,2.123021,-72.303269,REENVIO PENDIENTE,0,0,HERMES-01,2026-07-30T17:02:48.989843
2795,179,30/07/2026,07:23:37,2.13482,-72.286765,REENVIO PENDIENTE,0,0,HERMES-01,2026-07-30T17:02:54.304903
2796,179,30/07/2026,08:24:58,2.145304,-72.268353,REENVIO PENDIENTE,0,0,HERMES-01,2026-07-30T17:03:05.151716
2797,179,30/07/2026,09:26:19,2.154078,-72.278485,REENVIO PENDIENTE,0,0,HERMES-01,2026-07-30T17:03:14.892605
2798,179,30/07/2026,09:56:58,2.14864,-72.284413,REENVIO PENDIENTE,0,0,HERMES-01,2026-07-30T17:03:19.980848
2799,179,30/07/2026,10:27:39,2.13503,-72.28682,REENVIO PENDIENTE,0,0,HERMES-01,2026-07-30T17:03:25.038706
2800,179,30/07/2026,10:58:21,2.134477,-72.286727,REENVIO PENDIENTE,0,0,HERMES-01,2026-07-30T17:03:30.051788
2801,179,,No disponible,2.237836,-72.424364,REENVIO PENDIENTE,0,0,HERMES-01,2026-07-30T16:59:55.999722
2802,179,,No disponible,2.123073,-72.303315,REENVIO PENDIENTE,0,0,HERMES-01,2026-07-30T17:00:44.082094
2803,179,,No disponible,2.123046,-72.303279,REENVIO PENDIENTE,0,0,HERMES-01,2026-07-30T17:00:49.230155
2804,179,,No disponible,2.123072,-72.303304,REENVIO PENDIENTE,0,0,HERMES-01,2026-07-30T17:01:04.278352
2805,179,,No disponible,2.123082,-72.30329,REENVIO PENDIENTE,0,0,HERMES-01,2026-07-30T17:01:14.135917
2806,179,,No disponible,2.123069,-72.303326,REENVIO PENDIENTE,0,0,HERMES-01,2026-07-30T17:02:28.075200
2807,179,,No disponible,2.123003,-72.303329,REENVIO PENDIENTE,0,0,HERMES-01,2026-07-30T17:02:43.513754
2808,179,,No disponible,2.136664,-72.286727,REENVIO PENDIENTE,0,0,HERMES-01,2026-07-30T17:02:59.196082
2809,179,,No disponible,2.145698,-72.268819,REENVIO PENDIENTE,0,0,HERMES-01,2026-07-30T17:03:09.891357
2810,179,,No disponible,2.123011,-72.303433,REENVIO PENDIENTE,0,0,HERMES-01,2026-07-30T17:03:35.231020
2811,179,30/07/2026,12:03:39,2.131486,-72.33338017,NUEVA UBICACION,0,0,HERMES-01,2026-07-30T17:03:45.887513
2812,180,30/07/2026,12:35:44,2.1327795,-72.33460517,NUEVA UBICACION,0,0,HERMES-01,2026-07-30T17:36:01.941915
2813,182,,No disponible,2.187899833,-72.42690967,NUEVA UBICACION,0,0,HERMES-01,2026-07-30T18:37:35.095766
2814,183,30/07/2026,14:07:32,2.187253333,-72.42733817,NUEVA UBICACION,0,0,HERMES-01,2026-07-30T19:07:41.082226
2815,185,30/07/2026,15:08:24,2.187287667,-72.42735583,NUEVA UBICACION,0,0,HERMES-01,2026-07-30T20:08:39.898182
2816,186,30/07/2026,15:38:33,2.187246833,-72.42735883,NUEVA UBICACION,0,0,HERMES-01,2026-07-30T20:38:42.286121
2817,187,30/07/2026,16:08:37,2.187240833,-72.4273585,NUEVA UBICACION,0,0,HERMES-01,2026-07-30T21:08:44.800041
2818,188,30/07/2026,16:38:38,2.187265167,-72.42736383,NUEVA UBICACION,0,0,HERMES-01,2026-07-30T21:38:45.726779
2819,189,30/07/2026,17:08:40,2.1872375,-72.42734417,NUEVA UBICACION,0,0,HERMES-01,2026-07-30T22:08:48.281752
2820,179,30/07/2026,19:38:31,2.123084,-72.303314,REENVIO PENDIENTE,0,0,HERMES-01,2026-07-30T17:00:54.312895
2821,179,30/07/2026,20:09:11,2.123058,-72.303297,REENVIO PENDIENTE,0,0,HERMES-01,2026-07-30T17:00:59.104932
2822,179,30/07/2026,21:10:30,2.123068,-72.303344,REENVIO PENDIENTE,0,0,HERMES-01,2026-07-30T17:01:09.383483
2823,179,30/07/2026,22:11:52,2.123064,-72.303347,REENVIO PENDIENTE,0,0,HERMES-01,2026-07-30T17:01:19.479175
2824,179,30/07/2026,22:42:31,2.12305,-72.303309,REENVIO PENDIENTE,0,0,HERMES-01,2026-07-30T17:01:24.928119
2825,179,30/07/2026,23:13:09,2.123057,-72.303292,REENVIO PENDIENTE,0,0,HERMES-01,2026-07-30T17:01:30.022316
2826,179,30/07/2026,23:43:50,2.123061,-72.3033,REENVIO PENDIENTE,0,0,HERMES-01,2026-07-30T17:01:35.069956
2827,216,31/07/2026,00:16:23,2.187245,-72.427354,REENVIO PENDIENTE,0,0,HERMES-01,2026-07-31T11:56:28.092016
2828,216,31/07/2026,00:47:03,2.187242,-72.427353,REENVIO PENDIENTE,0,0,HERMES-01,2026-07-31T11:56:34.764261
2829,216,31/07/2026,01:17:42,2.187256,-72.427353,REENVIO PENDIENTE,0,0,HERMES-01,2026-07-31T11:56:40.135452
2830,216,31/07/2026,01:48:21,2.187258,-72.42734,REENVIO PENDIENTE,0,0,HERMES-01,2026-07-31T11:56:45.141724
2831,216,31/07/2026,02:18:59,2.187231,-72.427353,REENVIO PENDIENTE,0,0,HERMES-01,2026-07-31T11:56:50.116414
2832,216,31/07/2026,02:49:38,2.18724,-72.427337,REENVIO PENDIENTE,0,0,HERMES-01,2026-07-31T11:56:55.202555
2833,216,31/07/2026,03:20:17,2.187245,-72.427351,REENVIO PENDIENTE,0,0,HERMES-01,2026-07-31T11:57:00.111987
2834,216,31/07/2026,04:21:33,2.187235,-72.427363,REENVIO PENDIENTE,0,0,HERMES-01,2026-07-31T11:57:10.488702
2835,216,31/07/2026,05:22:52,2.187252,-72.427355,REENVIO PENDIENTE,0,0,HERMES-01,2026-07-31T11:57:21.118807
2836,216,31/07/2026,05:53:32,2.187242,-72.427359,REENVIO PENDIENTE,0,0,HERMES-01,2026-07-31T11:57:26.610612
2837,216,31/07/2026,06:24:09,2.187242,-72.427359,REENVIO PENDIENTE,0,0,HERMES-01,2026-07-31T11:57:31.715765
2838,216,,No disponible,2.187241,-72.427342,REENVIO PENDIENTE,0,0,HERMES-01,2026-07-31T11:56:23.027691
2839,216,,No disponible,2.18725,-72.427353,REENVIO PENDIENTE,0,0,HERMES-01,2026-07-31T11:57:05.060221
2840,216,,No disponible,2.18724,-72.427387,REENVIO PENDIENTE,0,0,HERMES-01,2026-07-31T11:57:15.601831
2841,216,,No disponible,2.187268,-72.427369,NUEVA UBICACION,0,0,HERMES-01,2026-07-31T11:57:43.289471
2842,222,31/07/2026,09:58:37,2.187269,-72.4273665,NUEVA UBICACION,0,0,HERMES-01,2026-07-31T14:58:46.573745
2843,223,,No disponible,2.187255333,-72.42735283,NUEVA UBICACION,0,0,HERMES-01,2026-07-31T15:28:51.102536
2844,224,31/07/2026,10:58:49,2.187257333,-72.4273755,NUEVA UBICACION,0,0,HERMES-01,2026-07-31T15:58:58.187523
2845,225,31/07/2026,11:28:55,2.187272167,-72.42735217,NUEVA UBICACION,0,0,HERMES-01,2026-07-31T16:29:01.676528
2846,229,31/07/2026,13:29:45,2.187240167,-72.42738367,NUEVA UBICACION,0,0,HERMES-01,2026-07-31T18:29:53.359769
2847,237,31/07/2026,17:31:10,2.187253333,-72.42734667,NUEVA UBICACION,0,0,HERMES-01,2026-07-31T22:31:17.262849
2848,216,31/07/2026,20:41:54,2.18723,-72.427355,REENVIO PENDIENTE,0,0,HERMES-01,2026-07-31T11:55:52.582535
2849,216,31/07/2026,21:12:33,2.187229,-72.42735,REENVIO PENDIENTE,0,0,HERMES-01,2026-07-31T11:55:58.054648
2850,216,31/07/2026,21:43:12,2.187248,-72.427348,REENVIO PENDIENTE,0,0,HERMES-01,2026-07-31T11:56:03.117960
2851,216,31/07/2026,22:13:50,2.187254,-72.427343,REENVIO PENDIENTE,0,0,HERMES-01,2026-07-31T11:56:08.088963
2852,216,31/07/2026,22:44:26,2.187255,-72.427367,REENVIO PENDIENTE,0,0,HERMES-01,2026-07-31T11:56:13.051579
2853,216,31/07/2026,23:15:05,2.187253,-72.42734,REENVIO PENDIENTE,0,0,HERMES-01,2026-07-31T11:56:18.051879
2854,263,01/08/2026,02:05:27,2.187256,-72.42737,REENVIO PENDIENTE,0,0,HERMES-01,2026-08-01T11:41:25.426623
2855,263,01/08/2026,03:06:44,2.187237,-72.427369,REENVIO PENDIENTE,0,0,HERMES-01,2026-08-01T11:41:34.951076
2856,263,01/08/2026,04:38:41,2.187247,-72.427372,REENVIO PENDIENTE,0,0,HERMES-01,2026-08-01T11:41:49.519352
2857,263,01/08/2026,05:09:19,2.18725,-72.42737,REENVIO PENDIENTE,0,0,HERMES-01,2026-08-01T11:41:54.294185
2858,263,01/08/2026,05:39:55,2.18725,-72.427364,REENVIO PENDIENTE,0,0,HERMES-01,2026-08-01T11:41:59.709701
2859,263,01/08/2026,06:10:33,2.18725,-72.42736,REENVIO PENDIENTE,0,0,HERMES-01,2026-08-01T11:42:05.482316
2860,263,,No disponible,2.187243,-72.427367,REENVIO PENDIENTE,0,0,HERMES-01,2026-08-01T11:41:20.553438
2861,263,,No disponible,2.187221,-72.427369,REENVIO PENDIENTE,0,0,HERMES-01,2026-08-01T11:41:30.130029
2862,263,,No disponible,2.187262,-72.427367,REENVIO PENDIENTE,0,0,HERMES-01,2026-08-01T11:41:39.784162
2863,263,,No disponible,2.187241,-72.427364,REENVIO PENDIENTE,0,0,HERMES-01,2026-08-01T11:41:44.623950
2864,263,01/08/2026,06:42:09,2.187276,-72.42738717,NUEVA UBICACION,0,0,HERMES-01,2026-08-01T11:42:16.282536
2865,270,01/08/2026,09:14:02,2.224851,-72.360958,REENVIO PENDIENTE,0,0,HERMES-01,2026-08-01T15:15:56.863768
2866,270,01/08/2026,09:44:41,2.21133,-72.344227,REENVIO PENDIENTE,0,0,HERMES-01,2026-08-01T15:16:01.957357
2867,270,01/08/2026,10:16:06,2.211273333,-72.34420417,NUEVA UBICACION,0,0,HERMES-01,2026-08-01T15:16:12.330086
2868,271,01/08/2026,10:46:02,2.211262,-72.34413567,NUEVA UBICACION,0,0,HERMES-01,2026-08-01T15:46:09.097250
2869,283,01/08/2026,16:49:20,2.202293833,-72.33953117,NUEVA UBICACION,0,0,HERMES-01,2026-08-01T21:49:26.863295
2870,284,01/08/2026,17:19:18,2.202295667,-72.33955383,NUEVA UBICACION,0,0,HERMES-01,2026-08-01T22:19:25.296693
2871,2,01/08/2026,18:20:11,2.202803,-72.339738,REENVIO PENDIENTE,0,0,HERMES-01,2026-08-03T12:09:12.314414
2872,2,01/08/2026,18:50:49,2.202751,-72.339645,REENVIO PENDIENTE,0,0,HERMES-01,2026-08-03T12:09:18.870567
2873,243,01/08/2026,20:32:14,2.187247,-72.4273515,NUEVA UBICACION,0,0,HERMES-01,2026-08-01T01:32:21.314191
2874,2,02/08/2026,00:58:48,2.202761,-72.339705,REENVIO PENDIENTE,0,0,HERMES-01,2026-08-03T12:10:39.247031
2875,2,02/08/2026,01:29:27,2.202783,-72.339717,REENVIO PENDIENTE,0,0,HERMES-01,2026-08-03T12:10:45.292176
2876,2,02/08/2026,02:00:06,2.202771,-72.339635,REENVIO PENDIENTE,0,0,HERMES-01,2026-08-03T12:10:51.324323
2877,2,02/08/2026,03:01:23,2.202771,-72.339651,REENVIO PENDIENTE,0,0,HERMES-01,2026-08-03T12:11:04.692907
2878,2,02/08/2026,03:32:02,2.202781,-72.339739,REENVIO PENDIENTE,0,0,HERMES-01,2026-08-03T12:11:10.991708
2879,2,02/08/2026,04:02:41,2.202759,-72.339796,REENVIO PENDIENTE,0,0,HERMES-01,2026-08-03T12:11:17.437626
2880,2,02/08/2026,05:04:01,2.202807,-72.339701,REENVIO PENDIENTE,0,0,HERMES-01,2026-08-03T12:11:32.584550
2881,2,02/08/2026,05:34:40,2.202829,-72.339653,REENVIO PENDIENTE,0,0,HERMES-01,2026-08-03T12:11:40.376820
2882,2,02/08/2026,06:05:18,2.202806,-72.339629,REENVIO PENDIENTE,0,0,HERMES-01,2026-08-03T12:11:47.174773
2883,2,02/08/2026,06:35:57,2.202843,-72.3397,REENVIO PENDIENTE,0,0,HERMES-01,2026-08-03T12:11:53.673555
2884,2,02/08/2026,07:06:38,2.202799,-72.33968,REENVIO PENDIENTE,0,0,HERMES-01,2026-08-03T12:11:59.912597
2885,2,02/08/2026,07:37:20,2.202774,-72.339693,REENVIO PENDIENTE,0,0,HERMES-01,2026-08-03T12:12:06.576519
2886,2,02/08/2026,08:08:02,2.202917,-72.339728,REENVIO PENDIENTE,0,0,HERMES-01,2026-08-03T12:12:12.971091
2887,2,02/08/2026,08:38:44,2.202755,-72.339597,REENVIO PENDIENTE,0,0,HERMES-01,2026-08-03T12:12:19.260198
2888,2,02/08/2026,09:09:24,2.202843,-72.339733,REENVIO PENDIENTE,0,0,HERMES-01,2026-08-03T12:12:26.579148
2889,2,02/08/2026,09:40:06,2.202819,-72.339658,REENVIO PENDIENTE,0,0,HERMES-01,2026-08-03T12:12:33.675236
2890,2,02/08/2026,10:10:49,2.202804,-72.339606,REENVIO PENDIENTE,0,0,HERMES-01,2026-08-03T12:12:39.936638
2891,2,02/08/2026,11:12:12,2.202779,-72.339655,REENVIO PENDIENTE,0,0,HERMES-01,2026-08-03T12:12:52.532190
2892,2,02/08/2026,11:42:56,2.202817,-72.339762,REENVIO PENDIENTE,0,0,HERMES-01,2026-08-03T12:12:59.841354
2893,2,02/08/2026,13:15:00,2.20275,-72.339642,REENVIO PENDIENTE,0,0,HERMES-01,2026-08-03T12:13:17.282422
2894,2,02/08/2026,14:47:01,2.202819,-72.339644,REENVIO PENDIENTE,0,0,HERMES-01,2026-08-03T12:13:36.674401
2895,2,02/08/2026,15:17:44,2.202845,-72.339616,REENVIO PENDIENTE,0,0,HERMES-01,2026-08-03T12:13:42.983117
2896,2,02/08/2026,15:48:27,2.202774,-72.339739,REENVIO PENDIENTE,0,0,HERMES-01,2026-08-03T12:13:50.890377
2897,2,02/08/2026,16:19:08,2.202792,-72.339696,REENVIO PENDIENTE,0,0,HERMES-01,2026-08-03T12:13:58.590696
2898,2,02/08/2026,16:49:47,2.202795,-72.339665,REENVIO PENDIENTE,0,0,HERMES-01,2026-08-03T12:14:06.435231
2899,2,02/08/2026,17:20:28,2.202777,-72.339628,REENVIO PENDIENTE,0,0,HERMES-01,2026-08-03T12:14:12.780466
2900,2,02/08/2026,18:21:48,2.202821,-72.339611,REENVIO PENDIENTE,0,0,HERMES-01,2026-08-03T12:14:24.582128
2901,2,02/08/2026,18:52:26,2.202805,-72.339698,REENVIO PENDIENTE,0,0,HERMES-01,2026-08-03T12:14:31.363889
2902,2,02/08/2026,19:21:30,2.202782,-72.339646,REENVIO PENDIENTE,0,0,HERMES-01,2026-08-03T12:09:25.979242
2903,2,02/08/2026,20:22:48,2.202821,-72.339663,REENVIO PENDIENTE,0,0,HERMES-01,2026-08-03T12:09:42.149256
2904,2,02/08/2026,20:53:28,2.202757,-72.339728,REENVIO PENDIENTE,0,0,HERMES-01,2026-08-03T12:09:48.164276
2905,2,02/08/2026,21:24:08,2.202784,-72.339652,REENVIO PENDIENTE,0,0,HERMES-01,2026-08-03T12:09:53.921230
2906,2,02/08/2026,21:54:49,2.202788,-72.339728,REENVIO PENDIENTE,0,0,HERMES-01,2026-08-03T12:10:00.884257
2907,2,02/08/2026,22:25:29,2.202773,-72.339716,REENVIO PENDIENTE,0,0,HERMES-01,2026-08-03T12:10:07.618598
2908,2,02/08/2026,22:56:08,2.202774,-72.339692,REENVIO PENDIENTE,0,0,HERMES-01,2026-08-03T12:10:13.640978
2909,2,02/08/2026,23:26:49,2.202799,-72.339692,REENVIO PENDIENTE,0,0,HERMES-01,2026-08-03T12:10:19.474216
2910,2,02/08/2026,23:57:29,2.2028,-72.339699,REENVIO PENDIENTE,0,0,HERMES-01,2026-08-03T12:10:25.796369
2911,2,,No disponible,2.20277,-72.339676,REENVIO PENDIENTE,0,0,HERMES-01,2026-08-03T12:09:32.868910
2912,2,,No disponible,2.202774,-72.339736,REENVIO PENDIENTE,0,0,HERMES-01,2026-08-03T12:10:32.364273
2913,2,,No disponible,2.202786,-72.339731,REENVIO PENDIENTE,0,0,HERMES-01,2026-08-03T12:10:58.418185
2914,2,,No disponible,2.202779,-72.339699,REENVIO PENDIENTE,0,0,HERMES-01,2026-08-03T12:11:24.733423
2915,2,,No disponible,2.202785,-72.339608,REENVIO PENDIENTE,0,0,HERMES-01,2026-08-03T12:12:45.401588
2916,2,,No disponible,2.202809,-72.339773,REENVIO PENDIENTE,0,0,HERMES-01,2026-08-03T12:13:05.051933
2917,2,,No disponible,2.202808,-72.339663,REENVIO PENDIENTE,0,0,HERMES-01,2026-08-03T12:13:10.393116
2918,2,,No disponible,2.202823,-72.339611,REENVIO PENDIENTE,0,0,HERMES-01,2026-08-03T12:13:23.352146
2919,2,,No disponible,2.202792,-72.339693,REENVIO PENDIENTE,0,0,HERMES-01,2026-08-03T12:13:30.504422
2920,2,,No disponible,2.202773,-72.339608,REENVIO PENDIENTE,0,0,HERMES-01,2026-08-03T12:14:18.461363
2921,2,,No disponible,2.230151,-72.382292,REENVIO PENDIENTE,0,0,HERMES-01,2026-08-03T12:15:01.508408
2922,2,,No disponible,2.230197,-72.382345,REENVIO PENDIENTE,0,0,HERMES-01,2026-08-03T12:15:14.469553
2923,2,,No disponible,2.230173,-72.382291,REENVIO PENDIENTE,0,0,HERMES-01,2026-08-03T12:15:47.320364
2924,2,00/00/2000,19:00:00,2.2301725,-72.38229133,ULTIMA UBICACION,0,0,HERMES-01,2026-08-03T12:17:59.281516
2925,3,00/00/2000,19:00:00,2.2301725,-72.38229133,ULTIMA UBICACION,0,0,HERMES-01,2026-08-03T12:49:57.426098
2926,4,03/08/2026,08:21:54,2.2301725,-72.38229133,ULTIMA UBICACION,0,0,HERMES-01,2026-08-03T13:22:00.858231
2927,5,03/08/2026,08:51:47,2.230197667,-72.38222917,NUEVA UBICACION,0,0,HERMES-01,2026-08-03T13:51:53.792131
2928,6,03/08/2026,09:23:34,2.227300833,-72.3798195,NUEVA UBICACION,0,0,HERMES-01,2026-08-03T14:23:40.691150
2929,7,03/08/2026,09:55:08,2.230242,-72.38213933,NUEVA UBICACION,0,0,HERMES-01,2026-08-03T14:55:14.333606
2930,8,03/08/2026,10:27:11,2.230165667,-72.38228933,NUEVA UBICACION,0,0,HERMES-01,2026-08-03T15:28:26.097593
2931,9,03/08/2026,11:00:06,2.230165667,-72.38228933,ULTIMA UBICACION,0,0,HERMES-01,2026-08-03T16:00:12.365686
2932,10,03/08/2026,11:30:04,2.230189333,-72.38220167,NUEVA UBICACION,0,0,HERMES-01,2026-08-03T16:30:11.479302
2933,11,03/08/2026,12:00:01,2.230195167,-72.38216617,NUEVA UBICACION,0,0,HERMES-01,2026-08-03T17:00:07.947553
2934,12,03/08/2026,12:30:01,2.230203333,-72.38219783,NUEVA UBICACION,0,0,HERMES-01,2026-08-03T17:30:08.024071
2935,13,03/08/2026,13:00:11,2.230286,-72.38215267,NUEVA UBICACION,0,0,HERMES-01,2026-08-03T18:00:17.312377
2936,14,03/08/2026,13:30:06,2.230205667,-72.382182,NUEVA UBICACION,0,0,HERMES-01,2026-08-03T18:30:17.349303
2937,15,03/08/2026,14:00:11,2.230187667,-72.38220117,NUEVA UBICACION,0,0,HERMES-01,2026-08-03T19:00:17.836848
2938,16,03/08/2026,14:30:09,2.230237,-72.38220733,NUEVA UBICACION,0,0,HERMES-01,2026-08-03T19:30:16.537391
2939,19,03/08/2026,15:00:28,2.225039,-72.398891,REENVIO PENDIENTE,0,0,HERMES-01,2026-08-03T21:01:31.174277
2940,19,03/08/2026,15:31:05,2.213043,-72.402038,REENVIO PENDIENTE,0,0,HERMES-01,2026-08-03T21:01:37.204183
2941,19,03/08/2026,16:01:41,2.2131435,-72.40193,NUEVA UBICACION,0,0,HERMES-01,2026-08-03T21:01:48.024421
2942,20,03/08/2026,16:31:38,2.212930333,-72.40211,NUEVA UBICACION,0,0,HERMES-01,2026-08-03T21:31:51.379274
2943,21,03/08/2026,17:01:42,2.2129445,-72.40209067,NUEVA UBICACION,0,0,HERMES-01,2026-08-03T22:01:49.967396
2944,22,03/08/2026,17:31:42,2.212942333,-72.40210933,NUEVA UBICACION,0,0,HERMES-01,2026-08-03T22:31:48.975312
2945,24,,No disponible,2.212899167,-72.40212883,NUEVA UBICACION,0,0,HERMES-01,2026-08-03T23:32:03.771505
2946,2,03/08/2026,19:23:07,2.229194,-72.38305,REENVIO PENDIENTE,0,0,HERMES-01,2026-08-03T12:14:37.503002
2947,2,03/08/2026,19:53:48,2.230176,-72.382286,REENVIO PENDIENTE,0,0,HERMES-01,2026-08-03T12:14:43.920515
2948,2,03/08/2026,20:24:28,2.230195,-72.382322,REENVIO PENDIENTE,0,0,HERMES-01,2026-08-03T12:14:49.203892
2949,2,03/08/2026,20:55:09,2.230126,-72.382254,REENVIO PENDIENTE,0,0,HERMES-01,2026-08-03T12:14:54.677502
2950,2,03/08/2026,21:56:28,2.230179,-72.382286,REENVIO PENDIENTE,0,0,HERMES-01,2026-08-03T12:15:07.523219
2951,2,03/08/2026,22:57:49,2.230199,-72.38231,REENVIO PENDIENTE,0,0,HERMES-01,2026-08-03T12:15:20.710435
2952,2,03/08/2026,23:28:30,2.230192,-72.382266,REENVIO PENDIENTE,0,0,HERMES-01,2026-08-03T12:15:31.253422
2953,2,03/08/2026,23:59:12,2.230138,-72.382284,REENVIO PENDIENTE,0,0,HERMES-01,2026-08-03T12:15:39.773669
2954,35,04/08/2026,00:02:57,2.212948333,-72.40210783,NUEVA UBICACION,0,0,HERMES-01,2026-08-04T05:03:04.180670
2955,36,04/08/2026,00:32:56,2.212920167,-72.40210917,NUEVA UBICACION,0,0,HERMES-01,2026-08-04T05:33:05.659614
2956,37,,No disponible,2.212907167,-72.40210933,NUEVA UBICACION,0,0,HERMES-01,2026-08-04T06:03:05.754393
2957,38,04/08/2026,01:32:59,2.212919333,-72.40212133,NUEVA UBICACION,0,0,HERMES-01,2026-08-04T06:33:08.648810
2958,39,04/08/2026,02:03:01,2.2129345,-72.40212233,NUEVA UBICACION,0,0,HERMES-01,2026-08-04T07:03:08.659736
2959,45,04/08/2026,05:04:31,2.212928333,-72.402123,NUEVA UBICACION,0,0,HERMES-01,2026-08-04T10:04:48.217252
2960,51,04/08/2026,07:05:49,2.212956,-72.40211,REENVIO PENDIENTE,0,0,HERMES-01,2026-08-04T13:06:34.005895
2961,51,04/08/2026,07:36:19,2.212921,-72.402115,REENVIO PENDIENTE,0,0,HERMES-01,2026-08-04T13:06:41.759415
2962,51,,No disponible,2.212949167,-72.40213667,NUEVA UBICACION,0,0,HERMES-01,2026-08-04T13:06:52.125056
2963,52,04/08/2026,08:36:50,2.212927,-72.40213133,NUEVA UBICACION,0,0,HERMES-01,2026-08-04T13:36:57.494619
2964,55,04/08/2026,10:07:18,2.212972,-72.40216817,NUEVA UBICACION,0,0,HERMES-01,2026-08-04T15:07:25.034730
2965,56,04/08/2026,10:37:20,2.212946667,-72.40211317,NUEVA UBICACION,0,0,HERMES-01,2026-08-04T15:37:27.028452
2966,57,04/08/2026,11:07:22,2.212962,-72.4021165,NUEVA UBICACION,0,0,HERMES-01,2026-08-04T16:07:29.101130
2967,58,04/08/2026,11:37:26,2.212925833,-72.40210633,NUEVA UBICACION,0,0,HERMES-01,2026-08-04T16:37:33.345817
2968,59,04/08/2026,12:07:27,2.2129345,-72.402123,NUEVA UBICACION,0,0,HERMES-01,2026-08-04T17:07:35.745995
2969,60,04/08/2026,12:37:30,2.212926333,-72.40210467,NUEVA UBICACION,0,0,HERMES-01,2026-08-04T17:37:37.674420
2970,61,04/08/2026,13:07:34,2.212940167,-72.40209333,NUEVA UBICACION,0,0,HERMES-01,2026-08-04T18:07:40.563849
2971,62,04/08/2026,13:37:36,2.212875333,-72.4020705,NUEVA UBICACION,0,0,HERMES-01,2026-08-04T18:37:42.947944
2972,63,04/08/2026,14:07:39,2.212953167,-72.40217233,NUEVA UBICACION,0,0,HERMES-01,2026-08-04T19:07:47.325482
2973,66,04/08/2026,15:38:35,2.212930833,-72.40211667,NUEVA UBICACION,0,0,HERMES-01,2026-08-04T20:38:44.694970
2974,67,04/08/2026,16:08:41,2.212971,-72.40213667,NUEVA UBICACION,0,0,HERMES-01,2026-08-04T21:08:48.102521
2975,68,04/08/2026,16:38:43,2.212929667,-72.40211783,NUEVA UBICACION,0,0,HERMES-01,2026-08-04T21:38:50.650515
2976,69,04/08/2026,17:08:53,2.212932167,-72.40212967,NUEVA UBICACION,0,0,HERMES-01,2026-08-04T22:09:00.337856
2977,70,,No disponible,2.212923167,-72.40213667,NUEVA UBICACION,0,0,HERMES-01,2026-08-04T22:38:57.812618
2978,71,04/08/2026,18:08:52,2.212929667,-72.40211367,NUEVA UBICACION,0,0,HERMES-01,2026-08-04T23:08:59.219073
2979,72,04/08/2026,18:38:53,2.212911833,-72.40209683,NUEVA UBICACION,0,0,HERMES-01,2026-08-04T23:39:02.742966
2980,25,04/08/2026,19:02:02,2.212898833,-72.40209933,NUEVA UBICACION,0,0,HERMES-01,2026-08-04T00:02:09.359858
2981,26,04/08/2026,19:32:03,2.212904667,-72.4021255,NUEVA UBICACION,0,0,HERMES-01,2026-08-04T00:32:10.499922
2982,74,,No disponible,2.212918833,-72.4021185,NUEVA UBICACION,0,0,HERMES-01,2026-08-05T00:39:04.979097
2983,27,04/08/2026,20:02:10,2.2129275,-72.40210983,NUEVA UBICACION,0,0,HERMES-01,2026-08-04T01:02:18.406555
2984,28,04/08/2026,20:32:12,2.212915333,-72.40210433,NUEVA UBICACION,0,0,HERMES-01,2026-08-04T01:32:20.641561
2985,29,04/08/2026,21:02:06,2.212892167,-72.40213133,NUEVA UBICACION,0,0,HERMES-01,2026-08-04T02:02:14.120829
2986,31,04/08/2026,22:02:33,2.212929167,-72.40211633,NUEVA UBICACION,0,0,HERMES-01,2026-08-04T03:02:40.454618
2987,97,05/08/2026,05:43:28,2.207957,-72.403499,REENVIO PENDIENTE,0,0,HERMES-01,2026-08-05T12:14:56.999297
2988,97,05/08/2026,06:14:03,2.2156,-72.40356,REENVIO PENDIENTE,0,0,HERMES-01,2026-08-05T12:15:02.802167
2989,97,05/08/2026,06:44:40,2.225431,-72.41221,REENVIO PENDIENTE,0,0,HERMES-01,2026-08-05T12:15:08.684500
2990,97,05/08/2026,07:15:12,2.229606833,-72.41756467,NUEVA UBICACION,0,0,HERMES-01,2026-08-05T12:15:19.166396
2991,98,05/08/2026,07:45:26,2.229573667,-72.4175395,NUEVA UBICACION,0,0,HERMES-01,2026-08-05T12:45:43.574949
2992,102,05/08/2026,09:46:21,2.229564833,-72.41754617,NUEVA UBICACION,0,0,HERMES-01,2026-08-05T14:46:29.777131
2993,103,,No disponible,2.22952,-72.41750983,NUEVA UBICACION,0,0,HERMES-01,2026-08-05T15:16:37.674400
2994,105,05/08/2026,11:16:52,2.229534833,-72.41754817,NUEVA UBICACION,0,0,HERMES-01,2026-08-05T16:17:01.111054
2995,106,05/08/2026,11:46:55,2.229557167,-72.41752733,NUEVA UBICACION,0,0,HERMES-01,2026-08-05T16:47:03.758792
2996,107,05/08/2026,12:16:54,2.229538333,-72.41750183,NUEVA UBICACION,0,0,HERMES-01,2026-08-05T17:17:01.164681
2997,108,,No disponible,2.229571167,-72.41754383,NUEVA UBICACION,0,0,HERMES-01,2026-08-05T17:47:00.512429
2998,109,05/08/2026,13:16:58,2.229517333,-72.41760933,NUEVA UBICACION,0,0,HERMES-01,2026-08-05T18:17:06.317954
2999,110,05/08/2026,13:47:04,2.229561667,-72.41758183,NUEVA UBICACION,0,0,HERMES-01,2026-08-05T18:47:10.801506
3000,111,05/08/2026,14:17:04,2.229514333,-72.417585,NUEVA UBICACION,0,0,HERMES-01,2026-08-05T19:17:11.072706
3001,112,05/08/2026,14:47:02,2.229523667,-72.41755633,NUEVA UBICACION,0,0,HERMES-01,2026-08-05T19:47:09.492230
3002,113,05/08/2026,15:17:10,2.229545333,-72.41758367,NUEVA UBICACION,0,0,HERMES-01,2026-08-05T20:17:16.439984
3003,114,05/08/2026,15:47:18,2.2295175,-72.41756533,NUEVA UBICACION,0,0,HERMES-01,2026-08-05T20:47:25.618767
3004,115,05/08/2026,16:17:20,2.229541167,-72.41758083,NUEVA UBICACION,0,0,HERMES-01,2026-08-05T21:17:27.146096
3005,116,05/08/2026,16:47:23,2.229498667,-72.41754233,NUEVA UBICACION,0,0,HERMES-01,2026-08-05T21:47:29.438759
3006,117,05/08/2026,17:17:23,2.229548,-72.417555,NUEVA UBICACION,0,0,HERMES-01,2026-08-05T22:17:30.483021
3007,118,,No disponible,2.2295515,-72.41755383,NUEVA UBICACION,0,0,HERMES-01,2026-08-05T22:47:34.354231
3008,119,,No disponible,2.229507,-72.41754117,NUEVA UBICACION,0,0,HERMES-01,2026-08-05T23:17:35.243688
3009,120,05/08/2026,18:47:29,2.229507167,-72.417575,NUEVA UBICACION,0,0,HERMES-01,2026-08-05T23:47:39.200447
3010,73,05/08/2026,19:08:56,2.212943667,-72.4020945,NUEVA UBICACION,0,0,HERMES-01,2026-08-05T00:09:10.388240
3011,75,05/08/2026,20:09:06,2.212920833,-72.40212233,NUEVA UBICACION,0,0,HERMES-01,2026-08-05T01:09:26.978550
3012,78,05/08/2026,21:39:40,2.212921667,-72.40213067,NUEVA UBICACION,0,0,HERMES-01,2026-08-05T02:39:48.169489
3013,147,06/08/2026,08:28:07,2.199341333,-72.42352117,NUEVA UBICACION,0,0,HERMES-01,2026-08-06T13:28:14.097926
3014,148,06/08/2026,08:58:11,2.199304167,-72.423522,NUEVA UBICACION,0,0,HERMES-01,2026-08-06T13:58:19.239912
3015,149,06/08/2026,09:28:12,2.199305,-72.42351783,NUEVA UBICACION,0,0,HERMES-01,2026-08-06T14:28:19.639694
3016,152,06/08/2026,10:58:43,2.1992885,-72.4235345,NUEVA UBICACION,0,0,HERMES-01,2026-08-06T15:58:49.429235
3017,153,06/08/2026,11:28:43,2.199280667,-72.42353733,NUEVA UBICACION,0,0,HERMES-01,2026-08-06T16:28:51.204138
3018,154,06/08/2026,11:58:45,2.199308,-72.42351467,NUEVA UBICACION,0,0,HERMES-01,2026-08-06T16:58:52.065274
3019,155,,No disponible,2.199307833,-72.42351183,NUEVA UBICACION,0,0,HERMES-01,2026-08-06T17:28:55.286562
3020,156,06/08/2026,12:58:49,2.199288167,-72.42352733,NUEVA UBICACION,0,0,HERMES-01,2026-08-06T17:58:56.200279
3021,157,06/08/2026,13:28:50,2.199285667,-72.42352083,NUEVA UBICACION,0,0,HERMES-01,2026-08-06T18:28:57.335859
3022,158,,No disponible,2.199305333,-72.42351517,NUEVA UBICACION,0,0,HERMES-01,2026-08-06T18:59:03.688168
3023,159,06/08/2026,14:28:56,2.199265,-72.423514,NUEVA UBICACION,0,0,HERMES-01,2026-08-06T19:29:04.045986
3024,160,06/08/2026,14:59:03,2.199289667,-72.42350733,NUEVA UBICACION,0,0,HERMES-01,2026-08-06T19:59:11.343970