<?xml version="1.0" encoding="UTF-8"?>
<kml xmlns="http://www.opengis.net/kml/2.2"><Document>
  <n>Respaldo HERMES-02 20/08/2026 a 27/08/2026</n>
  <Style id="pointStyle"><IconStyle><color>ff00c8ff</color><scale>0.8</scale></IconStyle></Style>
  <Placemark><n>Ruta</n><LineString><tessellate>1</tessellate>
    <coordinates>-73.622042,4.135658,0 -73.622056,4.135667,0 -73.617392,4.122093,0 -73.600179,4.133211,0 -73.59935,4.132303,0 -73.62095,4.115196,0 -73.602168,4.1317,0 -73.599594,4.132353,0 -73.59957317,4.1323405,0 -73.599604,4.132367,0 -73.599596,4.132356667,0 -73.59960233,4.1323935,0 -73.59957117,4.132349,0 -73.5996065,4.132361833,0 -73.59959233,4.132359333,0 -73.59967383,4.132396,0 -73.599596,4.132368833,0 -73.59960117,4.132359833,0 -73.5996235,4.132335,0 -73.5995875,4.1323525,0 -73.599508,4.132344,0 -73.59955233,4.132468833,0 -73.59956717,4.132334333,0 -73.59958133,4.132342667,0 -73.59962217,4.132390333,0 -73.59960367,4.132388167,0 -73.59965383,4.132464333,0 -73.59960867,4.1323905,0 -73.59959733,4.132385,0 -73.59958567,4.1323565,0 -73.59961233,4.132354,0 -73.5996435,4.1323925,0 -73.599615,4.132359,0 -73.5995945,4.132359,0 -73.59952483,4.132342,0 -73.59959,4.132391,0 -73.5996,4.132372,0 -73.599544,4.132371,0 -73.599519,4.132411,0 -73.599516,4.132384,0 -73.599622,4.132442,0 -73.599568,4.132425,0 -73.599579,4.132394833,0 -73.59956283,4.132394333,0 -73.59960767,4.132414333,0 -73.599596,4.132442,0 -73.59958767,4.1323965,0 -73.5995755,4.1324515,0 -73.5995515,4.132347167,0 -73.60478067,4.136657833,0 -73.5994995,4.132811833,0 -73.599374,4.132674,0 -73.599673,4.132658333,0 -73.5998005,4.132617333,0 -73.59954633,4.132462667,0 -73.5995985,4.132348667,0 -73.60195183,4.134092167,0 -73.60197833,4.134237,0 -73.600245,4.133720167,0 -73.59960683,4.132373667,0 -73.59961,4.132404,0 -73.599602,4.132453333,0 -73.59960283,4.1323905,0 -73.59966317,4.132371,0 -73.59965217,4.132385833,0 -73.59961633,4.132330667,0 -73.59965483,4.132395,0 -73.599611,4.1323425,0 -73.599648,4.132362333,0 -73.59961483,4.13236,0 -73.59965233,4.132381,0 -73.59962917,4.132327,0 -73.59962633,4.132390167,0 -73.59970917,4.132405833,0 -73.59972283,4.1324185,0 -73.59969983,4.132409833,0 -73.59968683,4.13239,0 -73.59968633,4.132357,0 -73.59963933,4.132427833,0 -73.59964567,4.132385333,0 -73.59962433,4.132353333,0 -73.59960917,4.132379833,0 -73.59954,4.132429,0 -73.59966317,4.1322355,0 -73.59961733,4.132184,0 -73.59958,4.13188,0 -73.599785,4.132204,0 -73.59965667,4.132271333,0 -73.599523,4.132313,0 -73.599826,4.132238,0 -73.599651,4.132307,0 -73.599813,4.132202,0 -73.599797,4.132217,0 -73.599754,4.132342,0 -73.599533,4.132488,0 -73.599621,4.13233,0 -73.599668,4.132275,0 -73.599605,4.132305,0 -73.599649,4.13228,0 -73.599636,4.132369,0 -73.599623,4.132341,0 -73.599542,4.132393,0 -73.59974817,4.132177167,0 -73.59960583,4.132313333,0 -73.59963033,4.1322905,0 -73.5997085,4.132232833,0 -73.59972733,4.1322625,0 -73.60296167,4.138469,0 -73.61744183,4.122248833,0 -73.629598,4.133463,0 -73.63493883,4.139601167,0 -73.6390005,4.139772,0 -73.63902017,4.140075667,0 -73.638219,4.137088,0 -73.637233,4.136869,0 -73.638156,4.137097,0 -73.638141,4.137126,0 -73.63815,4.137134,0 -73.638139,4.137134,0 -73.638121,4.137123,0 -73.638106,4.137132,0 -73.638133,4.137143,0 -73.638152,4.137132,0 -73.638136,4.137118,0 -73.638108,4.137134,0 -73.63778217,4.1371555,0 -73.63817167,4.139841833,0 -73.638226,4.139915,0 -73.638192,4.139902,0 -73.638209,4.13994,0 -73.638272,4.139933,0 -73.638274,4.139941,0 -73.638124,4.139922,0 -73.638156,4.139919,0 -73.638217,4.139905,0 -73.638096,4.139963,0 -73.638199,4.139917,0 -73.638256,4.139933,0 -73.638258,4.139926,0 -73.638227,4.139965,0 -73.638259,4.139939,0 -73.638196,4.139946,0 -73.638212,4.139939,0 -73.638228,4.13994,0 -73.638226,4.139903,0 -73.63822,4.139941,0 -73.638217,4.139923,0 -73.63823,4.139908,0 -73.63823,4.139914,0 -73.638199,4.139953,0 -73.638198,4.139932,0 -73.638236,4.139916,0 -73.638205,4.139936,0 -73.638233,4.139956,0 -73.638194,4.139948,0 -73.638186,4.139939,0 -73.638199,4.139881,0 -73.638166,4.139913,0 -73.638232,4.139898,0 -73.638199,4.139903,0 -73.6382,4.139884,0 -73.638229,4.139905,0 -73.638222,4.139919,0 -73.638205,4.139923,0 -73.638256,4.139923,0 -73.638217,4.139935,0 -73.638223,4.139897,0 -73.638195,4.139917,0 -73.638135,4.139921,0 -73.638182,4.13992,0 -73.638245,4.139869,0 -73.638202,4.139895,0 -73.638192,4.139898,0 -73.638239,4.139894,0 -73.638225,4.1399,0 -73.638208,4.139905,0 -73.638211,4.139882,0 -73.638215,4.139969,0 -73.63822,4.139904,0 -73.638222,4.139912,0 -73.638213,4.139878,0 -73.638216,4.139895,0 -73.63821,4.139886,0 -73.638257,4.139884,0 -73.607631,4.145799,0 -73.599566,4.132399,0 -73.59957083,4.132399167,0 -73.599599,4.132357833,0 -73.59957967,4.132401333,0 -73.59954033,4.132449167,0 -73.59955617,4.132449,0 -73.59960433,4.132504667,0 -73.59951967,4.132460333,0 -73.59956867,4.132394,0 -73.599519,4.132537,0 -73.59953267,4.132508333,0 -73.59961167,4.132382833,0 -73.59959533,4.132459,0 -73.5996,4.132362667,0 -73.599603,4.132409167,0 -73.59958817,4.132393833,0 -73.599573,4.132394,0 -73.5995865,4.1323755,0 -73.59967667,4.132322667,0 -73.59957933,4.132478,0 -73.5996125,4.1324095,0 -73.59956917,4.132492667,0 -73.59960667,4.132497667,0 -73.59960017,4.132383167,0 -73.59961483,4.132419167,0 -73.5996485,4.1325045,0 -73.59964,4.132446,0 -73.5996245,4.132522167,0 -73.59954317,4.132618,0 -73.599554,4.132549833,0 -73.59952083,4.132488333,0 -73.59954967,4.132573667,0 -73.59952883,4.132712167,0 -73.599569,4.132671333,0 -73.5996135,4.132678833,0 -73.5995415,4.1326825,0 -73.59957583,4.1326165,0 -73.59954933,4.132591167,0 -73.59958567,4.132505167,0 -73.5995425,4.1324885,0 -73.59958717,4.132412833,0 -73.59964833,4.132391,0 -73.59964967,4.132342333,0 -73.599635,4.132375333,0 -73.5995395,4.132525333,0 -73.59958567,4.132557167,0 -73.5995435,4.132543667,0 -73.59952767,4.132544667,0 -73.59956367,4.132535,0 -73.599535,4.1324545,0 -73.599558,4.1324875,0 -73.599636,4.132362167,0 -73.599602,4.132459,0 -73.5996065,4.132471667,0 -73.59962767,4.132400667,0 -73.59959983,4.132421333,0 -73.59972333,4.132339167,0 -73.59962467,4.132390667,0 -73.59955567,4.132439167,0 -73.59953633,4.132456333,0 -73.59957417,4.132413333,0 -73.59957117,4.132493833,0 -73.599601,4.132408,0 -73.599631,4.132531,0 -73.599626,4.132546,0 -73.59961,4.132353,0 -73.599592,4.13247,0 -73.59957,4.132602,0 -73.599574,4.132395,0 -73.599644,4.132427,0 -73.599569,4.132536,0 -73.599638,4.132392,0 -73.599602,4.132406,0 -73.599617,4.132379,0 -73.599615,4.132373,0 -73.599595,4.132361,0 -73.599578,4.132339,0 -73.599579,4.132359,0 -73.59958,4.13238,0 -73.599585,4.132374,0 -73.5997325,4.132325333,0 -73.599495,4.132527,0 -73.600047,4.131653,0 -73.6232515,4.105559333,0 -73.58874967,4.145773333,0 -73.59729483,4.137663,0 -73.5993975,4.132149167,0 -73.59964783,4.132307167,0 -73.6000115,4.132205167,0 -73.59973633,4.1326825,0 -73.59979,4.132266333,0 -73.61295,4.146256333,0 -73.62832367,4.1522635,0 -73.623621,4.165814,0 -73.623667,4.16582,0 -73.623659,4.165829,0 -73.623671,4.165843,0 -73.623635,4.165811,0 -73.623613,4.165797,0 -73.623638,4.165802,0 -73.623643,4.165798,0 -73.623655,4.165803,0 -73.62363,4.165806,0 -73.62360983,4.165792667,0 -73.629954,4.1579705,0 -73.62442633,4.148202667,0 -73.61090083,4.146254833,0 -73.6032415,4.1310845,0 -73.60178733,4.134224,0 -73.60583883,4.121875333,0 -73.59950783,4.132551,0 -73.5994565,4.132324,0 -73.599538,4.132457167,0 -73.59982333,4.132199833,0 -73.59960383,4.132487,0 -73.59959217,4.132486833,0 -73.59953533,4.132335333,0 -73.59962,4.132402,0 -73.599626,4.132381,0 -73.599647,4.132395,0 -73.599638,4.132378,0 -73.5996,4.132412,0 -73.5996285,4.132385,0 -73.59961133,4.132394667,0 -73.599627,4.132378333,0 -73.59960033,4.132373333,0 -73.59960167,4.132379667,0 -73.59960567,4.132390167,0 -73.60599533,4.1450335,0 -73.63631383,4.155326667,0 -73.63934,4.15425,0 -73.639285,4.154153,0 -73.639286,4.15426,0 -73.639298,4.154273,0 -73.639304,4.15422,0 -73.639313,4.15425,0 -73.639346,4.154282,0 -73.63582117,4.146183167,0 -73.618591,4.123659,0 -73.60036467,4.133476667,0 -73.59960133,4.132319167,0 -73.59960183,4.132332167,0 -73.59959383,4.132328833,0 -73.59962,4.132333,0 -73.599643,4.132312,0 -73.59960833,4.132319333,0 -73.59962,4.132321,0 -73.599608,4.132321,0 -73.599602,4.132316,0 -73.599612,4.132337,0 -73.599601,4.13234,0 -73.599602,4.132346,0 -73.599583,4.132333,0 -73.599594,4.132331,0 -73.599593,4.132331,0 -73.599598,4.132321,0 -73.599613,4.13232,0 -73.599616,4.132328,0 -73.59958467,4.1323195,0 -73.59959517,4.132321167,0 -73.59960133,4.132317667,0 -73.4164615,4.311778667,0 -73.44731483,4.277848,0 -73.599575,4.132493,0 -73.599586,4.132588,0 -73.599625,4.132486,0 -73.599576,4.132535,0 -73.599581,4.132413,0 -73.6099295,4.169234333,0 -73.700209,4.2427935,0 -73.71636067,4.356076,0 -73.54178133,4.3692585,0 -73.59029833,4.452179833,0 -73.55988417,4.697214,0 -73.599621,4.132383,0 -73.60035833,4.134144167,0 -73.609053,4.126126667,0 -73.63125983,4.119190167,0 -73.63669017,4.123509167,0 -73.636674,4.123535833,0 -73.6366655,4.123524,0 -73.63667733,4.123510167,0 -73.6367025,4.1235135,0 -73.63651967,4.1236015,0 -73.63671683,4.123480333,0 -73.63666333,4.123544167,0 -73.6366555,4.123575833,0 -73.63662733,4.1235675,0 -73.636667,4.1235295,0 -73.6366665,4.123514,0 -73.63666033,4.123530167,0 -73.63666717,4.123556167,0 -73.6366985,4.1234175,0 -73.63663717,4.123621833,0 -73.6366665,4.123543667,0 -73.63666267,4.123571167,0 -73.5898405,4.127924,0 -73.63293167,4.125242167,0 -73.6306175,4.126203333,0 -73.636661,4.123494,0 -73.636661,4.123545,0 -73.636637,4.123512,0 -73.636661,4.123493,0 -73.636679,4.123496,0 -73.636667,4.123504,0 -73.636655,4.123514,0 -73.63667,4.123513,0 -73.636656,4.12352,0 -73.636677,4.123524,0 -73.636677,4.123499,0 -73.636669,4.123495,0 -73.636678,4.123477,0 -73.636653,4.123509,0 -73.636659,4.1235,0 -73.636694,4.123482,0 -73.636656,4.123516,0 -73.636685,4.123493,0 -73.636677,4.123484,0 -73.636675,4.123499,0 -73.636666,4.123493,0 -73.636637,4.123568,0 -73.636646,4.123502,0 -73.636672,4.1235,0 -73.636657,4.123501,0 -73.636678,4.123513,0 -73.636682,4.123476,0 -73.636658,4.123489,0 -73.636666,4.123488,0 -73.636685,4.123483,0 -73.636685,4.123476,0 -73.636675,4.123486,0 -73.636676,4.123486,0 -73.636667,4.123495,0 -73.636683,4.123483,0 -73.636662,4.123486,0 -73.636664,4.123517,0 -73.636685,4.12352,0 -73.636677,4.123514,0 -73.636676,4.123489,0 -73.636666,4.123512,0 -73.636654,4.123496,0 -73.636665,4.123514,0 -73.636656,4.123511,0 -73.636668,4.123498,0 -73.63666,4.123511,0 -73.636688,4.123511,0 -73.636663,4.123521,0 -73.636686,4.123518,0 -73.636676,4.123501,0 -73.636698,4.123518,0 -73.636661,4.123517,0 -73.636669,4.123503,0 -73.636671,4.123472,0 -73.636665,4.123516,0 -73.636665,4.123492,0 -73.636667,4.123498,0 -73.636661,4.123505,0 -73.636688,4.123535,0 -73.636664,4.123543,0 -73.636676,4.123531,0 -73.636662,4.123547,0 -73.636662,4.123487,0 -73.636659,4.123522,0 -73.636687,4.123526,0 -73.636668,4.123545,0 -73.636669,4.123521,0 -73.636686,4.12352,0 -73.636674,4.123522,0 -73.636671,4.123547,0 -73.76489367,3.943599667,0 -73.69958933,4.0311065,0 -73.636581,4.123623,0 -73.636612,4.12363,0 -73.636588,4.123578,0 -73.636623,4.123626,0 -73.636552,4.123646,0 -73.636578,4.123601,0 -73.636578,4.12364,0 -73.636603,4.123604,0 -73.636611,4.123596,0 -73.68295317,3.488508333,0 -73.712076,3.55686,0 -73.72600667,3.620176833,0 -73.7150425,3.563168,0 -73.71532033,3.5634155,0 -73.71629867,3.560296167,0 -73.716482,3.553617,0 -73.710334,3.547395,0 -73.702222,3.540738,0 -73.702473,3.54128,0 -73.702466,3.541252,0 -73.702438,3.541305,0 -73.702422,3.541272,0 -73.702702,3.543574,0 -73.708851,3.542926,0 -73.706614,3.54112,0 -73.702445,3.541226,0 -73.704156,3.53658,0 -73.704145,3.536564,0 -73.704163,3.536569,0 -73.704174,3.536537,0 -73.704149,3.53657,0 -73.704133,3.536551,0 -73.704173,3.536544,0 -73.704163,3.536572,0 -73.704152,3.536557,0 -73.704155,3.536561,0 -73.704145,3.536562,0 -73.704158,3.53657,0 -73.709585,3.54628,0 -73.707458,3.605085,0 -73.711729,3.735919,0 -73.756371,3.833433,0 -73.771956,3.877671,0 -73.767365,3.969372,0 -73.765894,3.988767,0 -73.75885,4.049282,0 -73.715733,4.061109,0 -73.672948,4.086631,0 -73.63674,4.123424,0 -73.6367255,4.123479667,0 -73.63670967,4.123503,0 -73.63634017,4.123808333,0 -73.63672183,4.123441167,0 -73.63671633,4.123647167,0 -73.63669083,4.123526833,0 -73.63670967,4.1234745,0 -73.63670283,4.123536333,0 -73.63668517,4.123493,0 -73.63664417,4.123521,0 -73.63670333,4.123525167,0 -73.6364495,4.123543833,0 -73.6366,4.123530167,0 -73.63662833,4.123527,0 -73.63666083,4.123613,0 -73.63666733,4.123497333,0 -73.636642,4.123506833,0 -73.636682,4.123531167,0 -73.6366685,4.1235265,0 -73.6366735,4.123492833,0 -73.63660383,4.1235995,0 -73.636579,4.123552167,0 -73.63671117,4.123524333,0 -73.636616,4.123584167,0 -73.63664217,4.123514667,0 -73.63659433,4.123573667,0 -73.63662767,4.123541,0 -73.636601,4.123529333,0 -73.63676967,4.123491167,0 -73.6366455,4.123542833,0 -73.636545,4.123572,0 -73.636415,4.123479,0 -73.63655,4.123595,0 -73.636539,4.123582,0 -73.636504,4.123613,0 -73.636537,4.123572,0 -73.636529,4.123608,0 -73.636586,4.123675,0 -73.636543,4.123575,0 -73.636563,4.123543,0 -73.636642,4.123633,0 -73.636612,4.123586,0 -73.636588,4.123604,0 -73.636575,4.123575,0 -73.636642,4.123555,0 -73.636728,4.123587,0 -73.636654,4.123664,0 -73.636619,4.123645,0 -73.636679,4.123585,0 -73.636702,4.123607,0 -73.636739,4.123577,0 -73.636604,4.123627,0 -73.636586,4.123593,0 -73.636547,4.123537,0 -73.636598,4.123619,0 -73.636637,4.123626,0 -73.636624,4.123648,0 -73.63667,4.123587,0 -73.636651,4.123647,0 -73.636666,4.123639,0 -73.636612,4.12362,0 -73.636621,4.123618,0 -73.636565,4.123643,0 -73.636555,4.123585,0 -73.636628,4.123648,0 -73.6529475,3.9725295,0 -73.65657083,4.212814333,0 -73.73122017,4.511975833,0 -73.599667,4.132397,0 -73.599643,4.132398,0 -73.599656,4.1324,0 -73.599654,4.132393,0 -73.599666,4.132385,0 -73.59964933,4.1323905,0 -73.59964383,4.132388333,0 -73.599622,4.132402333,0 -73.599632,4.132376,0 -73.599619,4.132378,0 -73.599663,4.132408,0 -73.599642,4.132395,0 -73.599649,4.132384,0 -73.599642,4.132386,0 -73.599635,4.132378,0 -73.59965,4.132412,0 -73.599639,4.1324,0 -73.599635,4.132388,0 -73.599654,4.132391,0 -73.599672,4.132387333,0 -73.59964483,4.132409167,0 -73.59964167,4.132391333,0 -73.59961367,4.132416,0 -73.59963467,4.132392667,0 -73.59962833,4.132436333,0 -73.59966733,4.132403667,0 -73.599656,4.132401,0 -73.599659,4.132383,0 -73.59963967,4.132429333,0 -73.59962367,4.1323585,0 -73.599652,4.132371,0 -73.599667,4.13235,0 -73.599631,4.132345,0 -73.599634,4.132365,0 -73.599641,4.132361,0 -73.59964,4.132334,0 -73.599627,4.132378,0 -73.599661,4.132389,0 -73.599654,4.132361,0 -73.59965,4.132363,0 -73.599656,4.132386,0 -73.599659,4.132388,0 -73.599687,4.132386,0 -73.59963,4.132323,0 -73.599603,4.132165,0 -73.599615,4.132314,0 -73.599664,4.132276,0 -73.599605,4.132363,0 -73.599586,4.132292,0 -73.599617,4.132419,0 -73.599585,4.132355,0 -73.599578,4.132698,0 -73.59962,4.132512,0 -73.599583,4.132614,0 -73.599576,4.132473,0 -73.599583,4.132434,0 -73.599531,4.132542,0 -73.599616,4.132531,0 -73.599617,4.132322,0 -73.599595,4.132332,0 -73.599615,4.132415,0 -73.599636,4.13241,0 -73.599647,4.132333,0 -73.599682,4.132372,0 -73.599603,4.13233,0 -73.59964,4.132398,0 -73.599657,4.132355,0 -73.599687,4.132345,0 -73.59964,4.132355,0 -73.599636,4.132334,0 -73.599616,4.132352,0 -73.599649,4.132376,0 -73.599642,4.132397,0 -73.599547,4.132452,0 -73.599586,4.132385,0 -73.599624,4.13259,0 -73.599548,4.13238,0 -73.599623,4.132369,0 -73.599696,4.132332,0 -73.599652,4.132358,0 -73.599661,4.132544,0 -73.599601,4.132373,0 -73.599668,4.132334,0 -73.599613,4.132466,0 -73.599574,4.132442,0 -73.599593,4.132435,0 -73.599604,4.132374,0 -73.599644,4.132406,0 -73.599632,4.13238,0 -73.599628,4.132393,0 -73.599662,4.132466,0 -73.599592,4.132391,0 -73.599683,4.13247,0 -73.599637,4.132401,0 -73.599633,4.132456,0 -73.599601,4.132437,0 -73.599625,4.132405,0 -73.59959,4.132361,0 -73.599643,4.132394,0 -73.599615,4.132351,0 -73.599623,4.132365,0 -73.599599,4.132378,0 -73.599608,4.132388,0 -73.599606,4.132409,0 -73.599636,4.132398,0 -73.5996945,4.132419,0 -73.59972317,4.132511,0 -73.5996445,4.132430667,0 -73.62381117,4.148215667,0 -73.639273,4.151751,0 -73.615529,4.119861,0 -73.599595,4.132319,0 -73.59960667,4.1323145,0</coordinates></LineString></Placemark>
    <Placemark>
      <n>#1 HERMES-02</n>
      <description>20/08/2026 22:00:11 | Estado: REENVIO PENDIENTE | Bat: 0%</description>
      <styleUrl>#pointStyle</styleUrl>
      <Point><coordinates>-73.622042,4.135658,0</coordinates></Point>
    </Placemark>
    <Placemark>
      <n>#2 HERMES-02</n>
      <description>20/08/2026 22:06:18 | Estado: REENVIO PENDIENTE | Bat: 0%</description>
      <styleUrl>#pointStyle</styleUrl>
      <Point><coordinates>-73.622056,4.135667,0</coordinates></Point>
    </Placemark>
    <Placemark>
      <n>#3 HERMES-02</n>
      <description>20/08/2026 22:12:24 | Estado: REENVIO PENDIENTE | Bat: 0%</description>
      <styleUrl>#pointStyle</styleUrl>
      <Point><coordinates>-73.617392,4.122093,0</coordinates></Point>
    </Placemark>
    <Placemark>
      <n>#4 HERMES-02</n>
      <description>20/08/2026 22:18:31 | Estado: REENVIO PENDIENTE | Bat: 0%</description>
      <styleUrl>#pointStyle</styleUrl>
      <Point><coordinates>-73.600179,4.133211,0</coordinates></Point>
    </Placemark>
    <Placemark>
      <n>#5 HERMES-02</n>
      <description>20/08/2026 22:56:42 | Estado: REENVIO PENDIENTE | Bat: 0%</description>
      <styleUrl>#pointStyle</styleUrl>
      <Point><coordinates>-73.59935,4.132303,0</coordinates></Point>
    </Placemark>
    <Placemark>
      <n>#6 HERMES-02</n>
      <description>20/08/2026 23:02:49 | Estado: REENVIO PENDIENTE | Bat: 0%</description>
      <styleUrl>#pointStyle</styleUrl>
      <Point><coordinates>-73.62095,4.115196,0</coordinates></Point>
    </Placemark>
    <Placemark>
      <n>#7 HERMES-02</n>
      <description>20/08/2026 23:08:58 | Estado: REENVIO PENDIENTE | Bat: 0%</description>
      <styleUrl>#pointStyle</styleUrl>
      <Point><coordinates>-73.602168,4.1317,0</coordinates></Point>
    </Placemark>
    <Placemark>
      <n>#8 HERMES-02</n>
      <description>21/08/2026 06:01:52 | Estado: REENVIO PENDIENTE | Bat: 0%</description>
      <styleUrl>#pointStyle</styleUrl>
      <Point><coordinates>-73.599594,4.132353,0</coordinates></Point>
    </Placemark>
    <Placemark>
      <n>#9 HERMES-02</n>
      <description>21/08/2026 06:08:18 | Estado: NUEVA UBICACION | Bat: 0%</description>
      <styleUrl>#pointStyle</styleUrl>
      <Point><coordinates>-73.59957317,4.1323405,0</coordinates></Point>
    </Placemark>
    <Placemark>
      <n>#10 HERMES-02</n>
      <description>21/08/2026 06:14:05 | Estado: NUEVA UBICACION | Bat: 0%</description>
      <styleUrl>#pointStyle</styleUrl>
      <Point><coordinates>-73.599604,4.132367,0</coordinates></Point>
    </Placemark>
    <Placemark>
      <n>#11 HERMES-02</n>
      <description>21/08/2026 06:19:32 | Estado: NUEVA UBICACION | Bat: 0%</description>
      <styleUrl>#pointStyle</styleUrl>
      <Point><coordinates>-73.599596,4.132356667,0</coordinates></Point>
    </Placemark>
    <Placemark>
      <n>#12 HERMES-02</n>
      <description>21/08/2026 06:25:00 | Estado: NUEVA UBICACION | Bat: 0%</description>
      <styleUrl>#pointStyle</styleUrl>
      <Point><coordinates>-73.59960233,4.1323935,0</coordinates></Point>
    </Placemark>
    <Placemark>
      <n>#13 HERMES-02</n>
      <description>21/08/2026 06:30:27 | Estado: NUEVA UBICACION | Bat: 0%</description>
      <styleUrl>#pointStyle</styleUrl>
      <Point><coordinates>-73.59957117,4.132349,0</coordinates></Point>
    </Placemark>
    <Placemark>
      <n>#14 HERMES-02</n>
      <description>21/08/2026 06:35:54 | Estado: NUEVA UBICACION | Bat: 0%</description>
      <styleUrl>#pointStyle</styleUrl>
      <Point><coordinates>-73.5996065,4.132361833,0</coordinates></Point>
    </Placemark>
    <Placemark>
      <n>#15 HERMES-02</n>
      <description>21/08/2026 06:41:23 | Estado: NUEVA UBICACION | Bat: 0%</description>
      <styleUrl>#pointStyle</styleUrl>
      <Point><coordinates>-73.59959233,4.132359333,0</coordinates></Point>
    </Placemark>
    <Placemark>
      <n>#16 HERMES-02</n>
      <description>21/08/2026 06:47:19 | Estado: NUEVA UBICACION | Bat: 0%</description>
      <styleUrl>#pointStyle</styleUrl>
      <Point><coordinates>-73.59967383,4.132396,0</coordinates></Point>
    </Placemark>
    <Placemark>
      <n>#17 HERMES-02</n>
      <description>21/08/2026 06:52:47 | Estado: NUEVA UBICACION | Bat: 0%</description>
      <styleUrl>#pointStyle</styleUrl>
      <Point><coordinates>-73.599596,4.132368833,0</coordinates></Point>
    </Placemark>
    <Placemark>
      <n>#18 HERMES-02</n>
      <description>21/08/2026 06:58:15 | Estado: NUEVA UBICACION | Bat: 0%</description>
      <styleUrl>#pointStyle</styleUrl>
      <Point><coordinates>-73.59960117,4.132359833,0</coordinates></Point>
    </Placemark>
    <Placemark>
      <n>#19 HERMES-02</n>
      <description>21/08/2026 07:03:43 | Estado: NUEVA UBICACION | Bat: 0%</description>
      <styleUrl>#pointStyle</styleUrl>
      <Point><coordinates>-73.5996235,4.132335,0</coordinates></Point>
    </Placemark>
    <Placemark>
      <n>#20 HERMES-02</n>
      <description>21/08/2026 07:09:11 | Estado: NUEVA UBICACION | Bat: 0%</description>
      <styleUrl>#pointStyle</styleUrl>
      <Point><coordinates>-73.5995875,4.1323525,0</coordinates></Point>
    </Placemark>
    <Placemark>
      <n>#21 HERMES-02</n>
      <description>21/08/2026 07:14:40 | Estado: NUEVA UBICACION | Bat: 0%</description>
      <styleUrl>#pointStyle</styleUrl>
      <Point><coordinates>-73.599508,4.132344,0</coordinates></Point>
    </Placemark>
    <Placemark>
      <n>#22 HERMES-02</n>
      <description>21/08/2026 07:20:07 | Estado: NUEVA UBICACION | Bat: 0%</description>
      <styleUrl>#pointStyle</styleUrl>
      <Point><coordinates>-73.59955233,4.132468833,0</coordinates></Point>
    </Placemark>
    <Placemark>
      <n>#23 HERMES-02</n>
      <description>21/08/2026 07:25:36 | Estado: NUEVA UBICACION | Bat: 0%</description>
      <styleUrl>#pointStyle</styleUrl>
      <Point><coordinates>-73.59956717,4.132334333,0</coordinates></Point>
    </Placemark>
    <Placemark>
      <n>#24 HERMES-02</n>
      <description>21/08/2026 07:31:03 | Estado: NUEVA UBICACION | Bat: 0%</description>
      <styleUrl>#pointStyle</styleUrl>
      <Point><coordinates>-73.59958133,4.132342667,0</coordinates></Point>
    </Placemark>
    <Placemark>
      <n>#25 HERMES-02</n>
      <description>21/08/2026 07:36:30 | Estado: NUEVA UBICACION | Bat: 0%</description>
      <styleUrl>#pointStyle</styleUrl>
      <Point><coordinates>-73.59962217,4.132390333,0</coordinates></Point>
    </Placemark>
    <Placemark>
      <n>#26 HERMES-02</n>
      <description>21/08/2026 07:41:59 | Estado: NUEVA UBICACION | Bat: 0%</description>
      <styleUrl>#pointStyle</styleUrl>
      <Point><coordinates>-73.59960367,4.132388167,0</coordinates></Point>
    </Placemark>
    <Placemark>
      <n>#27 HERMES-02</n>
      <description>21/08/2026 07:47:27 | Estado: NUEVA UBICACION | Bat: 0%</description>
      <styleUrl>#pointStyle</styleUrl>
      <Point><coordinates>-73.59965383,4.132464333,0</coordinates></Point>
    </Placemark>
    <Placemark>
      <n>#28 HERMES-02</n>
      <description>21/08/2026 07:52:54 | Estado: NUEVA UBICACION | Bat: 0%</description>
      <styleUrl>#pointStyle</styleUrl>
      <Point><coordinates>-73.59960867,4.1323905,0</coordinates></Point>
    </Placemark>
    <Placemark>
      <n>#29 HERMES-02</n>
      <description>21/08/2026 07:58:21 | Estado: NUEVA UBICACION | Bat: 0%</description>
      <styleUrl>#pointStyle</styleUrl>
      <Point><coordinates>-73.59959733,4.132385,0</coordinates></Point>
    </Placemark>
    <Placemark>
      <n>#30 HERMES-02</n>
      <description>21/08/2026 08:03:49 | Estado: NUEVA UBICACION | Bat: 0%</description>
      <styleUrl>#pointStyle</styleUrl>
      <Point><coordinates>-73.59958567,4.1323565,0</coordinates></Point>
    </Placemark>
    <Placemark>
      <n>#31 HERMES-02</n>
      <description>21/08/2026 08:09:16 | Estado: NUEVA UBICACION | Bat: 0%</description>
      <styleUrl>#pointStyle</styleUrl>
      <Point><coordinates>-73.59961233,4.132354,0</coordinates></Point>
    </Placemark>
    <Placemark>
      <n>#32 HERMES-02</n>
      <description>21/08/2026 08:14:44 | Estado: NUEVA UBICACION | Bat: 0%</description>
      <styleUrl>#pointStyle</styleUrl>
      <Point><coordinates>-73.5996435,4.1323925,0</coordinates></Point>
    </Placemark>
    <Placemark>
      <n>#33 HERMES-02</n>
      <description>21/08/2026 08:20:12 | Estado: NUEVA UBICACION | Bat: 0%</description>
      <styleUrl>#pointStyle</styleUrl>
      <Point><coordinates>-73.599615,4.132359,0</coordinates></Point>
    </Placemark>
    <Placemark>
      <n>#34 HERMES-02</n>
      <description>21/08/2026 08:25:40 | Estado: NUEVA UBICACION | Bat: 0%</description>
      <styleUrl>#pointStyle</styleUrl>
      <Point><coordinates>-73.5995945,4.132359,0</coordinates></Point>
    </Placemark>
    <Placemark>
      <n>#35 HERMES-02</n>
      <description>21/08/2026 08:31:10 | Estado: NUEVA UBICACION | Bat: 0%</description>
      <styleUrl>#pointStyle</styleUrl>
      <Point><coordinates>-73.59952483,4.132342,0</coordinates></Point>
    </Placemark>
    <Placemark>
      <n>#36 HERMES-02</n>
      <description>21/08/2026 08:59:01 | Estado: REENVIO PENDIENTE | Bat: 0%</description>
      <styleUrl>#pointStyle</styleUrl>
      <Point><coordinates>-73.59959,4.132391,0</coordinates></Point>
    </Placemark>
    <Placemark>
      <n>#37 HERMES-02</n>
      <description>21/08/2026 09:05:08 | Estado: REENVIO PENDIENTE | Bat: 0%</description>
      <styleUrl>#pointStyle</styleUrl>
      <Point><coordinates>-73.5996,4.132372,0</coordinates></Point>
    </Placemark>
    <Placemark>
      <n>#38 HERMES-02</n>
      <description>21/08/2026 09:11:14 | Estado: REENVIO PENDIENTE | Bat: 0%</description>
      <styleUrl>#pointStyle</styleUrl>
      <Point><coordinates>-73.599544,4.132371,0</coordinates></Point>
    </Placemark>
    <Placemark>
      <n>#39 HERMES-02</n>
      <description>21/08/2026 09:17:21 | Estado: REENVIO PENDIENTE | Bat: 0%</description>
      <styleUrl>#pointStyle</styleUrl>
      <Point><coordinates>-73.599519,4.132411,0</coordinates></Point>
    </Placemark>
    <Placemark>
      <n>#40 HERMES-02</n>
      <description>21/08/2026 09:23:28 | Estado: REENVIO PENDIENTE | Bat: 0%</description>
      <styleUrl>#pointStyle</styleUrl>
      <Point><coordinates>-73.599516,4.132384,0</coordinates></Point>
    </Placemark>
    <Placemark>
      <n>#41 HERMES-02</n>
      <description>21/08/2026 09:29:34 | Estado: REENVIO PENDIENTE | Bat: 0%</description>
      <styleUrl>#pointStyle</styleUrl>
      <Point><coordinates>-73.599622,4.132442,0</coordinates></Point>
    </Placemark>
    <Placemark>
      <n>#42 HERMES-02</n>
      <description>21/08/2026 09:35:41 | Estado: REENVIO PENDIENTE | Bat: 0%</description>
      <styleUrl>#pointStyle</styleUrl>
      <Point><coordinates>-73.599568,4.132425,0</coordinates></Point>
    </Placemark>
    <Placemark>
      <n>#43 HERMES-02</n>
      <description>21/08/2026 09:41:47 | Estado: NUEVA UBICACION | Bat: 0%</description>
      <styleUrl>#pointStyle</styleUrl>
      <Point><coordinates>-73.599579,4.132394833,0</coordinates></Point>
    </Placemark>
    <Placemark>
      <n>#44 HERMES-02</n>
      <description>21/08/2026 09:47:19 | Estado: NUEVA UBICACION | Bat: 0%</description>
      <styleUrl>#pointStyle</styleUrl>
      <Point><coordinates>-73.59956283,4.132394333,0</coordinates></Point>
    </Placemark>
    <Placemark>
      <n>#45 HERMES-02</n>
      <description>21/08/2026 09:52:50 | Estado: NUEVA UBICACION | Bat: 0%</description>
      <styleUrl>#pointStyle</styleUrl>
      <Point><coordinates>-73.59960767,4.132414333,0</coordinates></Point>
    </Placemark>
    <Placemark>
      <n>#46 HERMES-02</n>
      <description>21/08/2026 09:58:19 | Estado: NUEVA UBICACION | Bat: 0%</description>
      <styleUrl>#pointStyle</styleUrl>
      <Point><coordinates>-73.599596,4.132442,0</coordinates></Point>
    </Placemark>
    <Placemark>
      <n>#47 HERMES-02</n>
      <description>21/08/2026 10:03:49 | Estado: NUEVA UBICACION | Bat: 0%</description>
      <styleUrl>#pointStyle</styleUrl>
      <Point><coordinates>-73.59958767,4.1323965,0</coordinates></Point>
    </Placemark>
    <Placemark>
      <n>#48 HERMES-02</n>
      <description>21/08/2026 10:09:20 | Estado: NUEVA UBICACION | Bat: 0%</description>
      <styleUrl>#pointStyle</styleUrl>
      <Point><coordinates>-73.5995755,4.1324515,0</coordinates></Point>
    </Placemark>
    <Placemark>
      <n>#49 HERMES-02</n>
      <description>21/08/2026 10:14:49 | Estado: NUEVA UBICACION | Bat: 0%</description>
      <styleUrl>#pointStyle</styleUrl>
      <Point><coordinates>-73.5995515,4.132347167,0</coordinates></Point>
    </Placemark>
    <Placemark>
      <n>#50 HERMES-02</n>
      <description>21/08/2026 11:42:00 | Estado: NUEVA UBICACION | Bat: 0%</description>
      <styleUrl>#pointStyle</styleUrl>
      <Point><coordinates>-73.60478067,4.136657833,0</coordinates></Point>
    </Placemark>
    <Placemark>
      <n>#51 HERMES-02</n>
      <description>21/08/2026 11:47:29 | Estado: NUEVA UBICACION | Bat: 0%</description>
      <styleUrl>#pointStyle</styleUrl>
      <Point><coordinates>-73.5994995,4.132811833,0</coordinates></Point>
    </Placemark>
    <Placemark>
      <n>#52 HERMES-02</n>
      <description>21/08/2026 11:52:59 | Estado: NUEVA UBICACION | Bat: 0%</description>
      <styleUrl>#pointStyle</styleUrl>
      <Point><coordinates>-73.599374,4.132674,0</coordinates></Point>
    </Placemark>
    <Placemark>
      <n>#53 HERMES-02</n>
      <description>21/08/2026 11:58:29 | Estado: NUEVA UBICACION | Bat: 0%</description>
      <styleUrl>#pointStyle</styleUrl>
      <Point><coordinates>-73.599673,4.132658333,0</coordinates></Point>
    </Placemark>
    <Placemark>
      <n>#54 HERMES-02</n>
      <description>21/08/2026 12:09:53 | Estado: NUEVA UBICACION | Bat: 0%</description>
      <styleUrl>#pointStyle</styleUrl>
      <Point><coordinates>-73.5998005,4.132617333,0</coordinates></Point>
    </Placemark>
    <Placemark>
      <n>#55 HERMES-02</n>
      <description>21/08/2026 12:15:23 | Estado: NUEVA UBICACION | Bat: 0%</description>
      <styleUrl>#pointStyle</styleUrl>
      <Point><coordinates>-73.59954633,4.132462667,0</coordinates></Point>
    </Placemark>
    <Placemark>
      <n>#56 HERMES-02</n>
      <description>21/08/2026 12:20:53 | Estado: NUEVA UBICACION | Bat: 0%</description>
      <styleUrl>#pointStyle</styleUrl>
      <Point><coordinates>-73.5995985,4.132348667,0</coordinates></Point>
    </Placemark>
    <Placemark>
      <n>#57 HERMES-02</n>
      <description>21/08/2026 14:39:48 | Estado: NUEVA UBICACION | Bat: 0%</description>
      <styleUrl>#pointStyle</styleUrl>
      <Point><coordinates>-73.60195183,4.134092167,0</coordinates></Point>
    </Placemark>
    <Placemark>
      <n>#58 HERMES-02</n>
      <description>21/08/2026 14:45:26 | Estado: NUEVA UBICACION | Bat: 0%</description>
      <styleUrl>#pointStyle</styleUrl>
      <Point><coordinates>-73.60197833,4.134237,0</coordinates></Point>
    </Placemark>
    <Placemark>
      <n>#59 HERMES-02</n>
      <description>21/08/2026 14:51:13 | Estado: NUEVA UBICACION | Bat: 0%</description>
      <styleUrl>#pointStyle</styleUrl>
      <Point><coordinates>-73.600245,4.133720167,0</coordinates></Point>
    </Placemark>
    <Placemark>
      <n>#60 HERMES-02</n>
      <description>21/08/2026 14:57:07 | Estado: NUEVA UBICACION | Bat: 0%</description>
      <styleUrl>#pointStyle</styleUrl>
      <Point><coordinates>-73.59960683,4.132373667,0</coordinates></Point>
    </Placemark>
    <Placemark>
      <n>#61 HERMES-02</n>
      <description>21/08/2026 15:02:54 | Estado: NUEVA UBICACION | Bat: 0%</description>
      <styleUrl>#pointStyle</styleUrl>
      <Point><coordinates>-73.59961,4.132404,0</coordinates></Point>
    </Placemark>
    <Placemark>
      <n>#62 HERMES-02</n>
      <description>21/08/2026 15:08:25 | Estado: NUEVA UBICACION | Bat: 0%</description>
      <styleUrl>#pointStyle</styleUrl>
      <Point><coordinates>-73.599602,4.132453333,0</coordinates></Point>
    </Placemark>
    <Placemark>
      <n>#63 HERMES-02</n>
      <description>21/08/2026 15:14:00 | Estado: NUEVA UBICACION | Bat: 0%</description>
      <styleUrl>#pointStyle</styleUrl>
      <Point><coordinates>-73.59960283,4.1323905,0</coordinates></Point>
    </Placemark>
    <Placemark>
      <n>#64 HERMES-02</n>
      <description>21/08/2026 15:19:29 | Estado: NUEVA UBICACION | Bat: 0%</description>
      <styleUrl>#pointStyle</styleUrl>
      <Point><coordinates>-73.59966317,4.132371,0</coordinates></Point>
    </Placemark>
    <Placemark>
      <n>#65 HERMES-02</n>
      <description>21/08/2026 15:24:56 | Estado: NUEVA UBICACION | Bat: 0%</description>
      <styleUrl>#pointStyle</styleUrl>
      <Point><coordinates>-73.59965217,4.132385833,0</coordinates></Point>
    </Placemark>
    <Placemark>
      <n>#66 HERMES-02</n>
      <description>21/08/2026 15:30:23 | Estado: NUEVA UBICACION | Bat: 0%</description>
      <styleUrl>#pointStyle</styleUrl>
      <Point><coordinates>-73.59961633,4.132330667,0</coordinates></Point>
    </Placemark>
    <Placemark>
      <n>#67 HERMES-02</n>
      <description>21/08/2026 15:35:50 | Estado: NUEVA UBICACION | Bat: 0%</description>
      <styleUrl>#pointStyle</styleUrl>
      <Point><coordinates>-73.59965483,4.132395,0</coordinates></Point>
    </Placemark>
    <Placemark>
      <n>#68 HERMES-02</n>
      <description>21/08/2026 15:41:17 | Estado: NUEVA UBICACION | Bat: 0%</description>
      <styleUrl>#pointStyle</styleUrl>
      <Point><coordinates>-73.599611,4.1323425,0</coordinates></Point>
    </Placemark>
    <Placemark>
      <n>#69 HERMES-02</n>
      <description>21/08/2026 15:46:47 | Estado: NUEVA UBICACION | Bat: 0%</description>
      <styleUrl>#pointStyle</styleUrl>
      <Point><coordinates>-73.599648,4.132362333,0</coordinates></Point>
    </Placemark>
    <Placemark>
      <n>#70 HERMES-02</n>
      <description>21/08/2026 15:52:19 | Estado: NUEVA UBICACION | Bat: 0%</description>
      <styleUrl>#pointStyle</styleUrl>
      <Point><coordinates>-73.59961483,4.13236,0</coordinates></Point>
    </Placemark>
    <Placemark>
      <n>#71 HERMES-02</n>
      <description>21/08/2026 15:57:47 | Estado: NUEVA UBICACION | Bat: 0%</description>
      <styleUrl>#pointStyle</styleUrl>
      <Point><coordinates>-73.59965233,4.132381,0</coordinates></Point>
    </Placemark>
    <Placemark>
      <n>#72 HERMES-02</n>
      <description>21/08/2026 16:03:15 | Estado: NUEVA UBICACION | Bat: 0%</description>
      <styleUrl>#pointStyle</styleUrl>
      <Point><coordinates>-73.59962917,4.132327,0</coordinates></Point>
    </Placemark>
    <Placemark>
      <n>#73 HERMES-02</n>
      <description>21/08/2026 16:08:42 | Estado: NUEVA UBICACION | Bat: 0%</description>
      <styleUrl>#pointStyle</styleUrl>
      <Point><coordinates>-73.59962633,4.132390167,0</coordinates></Point>
    </Placemark>
    <Placemark>
      <n>#74 HERMES-02</n>
      <description>21/08/2026 16:14:09 | Estado: NUEVA UBICACION | Bat: 0%</description>
      <styleUrl>#pointStyle</styleUrl>
      <Point><coordinates>-73.59970917,4.132405833,0</coordinates></Point>
    </Placemark>
    <Placemark>
      <n>#75 HERMES-02</n>
      <description>21/08/2026 16:19:36 | Estado: NUEVA UBICACION | Bat: 0%</description>
      <styleUrl>#pointStyle</styleUrl>
      <Point><coordinates>-73.59972283,4.1324185,0</coordinates></Point>
    </Placemark>
    <Placemark>
      <n>#76 HERMES-02</n>
      <description>21/08/2026 16:25:04 | Estado: NUEVA UBICACION | Bat: 0%</description>
      <styleUrl>#pointStyle</styleUrl>
      <Point><coordinates>-73.59969983,4.132409833,0</coordinates></Point>
    </Placemark>
    <Placemark>
      <n>#77 HERMES-02</n>
      <description>21/08/2026 16:30:32 | Estado: NUEVA UBICACION | Bat: 0%</description>
      <styleUrl>#pointStyle</styleUrl>
      <Point><coordinates>-73.59968683,4.13239,0</coordinates></Point>
    </Placemark>
    <Placemark>
      <n>#78 HERMES-02</n>
      <description>21/08/2026 16:35:59 | Estado: NUEVA UBICACION | Bat: 0%</description>
      <styleUrl>#pointStyle</styleUrl>
      <Point><coordinates>-73.59968633,4.132357,0</coordinates></Point>
    </Placemark>
    <Placemark>
      <n>#79 HERMES-02</n>
      <description>21/08/2026 16:41:32 | Estado: NUEVA UBICACION | Bat: 0%</description>
      <styleUrl>#pointStyle</styleUrl>
      <Point><coordinates>-73.59963933,4.132427833,0</coordinates></Point>
    </Placemark>
    <Placemark>
      <n>#80 HERMES-02</n>
      <description>21/08/2026 16:46:59 | Estado: NUEVA UBICACION | Bat: 0%</description>
      <styleUrl>#pointStyle</styleUrl>
      <Point><coordinates>-73.59964567,4.132385333,0</coordinates></Point>
    </Placemark>
    <Placemark>
      <n>#81 HERMES-02</n>
      <description>21/08/2026 16:52:29 | Estado: NUEVA UBICACION | Bat: 0%</description>
      <styleUrl>#pointStyle</styleUrl>
      <Point><coordinates>-73.59962433,4.132353333,0</coordinates></Point>
    </Placemark>
    <Placemark>
      <n>#82 HERMES-02</n>
      <description>21/08/2026 16:57:55 | Estado: NUEVA UBICACION | Bat: 0%</description>
      <styleUrl>#pointStyle</styleUrl>
      <Point><coordinates>-73.59960917,4.132379833,0</coordinates></Point>
    </Placemark>
    <Placemark>
      <n>#83 HERMES-02</n>
      <description>21/08/2026 17:03:23 | Estado: NUEVA UBICACION | Bat: 0%</description>
      <styleUrl>#pointStyle</styleUrl>
      <Point><coordinates>-73.59954,4.132429,0</coordinates></Point>
    </Placemark>
    <Placemark>
      <n>#84 HERMES-02</n>
      <description>21/08/2026 17:08:51 | Estado: NUEVA UBICACION | Bat: 0%</description>
      <styleUrl>#pointStyle</styleUrl>
      <Point><coordinates>-73.59966317,4.1322355,0</coordinates></Point>
    </Placemark>
    <Placemark>
      <n>#85 HERMES-02</n>
      <description>21/08/2026 17:14:32 | Estado: NUEVA UBICACION | Bat: 0%</description>
      <styleUrl>#pointStyle</styleUrl>
      <Point><coordinates>-73.59961733,4.132184,0</coordinates></Point>
    </Placemark>
    <Placemark>
      <n>#86 HERMES-02</n>
      <description>21/08/2026 17:20:20 | Estado: REENVIO PENDIENTE | Bat: 0%</description>
      <styleUrl>#pointStyle</styleUrl>
      <Point><coordinates>-73.59958,4.13188,0</coordinates></Point>
    </Placemark>
    <Placemark>
      <n>#87 HERMES-02</n>
      <description>21/08/2026 17:32:35 | Estado: REENVIO PENDIENTE | Bat: 0%</description>
      <styleUrl>#pointStyle</styleUrl>
      <Point><coordinates>-73.599785,4.132204,0</coordinates></Point>
    </Placemark>
    <Placemark>
      <n>#88 HERMES-02</n>
      <description>21/08/2026 17:38:39 | Estado: NUEVA UBICACION | Bat: 0%</description>
      <styleUrl>#pointStyle</styleUrl>
      <Point><coordinates>-73.59965667,4.132271333,0</coordinates></Point>
    </Placemark>
    <Placemark>
      <n>#89 HERMES-02</n>
      <description>21/08/2026 17:49:48 | Estado: REENVIO PENDIENTE | Bat: 0%</description>
      <styleUrl>#pointStyle</styleUrl>
      <Point><coordinates>-73.599523,4.132313,0</coordinates></Point>
    </Placemark>
    <Placemark>
      <n>#90 HERMES-02</n>
      <description>21/08/2026 17:55:55 | Estado: REENVIO PENDIENTE | Bat: 0%</description>
      <styleUrl>#pointStyle</styleUrl>
      <Point><coordinates>-73.599826,4.132238,0</coordinates></Point>
    </Placemark>
    <Placemark>
      <n>#91 HERMES-02</n>
      <description>21/08/2026 18:02:03 | Estado: REENVIO PENDIENTE | Bat: 0%</description>
      <styleUrl>#pointStyle</styleUrl>
      <Point><coordinates>-73.599651,4.132307,0</coordinates></Point>
    </Placemark>
    <Placemark>
      <n>#92 HERMES-02</n>
      <description>21/08/2026 18:08:10 | Estado: REENVIO PENDIENTE | Bat: 0%</description>
      <styleUrl>#pointStyle</styleUrl>
      <Point><coordinates>-73.599813,4.132202,0</coordinates></Point>
    </Placemark>
    <Placemark>
      <n>#93 HERMES-02</n>
      <description>21/08/2026 18:14:18 | Estado: REENVIO PENDIENTE | Bat: 0%</description>
      <styleUrl>#pointStyle</styleUrl>
      <Point><coordinates>-73.599797,4.132217,0</coordinates></Point>
    </Placemark>
    <Placemark>
      <n>#94 HERMES-02</n>
      <description>21/08/2026 18:20:25 | Estado: REENVIO PENDIENTE | Bat: 0%</description>
      <styleUrl>#pointStyle</styleUrl>
      <Point><coordinates>-73.599754,4.132342,0</coordinates></Point>
    </Placemark>
    <Placemark>
      <n>#95 HERMES-02</n>
      <description>21/08/2026 18:26:32 | Estado: REENVIO PENDIENTE | Bat: 0%</description>
      <styleUrl>#pointStyle</styleUrl>
      <Point><coordinates>-73.599533,4.132488,0</coordinates></Point>
    </Placemark>
    <Placemark>
      <n>#96 HERMES-02</n>
      <description>21/08/2026 18:32:39 | Estado: REENVIO PENDIENTE | Bat: 0%</description>
      <styleUrl>#pointStyle</styleUrl>
      <Point><coordinates>-73.599621,4.13233,0</coordinates></Point>
    </Placemark>
    <Placemark>
      <n>#97 HERMES-02</n>
      <description>21/08/2026 18:38:47 | Estado: REENVIO PENDIENTE | Bat: 0%</description>
      <styleUrl>#pointStyle</styleUrl>
      <Point><coordinates>-73.599668,4.132275,0</coordinates></Point>
    </Placemark>
    <Placemark>
      <n>#98 HERMES-02</n>
      <description>21/08/2026 18:44:55 | Estado: REENVIO PENDIENTE | Bat: 0%</description>
      <styleUrl>#pointStyle</styleUrl>
      <Point><coordinates>-73.599605,4.132305,0</coordinates></Point>
    </Placemark>
    <Placemark>
      <n>#99 HERMES-02</n>
      <description>21/08/2026 18:51:02 | Estado: REENVIO PENDIENTE | Bat: 0%</description>
      <styleUrl>#pointStyle</styleUrl>
      <Point><coordinates>-73.599649,4.13228,0</coordinates></Point>
    </Placemark>
    <Placemark>
      <n>#100 HERMES-02</n>
      <description>21/08/2026 18:57:10 | Estado: REENVIO PENDIENTE | Bat: 0%</description>
      <styleUrl>#pointStyle</styleUrl>
      <Point><coordinates>-73.599636,4.132369,0</coordinates></Point>
    </Placemark>
    <Placemark>
      <n>#101 HERMES-02</n>
      <description>21/08/2026 19:09:24 | Estado: REENVIO PENDIENTE | Bat: 0%</description>
      <styleUrl>#pointStyle</styleUrl>
      <Point><coordinates>-73.599623,4.132341,0</coordinates></Point>
    </Placemark>
    <Placemark>
      <n>#102 HERMES-02</n>
      <description>21/08/2026 19:15:51 | Estado: NUEVA UBICACION | Bat: 0%</description>
      <styleUrl>#pointStyle</styleUrl>
      <Point><coordinates>-73.599542,4.132393,0</coordinates></Point>
    </Placemark>
    <Placemark>
      <n>#103 HERMES-02</n>
      <description>21/08/2026 19:21:31 | Estado: NUEVA UBICACION | Bat: 0%</description>
      <styleUrl>#pointStyle</styleUrl>
      <Point><coordinates>-73.59974817,4.132177167,0</coordinates></Point>
    </Placemark>
    <Placemark>
      <n>#104 HERMES-02</n>
      <description>21/08/2026 19:27:05 | Estado: NUEVA UBICACION | Bat: 0%</description>
      <styleUrl>#pointStyle</styleUrl>
      <Point><coordinates>-73.59960583,4.132313333,0</coordinates></Point>
    </Placemark>
    <Placemark>
      <n>#105 HERMES-02</n>
      <description>21/08/2026 19:33:05 | Estado: NUEVA UBICACION | Bat: 0%</description>
      <styleUrl>#pointStyle</styleUrl>
      <Point><coordinates>-73.59963033,4.1322905,0</coordinates></Point>
    </Placemark>
    <Placemark>
      <n>#106 HERMES-02</n>
      <description>21/08/2026 19:41:04 | Estado: NUEVA UBICACION | Bat: 0%</description>
      <styleUrl>#pointStyle</styleUrl>
      <Point><coordinates>-73.5997085,4.132232833,0</coordinates></Point>
    </Placemark>
    <Placemark>
      <n>#107 HERMES-02</n>
      <description>21/08/2026 19:46:39 | Estado: NUEVA UBICACION | Bat: 0%</description>
      <styleUrl>#pointStyle</styleUrl>
      <Point><coordinates>-73.59972733,4.1322625,0</coordinates></Point>
    </Placemark>
    <Placemark>
      <n>#108 HERMES-02</n>
      <description>21/08/2026 19:58:55 | Estado: NUEVA UBICACION | Bat: 0%</description>
      <styleUrl>#pointStyle</styleUrl>
      <Point><coordinates>-73.60296167,4.138469,0</coordinates></Point>
    </Placemark>
    <Placemark>
      <n>#109 HERMES-02</n>
      <description>21/08/2026 20:04:25 | Estado: NUEVA UBICACION | Bat: 0%</description>
      <styleUrl>#pointStyle</styleUrl>
      <Point><coordinates>-73.61744183,4.122248833,0</coordinates></Point>
    </Placemark>
    <Placemark>
      <n>#110 HERMES-02</n>
      <description>21/08/2026 20:10:00 | Estado: NUEVA UBICACION | Bat: 0%</description>
      <styleUrl>#pointStyle</styleUrl>
      <Point><coordinates>-73.629598,4.133463,0</coordinates></Point>
    </Placemark>
    <Placemark>
      <n>#111 HERMES-02</n>
      <description>21/08/2026 20:15:28 | Estado: NUEVA UBICACION | Bat: 0%</description>
      <styleUrl>#pointStyle</styleUrl>
      <Point><coordinates>-73.63493883,4.139601167,0</coordinates></Point>
    </Placemark>
    <Placemark>
      <n>#112 HERMES-02</n>
      <description>21/08/2026 20:20:59 | Estado: NUEVA UBICACION | Bat: 0%</description>
      <styleUrl>#pointStyle</styleUrl>
      <Point><coordinates>-73.6390005,4.139772,0</coordinates></Point>
    </Placemark>
    <Placemark>
      <n>#113 HERMES-02</n>
      <description>21/08/2026 20:26:35 | Estado: NUEVA UBICACION | Bat: 0%</description>
      <styleUrl>#pointStyle</styleUrl>
      <Point><coordinates>-73.63902017,4.140075667,0</coordinates></Point>
    </Placemark>
    <Placemark>
      <n>#114 HERMES-02</n>
      <description>21/08/2026 20:32:15 | Estado: REENVIO PENDIENTE | Bat: 0%</description>
      <styleUrl>#pointStyle</styleUrl>
      <Point><coordinates>-73.638219,4.137088,0</coordinates></Point>
    </Placemark>
    <Placemark>
      <n>#115 HERMES-02</n>
      <description>21/08/2026 20:38:21 | Estado: REENVIO PENDIENTE | Bat: 0%</description>
      <styleUrl>#pointStyle</styleUrl>
      <Point><coordinates>-73.637233,4.136869,0</coordinates></Point>
    </Placemark>
    <Placemark>
      <n>#116 HERMES-02</n>
      <description>21/08/2026 20:44:28 | Estado: REENVIO PENDIENTE | Bat: 0%</description>
      <styleUrl>#pointStyle</styleUrl>
      <Point><coordinates>-73.638156,4.137097,0</coordinates></Point>
    </Placemark>
    <Placemark>
      <n>#117 HERMES-02</n>
      <description>21/08/2026 20:50:35 | Estado: REENVIO PENDIENTE | Bat: 0%</description>
      <styleUrl>#pointStyle</styleUrl>
      <Point><coordinates>-73.638141,4.137126,0</coordinates></Point>
    </Placemark>
    <Placemark>
      <n>#118 HERMES-02</n>
      <description>21/08/2026 20:56:41 | Estado: REENVIO PENDIENTE | Bat: 0%</description>
      <styleUrl>#pointStyle</styleUrl>
      <Point><coordinates>-73.63815,4.137134,0</coordinates></Point>
    </Placemark>
    <Placemark>
      <n>#119 HERMES-02</n>
      <description>21/08/2026 21:02:48 | Estado: REENVIO PENDIENTE | Bat: 0%</description>
      <styleUrl>#pointStyle</styleUrl>
      <Point><coordinates>-73.638139,4.137134,0</coordinates></Point>
    </Placemark>
    <Placemark>
      <n>#120 HERMES-02</n>
      <description>21/08/2026 21:08:54 | Estado: REENVIO PENDIENTE | Bat: 0%</description>
      <styleUrl>#pointStyle</styleUrl>
      <Point><coordinates>-73.638121,4.137123,0</coordinates></Point>
    </Placemark>
    <Placemark>
      <n>#121 HERMES-02</n>
      <description>21/08/2026 21:15:01 | Estado: REENVIO PENDIENTE | Bat: 0%</description>
      <styleUrl>#pointStyle</styleUrl>
      <Point><coordinates>-73.638106,4.137132,0</coordinates></Point>
    </Placemark>
    <Placemark>
      <n>#122 HERMES-02</n>
      <description>21/08/2026 21:21:08 | Estado: REENVIO PENDIENTE | Bat: 0%</description>
      <styleUrl>#pointStyle</styleUrl>
      <Point><coordinates>-73.638133,4.137143,0</coordinates></Point>
    </Placemark>
    <Placemark>
      <n>#123 HERMES-02</n>
      <description>21/08/2026 21:27:15 | Estado: REENVIO PENDIENTE | Bat: 0%</description>
      <styleUrl>#pointStyle</styleUrl>
      <Point><coordinates>-73.638152,4.137132,0</coordinates></Point>
    </Placemark>
    <Placemark>
      <n>#124 HERMES-02</n>
      <description>21/08/2026 21:33:22 | Estado: REENVIO PENDIENTE | Bat: 0%</description>
      <styleUrl>#pointStyle</styleUrl>
      <Point><coordinates>-73.638136,4.137118,0</coordinates></Point>
    </Placemark>
    <Placemark>
      <n>#125 HERMES-02</n>
      <description>21/08/2026 21:39:29 | Estado: REENVIO PENDIENTE | Bat: 0%</description>
      <styleUrl>#pointStyle</styleUrl>
      <Point><coordinates>-73.638108,4.137134,0</coordinates></Point>
    </Placemark>
    <Placemark>
      <n>#126 HERMES-02</n>
      <description>21/08/2026 21:46:27 | Estado: NUEVA UBICACION | Bat: 0%</description>
      <styleUrl>#pointStyle</styleUrl>
      <Point><coordinates>-73.63778217,4.1371555,0</coordinates></Point>
    </Placemark>
    <Placemark>
      <n>#127 HERMES-02</n>
      <description>21/08/2026 21:52:01 | Estado: NUEVA UBICACION | Bat: 0%</description>
      <styleUrl>#pointStyle</styleUrl>
      <Point><coordinates>-73.63817167,4.139841833,0</coordinates></Point>
    </Placemark>
    <Placemark>
      <n>#128 HERMES-02</n>
      <description>21/08/2026 21:57:40 | Estado: REENVIO PENDIENTE | Bat: 0%</description>
      <styleUrl>#pointStyle</styleUrl>
      <Point><coordinates>-73.638226,4.139915,0</coordinates></Point>
    </Placemark>
    <Placemark>
      <n>#129 HERMES-02</n>
      <description>21/08/2026 22:03:47 | Estado: REENVIO PENDIENTE | Bat: 0%</description>
      <styleUrl>#pointStyle</styleUrl>
      <Point><coordinates>-73.638192,4.139902,0</coordinates></Point>
    </Placemark>
    <Placemark>
      <n>#130 HERMES-02</n>
      <description>21/08/2026 22:09:53 | Estado: REENVIO PENDIENTE | Bat: 0%</description>
      <styleUrl>#pointStyle</styleUrl>
      <Point><coordinates>-73.638209,4.13994,0</coordinates></Point>
    </Placemark>
    <Placemark>
      <n>#131 HERMES-02</n>
      <description>21/08/2026 22:16:00 | Estado: REENVIO PENDIENTE | Bat: 0%</description>
      <styleUrl>#pointStyle</styleUrl>
      <Point><coordinates>-73.638272,4.139933,0</coordinates></Point>
    </Placemark>
    <Placemark>
      <n>#132 HERMES-02</n>
      <description>21/08/2026 22:22:08 | Estado: REENVIO PENDIENTE | Bat: 0%</description>
      <styleUrl>#pointStyle</styleUrl>
      <Point><coordinates>-73.638274,4.139941,0</coordinates></Point>
    </Placemark>
    <Placemark>
      <n>#133 HERMES-02</n>
      <description>21/08/2026 22:28:14 | Estado: REENVIO PENDIENTE | Bat: 0%</description>
      <styleUrl>#pointStyle</styleUrl>
      <Point><coordinates>-73.638124,4.139922,0</coordinates></Point>
    </Placemark>
    <Placemark>
      <n>#134 HERMES-02</n>
      <description>21/08/2026 22:34:21 | Estado: REENVIO PENDIENTE | Bat: 0%</description>
      <styleUrl>#pointStyle</styleUrl>
      <Point><coordinates>-73.638156,4.139919,0</coordinates></Point>
    </Placemark>
    <Placemark>
      <n>#135 HERMES-02</n>
      <description>21/08/2026 22:40:27 | Estado: REENVIO PENDIENTE | Bat: 0%</description>
      <styleUrl>#pointStyle</styleUrl>
      <Point><coordinates>-73.638217,4.139905,0</coordinates></Point>
    </Placemark>
    <Placemark>
      <n>#136 HERMES-02</n>
      <description>21/08/2026 22:46:33 | Estado: REENVIO PENDIENTE | Bat: 0%</description>
      <styleUrl>#pointStyle</styleUrl>
      <Point><coordinates>-73.638096,4.139963,0</coordinates></Point>
    </Placemark>
    <Placemark>
      <n>#137 HERMES-02</n>
      <description>21/08/2026 22:52:40 | Estado: REENVIO PENDIENTE | Bat: 0%</description>
      <styleUrl>#pointStyle</styleUrl>
      <Point><coordinates>-73.638199,4.139917,0</coordinates></Point>
    </Placemark>
    <Placemark>
      <n>#138 HERMES-02</n>
      <description>21/08/2026 22:58:46 | Estado: REENVIO PENDIENTE | Bat: 0%</description>
      <styleUrl>#pointStyle</styleUrl>
      <Point><coordinates>-73.638256,4.139933,0</coordinates></Point>
    </Placemark>
    <Placemark>
      <n>#139 HERMES-02</n>
      <description>21/08/2026 23:04:52 | Estado: REENVIO PENDIENTE | Bat: 0%</description>
      <styleUrl>#pointStyle</styleUrl>
      <Point><coordinates>-73.638258,4.139926,0</coordinates></Point>
    </Placemark>
    <Placemark>
      <n>#140 HERMES-02</n>
      <description>21/08/2026 23:11:00 | Estado: REENVIO PENDIENTE | Bat: 0%</description>
      <styleUrl>#pointStyle</styleUrl>
      <Point><coordinates>-73.638227,4.139965,0</coordinates></Point>
    </Placemark>
    <Placemark>
      <n>#141 HERMES-02</n>
      <description>21/08/2026 23:17:06 | Estado: REENVIO PENDIENTE | Bat: 0%</description>
      <styleUrl>#pointStyle</styleUrl>
      <Point><coordinates>-73.638259,4.139939,0</coordinates></Point>
    </Placemark>
    <Placemark>
      <n>#142 HERMES-02</n>
      <description>21/08/2026 23:23:12 | Estado: REENVIO PENDIENTE | Bat: 0%</description>
      <styleUrl>#pointStyle</styleUrl>
      <Point><coordinates>-73.638196,4.139946,0</coordinates></Point>
    </Placemark>
    <Placemark>
      <n>#143 HERMES-02</n>
      <description>21/08/2026 23:29:19 | Estado: REENVIO PENDIENTE | Bat: 0%</description>
      <styleUrl>#pointStyle</styleUrl>
      <Point><coordinates>-73.638212,4.139939,0</coordinates></Point>
    </Placemark>
    <Placemark>
      <n>#144 HERMES-02</n>
      <description>21/08/2026 23:35:25 | Estado: REENVIO PENDIENTE | Bat: 0%</description>
      <styleUrl>#pointStyle</styleUrl>
      <Point><coordinates>-73.638228,4.13994,0</coordinates></Point>
    </Placemark>
    <Placemark>
      <n>#145 HERMES-02</n>
      <description>21/08/2026 23:41:31 | Estado: REENVIO PENDIENTE | Bat: 0%</description>
      <styleUrl>#pointStyle</styleUrl>
      <Point><coordinates>-73.638226,4.139903,0</coordinates></Point>
    </Placemark>
    <Placemark>
      <n>#146 HERMES-02</n>
      <description>21/08/2026 23:47:38 | Estado: REENVIO PENDIENTE | Bat: 0%</description>
      <styleUrl>#pointStyle</styleUrl>
      <Point><coordinates>-73.63822,4.139941,0</coordinates></Point>
    </Placemark>
    <Placemark>
      <n>#147 HERMES-02</n>
      <description>21/08/2026 23:53:45 | Estado: REENVIO PENDIENTE | Bat: 0%</description>
      <styleUrl>#pointStyle</styleUrl>
      <Point><coordinates>-73.638217,4.139923,0</coordinates></Point>
    </Placemark>
    <Placemark>
      <n>#148 HERMES-02</n>
      <description>21/08/2026 23:59:52 | Estado: REENVIO PENDIENTE | Bat: 0%</description>
      <styleUrl>#pointStyle</styleUrl>
      <Point><coordinates>-73.63823,4.139908,0</coordinates></Point>
    </Placemark>
    <Placemark>
      <n>#149 HERMES-02</n>
      <description>22/08/2026 00:05:58 | Estado: REENVIO PENDIENTE | Bat: 0%</description>
      <styleUrl>#pointStyle</styleUrl>
      <Point><coordinates>-73.63823,4.139914,0</coordinates></Point>
    </Placemark>
    <Placemark>
      <n>#150 HERMES-02</n>
      <description>22/08/2026 00:12:05 | Estado: REENVIO PENDIENTE | Bat: 0%</description>
      <styleUrl>#pointStyle</styleUrl>
      <Point><coordinates>-73.638199,4.139953,0</coordinates></Point>
    </Placemark>
    <Placemark>
      <n>#151 HERMES-02</n>
      <description>22/08/2026 00:18:11 | Estado: REENVIO PENDIENTE | Bat: 0%</description>
      <styleUrl>#pointStyle</styleUrl>
      <Point><coordinates>-73.638198,4.139932,0</coordinates></Point>
    </Placemark>
    <Placemark>
      <n>#152 HERMES-02</n>
      <description>22/08/2026 00:24:18 | Estado: REENVIO PENDIENTE | Bat: 0%</description>
      <styleUrl>#pointStyle</styleUrl>
      <Point><coordinates>-73.638236,4.139916,0</coordinates></Point>
    </Placemark>
    <Placemark>
      <n>#153 HERMES-02</n>
      <description>22/08/2026 00:30:25 | Estado: REENVIO PENDIENTE | Bat: 0%</description>
      <styleUrl>#pointStyle</styleUrl>
      <Point><coordinates>-73.638205,4.139936,0</coordinates></Point>
    </Placemark>
    <Placemark>
      <n>#154 HERMES-02</n>
      <description>22/08/2026 00:36:31 | Estado: REENVIO PENDIENTE | Bat: 0%</description>
      <styleUrl>#pointStyle</styleUrl>
      <Point><coordinates>-73.638233,4.139956,0</coordinates></Point>
    </Placemark>
    <Placemark>
      <n>#155 HERMES-02</n>
      <description>22/08/2026 00:42:37 | Estado: REENVIO PENDIENTE | Bat: 0%</description>
      <styleUrl>#pointStyle</styleUrl>
      <Point><coordinates>-73.638194,4.139948,0</coordinates></Point>
    </Placemark>
    <Placemark>
      <n>#156 HERMES-02</n>
      <description>22/08/2026 00:48:44 | Estado: REENVIO PENDIENTE | Bat: 0%</description>
      <styleUrl>#pointStyle</styleUrl>
      <Point><coordinates>-73.638186,4.139939,0</coordinates></Point>
    </Placemark>
    <Placemark>
      <n>#157 HERMES-02</n>
      <description>22/08/2026 00:54:50 | Estado: REENVIO PENDIENTE | Bat: 0%</description>
      <styleUrl>#pointStyle</styleUrl>
      <Point><coordinates>-73.638199,4.139881,0</coordinates></Point>
    </Placemark>
    <Placemark>
      <n>#158 HERMES-02</n>
      <description>22/08/2026 01:07:04 | Estado: REENVIO PENDIENTE | Bat: 0%</description>
      <styleUrl>#pointStyle</styleUrl>
      <Point><coordinates>-73.638166,4.139913,0</coordinates></Point>
    </Placemark>
    <Placemark>
      <n>#159 HERMES-02</n>
      <description>22/08/2026 01:13:10 | Estado: REENVIO PENDIENTE | Bat: 0%</description>
      <styleUrl>#pointStyle</styleUrl>
      <Point><coordinates>-73.638232,4.139898,0</coordinates></Point>
    </Placemark>
    <Placemark>
      <n>#160 HERMES-02</n>
      <description>22/08/2026 01:19:17 | Estado: REENVIO PENDIENTE | Bat: 0%</description>
      <styleUrl>#pointStyle</styleUrl>
      <Point><coordinates>-73.638199,4.139903,0</coordinates></Point>
    </Placemark>
    <Placemark>
      <n>#161 HERMES-02</n>
      <description>22/08/2026 01:25:23 | Estado: REENVIO PENDIENTE | Bat: 0%</description>
      <styleUrl>#pointStyle</styleUrl>
      <Point><coordinates>-73.6382,4.139884,0</coordinates></Point>
    </Placemark>
    <Placemark>
      <n>#162 HERMES-02</n>
      <description>22/08/2026 01:38:21 | Estado: REENVIO PENDIENTE | Bat: 0%</description>
      <styleUrl>#pointStyle</styleUrl>
      <Point><coordinates>-73.638229,4.139905,0</coordinates></Point>
    </Placemark>
    <Placemark>
      <n>#163 HERMES-02</n>
      <description>22/08/2026 01:44:28 | Estado: REENVIO PENDIENTE | Bat: 0%</description>
      <styleUrl>#pointStyle</styleUrl>
      <Point><coordinates>-73.638222,4.139919,0</coordinates></Point>
    </Placemark>
    <Placemark>
      <n>#164 HERMES-02</n>
      <description>22/08/2026 01:50:34 | Estado: REENVIO PENDIENTE | Bat: 0%</description>
      <styleUrl>#pointStyle</styleUrl>
      <Point><coordinates>-73.638205,4.139923,0</coordinates></Point>
    </Placemark>
    <Placemark>
      <n>#165 HERMES-02</n>
      <description>22/08/2026 01:56:40 | Estado: REENVIO PENDIENTE | Bat: 0%</description>
      <styleUrl>#pointStyle</styleUrl>
      <Point><coordinates>-73.638256,4.139923,0</coordinates></Point>
    </Placemark>
    <Placemark>
      <n>#166 HERMES-02</n>
      <description>22/08/2026 02:02:47 | Estado: REENVIO PENDIENTE | Bat: 0%</description>
      <styleUrl>#pointStyle</styleUrl>
      <Point><coordinates>-73.638217,4.139935,0</coordinates></Point>
    </Placemark>
    <Placemark>
      <n>#167 HERMES-02</n>
      <description>22/08/2026 02:08:54 | Estado: REENVIO PENDIENTE | Bat: 0%</description>
      <styleUrl>#pointStyle</styleUrl>
      <Point><coordinates>-73.638223,4.139897,0</coordinates></Point>
    </Placemark>
    <Placemark>
      <n>#168 HERMES-02</n>
      <description>22/08/2026 02:15:00 | Estado: REENVIO PENDIENTE | Bat: 0%</description>
      <styleUrl>#pointStyle</styleUrl>
      <Point><coordinates>-73.638195,4.139917,0</coordinates></Point>
    </Placemark>
    <Placemark>
      <n>#169 HERMES-02</n>
      <description>22/08/2026 02:21:06 | Estado: REENVIO PENDIENTE | Bat: 0%</description>
      <styleUrl>#pointStyle</styleUrl>
      <Point><coordinates>-73.638135,4.139921,0</coordinates></Point>
    </Placemark>
    <Placemark>
      <n>#170 HERMES-02</n>
      <description>22/08/2026 02:27:13 | Estado: REENVIO PENDIENTE | Bat: 0%</description>
      <styleUrl>#pointStyle</styleUrl>
      <Point><coordinates>-73.638182,4.13992,0</coordinates></Point>
    </Placemark>
    <Placemark>
      <n>#171 HERMES-02</n>
      <description>22/08/2026 02:33:19 | Estado: REENVIO PENDIENTE | Bat: 0%</description>
      <styleUrl>#pointStyle</styleUrl>
      <Point><coordinates>-73.638245,4.139869,0</coordinates></Point>
    </Placemark>
    <Placemark>
      <n>#172 HERMES-02</n>
      <description>22/08/2026 02:39:26 | Estado: REENVIO PENDIENTE | Bat: 0%</description>
      <styleUrl>#pointStyle</styleUrl>
      <Point><coordinates>-73.638202,4.139895,0</coordinates></Point>
    </Placemark>
    <Placemark>
      <n>#173 HERMES-02</n>
      <description>22/08/2026 02:45:32 | Estado: REENVIO PENDIENTE | Bat: 0%</description>
      <styleUrl>#pointStyle</styleUrl>
      <Point><coordinates>-73.638192,4.139898,0</coordinates></Point>
    </Placemark>
    <Placemark>
      <n>#174 HERMES-02</n>
      <description>22/08/2026 02:51:39 | Estado: REENVIO PENDIENTE | Bat: 0%</description>
      <styleUrl>#pointStyle</styleUrl>
      <Point><coordinates>-73.638239,4.139894,0</coordinates></Point>
    </Placemark>
    <Placemark>
      <n>#175 HERMES-02</n>
      <description>22/08/2026 02:57:45 | Estado: REENVIO PENDIENTE | Bat: 0%</description>
      <styleUrl>#pointStyle</styleUrl>
      <Point><coordinates>-73.638225,4.1399,0</coordinates></Point>
    </Placemark>
    <Placemark>
      <n>#176 HERMES-02</n>
      <description>22/08/2026 03:03:52 | Estado: REENVIO PENDIENTE | Bat: 0%</description>
      <styleUrl>#pointStyle</styleUrl>
      <Point><coordinates>-73.638208,4.139905,0</coordinates></Point>
    </Placemark>
    <Placemark>
      <n>#177 HERMES-02</n>
      <description>22/08/2026 03:16:05 | Estado: REENVIO PENDIENTE | Bat: 0%</description>
      <styleUrl>#pointStyle</styleUrl>
      <Point><coordinates>-73.638211,4.139882,0</coordinates></Point>
    </Placemark>
    <Placemark>
      <n>#178 HERMES-02</n>
      <description>22/08/2026 03:28:17 | Estado: REENVIO PENDIENTE | Bat: 0%</description>
      <styleUrl>#pointStyle</styleUrl>
      <Point><coordinates>-73.638215,4.139969,0</coordinates></Point>
    </Placemark>
    <Placemark>
      <n>#179 HERMES-02</n>
      <description>22/08/2026 03:40:31 | Estado: REENVIO PENDIENTE | Bat: 0%</description>
      <styleUrl>#pointStyle</styleUrl>
      <Point><coordinates>-73.63822,4.139904,0</coordinates></Point>
    </Placemark>
    <Placemark>
      <n>#180 HERMES-02</n>
      <description>22/08/2026 03:52:44 | Estado: REENVIO PENDIENTE | Bat: 0%</description>
      <styleUrl>#pointStyle</styleUrl>
      <Point><coordinates>-73.638222,4.139912,0</coordinates></Point>
    </Placemark>
    <Placemark>
      <n>#181 HERMES-02</n>
      <description>22/08/2026 04:04:57 | Estado: REENVIO PENDIENTE | Bat: 0%</description>
      <styleUrl>#pointStyle</styleUrl>
      <Point><coordinates>-73.638213,4.139878,0</coordinates></Point>
    </Placemark>
    <Placemark>
      <n>#182 HERMES-02</n>
      <description>22/08/2026 04:11:05 | Estado: REENVIO PENDIENTE | Bat: 0%</description>
      <styleUrl>#pointStyle</styleUrl>
      <Point><coordinates>-73.638216,4.139895,0</coordinates></Point>
    </Placemark>
    <Placemark>
      <n>#183 HERMES-02</n>
      <description>22/08/2026 04:17:11 | Estado: REENVIO PENDIENTE | Bat: 0%</description>
      <styleUrl>#pointStyle</styleUrl>
      <Point><coordinates>-73.63821,4.139886,0</coordinates></Point>
    </Placemark>
    <Placemark>
      <n>#184 HERMES-02</n>
      <description>22/08/2026 04:23:18 | Estado: REENVIO PENDIENTE | Bat: 0%</description>
      <styleUrl>#pointStyle</styleUrl>
      <Point><coordinates>-73.638257,4.139884,0</coordinates></Point>
    </Placemark>
    <Placemark>
      <n>#185 HERMES-02</n>
      <description>22/08/2026 04:35:30 | Estado: REENVIO PENDIENTE | Bat: 0%</description>
      <styleUrl>#pointStyle</styleUrl>
      <Point><coordinates>-73.607631,4.145799,0</coordinates></Point>
    </Placemark>
    <Placemark>
      <n>#186 HERMES-02</n>
      <description>22/08/2026 04:47:44 | Estado: REENVIO PENDIENTE | Bat: 0%</description>
      <styleUrl>#pointStyle</styleUrl>
      <Point><coordinates>-73.599566,4.132399,0</coordinates></Point>
    </Placemark>
    <Placemark>
      <n>#187 HERMES-02</n>
      <description>22/08/2026 04:54:07 | Estado: NUEVA UBICACION | Bat: 0%</description>
      <styleUrl>#pointStyle</styleUrl>
      <Point><coordinates>-73.59957083,4.132399167,0</coordinates></Point>
    </Placemark>
    <Placemark>
      <n>#188 HERMES-02</n>
      <description>22/08/2026 05:00:09 | Estado: NUEVA UBICACION | Bat: 0%</description>
      <styleUrl>#pointStyle</styleUrl>
      <Point><coordinates>-73.599599,4.132357833,0</coordinates></Point>
    </Placemark>
    <Placemark>
      <n>#189 HERMES-02</n>
      <description>22/08/2026 05:06:09 | Estado: NUEVA UBICACION | Bat: 0%</description>
      <styleUrl>#pointStyle</styleUrl>
      <Point><coordinates>-73.59957967,4.132401333,0</coordinates></Point>
    </Placemark>
    <Placemark>
      <n>#190 HERMES-02</n>
      <description>22/08/2026 05:11:49 | Estado: NUEVA UBICACION | Bat: 0%</description>
      <styleUrl>#pointStyle</styleUrl>
      <Point><coordinates>-73.59954033,4.132449167,0</coordinates></Point>
    </Placemark>
    <Placemark>
      <n>#191 HERMES-02</n>
      <description>22/08/2026 05:17:20 | Estado: NUEVA UBICACION | Bat: 0%</description>
      <styleUrl>#pointStyle</styleUrl>
      <Point><coordinates>-73.59955617,4.132449,0</coordinates></Point>
    </Placemark>
    <Placemark>
      <n>#192 HERMES-02</n>
      <description>22/08/2026 05:22:48 | Estado: NUEVA UBICACION | Bat: 0%</description>
      <styleUrl>#pointStyle</styleUrl>
      <Point><coordinates>-73.59960433,4.132504667,0</coordinates></Point>
    </Placemark>
    <Placemark>
      <n>#193 HERMES-02</n>
      <description>22/08/2026 05:28:19 | Estado: NUEVA UBICACION | Bat: 0%</description>
      <styleUrl>#pointStyle</styleUrl>
      <Point><coordinates>-73.59951967,4.132460333,0</coordinates></Point>
    </Placemark>
    <Placemark>
      <n>#194 HERMES-02</n>
      <description>22/08/2026 05:33:48 | Estado: NUEVA UBICACION | Bat: 0%</description>
      <styleUrl>#pointStyle</styleUrl>
      <Point><coordinates>-73.59956867,4.132394,0</coordinates></Point>
    </Placemark>
    <Placemark>
      <n>#195 HERMES-02</n>
      <description>22/08/2026 05:39:17 | Estado: NUEVA UBICACION | Bat: 0%</description>
      <styleUrl>#pointStyle</styleUrl>
      <Point><coordinates>-73.599519,4.132537,0</coordinates></Point>
    </Placemark>
    <Placemark>
      <n>#196 HERMES-02</n>
      <description>22/08/2026 05:44:46 | Estado: NUEVA UBICACION | Bat: 0%</description>
      <styleUrl>#pointStyle</styleUrl>
      <Point><coordinates>-73.59953267,4.132508333,0</coordinates></Point>
    </Placemark>
    <Placemark>
      <n>#197 HERMES-02</n>
      <description>22/08/2026 05:50:15 | Estado: NUEVA UBICACION | Bat: 0%</description>
      <styleUrl>#pointStyle</styleUrl>
      <Point><coordinates>-73.59961167,4.132382833,0</coordinates></Point>
    </Placemark>
    <Placemark>
      <n>#198 HERMES-02</n>
      <description>22/08/2026 05:55:44 | Estado: NUEVA UBICACION | Bat: 0%</description>
      <styleUrl>#pointStyle</styleUrl>
      <Point><coordinates>-73.59959533,4.132459,0</coordinates></Point>
    </Placemark>
    <Placemark>
      <n>#199 HERMES-02</n>
      <description>22/08/2026 06:01:13 | Estado: NUEVA UBICACION | Bat: 0%</description>
      <styleUrl>#pointStyle</styleUrl>
      <Point><coordinates>-73.5996,4.132362667,0</coordinates></Point>
    </Placemark>
    <Placemark>
      <n>#200 HERMES-02</n>
      <description>22/08/2026 06:06:47 | Estado: NUEVA UBICACION | Bat: 0%</description>
      <styleUrl>#pointStyle</styleUrl>
      <Point><coordinates>-73.599603,4.132409167,0</coordinates></Point>
    </Placemark>
    <Placemark>
      <n>#201 HERMES-02</n>
      <description>22/08/2026 06:12:14 | Estado: NUEVA UBICACION | Bat: 0%</description>
      <styleUrl>#pointStyle</styleUrl>
      <Point><coordinates>-73.59958817,4.132393833,0</coordinates></Point>
    </Placemark>
    <Placemark>
      <n>#202 HERMES-02</n>
      <description>22/08/2026 06:17:42 | Estado: NUEVA UBICACION | Bat: 0%</description>
      <styleUrl>#pointStyle</styleUrl>
      <Point><coordinates>-73.599573,4.132394,0</coordinates></Point>
    </Placemark>
    <Placemark>
      <n>#203 HERMES-02</n>
      <description>22/08/2026 06:23:10 | Estado: NUEVA UBICACION | Bat: 0%</description>
      <styleUrl>#pointStyle</styleUrl>
      <Point><coordinates>-73.5995865,4.1323755,0</coordinates></Point>
    </Placemark>
    <Placemark>
      <n>#204 HERMES-02</n>
      <description>22/08/2026 06:28:42 | Estado: NUEVA UBICACION | Bat: 0%</description>
      <styleUrl>#pointStyle</styleUrl>
      <Point><coordinates>-73.59967667,4.132322667,0</coordinates></Point>
    </Placemark>
    <Placemark>
      <n>#205 HERMES-02</n>
      <description>22/08/2026 06:34:12 | Estado: NUEVA UBICACION | Bat: 0%</description>
      <styleUrl>#pointStyle</styleUrl>
      <Point><coordinates>-73.59957933,4.132478,0</coordinates></Point>
    </Placemark>
    <Placemark>
      <n>#206 HERMES-02</n>
      <description>22/08/2026 06:39:42 | Estado: NUEVA UBICACION | Bat: 0%</description>
      <styleUrl>#pointStyle</styleUrl>
      <Point><coordinates>-73.5996125,4.1324095,0</coordinates></Point>
    </Placemark>
    <Placemark>
      <n>#207 HERMES-02</n>
      <description>22/08/2026 06:45:10 | Estado: NUEVA UBICACION | Bat: 0%</description>
      <styleUrl>#pointStyle</styleUrl>
      <Point><coordinates>-73.59956917,4.132492667,0</coordinates></Point>
    </Placemark>
    <Placemark>
      <n>#208 HERMES-02</n>
      <description>22/08/2026 06:50:37 | Estado: NUEVA UBICACION | Bat: 0%</description>
      <styleUrl>#pointStyle</styleUrl>
      <Point><coordinates>-73.59960667,4.132497667,0</coordinates></Point>
    </Placemark>
    <Placemark>
      <n>#209 HERMES-02</n>
      <description>22/08/2026 06:56:05 | Estado: NUEVA UBICACION | Bat: 0%</description>
      <styleUrl>#pointStyle</styleUrl>
      <Point><coordinates>-73.59960017,4.132383167,0</coordinates></Point>
    </Placemark>
    <Placemark>
      <n>#210 HERMES-02</n>
      <description>22/08/2026 07:01:33 | Estado: NUEVA UBICACION | Bat: 0%</description>
      <styleUrl>#pointStyle</styleUrl>
      <Point><coordinates>-73.59961483,4.132419167,0</coordinates></Point>
    </Placemark>
    <Placemark>
      <n>#211 HERMES-02</n>
      <description>22/08/2026 07:07:02 | Estado: NUEVA UBICACION | Bat: 0%</description>
      <styleUrl>#pointStyle</styleUrl>
      <Point><coordinates>-73.5996485,4.1325045,0</coordinates></Point>
    </Placemark>
    <Placemark>
      <n>#212 HERMES-02</n>
      <description>22/08/2026 07:12:33 | Estado: NUEVA UBICACION | Bat: 0%</description>
      <styleUrl>#pointStyle</styleUrl>
      <Point><coordinates>-73.59964,4.132446,0</coordinates></Point>
    </Placemark>
    <Placemark>
      <n>#213 HERMES-02</n>
      <description>22/08/2026 07:18:01 | Estado: NUEVA UBICACION | Bat: 0%</description>
      <styleUrl>#pointStyle</styleUrl>
      <Point><coordinates>-73.5996245,4.132522167,0</coordinates></Point>
    </Placemark>
    <Placemark>
      <n>#214 HERMES-02</n>
      <description>22/08/2026 07:23:29 | Estado: NUEVA UBICACION | Bat: 0%</description>
      <styleUrl>#pointStyle</styleUrl>
      <Point><coordinates>-73.59954317,4.132618,0</coordinates></Point>
    </Placemark>
    <Placemark>
      <n>#215 HERMES-02</n>
      <description>22/08/2026 07:29:07 | Estado: NUEVA UBICACION | Bat: 0%</description>
      <styleUrl>#pointStyle</styleUrl>
      <Point><coordinates>-73.599554,4.132549833,0</coordinates></Point>
    </Placemark>
    <Placemark>
      <n>#216 HERMES-02</n>
      <description>22/08/2026 07:34:46 | Estado: NUEVA UBICACION | Bat: 0%</description>
      <styleUrl>#pointStyle</styleUrl>
      <Point><coordinates>-73.59952083,4.132488333,0</coordinates></Point>
    </Placemark>
    <Placemark>
      <n>#217 HERMES-02</n>
      <description>22/08/2026 07:40:17 | Estado: NUEVA UBICACION | Bat: 0%</description>
      <styleUrl>#pointStyle</styleUrl>
      <Point><coordinates>-73.59954967,4.132573667,0</coordinates></Point>
    </Placemark>
    <Placemark>
      <n>#218 HERMES-02</n>
      <description>22/08/2026 07:45:46 | Estado: NUEVA UBICACION | Bat: 0%</description>
      <styleUrl>#pointStyle</styleUrl>
      <Point><coordinates>-73.59952883,4.132712167,0</coordinates></Point>
    </Placemark>
    <Placemark>
      <n>#219 HERMES-02</n>
      <description>22/08/2026 07:51:16 | Estado: NUEVA UBICACION | Bat: 0%</description>
      <styleUrl>#pointStyle</styleUrl>
      <Point><coordinates>-73.599569,4.132671333,0</coordinates></Point>
    </Placemark>
    <Placemark>
      <n>#220 HERMES-02</n>
      <description>22/08/2026 07:56:44 | Estado: NUEVA UBICACION | Bat: 0%</description>
      <styleUrl>#pointStyle</styleUrl>
      <Point><coordinates>-73.5996135,4.132678833,0</coordinates></Point>
    </Placemark>
    <Placemark>
      <n>#221 HERMES-02</n>
      <description>22/08/2026 08:02:13 | Estado: NUEVA UBICACION | Bat: 0%</description>
      <styleUrl>#pointStyle</styleUrl>
      <Point><coordinates>-73.5995415,4.1326825,0</coordinates></Point>
    </Placemark>
    <Placemark>
      <n>#222 HERMES-02</n>
      <description>22/08/2026 08:07:41 | Estado: NUEVA UBICACION | Bat: 0%</description>
      <styleUrl>#pointStyle</styleUrl>
      <Point><coordinates>-73.59957583,4.1326165,0</coordinates></Point>
    </Placemark>
    <Placemark>
      <n>#223 HERMES-02</n>
      <description>22/08/2026 08:13:11 | Estado: NUEVA UBICACION | Bat: 0%</description>
      <styleUrl>#pointStyle</styleUrl>
      <Point><coordinates>-73.59954933,4.132591167,0</coordinates></Point>
    </Placemark>
    <Placemark>
      <n>#224 HERMES-02</n>
      <description>22/08/2026 08:18:39 | Estado: NUEVA UBICACION | Bat: 0%</description>
      <styleUrl>#pointStyle</styleUrl>
      <Point><coordinates>-73.59958567,4.132505167,0</coordinates></Point>
    </Placemark>
    <Placemark>
      <n>#225 HERMES-02</n>
      <description>22/08/2026 08:24:11 | Estado: NUEVA UBICACION | Bat: 0%</description>
      <styleUrl>#pointStyle</styleUrl>
      <Point><coordinates>-73.5995425,4.1324885,0</coordinates></Point>
    </Placemark>
    <Placemark>
      <n>#226 HERMES-02</n>
      <description>22/08/2026 08:30:02 | Estado: NUEVA UBICACION | Bat: 0%</description>
      <styleUrl>#pointStyle</styleUrl>
      <Point><coordinates>-73.59958717,4.132412833,0</coordinates></Point>
    </Placemark>
    <Placemark>
      <n>#227 HERMES-02</n>
      <description>22/08/2026 08:35:30 | Estado: NUEVA UBICACION | Bat: 0%</description>
      <styleUrl>#pointStyle</styleUrl>
      <Point><coordinates>-73.59964833,4.132391,0</coordinates></Point>
    </Placemark>
    <Placemark>
      <n>#228 HERMES-02</n>
      <description>22/08/2026 08:41:04 | Estado: NUEVA UBICACION | Bat: 0%</description>
      <styleUrl>#pointStyle</styleUrl>
      <Point><coordinates>-73.59964967,4.132342333,0</coordinates></Point>
    </Placemark>
    <Placemark>
      <n>#229 HERMES-02</n>
      <description>22/08/2026 08:46:35 | Estado: NUEVA UBICACION | Bat: 0%</description>
      <styleUrl>#pointStyle</styleUrl>
      <Point><coordinates>-73.599635,4.132375333,0</coordinates></Point>
    </Placemark>
    <Placemark>
      <n>#230 HERMES-02</n>
      <description>22/08/2026 08:52:07 | Estado: NUEVA UBICACION | Bat: 0%</description>
      <styleUrl>#pointStyle</styleUrl>
      <Point><coordinates>-73.5995395,4.132525333,0</coordinates></Point>
    </Placemark>
    <Placemark>
      <n>#231 HERMES-02</n>
      <description>22/08/2026 08:57:35 | Estado: NUEVA UBICACION | Bat: 0%</description>
      <styleUrl>#pointStyle</styleUrl>
      <Point><coordinates>-73.59958567,4.132557167,0</coordinates></Point>
    </Placemark>
    <Placemark>
      <n>#232 HERMES-02</n>
      <description>22/08/2026 09:03:04 | Estado: NUEVA UBICACION | Bat: 0%</description>
      <styleUrl>#pointStyle</styleUrl>
      <Point><coordinates>-73.5995435,4.132543667,0</coordinates></Point>
    </Placemark>
    <Placemark>
      <n>#233 HERMES-02</n>
      <description>22/08/2026 09:08:31 | Estado: NUEVA UBICACION | Bat: 0%</description>
      <styleUrl>#pointStyle</styleUrl>
      <Point><coordinates>-73.59952767,4.132544667,0</coordinates></Point>
    </Placemark>
    <Placemark>
      <n>#234 HERMES-02</n>
      <description>22/08/2026 09:13:59 | Estado: NUEVA UBICACION | Bat: 0%</description>
      <styleUrl>#pointStyle</styleUrl>
      <Point><coordinates>-73.59956367,4.132535,0</coordinates></Point>
    </Placemark>
    <Placemark>
      <n>#235 HERMES-02</n>
      <description>22/08/2026 09:19:27 | Estado: NUEVA UBICACION | Bat: 0%</description>
      <styleUrl>#pointStyle</styleUrl>
      <Point><coordinates>-73.599535,4.1324545,0</coordinates></Point>
    </Placemark>
    <Placemark>
      <n>#236 HERMES-02</n>
      <description>22/08/2026 09:24:55 | Estado: NUEVA UBICACION | Bat: 0%</description>
      <styleUrl>#pointStyle</styleUrl>
      <Point><coordinates>-73.599558,4.1324875,0</coordinates></Point>
    </Placemark>
    <Placemark>
      <n>#237 HERMES-02</n>
      <description>22/08/2026 09:31:15 | Estado: NUEVA UBICACION | Bat: 0%</description>
      <styleUrl>#pointStyle</styleUrl>
      <Point><coordinates>-73.599636,4.132362167,0</coordinates></Point>
    </Placemark>
    <Placemark>
      <n>#238 HERMES-02</n>
      <description>22/08/2026 09:36:53 | Estado: REENVIO PENDIENTE | Bat: 0%</description>
      <styleUrl>#pointStyle</styleUrl>
      <Point><coordinates>-73.599602,4.132459,0</coordinates></Point>
    </Placemark>
    <Placemark>
      <n>#239 HERMES-02</n>
      <description>22/08/2026 09:42:56 | Estado: NUEVA UBICACION | Bat: 0%</description>
      <styleUrl>#pointStyle</styleUrl>
      <Point><coordinates>-73.5996065,4.132471667,0</coordinates></Point>
    </Placemark>
    <Placemark>
      <n>#240 HERMES-02</n>
      <description>22/08/2026 09:48:35 | Estado: NUEVA UBICACION | Bat: 0%</description>
      <styleUrl>#pointStyle</styleUrl>
      <Point><coordinates>-73.59962767,4.132400667,0</coordinates></Point>
    </Placemark>
    <Placemark>
      <n>#241 HERMES-02</n>
      <description>22/08/2026 09:54:38 | Estado: NUEVA UBICACION | Bat: 0%</description>
      <styleUrl>#pointStyle</styleUrl>
      <Point><coordinates>-73.59959983,4.132421333,0</coordinates></Point>
    </Placemark>
    <Placemark>
      <n>#242 HERMES-02</n>
      <description>22/08/2026 10:01:11 | Estado: NUEVA UBICACION | Bat: 0%</description>
      <styleUrl>#pointStyle</styleUrl>
      <Point><coordinates>-73.59972333,4.132339167,0</coordinates></Point>
    </Placemark>
    <Placemark>
      <n>#243 HERMES-02</n>
      <description>22/08/2026 10:06:57 | Estado: NUEVA UBICACION | Bat: 0%</description>
      <styleUrl>#pointStyle</styleUrl>
      <Point><coordinates>-73.59962467,4.132390667,0</coordinates></Point>
    </Placemark>
    <Placemark>
      <n>#244 HERMES-02</n>
      <description>22/08/2026 10:12:33 | Estado: NUEVA UBICACION | Bat: 0%</description>
      <styleUrl>#pointStyle</styleUrl>
      <Point><coordinates>-73.59955567,4.132439167,0</coordinates></Point>
    </Placemark>
    <Placemark>
      <n>#245 HERMES-02</n>
      <description>22/08/2026 10:18:01 | Estado: NUEVA UBICACION | Bat: 0%</description>
      <styleUrl>#pointStyle</styleUrl>
      <Point><coordinates>-73.59953633,4.132456333,0</coordinates></Point>
    </Placemark>
    <Placemark>
      <n>#246 HERMES-02</n>
      <description>22/08/2026 10:23:36 | Estado: NUEVA UBICACION | Bat: 0%</description>
      <styleUrl>#pointStyle</styleUrl>
      <Point><coordinates>-73.59957417,4.132413333,0</coordinates></Point>
    </Placemark>
    <Placemark>
      <n>#247 HERMES-02</n>
      <description>22/08/2026 10:29:05 | Estado: NUEVA UBICACION | Bat: 0%</description>
      <styleUrl>#pointStyle</styleUrl>
      <Point><coordinates>-73.59957117,4.132493833,0</coordinates></Point>
    </Placemark>
    <Placemark>
      <n>#248 HERMES-02</n>
      <description>22/08/2026 10:34:44 | Estado: REENVIO PENDIENTE | Bat: 0%</description>
      <styleUrl>#pointStyle</styleUrl>
      <Point><coordinates>-73.599601,4.132408,0</coordinates></Point>
    </Placemark>
    <Placemark>
      <n>#249 HERMES-02</n>
      <description>22/08/2026 10:40:51 | Estado: REENVIO PENDIENTE | Bat: 0%</description>
      <styleUrl>#pointStyle</styleUrl>
      <Point><coordinates>-73.599631,4.132531,0</coordinates></Point>
    </Placemark>
    <Placemark>
      <n>#250 HERMES-02</n>
      <description>22/08/2026 10:46:57 | Estado: REENVIO PENDIENTE | Bat: 0%</description>
      <styleUrl>#pointStyle</styleUrl>
      <Point><coordinates>-73.599626,4.132546,0</coordinates></Point>
    </Placemark>
    <Placemark>
      <n>#251 HERMES-02</n>
      <description>22/08/2026 10:53:04 | Estado: REENVIO PENDIENTE | Bat: 0%</description>
      <styleUrl>#pointStyle</styleUrl>
      <Point><coordinates>-73.59961,4.132353,0</coordinates></Point>
    </Placemark>
    <Placemark>
      <n>#252 HERMES-02</n>
      <description>22/08/2026 10:59:11 | Estado: REENVIO PENDIENTE | Bat: 0%</description>
      <styleUrl>#pointStyle</styleUrl>
      <Point><coordinates>-73.599592,4.13247,0</coordinates></Point>
    </Placemark>
    <Placemark>
      <n>#253 HERMES-02</n>
      <description>22/08/2026 11:11:23 | Estado: REENVIO PENDIENTE | Bat: 0%</description>
      <styleUrl>#pointStyle</styleUrl>
      <Point><coordinates>-73.59957,4.132602,0</coordinates></Point>
    </Placemark>
    <Placemark>
      <n>#254 HERMES-02</n>
      <description>22/08/2026 11:23:37 | Estado: REENVIO PENDIENTE | Bat: 0%</description>
      <styleUrl>#pointStyle</styleUrl>
      <Point><coordinates>-73.599574,4.132395,0</coordinates></Point>
    </Placemark>
    <Placemark>
      <n>#255 HERMES-02</n>
      <description>22/08/2026 11:29:43 | Estado: REENVIO PENDIENTE | Bat: 0%</description>
      <styleUrl>#pointStyle</styleUrl>
      <Point><coordinates>-73.599644,4.132427,0</coordinates></Point>
    </Placemark>
    <Placemark>
      <n>#256 HERMES-02</n>
      <description>22/08/2026 11:35:49 | Estado: REENVIO PENDIENTE | Bat: 0%</description>
      <styleUrl>#pointStyle</styleUrl>
      <Point><coordinates>-73.599569,4.132536,0</coordinates></Point>
    </Placemark>
    <Placemark>
      <n>#257 HERMES-02</n>
      <description>22/08/2026 11:41:55 | Estado: REENVIO PENDIENTE | Bat: 0%</description>
      <styleUrl>#pointStyle</styleUrl>
      <Point><coordinates>-73.599638,4.132392,0</coordinates></Point>
    </Placemark>
    <Placemark>
      <n>#258 HERMES-02</n>
      <description>22/08/2026 11:48:02 | Estado: REENVIO PENDIENTE | Bat: 0%</description>
      <styleUrl>#pointStyle</styleUrl>
      <Point><coordinates>-73.599602,4.132406,0</coordinates></Point>
    </Placemark>
    <Placemark>
      <n>#259 HERMES-02</n>
      <description>22/08/2026 11:54:08 | Estado: REENVIO PENDIENTE | Bat: 0%</description>
      <styleUrl>#pointStyle</styleUrl>
      <Point><coordinates>-73.599617,4.132379,0</coordinates></Point>
    </Placemark>
    <Placemark>
      <n>#260 HERMES-02</n>
      <description>22/08/2026 12:00:15 | Estado: REENVIO PENDIENTE | Bat: 0%</description>
      <styleUrl>#pointStyle</styleUrl>
      <Point><coordinates>-73.599615,4.132373,0</coordinates></Point>
    </Placemark>
    <Placemark>
      <n>#261 HERMES-02</n>
      <description>22/08/2026 12:06:21 | Estado: REENVIO PENDIENTE | Bat: 0%</description>
      <styleUrl>#pointStyle</styleUrl>
      <Point><coordinates>-73.599595,4.132361,0</coordinates></Point>
    </Placemark>
    <Placemark>
      <n>#262 HERMES-02</n>
      <description>22/08/2026 12:12:28 | Estado: REENVIO PENDIENTE | Bat: 0%</description>
      <styleUrl>#pointStyle</styleUrl>
      <Point><coordinates>-73.599578,4.132339,0</coordinates></Point>
    </Placemark>
    <Placemark>
      <n>#263 HERMES-02</n>
      <description>22/08/2026 12:18:35 | Estado: REENVIO PENDIENTE | Bat: 0%</description>
      <styleUrl>#pointStyle</styleUrl>
      <Point><coordinates>-73.599579,4.132359,0</coordinates></Point>
    </Placemark>
    <Placemark>
      <n>#264 HERMES-02</n>
      <description>22/08/2026 12:30:48 | Estado: REENVIO PENDIENTE | Bat: 0%</description>
      <styleUrl>#pointStyle</styleUrl>
      <Point><coordinates>-73.59958,4.13238,0</coordinates></Point>
    </Placemark>
    <Placemark>
      <n>#265 HERMES-02</n>
      <description>22/08/2026 12:36:55 | Estado: REENVIO PENDIENTE | Bat: 0%</description>
      <styleUrl>#pointStyle</styleUrl>
      <Point><coordinates>-73.599585,4.132374,0</coordinates></Point>
    </Placemark>
    <Placemark>
      <n>#266 HERMES-02</n>
      <description>22/08/2026 12:50:07 | Estado: NUEVA UBICACION | Bat: 0%</description>
      <styleUrl>#pointStyle</styleUrl>
      <Point><coordinates>-73.5997325,4.132325333,0</coordinates></Point>
    </Placemark>
    <Placemark>
      <n>#267 HERMES-02</n>
      <description>22/08/2026 12:56:05 | Estado: REENVIO PENDIENTE | Bat: 0%</description>
      <styleUrl>#pointStyle</styleUrl>
      <Point><coordinates>-73.599495,4.132527,0</coordinates></Point>
    </Placemark>
    <Placemark>
      <n>#268 HERMES-02</n>
      <description>22/08/2026 13:08:21 | Estado: REENVIO PENDIENTE | Bat: 0%</description>
      <styleUrl>#pointStyle</styleUrl>
      <Point><coordinates>-73.600047,4.131653,0</coordinates></Point>
    </Placemark>
    <Placemark>
      <n>#269 HERMES-02</n>
      <description>22/08/2026 13:27:01 | Estado: NUEVA UBICACION | Bat: 0%</description>
      <styleUrl>#pointStyle</styleUrl>
      <Point><coordinates>-73.6232515,4.105559333,0</coordinates></Point>
    </Placemark>
    <Placemark>
      <n>#270 HERMES-02</n>
      <description>22/08/2026 13:32:33 | Estado: NUEVA UBICACION | Bat: 0%</description>
      <styleUrl>#pointStyle</styleUrl>
      <Point><coordinates>-73.58874967,4.145773333,0</coordinates></Point>
    </Placemark>
    <Placemark>
      <n>#271 HERMES-02</n>
      <description>22/08/2026 13:38:03 | Estado: NUEVA UBICACION | Bat: 0%</description>
      <styleUrl>#pointStyle</styleUrl>
      <Point><coordinates>-73.59729483,4.137663,0</coordinates></Point>
    </Placemark>
    <Placemark>
      <n>#272 HERMES-02</n>
      <description>22/08/2026 13:43:32 | Estado: NUEVA UBICACION | Bat: 0%</description>
      <styleUrl>#pointStyle</styleUrl>
      <Point><coordinates>-73.5993975,4.132149167,0</coordinates></Point>
    </Placemark>
    <Placemark>
      <n>#273 HERMES-02</n>
      <description>22/08/2026 15:08:42 | Estado: ULTIMA UBICACION | Bat: 0%</description>
      <styleUrl>#pointStyle</styleUrl>
      <Point><coordinates>-73.59964783,4.132307167,0</coordinates></Point>
    </Placemark>
    <Placemark>
      <n>#274 HERMES-02</n>
      <description>22/08/2026 15:21:53 | Estado: NUEVA UBICACION | Bat: 0%</description>
      <styleUrl>#pointStyle</styleUrl>
      <Point><coordinates>-73.6000115,4.132205167,0</coordinates></Point>
    </Placemark>
    <Placemark>
      <n>#275 HERMES-02</n>
      <description>22/08/2026 15:28:16 | Estado: NUEVA UBICACION | Bat: 0%</description>
      <styleUrl>#pointStyle</styleUrl>
      <Point><coordinates>-73.59973633,4.1326825,0</coordinates></Point>
    </Placemark>
    <Placemark>
      <n>#276 HERMES-02</n>
      <description>22/08/2026 15:33:48 | Estado: NUEVA UBICACION | Bat: 0%</description>
      <styleUrl>#pointStyle</styleUrl>
      <Point><coordinates>-73.59979,4.132266333,0</coordinates></Point>
    </Placemark>
    <Placemark>
      <n>#277 HERMES-02</n>
      <description>22/08/2026 16:01:52 | Estado: NUEVA UBICACION | Bat: 0%</description>
      <styleUrl>#pointStyle</styleUrl>
      <Point><coordinates>-73.61295,4.146256333,0</coordinates></Point>
    </Placemark>
    <Placemark>
      <n>#278 HERMES-02</n>
      <description>22/08/2026 16:07:24 | Estado: NUEVA UBICACION | Bat: 0%</description>
      <styleUrl>#pointStyle</styleUrl>
      <Point><coordinates>-73.62832367,4.1522635,0</coordinates></Point>
    </Placemark>
    <Placemark>
      <n>#279 HERMES-02</n>
      <description>22/08/2026 16:13:11 | Estado: REENVIO PENDIENTE | Bat: 0%</description>
      <styleUrl>#pointStyle</styleUrl>
      <Point><coordinates>-73.623621,4.165814,0</coordinates></Point>
    </Placemark>
    <Placemark>
      <n>#280 HERMES-02</n>
      <description>22/08/2026 16:19:25 | Estado: REENVIO PENDIENTE | Bat: 0%</description>
      <styleUrl>#pointStyle</styleUrl>
      <Point><coordinates>-73.623667,4.16582,0</coordinates></Point>
    </Placemark>
    <Placemark>
      <n>#281 HERMES-02</n>
      <description>22/08/2026 16:25:39 | Estado: REENVIO PENDIENTE | Bat: 0%</description>
      <styleUrl>#pointStyle</styleUrl>
      <Point><coordinates>-73.623659,4.165829,0</coordinates></Point>
    </Placemark>
    <Placemark>
      <n>#282 HERMES-02</n>
      <description>22/08/2026 16:31:53 | Estado: REENVIO PENDIENTE | Bat: 0%</description>
      <styleUrl>#pointStyle</styleUrl>
      <Point><coordinates>-73.623671,4.165843,0</coordinates></Point>
    </Placemark>
    <Placemark>
      <n>#283 HERMES-02</n>
      <description>22/08/2026 16:38:07 | Estado: REENVIO PENDIENTE | Bat: 0%</description>
      <styleUrl>#pointStyle</styleUrl>
      <Point><coordinates>-73.623635,4.165811,0</coordinates></Point>
    </Placemark>
    <Placemark>
      <n>#284 HERMES-02</n>
      <description>22/08/2026 16:44:22 | Estado: REENVIO PENDIENTE | Bat: 0%</description>
      <styleUrl>#pointStyle</styleUrl>
      <Point><coordinates>-73.623613,4.165797,0</coordinates></Point>
    </Placemark>
    <Placemark>
      <n>#285 HERMES-02</n>
      <description>22/08/2026 16:50:36 | Estado: REENVIO PENDIENTE | Bat: 0%</description>
      <styleUrl>#pointStyle</styleUrl>
      <Point><coordinates>-73.623638,4.165802,0</coordinates></Point>
    </Placemark>
    <Placemark>
      <n>#286 HERMES-02</n>
      <description>22/08/2026 16:56:50 | Estado: REENVIO PENDIENTE | Bat: 0%</description>
      <styleUrl>#pointStyle</styleUrl>
      <Point><coordinates>-73.623643,4.165798,0</coordinates></Point>
    </Placemark>
    <Placemark>
      <n>#287 HERMES-02</n>
      <description>22/08/2026 17:03:04 | Estado: REENVIO PENDIENTE | Bat: 0%</description>
      <styleUrl>#pointStyle</styleUrl>
      <Point><coordinates>-73.623655,4.165803,0</coordinates></Point>
    </Placemark>
    <Placemark>
      <n>#288 HERMES-02</n>
      <description>22/08/2026 17:15:32 | Estado: REENVIO PENDIENTE | Bat: 0%</description>
      <styleUrl>#pointStyle</styleUrl>
      <Point><coordinates>-73.62363,4.165806,0</coordinates></Point>
    </Placemark>
    <Placemark>
      <n>#289 HERMES-02</n>
      <description>22/08/2026 17:22:24 | Estado: NUEVA UBICACION | Bat: 0%</description>
      <styleUrl>#pointStyle</styleUrl>
      <Point><coordinates>-73.62360983,4.165792667,0</coordinates></Point>
    </Placemark>
    <Placemark>
      <n>#290 HERMES-02</n>
      <description>22/08/2026 17:27:53 | Estado: NUEVA UBICACION | Bat: 0%</description>
      <styleUrl>#pointStyle</styleUrl>
      <Point><coordinates>-73.629954,4.1579705,0</coordinates></Point>
    </Placemark>
    <Placemark>
      <n>#291 HERMES-02</n>
      <description>22/08/2026 17:33:30 | Estado: NUEVA UBICACION | Bat: 0%</description>
      <styleUrl>#pointStyle</styleUrl>
      <Point><coordinates>-73.62442633,4.148202667,0</coordinates></Point>
    </Placemark>
    <Placemark>
      <n>#292 HERMES-02</n>
      <description>22/08/2026 17:39:01 | Estado: NUEVA UBICACION | Bat: 0%</description>
      <styleUrl>#pointStyle</styleUrl>
      <Point><coordinates>-73.61090083,4.146254833,0</coordinates></Point>
    </Placemark>
    <Placemark>
      <n>#293 HERMES-02</n>
      <description>22/08/2026 17:44:52 | Estado: NUEVA UBICACION | Bat: 0%</description>
      <styleUrl>#pointStyle</styleUrl>
      <Point><coordinates>-73.6032415,4.1310845,0</coordinates></Point>
    </Placemark>
    <Placemark>
      <n>#294 HERMES-02</n>
      <description>22/08/2026 17:50:28 | Estado: NUEVA UBICACION | Bat: 0%</description>
      <styleUrl>#pointStyle</styleUrl>
      <Point><coordinates>-73.60178733,4.134224,0</coordinates></Point>
    </Placemark>
    <Placemark>
      <n>#295 HERMES-02</n>
      <description>22/08/2026 18:02:48 | Estado: NUEVA UBICACION | Bat: 0%</description>
      <styleUrl>#pointStyle</styleUrl>
      <Point><coordinates>-73.60583883,4.121875333,0</coordinates></Point>
    </Placemark>
    <Placemark>
      <n>#296 HERMES-02</n>
      <description>23/08/2026 01:28:59 | Estado: ULTIMA UBICACION | Bat: 0%</description>
      <styleUrl>#pointStyle</styleUrl>
      <Point><coordinates>-73.59950783,4.132551,0</coordinates></Point>
    </Placemark>
    <Placemark>
      <n>#297 HERMES-02</n>
      <description>23/08/2026 01:42:33 | Estado: NUEVA UBICACION | Bat: 0%</description>
      <styleUrl>#pointStyle</styleUrl>
      <Point><coordinates>-73.5994565,4.132324,0</coordinates></Point>
    </Placemark>
    <Placemark>
      <n>#298 HERMES-02</n>
      <description>23/08/2026 02:12:16 | Estado: NUEVA UBICACION | Bat: 0%</description>
      <styleUrl>#pointStyle</styleUrl>
      <Point><coordinates>-73.599538,4.132457167,0</coordinates></Point>
    </Placemark>
    <Placemark>
      <n>#299 HERMES-02</n>
      <description>23/08/2026 04:43:04 | Estado: NUEVA UBICACION | Bat: 0%</description>
      <styleUrl>#pointStyle</styleUrl>
      <Point><coordinates>-73.59982333,4.132199833,0</coordinates></Point>
    </Placemark>
    <Placemark>
      <n>#300 HERMES-02</n>
      <description>23/08/2026 10:04:42 | Estado: NUEVA UBICACION | Bat: 0%</description>
      <styleUrl>#pointStyle</styleUrl>
      <Point><coordinates>-73.59960383,4.132487,0</coordinates></Point>
    </Placemark>
    <Placemark>
      <n>#301 HERMES-02</n>
      <description>23/08/2026 10:11:40 | Estado: NUEVA UBICACION | Bat: 0%</description>
      <styleUrl>#pointStyle</styleUrl>
      <Point><coordinates>-73.59959217,4.132486833,0</coordinates></Point>
    </Placemark>
    <Placemark>
      <n>#302 HERMES-02</n>
      <description>23/08/2026 10:19:17 | Estado: NUEVA UBICACION | Bat: 0%</description>
      <styleUrl>#pointStyle</styleUrl>
      <Point><coordinates>-73.59953533,4.132335333,0</coordinates></Point>
    </Placemark>
    <Placemark>
      <n>#303 HERMES-02</n>
      <description>23/08/2026 11:44:05 | Estado: REENVIO PENDIENTE | Bat: 0%</description>
      <styleUrl>#pointStyle</styleUrl>
      <Point><coordinates>-73.59962,4.132402,0</coordinates></Point>
    </Placemark>
    <Placemark>
      <n>#304 HERMES-02</n>
      <description>23/08/2026 11:50:19 | Estado: REENVIO PENDIENTE | Bat: 0%</description>
      <styleUrl>#pointStyle</styleUrl>
      <Point><coordinates>-73.599626,4.132381,0</coordinates></Point>
    </Placemark>
    <Placemark>
      <n>#305 HERMES-02</n>
      <description>23/08/2026 11:56:33 | Estado: REENVIO PENDIENTE | Bat: 0%</description>
      <styleUrl>#pointStyle</styleUrl>
      <Point><coordinates>-73.599647,4.132395,0</coordinates></Point>
    </Placemark>
    <Placemark>
      <n>#306 HERMES-02</n>
      <description>23/08/2026 12:02:47 | Estado: REENVIO PENDIENTE | Bat: 0%</description>
      <styleUrl>#pointStyle</styleUrl>
      <Point><coordinates>-73.599638,4.132378,0</coordinates></Point>
    </Placemark>
    <Placemark>
      <n>#307 HERMES-02</n>
      <description>23/08/2026 12:15:16 | Estado: REENVIO PENDIENTE | Bat: 0%</description>
      <styleUrl>#pointStyle</styleUrl>
      <Point><coordinates>-73.5996,4.132412,0</coordinates></Point>
    </Placemark>
    <Placemark>
      <n>#308 HERMES-02</n>
      <description>23/08/2026 12:21:28 | Estado: NUEVA UBICACION | Bat: 0%</description>
      <styleUrl>#pointStyle</styleUrl>
      <Point><coordinates>-73.5996285,4.132385,0</coordinates></Point>
    </Placemark>
    <Placemark>
      <n>#309 HERMES-02</n>
      <description>23/08/2026 12:27:27 | Estado: NUEVA UBICACION | Bat: 0%</description>
      <styleUrl>#pointStyle</styleUrl>
      <Point><coordinates>-73.59961133,4.132394667,0</coordinates></Point>
    </Placemark>
    <Placemark>
      <n>#310 HERMES-02</n>
      <description>23/08/2026 12:46:52 | Estado: NUEVA UBICACION | Bat: 0%</description>
      <styleUrl>#pointStyle</styleUrl>
      <Point><coordinates>-73.599627,4.132378333,0</coordinates></Point>
    </Placemark>
    <Placemark>
      <n>#311 HERMES-02</n>
      <description>23/08/2026 13:02:51 | Estado: NUEVA UBICACION | Bat: 0%</description>
      <styleUrl>#pointStyle</styleUrl>
      <Point><coordinates>-73.59960033,4.132373333,0</coordinates></Point>
    </Placemark>
    <Placemark>
      <n>#312 HERMES-02</n>
      <description>23/08/2026 13:08:45 | Estado: NUEVA UBICACION | Bat: 0%</description>
      <styleUrl>#pointStyle</styleUrl>
      <Point><coordinates>-73.59960167,4.132379667,0</coordinates></Point>
    </Placemark>
    <Placemark>
      <n>#313 HERMES-02</n>
      <description>23/08/2026 13:16:46 | Estado: NUEVA UBICACION | Bat: 0%</description>
      <styleUrl>#pointStyle</styleUrl>
      <Point><coordinates>-73.59960567,4.132390167,0</coordinates></Point>
    </Placemark>
    <Placemark>
      <n>#314 HERMES-02</n>
      <description>23/08/2026 13:53:32 | Estado: NUEVA UBICACION | Bat: 0%</description>
      <styleUrl>#pointStyle</styleUrl>
      <Point><coordinates>-73.60599533,4.1450335,0</coordinates></Point>
    </Placemark>
    <Placemark>
      <n>#315 HERMES-02</n>
      <description>23/08/2026 14:06:31 | Estado: NUEVA UBICACION | Bat: 0%</description>
      <styleUrl>#pointStyle</styleUrl>
      <Point><coordinates>-73.63631383,4.155326667,0</coordinates></Point>
    </Placemark>
    <Placemark>
      <n>#316 HERMES-02</n>
      <description>23/08/2026 14:18:58 | Estado: REENVIO PENDIENTE | Bat: 0%</description>
      <styleUrl>#pointStyle</styleUrl>
      <Point><coordinates>-73.63934,4.15425,0</coordinates></Point>
    </Placemark>
    <Placemark>
      <n>#317 HERMES-02</n>
      <description>23/08/2026 14:25:12 | Estado: REENVIO PENDIENTE | Bat: 0%</description>
      <styleUrl>#pointStyle</styleUrl>
      <Point><coordinates>-73.639285,4.154153,0</coordinates></Point>
    </Placemark>
    <Placemark>
      <n>#318 HERMES-02</n>
      <description>23/08/2026 14:31:26 | Estado: REENVIO PENDIENTE | Bat: 0%</description>
      <styleUrl>#pointStyle</styleUrl>
      <Point><coordinates>-73.639286,4.15426,0</coordinates></Point>
    </Placemark>
    <Placemark>
      <n>#319 HERMES-02</n>
      <description>23/08/2026 14:37:40 | Estado: REENVIO PENDIENTE | Bat: 0%</description>
      <styleUrl>#pointStyle</styleUrl>
      <Point><coordinates>-73.639298,4.154273,0</coordinates></Point>
    </Placemark>
    <Placemark>
      <n>#320 HERMES-02</n>
      <description>23/08/2026 14:50:08 | Estado: REENVIO PENDIENTE | Bat: 0%</description>
      <styleUrl>#pointStyle</styleUrl>
      <Point><coordinates>-73.639304,4.15422,0</coordinates></Point>
    </Placemark>
    <Placemark>
      <n>#321 HERMES-02</n>
      <description>23/08/2026 14:56:22 | Estado: REENVIO PENDIENTE | Bat: 0%</description>
      <styleUrl>#pointStyle</styleUrl>
      <Point><coordinates>-73.639313,4.15425,0</coordinates></Point>
    </Placemark>
    <Placemark>
      <n>#322 HERMES-02</n>
      <description>23/08/2026 15:02:36 | Estado: REENVIO PENDIENTE | Bat: 0%</description>
      <styleUrl>#pointStyle</styleUrl>
      <Point><coordinates>-73.639346,4.154282,0</coordinates></Point>
    </Placemark>
    <Placemark>
      <n>#323 HERMES-02</n>
      <description>23/08/2026 15:09:23 | Estado: NUEVA UBICACION | Bat: 0%</description>
      <styleUrl>#pointStyle</styleUrl>
      <Point><coordinates>-73.63582117,4.146183167,0</coordinates></Point>
    </Placemark>
    <Placemark>
      <n>#324 HERMES-02</n>
      <description>23/08/2026 15:15:25 | Estado: REENVIO PENDIENTE | Bat: 0%</description>
      <styleUrl>#pointStyle</styleUrl>
      <Point><coordinates>-73.618591,4.123659,0</coordinates></Point>
    </Placemark>
    <Placemark>
      <n>#325 HERMES-02</n>
      <description>23/08/2026 15:21:52 | Estado: NUEVA UBICACION | Bat: 0%</description>
      <styleUrl>#pointStyle</styleUrl>
      <Point><coordinates>-73.60036467,4.133476667,0</coordinates></Point>
    </Placemark>
    <Placemark>
      <n>#326 HERMES-02</n>
      <description>23/08/2026 15:27:54 | Estado: NUEVA UBICACION | Bat: 0%</description>
      <styleUrl>#pointStyle</styleUrl>
      <Point><coordinates>-73.59960133,4.132319167,0</coordinates></Point>
    </Placemark>
    <Placemark>
      <n>#327 HERMES-02</n>
      <description>23/08/2026 15:34:05 | Estado: NUEVA UBICACION | Bat: 0%</description>
      <styleUrl>#pointStyle</styleUrl>
      <Point><coordinates>-73.59960183,4.132332167,0</coordinates></Point>
    </Placemark>
    <Placemark>
      <n>#328 HERMES-02</n>
      <description>23/08/2026 15:47:03 | Estado: NUEVA UBICACION | Bat: 0%</description>
      <styleUrl>#pointStyle</styleUrl>
      <Point><coordinates>-73.59959383,4.132328833,0</coordinates></Point>
    </Placemark>
    <Placemark>
      <n>#329 HERMES-02</n>
      <description>23/08/2026 16:00:04 | Estado: REENVIO PENDIENTE | Bat: 0%</description>
      <styleUrl>#pointStyle</styleUrl>
      <Point><coordinates>-73.59962,4.132333,0</coordinates></Point>
    </Placemark>
    <Placemark>
      <n>#330 HERMES-02</n>
      <description>23/08/2026 16:06:18 | Estado: REENVIO PENDIENTE | Bat: 0%</description>
      <styleUrl>#pointStyle</styleUrl>
      <Point><coordinates>-73.599643,4.132312,0</coordinates></Point>
    </Placemark>
    <Placemark>
      <n>#331 HERMES-02</n>
      <description>23/08/2026 16:13:56 | Estado: NUEVA UBICACION | Bat: 0%</description>
      <styleUrl>#pointStyle</styleUrl>
      <Point><coordinates>-73.59960833,4.132319333,0</coordinates></Point>
    </Placemark>
    <Placemark>
      <n>#332 HERMES-02</n>
      <description>23/08/2026 16:26:15 | Estado: REENVIO PENDIENTE | Bat: 0%</description>
      <styleUrl>#pointStyle</styleUrl>
      <Point><coordinates>-73.59962,4.132321,0</coordinates></Point>
    </Placemark>
    <Placemark>
      <n>#333 HERMES-02</n>
      <description>23/08/2026 16:38:45 | Estado: REENVIO PENDIENTE | Bat: 0%</description>
      <styleUrl>#pointStyle</styleUrl>
      <Point><coordinates>-73.599608,4.132321,0</coordinates></Point>
    </Placemark>
    <Placemark>
      <n>#334 HERMES-02</n>
      <description>23/08/2026 16:45:00 | Estado: REENVIO PENDIENTE | Bat: 0%</description>
      <styleUrl>#pointStyle</styleUrl>
      <Point><coordinates>-73.599602,4.132316,0</coordinates></Point>
    </Placemark>
    <Placemark>
      <n>#335 HERMES-02</n>
      <description>23/08/2026 16:51:15 | Estado: REENVIO PENDIENTE | Bat: 0%</description>
      <styleUrl>#pointStyle</styleUrl>
      <Point><coordinates>-73.599612,4.132337,0</coordinates></Point>
    </Placemark>
    <Placemark>
      <n>#336 HERMES-02</n>
      <description>23/08/2026 16:57:30 | Estado: REENVIO PENDIENTE | Bat: 0%</description>
      <styleUrl>#pointStyle</styleUrl>
      <Point><coordinates>-73.599601,4.13234,0</coordinates></Point>
    </Placemark>
    <Placemark>
      <n>#337 HERMES-02</n>
      <description>23/08/2026 17:03:45 | Estado: REENVIO PENDIENTE | Bat: 0%</description>
      <styleUrl>#pointStyle</styleUrl>
      <Point><coordinates>-73.599602,4.132346,0</coordinates></Point>
    </Placemark>
    <Placemark>
      <n>#338 HERMES-02</n>
      <description>23/08/2026 17:10:00 | Estado: REENVIO PENDIENTE | Bat: 0%</description>
      <styleUrl>#pointStyle</styleUrl>
      <Point><coordinates>-73.599583,4.132333,0</coordinates></Point>
    </Placemark>
    <Placemark>
      <n>#339 HERMES-02</n>
      <description>23/08/2026 17:16:15 | Estado: REENVIO PENDIENTE | Bat: 0%</description>
      <styleUrl>#pointStyle</styleUrl>
      <Point><coordinates>-73.599594,4.132331,0</coordinates></Point>
    </Placemark>
    <Placemark>
      <n>#340 HERMES-02</n>
      <description>23/08/2026 17:22:30 | Estado: REENVIO PENDIENTE | Bat: 0%</description>
      <styleUrl>#pointStyle</styleUrl>
      <Point><coordinates>-73.599593,4.132331,0</coordinates></Point>
    </Placemark>
    <Placemark>
      <n>#341 HERMES-02</n>
      <description>23/08/2026 17:28:44 | Estado: REENVIO PENDIENTE | Bat: 0%</description>
      <styleUrl>#pointStyle</styleUrl>
      <Point><coordinates>-73.599598,4.132321,0</coordinates></Point>
    </Placemark>
    <Placemark>
      <n>#342 HERMES-02</n>
      <description>23/08/2026 17:34:59 | Estado: REENVIO PENDIENTE | Bat: 0%</description>
      <styleUrl>#pointStyle</styleUrl>
      <Point><coordinates>-73.599613,4.13232,0</coordinates></Point>
    </Placemark>
    <Placemark>
      <n>#343 HERMES-02</n>
      <description>23/08/2026 17:41:14 | Estado: REENVIO PENDIENTE | Bat: 0%</description>
      <styleUrl>#pointStyle</styleUrl>
      <Point><coordinates>-73.599616,4.132328,0</coordinates></Point>
    </Placemark>
    <Placemark>
      <n>#344 HERMES-02</n>
      <description>23/08/2026 17:48:10 | Estado: NUEVA UBICACION | Bat: 0%</description>
      <styleUrl>#pointStyle</styleUrl>
      <Point><coordinates>-73.59958467,4.1323195,0</coordinates></Point>
    </Placemark>
    <Placemark>
      <n>#345 HERMES-02</n>
      <description>23/08/2026 17:54:05 | Estado: NUEVA UBICACION | Bat: 0%</description>
      <styleUrl>#pointStyle</styleUrl>
      <Point><coordinates>-73.59959517,4.132321167,0</coordinates></Point>
    </Placemark>
    <Placemark>
      <n>#346 HERMES-02</n>
      <description>23/08/2026 18:00:03 | Estado: NUEVA UBICACION | Bat: 0%</description>
      <styleUrl>#pointStyle</styleUrl>
      <Point><coordinates>-73.59960133,4.132317667,0</coordinates></Point>
    </Placemark>
    <Placemark>
      <n>#347 HERMES-02</n>
      <description>23/08/2026 18:12:19 | Estado: NUEVA UBICACION | Bat: 0%</description>
      <styleUrl>#pointStyle</styleUrl>
      <Point><coordinates>-73.4164615,4.311778667,0</coordinates></Point>
    </Placemark>
    <Placemark>
      <n>#348 HERMES-02</n>
      <description>23/08/2026 18:18:16 | Estado: NUEVA UBICACION | Bat: 0%</description>
      <styleUrl>#pointStyle</styleUrl>
      <Point><coordinates>-73.44731483,4.277848,0</coordinates></Point>
    </Placemark>
    <Placemark>
      <n>#349 HERMES-02</n>
      <description>23/08/2026 18:24:22 | Estado: REENVIO PENDIENTE | Bat: 0%</description>
      <styleUrl>#pointStyle</styleUrl>
      <Point><coordinates>-73.599575,4.132493,0</coordinates></Point>
    </Placemark>
    <Placemark>
      <n>#350 HERMES-02</n>
      <description>23/08/2026 18:30:36 | Estado: REENVIO PENDIENTE | Bat: 0%</description>
      <styleUrl>#pointStyle</styleUrl>
      <Point><coordinates>-73.599586,4.132588,0</coordinates></Point>
    </Placemark>
    <Placemark>
      <n>#351 HERMES-02</n>
      <description>23/08/2026 18:36:50 | Estado: REENVIO PENDIENTE | Bat: 0%</description>
      <styleUrl>#pointStyle</styleUrl>
      <Point><coordinates>-73.599625,4.132486,0</coordinates></Point>
    </Placemark>
    <Placemark>
      <n>#352 HERMES-02</n>
      <description>23/08/2026 18:43:05 | Estado: REENVIO PENDIENTE | Bat: 0%</description>
      <styleUrl>#pointStyle</styleUrl>
      <Point><coordinates>-73.599576,4.132535,0</coordinates></Point>
    </Placemark>
    <Placemark>
      <n>#353 HERMES-02</n>
      <description>23/08/2026 18:49:19 | Estado: REENVIO PENDIENTE | Bat: 0%</description>
      <styleUrl>#pointStyle</styleUrl>
      <Point><coordinates>-73.599581,4.132413,0</coordinates></Point>
    </Placemark>
    <Placemark>
      <n>#354 HERMES-02</n>
      <description>23/08/2026 18:55:32 | Estado: NUEVA UBICACION | Bat: 0%</description>
      <styleUrl>#pointStyle</styleUrl>
      <Point><coordinates>-73.6099295,4.169234333,0</coordinates></Point>
    </Placemark>
    <Placemark>
      <n>#355 HERMES-02</n>
      <description>23/08/2026 19:01:54 | Estado: NUEVA UBICACION | Bat: 0%</description>
      <styleUrl>#pointStyle</styleUrl>
      <Point><coordinates>-73.700209,4.2427935,0</coordinates></Point>
    </Placemark>
    <Placemark>
      <n>#356 HERMES-02</n>
      <description>23/08/2026 19:07:52 | Estado: NUEVA UBICACION | Bat: 0%</description>
      <styleUrl>#pointStyle</styleUrl>
      <Point><coordinates>-73.71636067,4.356076,0</coordinates></Point>
    </Placemark>
    <Placemark>
      <n>#357 HERMES-02</n>
      <description>23/08/2026 19:14:38 | Estado: NUEVA UBICACION | Bat: 0%</description>
      <styleUrl>#pointStyle</styleUrl>
      <Point><coordinates>-73.54178133,4.3692585,0</coordinates></Point>
    </Placemark>
    <Placemark>
      <n>#358 HERMES-02</n>
      <description>23/08/2026 19:21:12 | Estado: NUEVA UBICACION | Bat: 0%</description>
      <styleUrl>#pointStyle</styleUrl>
      <Point><coordinates>-73.59029833,4.452179833,0</coordinates></Point>
    </Placemark>
    <Placemark>
      <n>#359 HERMES-02</n>
      <description>23/08/2026 19:33:13 | Estado: NUEVA UBICACION | Bat: 0%</description>
      <styleUrl>#pointStyle</styleUrl>
      <Point><coordinates>-73.55988417,4.697214,0</coordinates></Point>
    </Placemark>
    <Placemark>
      <n>#360 HERMES-02</n>
      <description>23/08/2026 20:51:03 | Estado: REENVIO PENDIENTE | Bat: 0%</description>
      <styleUrl>#pointStyle</styleUrl>
      <Point><coordinates>-73.599621,4.132383,0</coordinates></Point>
    </Placemark>
    <Placemark>
      <n>#361 HERMES-02</n>
      <description>23/08/2026 20:57:15 | Estado: NUEVA UBICACION | Bat: 0%</description>
      <styleUrl>#pointStyle</styleUrl>
      <Point><coordinates>-73.60035833,4.134144167,0</coordinates></Point>
    </Placemark>
    <Placemark>
      <n>#362 HERMES-02</n>
      <description>23/08/2026 21:03:18 | Estado: NUEVA UBICACION | Bat: 0%</description>
      <styleUrl>#pointStyle</styleUrl>
      <Point><coordinates>-73.609053,4.126126667,0</coordinates></Point>
    </Placemark>
    <Placemark>
      <n>#363 HERMES-02</n>
      <description>23/08/2026 21:09:20 | Estado: NUEVA UBICACION | Bat: 0%</description>
      <styleUrl>#pointStyle</styleUrl>
      <Point><coordinates>-73.63125983,4.119190167,0</coordinates></Point>
    </Placemark>
    <Placemark>
      <n>#364 HERMES-02</n>
      <description>23/08/2026 21:34:36 | Estado: NUEVA UBICACION | Bat: 0%</description>
      <styleUrl>#pointStyle</styleUrl>
      <Point><coordinates>-73.63669017,4.123509167,0</coordinates></Point>
    </Placemark>
    <Placemark>
      <n>#365 HERMES-02</n>
      <description>23/08/2026 21:40:28 | Estado: NUEVA UBICACION | Bat: 0%</description>
      <styleUrl>#pointStyle</styleUrl>
      <Point><coordinates>-73.636674,4.123535833,0</coordinates></Point>
    </Placemark>
    <Placemark>
      <n>#366 HERMES-02</n>
      <description>23/08/2026 21:46:20 | Estado: NUEVA UBICACION | Bat: 0%</description>
      <styleUrl>#pointStyle</styleUrl>
      <Point><coordinates>-73.6366655,4.123524,0</coordinates></Point>
    </Placemark>
    <Placemark>
      <n>#367 HERMES-02</n>
      <description>23/08/2026 21:52:14 | Estado: NUEVA UBICACION | Bat: 0%</description>
      <styleUrl>#pointStyle</styleUrl>
      <Point><coordinates>-73.63667733,4.123510167,0</coordinates></Point>
    </Placemark>
    <Placemark>
      <n>#368 HERMES-02</n>
      <description>23/08/2026 21:58:07 | Estado: NUEVA UBICACION | Bat: 0%</description>
      <styleUrl>#pointStyle</styleUrl>
      <Point><coordinates>-73.6367025,4.1235135,0</coordinates></Point>
    </Placemark>
    <Placemark>
      <n>#369 HERMES-02</n>
      <description>23/08/2026 22:04:00 | Estado: NUEVA UBICACION | Bat: 0%</description>
      <styleUrl>#pointStyle</styleUrl>
      <Point><coordinates>-73.63651967,4.1236015,0</coordinates></Point>
    </Placemark>
    <Placemark>
      <n>#370 HERMES-02</n>
      <description>23/08/2026 22:09:53 | Estado: NUEVA UBICACION | Bat: 0%</description>
      <styleUrl>#pointStyle</styleUrl>
      <Point><coordinates>-73.63671683,4.123480333,0</coordinates></Point>
    </Placemark>
    <Placemark>
      <n>#371 HERMES-02</n>
      <description>23/08/2026 22:15:46 | Estado: NUEVA UBICACION | Bat: 0%</description>
      <styleUrl>#pointStyle</styleUrl>
      <Point><coordinates>-73.63666333,4.123544167,0</coordinates></Point>
    </Placemark>
    <Placemark>
      <n>#372 HERMES-02</n>
      <description>23/08/2026 22:21:49 | Estado: NUEVA UBICACION | Bat: 0%</description>
      <styleUrl>#pointStyle</styleUrl>
      <Point><coordinates>-73.6366555,4.123575833,0</coordinates></Point>
    </Placemark>
    <Placemark>
      <n>#373 HERMES-02</n>
      <description>23/08/2026 22:27:43 | Estado: NUEVA UBICACION | Bat: 0%</description>
      <styleUrl>#pointStyle</styleUrl>
      <Point><coordinates>-73.63662733,4.1235675,0</coordinates></Point>
    </Placemark>
    <Placemark>
      <n>#374 HERMES-02</n>
      <description>23/08/2026 22:33:36 | Estado: NUEVA UBICACION | Bat: 0%</description>
      <styleUrl>#pointStyle</styleUrl>
      <Point><coordinates>-73.636667,4.1235295,0</coordinates></Point>
    </Placemark>
    <Placemark>
      <n>#375 HERMES-02</n>
      <description>23/08/2026 22:39:29 | Estado: NUEVA UBICACION | Bat: 0%</description>
      <styleUrl>#pointStyle</styleUrl>
      <Point><coordinates>-73.6366665,4.123514,0</coordinates></Point>
    </Placemark>
    <Placemark>
      <n>#376 HERMES-02</n>
      <description>23/08/2026 22:45:22 | Estado: NUEVA UBICACION | Bat: 0%</description>
      <styleUrl>#pointStyle</styleUrl>
      <Point><coordinates>-73.63666033,4.123530167,0</coordinates></Point>
    </Placemark>
    <Placemark>
      <n>#377 HERMES-02</n>
      <description>23/08/2026 22:51:15 | Estado: NUEVA UBICACION | Bat: 0%</description>
      <styleUrl>#pointStyle</styleUrl>
      <Point><coordinates>-73.63666717,4.123556167,0</coordinates></Point>
    </Placemark>
    <Placemark>
      <n>#378 HERMES-02</n>
      <description>23/08/2026 22:57:11 | Estado: NUEVA UBICACION | Bat: 0%</description>
      <styleUrl>#pointStyle</styleUrl>
      <Point><coordinates>-73.6366985,4.1234175,0</coordinates></Point>
    </Placemark>
    <Placemark>
      <n>#379 HERMES-02</n>
      <description>23/08/2026 23:03:04 | Estado: NUEVA UBICACION | Bat: 0%</description>
      <styleUrl>#pointStyle</styleUrl>
      <Point><coordinates>-73.63663717,4.123621833,0</coordinates></Point>
    </Placemark>
    <Placemark>
      <n>#380 HERMES-02</n>
      <description>23/08/2026 23:08:57 | Estado: NUEVA UBICACION | Bat: 0%</description>
      <styleUrl>#pointStyle</styleUrl>
      <Point><coordinates>-73.6366665,4.123543667,0</coordinates></Point>
    </Placemark>
    <Placemark>
      <n>#381 HERMES-02</n>
      <description>23/08/2026 23:14:50 | Estado: NUEVA UBICACION | Bat: 0%</description>
      <styleUrl>#pointStyle</styleUrl>
      <Point><coordinates>-73.63666267,4.123571167,0</coordinates></Point>
    </Placemark>
    <Placemark>
      <n>#382 HERMES-02</n>
      <description>23/08/2026 23:21:02 | Estado: NUEVA UBICACION | Bat: 0%</description>
      <styleUrl>#pointStyle</styleUrl>
      <Point><coordinates>-73.5898405,4.127924,0</coordinates></Point>
    </Placemark>
    <Placemark>
      <n>#383 HERMES-02</n>
      <description>24/08/2026 00:31:38 | Estado: NUEVA UBICACION | Bat: 0%</description>
      <styleUrl>#pointStyle</styleUrl>
      <Point><coordinates>-73.63293167,4.125242167,0</coordinates></Point>
    </Placemark>
    <Placemark>
      <n>#384 HERMES-02</n>
      <description>24/08/2026 00:37:33 | Estado: NUEVA UBICACION | Bat: 0%</description>
      <styleUrl>#pointStyle</styleUrl>
      <Point><coordinates>-73.6306175,4.126203333,0</coordinates></Point>
    </Placemark>
    <Placemark>
      <n>#385 HERMES-02</n>
      <description>24/08/2026 00:49:54 | Estado: REENVIO PENDIENTE | Bat: 0%</description>
      <styleUrl>#pointStyle</styleUrl>
      <Point><coordinates>-73.636661,4.123494,0</coordinates></Point>
    </Placemark>
    <Placemark>
      <n>#386 HERMES-02</n>
      <description>24/08/2026 00:56:08 | Estado: REENVIO PENDIENTE | Bat: 0%</description>
      <styleUrl>#pointStyle</styleUrl>
      <Point><coordinates>-73.636661,4.123545,0</coordinates></Point>
    </Placemark>
    <Placemark>
      <n>#387 HERMES-02</n>
      <description>24/08/2026 01:02:22 | Estado: REENVIO PENDIENTE | Bat: 0%</description>
      <styleUrl>#pointStyle</styleUrl>
      <Point><coordinates>-73.636637,4.123512,0</coordinates></Point>
    </Placemark>
    <Placemark>
      <n>#388 HERMES-02</n>
      <description>24/08/2026 01:08:37 | Estado: REENVIO PENDIENTE | Bat: 0%</description>
      <styleUrl>#pointStyle</styleUrl>
      <Point><coordinates>-73.636661,4.123493,0</coordinates></Point>
    </Placemark>
    <Placemark>
      <n>#389 HERMES-02</n>
      <description>24/08/2026 01:14:51 | Estado: REENVIO PENDIENTE | Bat: 0%</description>
      <styleUrl>#pointStyle</styleUrl>
      <Point><coordinates>-73.636679,4.123496,0</coordinates></Point>
    </Placemark>
    <Placemark>
      <n>#390 HERMES-02</n>
      <description>24/08/2026 01:21:06 | Estado: REENVIO PENDIENTE | Bat: 0%</description>
      <styleUrl>#pointStyle</styleUrl>
      <Point><coordinates>-73.636667,4.123504,0</coordinates></Point>
    </Placemark>
    <Placemark>
      <n>#391 HERMES-02</n>
      <description>24/08/2026 01:27:20 | Estado: REENVIO PENDIENTE | Bat: 0%</description>
      <styleUrl>#pointStyle</styleUrl>
      <Point><coordinates>-73.636655,4.123514,0</coordinates></Point>
    </Placemark>
    <Placemark>
      <n>#392 HERMES-02</n>
      <description>24/08/2026 01:33:34 | Estado: REENVIO PENDIENTE | Bat: 0%</description>
      <styleUrl>#pointStyle</styleUrl>
      <Point><coordinates>-73.63667,4.123513,0</coordinates></Point>
    </Placemark>
    <Placemark>
      <n>#393 HERMES-02</n>
      <description>24/08/2026 01:39:49 | Estado: REENVIO PENDIENTE | Bat: 0%</description>
      <styleUrl>#pointStyle</styleUrl>
      <Point><coordinates>-73.636656,4.12352,0</coordinates></Point>
    </Placemark>
    <Placemark>
      <n>#394 HERMES-02</n>
      <description>24/08/2026 01:46:03 | Estado: REENVIO PENDIENTE | Bat: 0%</description>
      <styleUrl>#pointStyle</styleUrl>
      <Point><coordinates>-73.636677,4.123524,0</coordinates></Point>
    </Placemark>
    <Placemark>
      <n>#395 HERMES-02</n>
      <description>24/08/2026 01:52:17 | Estado: REENVIO PENDIENTE | Bat: 0%</description>
      <styleUrl>#pointStyle</styleUrl>
      <Point><coordinates>-73.636677,4.123499,0</coordinates></Point>
    </Placemark>
    <Placemark>
      <n>#396 HERMES-02</n>
      <description>24/08/2026 01:58:31 | Estado: REENVIO PENDIENTE | Bat: 0%</description>
      <styleUrl>#pointStyle</styleUrl>
      <Point><coordinates>-73.636669,4.123495,0</coordinates></Point>
    </Placemark>
    <Placemark>
      <n>#397 HERMES-02</n>
      <description>24/08/2026 02:04:45 | Estado: REENVIO PENDIENTE | Bat: 0%</description>
      <styleUrl>#pointStyle</styleUrl>
      <Point><coordinates>-73.636678,4.123477,0</coordinates></Point>
    </Placemark>
    <Placemark>
      <n>#398 HERMES-02</n>
      <description>24/08/2026 02:11:00 | Estado: REENVIO PENDIENTE | Bat: 0%</description>
      <styleUrl>#pointStyle</styleUrl>
      <Point><coordinates>-73.636653,4.123509,0</coordinates></Point>
    </Placemark>
    <Placemark>
      <n>#399 HERMES-02</n>
      <description>24/08/2026 02:17:14 | Estado: REENVIO PENDIENTE | Bat: 0%</description>
      <styleUrl>#pointStyle</styleUrl>
      <Point><coordinates>-73.636659,4.1235,0</coordinates></Point>
    </Placemark>
    <Placemark>
      <n>#400 HERMES-02</n>
      <description>24/08/2026 02:23:28 | Estado: REENVIO PENDIENTE | Bat: 0%</description>
      <styleUrl>#pointStyle</styleUrl>
      <Point><coordinates>-73.636694,4.123482,0</coordinates></Point>
    </Placemark>
    <Placemark>
      <n>#401 HERMES-02</n>
      <description>24/08/2026 02:29:43 | Estado: REENVIO PENDIENTE | Bat: 0%</description>
      <styleUrl>#pointStyle</styleUrl>
      <Point><coordinates>-73.636656,4.123516,0</coordinates></Point>
    </Placemark>
    <Placemark>
      <n>#402 HERMES-02</n>
      <description>24/08/2026 02:35:57 | Estado: REENVIO PENDIENTE | Bat: 0%</description>
      <styleUrl>#pointStyle</styleUrl>
      <Point><coordinates>-73.636685,4.123493,0</coordinates></Point>
    </Placemark>
    <Placemark>
      <n>#403 HERMES-02</n>
      <description>24/08/2026 02:42:11 | Estado: REENVIO PENDIENTE | Bat: 0%</description>
      <styleUrl>#pointStyle</styleUrl>
      <Point><coordinates>-73.636677,4.123484,0</coordinates></Point>
    </Placemark>
    <Placemark>
      <n>#404 HERMES-02</n>
      <description>24/08/2026 02:48:25 | Estado: REENVIO PENDIENTE | Bat: 0%</description>
      <styleUrl>#pointStyle</styleUrl>
      <Point><coordinates>-73.636675,4.123499,0</coordinates></Point>
    </Placemark>
    <Placemark>
      <n>#405 HERMES-02</n>
      <description>24/08/2026 02:54:40 | Estado: REENVIO PENDIENTE | Bat: 0%</description>
      <styleUrl>#pointStyle</styleUrl>
      <Point><coordinates>-73.636666,4.123493,0</coordinates></Point>
    </Placemark>
    <Placemark>
      <n>#406 HERMES-02</n>
      <description>24/08/2026 03:00:54 | Estado: REENVIO PENDIENTE | Bat: 0%</description>
      <styleUrl>#pointStyle</styleUrl>
      <Point><coordinates>-73.636637,4.123568,0</coordinates></Point>
    </Placemark>
    <Placemark>
      <n>#407 HERMES-02</n>
      <description>24/08/2026 03:07:08 | Estado: REENVIO PENDIENTE | Bat: 0%</description>
      <styleUrl>#pointStyle</styleUrl>
      <Point><coordinates>-73.636646,4.123502,0</coordinates></Point>
    </Placemark>
    <Placemark>
      <n>#408 HERMES-02</n>
      <description>24/08/2026 03:13:23 | Estado: REENVIO PENDIENTE | Bat: 0%</description>
      <styleUrl>#pointStyle</styleUrl>
      <Point><coordinates>-73.636672,4.1235,0</coordinates></Point>
    </Placemark>
    <Placemark>
      <n>#409 HERMES-02</n>
      <description>24/08/2026 03:19:37 | Estado: REENVIO PENDIENTE | Bat: 0%</description>
      <styleUrl>#pointStyle</styleUrl>
      <Point><coordinates>-73.636657,4.123501,0</coordinates></Point>
    </Placemark>
    <Placemark>
      <n>#410 HERMES-02</n>
      <description>24/08/2026 03:25:52 | Estado: REENVIO PENDIENTE | Bat: 0%</description>
      <styleUrl>#pointStyle</styleUrl>
      <Point><coordinates>-73.636678,4.123513,0</coordinates></Point>
    </Placemark>
    <Placemark>
      <n>#411 HERMES-02</n>
      <description>24/08/2026 03:32:06 | Estado: REENVIO PENDIENTE | Bat: 0%</description>
      <styleUrl>#pointStyle</styleUrl>
      <Point><coordinates>-73.636682,4.123476,0</coordinates></Point>
    </Placemark>
    <Placemark>
      <n>#412 HERMES-02</n>
      <description>24/08/2026 03:38:21 | Estado: REENVIO PENDIENTE | Bat: 0%</description>
      <styleUrl>#pointStyle</styleUrl>
      <Point><coordinates>-73.636658,4.123489,0</coordinates></Point>
    </Placemark>
    <Placemark>
      <n>#413 HERMES-02</n>
      <description>24/08/2026 03:44:35 | Estado: REENVIO PENDIENTE | Bat: 0%</description>
      <styleUrl>#pointStyle</styleUrl>
      <Point><coordinates>-73.636666,4.123488,0</coordinates></Point>
    </Placemark>
    <Placemark>
      <n>#414 HERMES-02</n>
      <description>24/08/2026 03:50:49 | Estado: REENVIO PENDIENTE | Bat: 0%</description>
      <styleUrl>#pointStyle</styleUrl>
      <Point><coordinates>-73.636685,4.123483,0</coordinates></Point>
    </Placemark>
    <Placemark>
      <n>#415 HERMES-02</n>
      <description>24/08/2026 03:57:04 | Estado: REENVIO PENDIENTE | Bat: 0%</description>
      <styleUrl>#pointStyle</styleUrl>
      <Point><coordinates>-73.636685,4.123476,0</coordinates></Point>
    </Placemark>
    <Placemark>
      <n>#416 HERMES-02</n>
      <description>24/08/2026 04:03:19 | Estado: REENVIO PENDIENTE | Bat: 0%</description>
      <styleUrl>#pointStyle</styleUrl>
      <Point><coordinates>-73.636675,4.123486,0</coordinates></Point>
    </Placemark>
    <Placemark>
      <n>#417 HERMES-02</n>
      <description>24/08/2026 04:09:33 | Estado: REENVIO PENDIENTE | Bat: 0%</description>
      <styleUrl>#pointStyle</styleUrl>
      <Point><coordinates>-73.636676,4.123486,0</coordinates></Point>
    </Placemark>
    <Placemark>
      <n>#418 HERMES-02</n>
      <description>24/08/2026 04:15:47 | Estado: REENVIO PENDIENTE | Bat: 0%</description>
      <styleUrl>#pointStyle</styleUrl>
      <Point><coordinates>-73.636667,4.123495,0</coordinates></Point>
    </Placemark>
    <Placemark>
      <n>#419 HERMES-02</n>
      <description>24/08/2026 04:22:01 | Estado: REENVIO PENDIENTE | Bat: 0%</description>
      <styleUrl>#pointStyle</styleUrl>
      <Point><coordinates>-73.636683,4.123483,0</coordinates></Point>
    </Placemark>
    <Placemark>
      <n>#420 HERMES-02</n>
      <description>24/08/2026 04:28:16 | Estado: REENVIO PENDIENTE | Bat: 0%</description>
      <styleUrl>#pointStyle</styleUrl>
      <Point><coordinates>-73.636662,4.123486,0</coordinates></Point>
    </Placemark>
    <Placemark>
      <n>#421 HERMES-02</n>
      <description>24/08/2026 04:34:30 | Estado: REENVIO PENDIENTE | Bat: 0%</description>
      <styleUrl>#pointStyle</styleUrl>
      <Point><coordinates>-73.636664,4.123517,0</coordinates></Point>
    </Placemark>
    <Placemark>
      <n>#422 HERMES-02</n>
      <description>24/08/2026 04:46:59 | Estado: REENVIO PENDIENTE | Bat: 0%</description>
      <styleUrl>#pointStyle</styleUrl>
      <Point><coordinates>-73.636685,4.12352,0</coordinates></Point>
    </Placemark>
    <Placemark>
      <n>#423 HERMES-02</n>
      <description>24/08/2026 04:53:12 | Estado: REENVIO PENDIENTE | Bat: 0%</description>
      <styleUrl>#pointStyle</styleUrl>
      <Point><coordinates>-73.636677,4.123514,0</coordinates></Point>
    </Placemark>
    <Placemark>
      <n>#424 HERMES-02</n>
      <description>24/08/2026 04:59:27 | Estado: REENVIO PENDIENTE | Bat: 0%</description>
      <styleUrl>#pointStyle</styleUrl>
      <Point><coordinates>-73.636676,4.123489,0</coordinates></Point>
    </Placemark>
    <Placemark>
      <n>#425 HERMES-02</n>
      <description>24/08/2026 05:11:55 | Estado: REENVIO PENDIENTE | Bat: 0%</description>
      <styleUrl>#pointStyle</styleUrl>
      <Point><coordinates>-73.636666,4.123512,0</coordinates></Point>
    </Placemark>
    <Placemark>
      <n>#426 HERMES-02</n>
      <description>24/08/2026 05:18:09 | Estado: REENVIO PENDIENTE | Bat: 0%</description>
      <styleUrl>#pointStyle</styleUrl>
      <Point><coordinates>-73.636654,4.123496,0</coordinates></Point>
    </Placemark>
    <Placemark>
      <n>#427 HERMES-02</n>
      <description>24/08/2026 05:24:24 | Estado: REENVIO PENDIENTE | Bat: 0%</description>
      <styleUrl>#pointStyle</styleUrl>
      <Point><coordinates>-73.636665,4.123514,0</coordinates></Point>
    </Placemark>
    <Placemark>
      <n>#428 HERMES-02</n>
      <description>24/08/2026 05:30:37 | Estado: REENVIO PENDIENTE | Bat: 0%</description>
      <styleUrl>#pointStyle</styleUrl>
      <Point><coordinates>-73.636656,4.123511,0</coordinates></Point>
    </Placemark>
    <Placemark>
      <n>#429 HERMES-02</n>
      <description>24/08/2026 05:36:51 | Estado: REENVIO PENDIENTE | Bat: 0%</description>
      <styleUrl>#pointStyle</styleUrl>
      <Point><coordinates>-73.636668,4.123498,0</coordinates></Point>
    </Placemark>
    <Placemark>
      <n>#430 HERMES-02</n>
      <description>24/08/2026 05:43:06 | Estado: REENVIO PENDIENTE | Bat: 0%</description>
      <styleUrl>#pointStyle</styleUrl>
      <Point><coordinates>-73.63666,4.123511,0</coordinates></Point>
    </Placemark>
    <Placemark>
      <n>#431 HERMES-02</n>
      <description>24/08/2026 05:49:20 | Estado: REENVIO PENDIENTE | Bat: 0%</description>
      <styleUrl>#pointStyle</styleUrl>
      <Point><coordinates>-73.636688,4.123511,0</coordinates></Point>
    </Placemark>
    <Placemark>
      <n>#432 HERMES-02</n>
      <description>24/08/2026 05:55:35 | Estado: REENVIO PENDIENTE | Bat: 0%</description>
      <styleUrl>#pointStyle</styleUrl>
      <Point><coordinates>-73.636663,4.123521,0</coordinates></Point>
    </Placemark>
    <Placemark>
      <n>#433 HERMES-02</n>
      <description>24/08/2026 06:01:50 | Estado: REENVIO PENDIENTE | Bat: 0%</description>
      <styleUrl>#pointStyle</styleUrl>
      <Point><coordinates>-73.636686,4.123518,0</coordinates></Point>
    </Placemark>
    <Placemark>
      <n>#434 HERMES-02</n>
      <description>24/08/2026 06:08:05 | Estado: REENVIO PENDIENTE | Bat: 0%</description>
      <styleUrl>#pointStyle</styleUrl>
      <Point><coordinates>-73.636676,4.123501,0</coordinates></Point>
    </Placemark>
    <Placemark>
      <n>#435 HERMES-02</n>
      <description>24/08/2026 06:14:19 | Estado: REENVIO PENDIENTE | Bat: 0%</description>
      <styleUrl>#pointStyle</styleUrl>
      <Point><coordinates>-73.636698,4.123518,0</coordinates></Point>
    </Placemark>
    <Placemark>
      <n>#436 HERMES-02</n>
      <description>24/08/2026 06:20:34 | Estado: REENVIO PENDIENTE | Bat: 0%</description>
      <styleUrl>#pointStyle</styleUrl>
      <Point><coordinates>-73.636661,4.123517,0</coordinates></Point>
    </Placemark>
    <Placemark>
      <n>#437 HERMES-02</n>
      <description>24/08/2026 06:33:03 | Estado: REENVIO PENDIENTE | Bat: 0%</description>
      <styleUrl>#pointStyle</styleUrl>
      <Point><coordinates>-73.636669,4.123503,0</coordinates></Point>
    </Placemark>
    <Placemark>
      <n>#438 HERMES-02</n>
      <description>24/08/2026 06:39:18 | Estado: REENVIO PENDIENTE | Bat: 0%</description>
      <styleUrl>#pointStyle</styleUrl>
      <Point><coordinates>-73.636671,4.123472,0</coordinates></Point>
    </Placemark>
    <Placemark>
      <n>#439 HERMES-02</n>
      <description>24/08/2026 06:51:48 | Estado: REENVIO PENDIENTE | Bat: 0%</description>
      <styleUrl>#pointStyle</styleUrl>
      <Point><coordinates>-73.636665,4.123516,0</coordinates></Point>
    </Placemark>
    <Placemark>
      <n>#440 HERMES-02</n>
      <description>24/08/2026 06:58:02 | Estado: REENVIO PENDIENTE | Bat: 0%</description>
      <styleUrl>#pointStyle</styleUrl>
      <Point><coordinates>-73.636665,4.123492,0</coordinates></Point>
    </Placemark>
    <Placemark>
      <n>#441 HERMES-02</n>
      <description>24/08/2026 07:04:16 | Estado: REENVIO PENDIENTE | Bat: 0%</description>
      <styleUrl>#pointStyle</styleUrl>
      <Point><coordinates>-73.636667,4.123498,0</coordinates></Point>
    </Placemark>
    <Placemark>
      <n>#442 HERMES-02</n>
      <description>24/08/2026 07:10:32 | Estado: REENVIO PENDIENTE | Bat: 0%</description>
      <styleUrl>#pointStyle</styleUrl>
      <Point><coordinates>-73.636661,4.123505,0</coordinates></Point>
    </Placemark>
    <Placemark>
      <n>#443 HERMES-02</n>
      <description>24/08/2026 07:23:02 | Estado: REENVIO PENDIENTE | Bat: 0%</description>
      <styleUrl>#pointStyle</styleUrl>
      <Point><coordinates>-73.636688,4.123535,0</coordinates></Point>
    </Placemark>
    <Placemark>
      <n>#444 HERMES-02</n>
      <description>24/08/2026 07:29:17 | Estado: REENVIO PENDIENTE | Bat: 0%</description>
      <styleUrl>#pointStyle</styleUrl>
      <Point><coordinates>-73.636664,4.123543,0</coordinates></Point>
    </Placemark>
    <Placemark>
      <n>#445 HERMES-02</n>
      <description>24/08/2026 07:35:31 | Estado: REENVIO PENDIENTE | Bat: 0%</description>
      <styleUrl>#pointStyle</styleUrl>
      <Point><coordinates>-73.636676,4.123531,0</coordinates></Point>
    </Placemark>
    <Placemark>
      <n>#446 HERMES-02</n>
      <description>24/08/2026 07:41:46 | Estado: REENVIO PENDIENTE | Bat: 0%</description>
      <styleUrl>#pointStyle</styleUrl>
      <Point><coordinates>-73.636662,4.123547,0</coordinates></Point>
    </Placemark>
    <Placemark>
      <n>#447 HERMES-02</n>
      <description>24/08/2026 07:54:14 | Estado: REENVIO PENDIENTE | Bat: 0%</description>
      <styleUrl>#pointStyle</styleUrl>
      <Point><coordinates>-73.636662,4.123487,0</coordinates></Point>
    </Placemark>
    <Placemark>
      <n>#448 HERMES-02</n>
      <description>24/08/2026 08:00:29 | Estado: REENVIO PENDIENTE | Bat: 0%</description>
      <styleUrl>#pointStyle</styleUrl>
      <Point><coordinates>-73.636659,4.123522,0</coordinates></Point>
    </Placemark>
    <Placemark>
      <n>#449 HERMES-02</n>
      <description>24/08/2026 08:19:14 | Estado: REENVIO PENDIENTE | Bat: 0%</description>
      <styleUrl>#pointStyle</styleUrl>
      <Point><coordinates>-73.636687,4.123526,0</coordinates></Point>
    </Placemark>
    <Placemark>
      <n>#450 HERMES-02</n>
      <description>24/08/2026 08:37:58 | Estado: REENVIO PENDIENTE | Bat: 0%</description>
      <styleUrl>#pointStyle</styleUrl>
      <Point><coordinates>-73.636668,4.123545,0</coordinates></Point>
    </Placemark>
    <Placemark>
      <n>#451 HERMES-02</n>
      <description>24/08/2026 08:56:43 | Estado: REENVIO PENDIENTE | Bat: 0%</description>
      <styleUrl>#pointStyle</styleUrl>
      <Point><coordinates>-73.636669,4.123521,0</coordinates></Point>
    </Placemark>
    <Placemark>
      <n>#452 HERMES-02</n>
      <description>24/08/2026 09:02:57 | Estado: REENVIO PENDIENTE | Bat: 0%</description>
      <styleUrl>#pointStyle</styleUrl>
      <Point><coordinates>-73.636686,4.12352,0</coordinates></Point>
    </Placemark>
    <Placemark>
      <n>#453 HERMES-02</n>
      <description>24/08/2026 09:09:11 | Estado: REENVIO PENDIENTE | Bat: 0%</description>
      <styleUrl>#pointStyle</styleUrl>
      <Point><coordinates>-73.636674,4.123522,0</coordinates></Point>
    </Placemark>
    <Placemark>
      <n>#454 HERMES-02</n>
      <description>24/08/2026 09:15:26 | Estado: REENVIO PENDIENTE | Bat: 0%</description>
      <styleUrl>#pointStyle</styleUrl>
      <Point><coordinates>-73.636671,4.123547,0</coordinates></Point>
    </Placemark>
    <Placemark>
      <n>#455 HERMES-02</n>
      <description>24/08/2026 10:15:04 | Estado: ULTIMA UBICACION | Bat: 0%</description>
      <styleUrl>#pointStyle</styleUrl>
      <Point><coordinates>-73.76489367,3.943599667,0</coordinates></Point>
    </Placemark>
    <Placemark>
      <n>#456 HERMES-02</n>
      <description>24/08/2026 10:53:32 | Estado: NUEVA UBICACION | Bat: 0%</description>
      <styleUrl>#pointStyle</styleUrl>
      <Point><coordinates>-73.69958933,4.0311065,0</coordinates></Point>
    </Placemark>
    <Placemark>
      <n>#457 HERMES-02</n>
      <description>24/08/2026 21:23:59 | Estado: REENVIO PENDIENTE | Bat: 0%</description>
      <styleUrl>#pointStyle</styleUrl>
      <Point><coordinates>-73.636581,4.123623,0</coordinates></Point>
    </Placemark>
    <Placemark>
      <n>#458 HERMES-02</n>
      <description>24/08/2026 22:23:40 | Estado: REENVIO PENDIENTE | Bat: 0%</description>
      <styleUrl>#pointStyle</styleUrl>
      <Point><coordinates>-73.636612,4.12363,0</coordinates></Point>
    </Placemark>
    <Placemark>
      <n>#459 HERMES-02</n>
      <description>24/08/2026 23:23:22 | Estado: REENVIO PENDIENTE | Bat: 0%</description>
      <styleUrl>#pointStyle</styleUrl>
      <Point><coordinates>-73.636588,4.123578,0</coordinates></Point>
    </Placemark>
    <Placemark>
      <n>#460 HERMES-02</n>
      <description>25/08/2026 01:22:50 | Estado: REENVIO PENDIENTE | Bat: 0%</description>
      <styleUrl>#pointStyle</styleUrl>
      <Point><coordinates>-73.636623,4.123626,0</coordinates></Point>
    </Placemark>
    <Placemark>
      <n>#461 HERMES-02</n>
      <description>25/08/2026 02:22:36 | Estado: REENVIO PENDIENTE | Bat: 0%</description>
      <styleUrl>#pointStyle</styleUrl>
      <Point><coordinates>-73.636552,4.123646,0</coordinates></Point>
    </Placemark>
    <Placemark>
      <n>#462 HERMES-02</n>
      <description>25/08/2026 04:22:03 | Estado: REENVIO PENDIENTE | Bat: 0%</description>
      <styleUrl>#pointStyle</styleUrl>
      <Point><coordinates>-73.636578,4.123601,0</coordinates></Point>
    </Placemark>
    <Placemark>
      <n>#463 HERMES-02</n>
      <description>25/08/2026 05:21:49 | Estado: REENVIO PENDIENTE | Bat: 0%</description>
      <styleUrl>#pointStyle</styleUrl>
      <Point><coordinates>-73.636578,4.12364,0</coordinates></Point>
    </Placemark>
    <Placemark>
      <n>#464 HERMES-02</n>
      <description>25/08/2026 07:21:17 | Estado: REENVIO PENDIENTE | Bat: 0%</description>
      <styleUrl>#pointStyle</styleUrl>
      <Point><coordinates>-73.636603,4.123604,0</coordinates></Point>
    </Placemark>
    <Placemark>
      <n>#465 HERMES-02</n>
      <description>25/08/2026 10:20:28 | Estado: REENVIO PENDIENTE | Bat: 0%</description>
      <styleUrl>#pointStyle</styleUrl>
      <Point><coordinates>-73.636611,4.123596,0</coordinates></Point>
    </Placemark>
    <Placemark>
      <n>#466 HERMES-02</n>
      <description>25/08/2026 14:19:41 | Estado: NUEVA UBICACION | Bat: 0%</description>
      <styleUrl>#pointStyle</styleUrl>
      <Point><coordinates>-73.68295317,3.488508333,0</coordinates></Point>
    </Placemark>
    <Placemark>
      <n>#467 HERMES-02</n>
      <description>25/08/2026 15:20:38 | Estado: REENVIO PENDIENTE | Bat: 0%</description>
      <styleUrl>#pointStyle</styleUrl>
      <Point><coordinates>-73.712076,3.55686,0</coordinates></Point>
    </Placemark>
    <Placemark>
      <n>#468 HERMES-02</n>
      <description>25/08/2026 16:19:55 | Estado: NUEVA UBICACION | Bat: 0%</description>
      <styleUrl>#pointStyle</styleUrl>
      <Point><coordinates>-73.72600667,3.620176833,0</coordinates></Point>
    </Placemark>
    <Placemark>
      <n>#469 HERMES-02</n>
      <description>25/08/2026 16:25:53 | Estado: NUEVA UBICACION | Bat: 0%</description>
      <styleUrl>#pointStyle</styleUrl>
      <Point><coordinates>-73.7150425,3.563168,0</coordinates></Point>
    </Placemark>
    <Placemark>
      <n>#470 HERMES-02</n>
      <description>25/08/2026 16:31:48 | Estado: NUEVA UBICACION | Bat: 0%</description>
      <styleUrl>#pointStyle</styleUrl>
      <Point><coordinates>-73.71532033,3.5634155,0</coordinates></Point>
    </Placemark>
    <Placemark>
      <n>#471 HERMES-02</n>
      <description>25/08/2026 16:37:47 | Estado: NUEVA UBICACION | Bat: 0%</description>
      <styleUrl>#pointStyle</styleUrl>
      <Point><coordinates>-73.71629867,3.560296167,0</coordinates></Point>
    </Placemark>
    <Placemark>
      <n>#472 HERMES-02</n>
      <description>25/08/2026 16:43:52 | Estado: REENVIO PENDIENTE | Bat: 0%</description>
      <styleUrl>#pointStyle</styleUrl>
      <Point><coordinates>-73.716482,3.553617,0</coordinates></Point>
    </Placemark>
    <Placemark>
      <n>#473 HERMES-02</n>
      <description>25/08/2026 16:50:06 | Estado: REENVIO PENDIENTE | Bat: 0%</description>
      <styleUrl>#pointStyle</styleUrl>
      <Point><coordinates>-73.710334,3.547395,0</coordinates></Point>
    </Placemark>
    <Placemark>
      <n>#474 HERMES-02</n>
      <description>25/08/2026 16:56:21 | Estado: REENVIO PENDIENTE | Bat: 0%</description>
      <styleUrl>#pointStyle</styleUrl>
      <Point><coordinates>-73.702222,3.540738,0</coordinates></Point>
    </Placemark>
    <Placemark>
      <n>#475 HERMES-02</n>
      <description>25/08/2026 17:02:35 | Estado: REENVIO PENDIENTE | Bat: 0%</description>
      <styleUrl>#pointStyle</styleUrl>
      <Point><coordinates>-73.702473,3.54128,0</coordinates></Point>
    </Placemark>
    <Placemark>
      <n>#476 HERMES-02</n>
      <description>25/08/2026 17:08:49 | Estado: REENVIO PENDIENTE | Bat: 0%</description>
      <styleUrl>#pointStyle</styleUrl>
      <Point><coordinates>-73.702466,3.541252,0</coordinates></Point>
    </Placemark>
    <Placemark>
      <n>#477 HERMES-02</n>
      <description>25/08/2026 17:15:04 | Estado: REENVIO PENDIENTE | Bat: 0%</description>
      <styleUrl>#pointStyle</styleUrl>
      <Point><coordinates>-73.702438,3.541305,0</coordinates></Point>
    </Placemark>
    <Placemark>
      <n>#478 HERMES-02</n>
      <description>25/08/2026 17:21:18 | Estado: REENVIO PENDIENTE | Bat: 0%</description>
      <styleUrl>#pointStyle</styleUrl>
      <Point><coordinates>-73.702422,3.541272,0</coordinates></Point>
    </Placemark>
    <Placemark>
      <n>#479 HERMES-02</n>
      <description>25/08/2026 17:27:32 | Estado: REENVIO PENDIENTE | Bat: 0%</description>
      <styleUrl>#pointStyle</styleUrl>
      <Point><coordinates>-73.702702,3.543574,0</coordinates></Point>
    </Placemark>
    <Placemark>
      <n>#480 HERMES-02</n>
      <description>25/08/2026 17:33:46 | Estado: REENVIO PENDIENTE | Bat: 0%</description>
      <styleUrl>#pointStyle</styleUrl>
      <Point><coordinates>-73.708851,3.542926,0</coordinates></Point>
    </Placemark>
    <Placemark>
      <n>#481 HERMES-02</n>
      <description>25/08/2026 17:40:00 | Estado: REENVIO PENDIENTE | Bat: 0%</description>
      <styleUrl>#pointStyle</styleUrl>
      <Point><coordinates>-73.706614,3.54112,0</coordinates></Point>
    </Placemark>
    <Placemark>
      <n>#482 HERMES-02</n>
      <description>25/08/2026 17:46:13 | Estado: REENVIO PENDIENTE | Bat: 0%</description>
      <styleUrl>#pointStyle</styleUrl>
      <Point><coordinates>-73.702445,3.541226,0</coordinates></Point>
    </Placemark>
    <Placemark>
      <n>#483 HERMES-02</n>
      <description>25/08/2026 17:52:28 | Estado: REENVIO PENDIENTE | Bat: 0%</description>
      <styleUrl>#pointStyle</styleUrl>
      <Point><coordinates>-73.704156,3.53658,0</coordinates></Point>
    </Placemark>
    <Placemark>
      <n>#484 HERMES-02</n>
      <description>25/08/2026 17:58:42 | Estado: REENVIO PENDIENTE | Bat: 0%</description>
      <styleUrl>#pointStyle</styleUrl>
      <Point><coordinates>-73.704145,3.536564,0</coordinates></Point>
    </Placemark>
    <Placemark>
      <n>#485 HERMES-02</n>
      <description>25/08/2026 18:04:55 | Estado: REENVIO PENDIENTE | Bat: 0%</description>
      <styleUrl>#pointStyle</styleUrl>
      <Point><coordinates>-73.704163,3.536569,0</coordinates></Point>
    </Placemark>
    <Placemark>
      <n>#486 HERMES-02</n>
      <description>25/08/2026 18:11:10 | Estado: REENVIO PENDIENTE | Bat: 0%</description>
      <styleUrl>#pointStyle</styleUrl>
      <Point><coordinates>-73.704174,3.536537,0</coordinates></Point>
    </Placemark>
    <Placemark>
      <n>#487 HERMES-02</n>
      <description>25/08/2026 18:17:24 | Estado: REENVIO PENDIENTE | Bat: 0%</description>
      <styleUrl>#pointStyle</styleUrl>
      <Point><coordinates>-73.704149,3.53657,0</coordinates></Point>
    </Placemark>
    <Placemark>
      <n>#488 HERMES-02</n>
      <description>25/08/2026 18:23:37 | Estado: REENVIO PENDIENTE | Bat: 0%</description>
      <styleUrl>#pointStyle</styleUrl>
      <Point><coordinates>-73.704133,3.536551,0</coordinates></Point>
    </Placemark>
    <Placemark>
      <n>#489 HERMES-02</n>
      <description>25/08/2026 18:36:05 | Estado: REENVIO PENDIENTE | Bat: 0%</description>
      <styleUrl>#pointStyle</styleUrl>
      <Point><coordinates>-73.704173,3.536544,0</coordinates></Point>
    </Placemark>
    <Placemark>
      <n>#490 HERMES-02</n>
      <description>25/08/2026 18:42:19 | Estado: REENVIO PENDIENTE | Bat: 0%</description>
      <styleUrl>#pointStyle</styleUrl>
      <Point><coordinates>-73.704163,3.536572,0</coordinates></Point>
    </Placemark>
    <Placemark>
      <n>#491 HERMES-02</n>
      <description>25/08/2026 18:48:33 | Estado: REENVIO PENDIENTE | Bat: 0%</description>
      <styleUrl>#pointStyle</styleUrl>
      <Point><coordinates>-73.704152,3.536557,0</coordinates></Point>
    </Placemark>
    <Placemark>
      <n>#492 HERMES-02</n>
      <description>25/08/2026 18:54:47 | Estado: REENVIO PENDIENTE | Bat: 0%</description>
      <styleUrl>#pointStyle</styleUrl>
      <Point><coordinates>-73.704155,3.536561,0</coordinates></Point>
    </Placemark>
    <Placemark>
      <n>#493 HERMES-02</n>
      <description>25/08/2026 19:01:01 | Estado: REENVIO PENDIENTE | Bat: 0%</description>
      <styleUrl>#pointStyle</styleUrl>
      <Point><coordinates>-73.704145,3.536562,0</coordinates></Point>
    </Placemark>
    <Placemark>
      <n>#494 HERMES-02</n>
      <description>25/08/2026 19:13:30 | Estado: REENVIO PENDIENTE | Bat: 0%</description>
      <styleUrl>#pointStyle</styleUrl>
      <Point><coordinates>-73.704158,3.53657,0</coordinates></Point>
    </Placemark>
    <Placemark>
      <n>#495 HERMES-02</n>
      <description>25/08/2026 19:19:44 | Estado: REENVIO PENDIENTE | Bat: 0%</description>
      <styleUrl>#pointStyle</styleUrl>
      <Point><coordinates>-73.709585,3.54628,0</coordinates></Point>
    </Placemark>
    <Placemark>
      <n>#496 HERMES-02</n>
      <description>25/08/2026 19:32:11 | Estado: REENVIO PENDIENTE | Bat: 0%</description>
      <styleUrl>#pointStyle</styleUrl>
      <Point><coordinates>-73.707458,3.605085,0</coordinates></Point>
    </Placemark>
    <Placemark>
      <n>#497 HERMES-02</n>
      <description>25/08/2026 19:50:52 | Estado: REENVIO PENDIENTE | Bat: 0%</description>
      <styleUrl>#pointStyle</styleUrl>
      <Point><coordinates>-73.711729,3.735919,0</coordinates></Point>
    </Placemark>
    <Placemark>
      <n>#498 HERMES-02</n>
      <description>25/08/2026 20:03:20 | Estado: REENVIO PENDIENTE | Bat: 0%</description>
      <styleUrl>#pointStyle</styleUrl>
      <Point><coordinates>-73.756371,3.833433,0</coordinates></Point>
    </Placemark>
    <Placemark>
      <n>#499 HERMES-02</n>
      <description>25/08/2026 20:09:33 | Estado: REENVIO PENDIENTE | Bat: 0%</description>
      <styleUrl>#pointStyle</styleUrl>
      <Point><coordinates>-73.771956,3.877671,0</coordinates></Point>
    </Placemark>
    <Placemark>
      <n>#500 HERMES-02</n>
      <description>25/08/2026 20:22:01 | Estado: REENVIO PENDIENTE | Bat: 0%</description>
      <styleUrl>#pointStyle</styleUrl>
      <Point><coordinates>-73.767365,3.969372,0</coordinates></Point>
    </Placemark>
    <Placemark>
      <n>#501 HERMES-02</n>
      <description>25/08/2026 20:28:14 | Estado: REENVIO PENDIENTE | Bat: 0%</description>
      <styleUrl>#pointStyle</styleUrl>
      <Point><coordinates>-73.765894,3.988767,0</coordinates></Point>
    </Placemark>
    <Placemark>
      <n>#502 HERMES-02</n>
      <description>25/08/2026 20:40:42 | Estado: REENVIO PENDIENTE | Bat: 0%</description>
      <styleUrl>#pointStyle</styleUrl>
      <Point><coordinates>-73.75885,4.049282,0</coordinates></Point>
    </Placemark>
    <Placemark>
      <n>#503 HERMES-02</n>
      <description>25/08/2026 20:46:56 | Estado: REENVIO PENDIENTE | Bat: 0%</description>
      <styleUrl>#pointStyle</styleUrl>
      <Point><coordinates>-73.715733,4.061109,0</coordinates></Point>
    </Placemark>
    <Placemark>
      <n>#504 HERMES-02</n>
      <description>25/08/2026 20:53:10 | Estado: REENVIO PENDIENTE | Bat: 0%</description>
      <styleUrl>#pointStyle</styleUrl>
      <Point><coordinates>-73.672948,4.086631,0</coordinates></Point>
    </Placemark>
    <Placemark>
      <n>#505 HERMES-02</n>
      <description>25/08/2026 21:05:37 | Estado: REENVIO PENDIENTE | Bat: 0%</description>
      <styleUrl>#pointStyle</styleUrl>
      <Point><coordinates>-73.63674,4.123424,0</coordinates></Point>
    </Placemark>
    <Placemark>
      <n>#506 HERMES-02</n>
      <description>25/08/2026 21:12:07 | Estado: NUEVA UBICACION | Bat: 0%</description>
      <styleUrl>#pointStyle</styleUrl>
      <Point><coordinates>-73.6367255,4.123479667,0</coordinates></Point>
    </Placemark>
    <Placemark>
      <n>#507 HERMES-02</n>
      <description>25/08/2026 21:18:30 | Estado: NUEVA UBICACION | Bat: 0%</description>
      <styleUrl>#pointStyle</styleUrl>
      <Point><coordinates>-73.63670967,4.123503,0</coordinates></Point>
    </Placemark>
    <Placemark>
      <n>#508 HERMES-02</n>
      <description>25/08/2026 21:24:26 | Estado: NUEVA UBICACION | Bat: 0%</description>
      <styleUrl>#pointStyle</styleUrl>
      <Point><coordinates>-73.63634017,4.123808333,0</coordinates></Point>
    </Placemark>
    <Placemark>
      <n>#509 HERMES-02</n>
      <description>25/08/2026 21:30:18 | Estado: NUEVA UBICACION | Bat: 0%</description>
      <styleUrl>#pointStyle</styleUrl>
      <Point><coordinates>-73.63672183,4.123441167,0</coordinates></Point>
    </Placemark>
    <Placemark>
      <n>#510 HERMES-02</n>
      <description>25/08/2026 21:36:10 | Estado: NUEVA UBICACION | Bat: 0%</description>
      <styleUrl>#pointStyle</styleUrl>
      <Point><coordinates>-73.63671633,4.123647167,0</coordinates></Point>
    </Placemark>
    <Placemark>
      <n>#511 HERMES-02</n>
      <description>25/08/2026 21:42:10 | Estado: NUEVA UBICACION | Bat: 0%</description>
      <styleUrl>#pointStyle</styleUrl>
      <Point><coordinates>-73.63669083,4.123526833,0</coordinates></Point>
    </Placemark>
    <Placemark>
      <n>#512 HERMES-02</n>
      <description>25/08/2026 21:48:02 | Estado: NUEVA UBICACION | Bat: 0%</description>
      <styleUrl>#pointStyle</styleUrl>
      <Point><coordinates>-73.63670967,4.1234745,0</coordinates></Point>
    </Placemark>
    <Placemark>
      <n>#513 HERMES-02</n>
      <description>25/08/2026 21:53:54 | Estado: NUEVA UBICACION | Bat: 0%</description>
      <styleUrl>#pointStyle</styleUrl>
      <Point><coordinates>-73.63670283,4.123536333,0</coordinates></Point>
    </Placemark>
    <Placemark>
      <n>#514 HERMES-02</n>
      <description>25/08/2026 21:59:55 | Estado: NUEVA UBICACION | Bat: 0%</description>
      <styleUrl>#pointStyle</styleUrl>
      <Point><coordinates>-73.63668517,4.123493,0</coordinates></Point>
    </Placemark>
    <Placemark>
      <n>#515 HERMES-02</n>
      <description>25/08/2026 22:05:48 | Estado: NUEVA UBICACION | Bat: 0%</description>
      <styleUrl>#pointStyle</styleUrl>
      <Point><coordinates>-73.63664417,4.123521,0</coordinates></Point>
    </Placemark>
    <Placemark>
      <n>#516 HERMES-02</n>
      <description>25/08/2026 22:11:41 | Estado: NUEVA UBICACION | Bat: 0%</description>
      <styleUrl>#pointStyle</styleUrl>
      <Point><coordinates>-73.63670333,4.123525167,0</coordinates></Point>
    </Placemark>
    <Placemark>
      <n>#517 HERMES-02</n>
      <description>25/08/2026 22:17:33 | Estado: NUEVA UBICACION | Bat: 0%</description>
      <styleUrl>#pointStyle</styleUrl>
      <Point><coordinates>-73.6364495,4.123543833,0</coordinates></Point>
    </Placemark>
    <Placemark>
      <n>#518 HERMES-02</n>
      <description>25/08/2026 22:23:24 | Estado: NUEVA UBICACION | Bat: 0%</description>
      <styleUrl>#pointStyle</styleUrl>
      <Point><coordinates>-73.6366,4.123530167,0</coordinates></Point>
    </Placemark>
    <Placemark>
      <n>#519 HERMES-02</n>
      <description>25/08/2026 22:29:18 | Estado: NUEVA UBICACION | Bat: 0%</description>
      <styleUrl>#pointStyle</styleUrl>
      <Point><coordinates>-73.63662833,4.123527,0</coordinates></Point>
    </Placemark>
    <Placemark>
      <n>#520 HERMES-02</n>
      <description>25/08/2026 22:35:11 | Estado: NUEVA UBICACION | Bat: 0%</description>
      <styleUrl>#pointStyle</styleUrl>
      <Point><coordinates>-73.63666083,4.123613,0</coordinates></Point>
    </Placemark>
    <Placemark>
      <n>#521 HERMES-02</n>
      <description>25/08/2026 22:41:05 | Estado: NUEVA UBICACION | Bat: 0%</description>
      <styleUrl>#pointStyle</styleUrl>
      <Point><coordinates>-73.63666733,4.123497333,0</coordinates></Point>
    </Placemark>
    <Placemark>
      <n>#522 HERMES-02</n>
      <description>25/08/2026 22:46:58 | Estado: NUEVA UBICACION | Bat: 0%</description>
      <styleUrl>#pointStyle</styleUrl>
      <Point><coordinates>-73.636642,4.123506833,0</coordinates></Point>
    </Placemark>
    <Placemark>
      <n>#523 HERMES-02</n>
      <description>25/08/2026 22:52:52 | Estado: NUEVA UBICACION | Bat: 0%</description>
      <styleUrl>#pointStyle</styleUrl>
      <Point><coordinates>-73.636682,4.123531167,0</coordinates></Point>
    </Placemark>
    <Placemark>
      <n>#524 HERMES-02</n>
      <description>25/08/2026 23:04:53 | Estado: NUEVA UBICACION | Bat: 0%</description>
      <styleUrl>#pointStyle</styleUrl>
      <Point><coordinates>-73.6366685,4.1235265,0</coordinates></Point>
    </Placemark>
    <Placemark>
      <n>#525 HERMES-02</n>
      <description>25/08/2026 23:10:45 | Estado: NUEVA UBICACION | Bat: 0%</description>
      <styleUrl>#pointStyle</styleUrl>
      <Point><coordinates>-73.6366735,4.123492833,0</coordinates></Point>
    </Placemark>
    <Placemark>
      <n>#526 HERMES-02</n>
      <description>25/08/2026 23:16:40 | Estado: NUEVA UBICACION | Bat: 0%</description>
      <styleUrl>#pointStyle</styleUrl>
      <Point><coordinates>-73.63660383,4.1235995,0</coordinates></Point>
    </Placemark>
    <Placemark>
      <n>#527 HERMES-02</n>
      <description>25/08/2026 23:22:33 | Estado: NUEVA UBICACION | Bat: 0%</description>
      <styleUrl>#pointStyle</styleUrl>
      <Point><coordinates>-73.636579,4.123552167,0</coordinates></Point>
    </Placemark>
    <Placemark>
      <n>#528 HERMES-02</n>
      <description>25/08/2026 23:28:27 | Estado: NUEVA UBICACION | Bat: 0%</description>
      <styleUrl>#pointStyle</styleUrl>
      <Point><coordinates>-73.63671117,4.123524333,0</coordinates></Point>
    </Placemark>
    <Placemark>
      <n>#529 HERMES-02</n>
      <description>25/08/2026 23:34:20 | Estado: NUEVA UBICACION | Bat: 0%</description>
      <styleUrl>#pointStyle</styleUrl>
      <Point><coordinates>-73.636616,4.123584167,0</coordinates></Point>
    </Placemark>
    <Placemark>
      <n>#530 HERMES-02</n>
      <description>25/08/2026 23:40:13 | Estado: NUEVA UBICACION | Bat: 0%</description>
      <styleUrl>#pointStyle</styleUrl>
      <Point><coordinates>-73.63664217,4.123514667,0</coordinates></Point>
    </Placemark>
    <Placemark>
      <n>#531 HERMES-02</n>
      <description>25/08/2026 23:46:06 | Estado: NUEVA UBICACION | Bat: 0%</description>
      <styleUrl>#pointStyle</styleUrl>
      <Point><coordinates>-73.63659433,4.123573667,0</coordinates></Point>
    </Placemark>
    <Placemark>
      <n>#532 HERMES-02</n>
      <description>25/08/2026 23:51:59 | Estado: NUEVA UBICACION | Bat: 0%</description>
      <styleUrl>#pointStyle</styleUrl>
      <Point><coordinates>-73.63662767,4.123541,0</coordinates></Point>
    </Placemark>
    <Placemark>
      <n>#533 HERMES-02</n>
      <description>25/08/2026 23:57:53 | Estado: NUEVA UBICACION | Bat: 0%</description>
      <styleUrl>#pointStyle</styleUrl>
      <Point><coordinates>-73.636601,4.123529333,0</coordinates></Point>
    </Placemark>
    <Placemark>
      <n>#534 HERMES-02</n>
      <description>26/08/2026 00:03:46 | Estado: NUEVA UBICACION | Bat: 0%</description>
      <styleUrl>#pointStyle</styleUrl>
      <Point><coordinates>-73.63676967,4.123491167,0</coordinates></Point>
    </Placemark>
    <Placemark>
      <n>#535 HERMES-02</n>
      <description>26/08/2026 00:09:38 | Estado: NUEVA UBICACION | Bat: 0%</description>
      <styleUrl>#pointStyle</styleUrl>
      <Point><coordinates>-73.6366455,4.123542833,0</coordinates></Point>
    </Placemark>
    <Placemark>
      <n>#536 HERMES-02</n>
      <description>26/08/2026 00:28:43 | Estado: REENVIO PENDIENTE | Bat: 0%</description>
      <styleUrl>#pointStyle</styleUrl>
      <Point><coordinates>-73.636545,4.123572,0</coordinates></Point>
    </Placemark>
    <Placemark>
      <n>#537 HERMES-02</n>
      <description>26/08/2026 00:34:57 | Estado: REENVIO PENDIENTE | Bat: 0%</description>
      <styleUrl>#pointStyle</styleUrl>
      <Point><coordinates>-73.636415,4.123479,0</coordinates></Point>
    </Placemark>
    <Placemark>
      <n>#538 HERMES-02</n>
      <description>26/08/2026 00:41:12 | Estado: REENVIO PENDIENTE | Bat: 0%</description>
      <styleUrl>#pointStyle</styleUrl>
      <Point><coordinates>-73.63655,4.123595,0</coordinates></Point>
    </Placemark>
    <Placemark>
      <n>#539 HERMES-02</n>
      <description>26/08/2026 00:47:26 | Estado: REENVIO PENDIENTE | Bat: 0%</description>
      <styleUrl>#pointStyle</styleUrl>
      <Point><coordinates>-73.636539,4.123582,0</coordinates></Point>
    </Placemark>
    <Placemark>
      <n>#540 HERMES-02</n>
      <description>26/08/2026 00:53:41 | Estado: REENVIO PENDIENTE | Bat: 0%</description>
      <styleUrl>#pointStyle</styleUrl>
      <Point><coordinates>-73.636504,4.123613,0</coordinates></Point>
    </Placemark>
    <Placemark>
      <n>#541 HERMES-02</n>
      <description>26/08/2026 00:59:55 | Estado: REENVIO PENDIENTE | Bat: 0%</description>
      <styleUrl>#pointStyle</styleUrl>
      <Point><coordinates>-73.636537,4.123572,0</coordinates></Point>
    </Placemark>
    <Placemark>
      <n>#542 HERMES-02</n>
      <description>26/08/2026 01:06:09 | Estado: REENVIO PENDIENTE | Bat: 0%</description>
      <styleUrl>#pointStyle</styleUrl>
      <Point><coordinates>-73.636529,4.123608,0</coordinates></Point>
    </Placemark>
    <Placemark>
      <n>#543 HERMES-02</n>
      <description>26/08/2026 01:12:23 | Estado: REENVIO PENDIENTE | Bat: 0%</description>
      <styleUrl>#pointStyle</styleUrl>
      <Point><coordinates>-73.636586,4.123675,0</coordinates></Point>
    </Placemark>
    <Placemark>
      <n>#544 HERMES-02</n>
      <description>26/08/2026 01:18:38 | Estado: REENVIO PENDIENTE | Bat: 0%</description>
      <styleUrl>#pointStyle</styleUrl>
      <Point><coordinates>-73.636543,4.123575,0</coordinates></Point>
    </Placemark>
    <Placemark>
      <n>#545 HERMES-02</n>
      <description>26/08/2026 01:31:07 | Estado: REENVIO PENDIENTE | Bat: 0%</description>
      <styleUrl>#pointStyle</styleUrl>
      <Point><coordinates>-73.636563,4.123543,0</coordinates></Point>
    </Placemark>
    <Placemark>
      <n>#546 HERMES-02</n>
      <description>26/08/2026 01:37:20 | Estado: REENVIO PENDIENTE | Bat: 0%</description>
      <styleUrl>#pointStyle</styleUrl>
      <Point><coordinates>-73.636642,4.123633,0</coordinates></Point>
    </Placemark>
    <Placemark>
      <n>#547 HERMES-02</n>
      <description>26/08/2026 01:56:03 | Estado: REENVIO PENDIENTE | Bat: 0%</description>
      <styleUrl>#pointStyle</styleUrl>
      <Point><coordinates>-73.636612,4.123586,0</coordinates></Point>
    </Placemark>
    <Placemark>
      <n>#548 HERMES-02</n>
      <description>26/08/2026 02:14:46 | Estado: REENVIO PENDIENTE | Bat: 0%</description>
      <styleUrl>#pointStyle</styleUrl>
      <Point><coordinates>-73.636588,4.123604,0</coordinates></Point>
    </Placemark>
    <Placemark>
      <n>#549 HERMES-02</n>
      <description>26/08/2026 02:21:01 | Estado: REENVIO PENDIENTE | Bat: 0%</description>
      <styleUrl>#pointStyle</styleUrl>
      <Point><coordinates>-73.636575,4.123575,0</coordinates></Point>
    </Placemark>
    <Placemark>
      <n>#550 HERMES-02</n>
      <description>26/08/2026 05:22:56 | Estado: REENVIO PENDIENTE | Bat: 0%</description>
      <styleUrl>#pointStyle</styleUrl>
      <Point><coordinates>-73.636642,4.123555,0</coordinates></Point>
    </Placemark>
    <Placemark>
      <n>#551 HERMES-02</n>
      <description>26/08/2026 05:29:11 | Estado: REENVIO PENDIENTE | Bat: 0%</description>
      <styleUrl>#pointStyle</styleUrl>
      <Point><coordinates>-73.636728,4.123587,0</coordinates></Point>
    </Placemark>
    <Placemark>
      <n>#552 HERMES-02</n>
      <description>26/08/2026 05:35:26 | Estado: REENVIO PENDIENTE | Bat: 0%</description>
      <styleUrl>#pointStyle</styleUrl>
      <Point><coordinates>-73.636654,4.123664,0</coordinates></Point>
    </Placemark>
    <Placemark>
      <n>#553 HERMES-02</n>
      <description>26/08/2026 05:41:40 | Estado: REENVIO PENDIENTE | Bat: 0%</description>
      <styleUrl>#pointStyle</styleUrl>
      <Point><coordinates>-73.636619,4.123645,0</coordinates></Point>
    </Placemark>
    <Placemark>
      <n>#554 HERMES-02</n>
      <description>26/08/2026 05:47:54 | Estado: REENVIO PENDIENTE | Bat: 0%</description>
      <styleUrl>#pointStyle</styleUrl>
      <Point><coordinates>-73.636679,4.123585,0</coordinates></Point>
    </Placemark>
    <Placemark>
      <n>#555 HERMES-02</n>
      <description>26/08/2026 05:54:09 | Estado: REENVIO PENDIENTE | Bat: 0%</description>
      <styleUrl>#pointStyle</styleUrl>
      <Point><coordinates>-73.636702,4.123607,0</coordinates></Point>
    </Placemark>
    <Placemark>
      <n>#556 HERMES-02</n>
      <description>26/08/2026 06:00:23 | Estado: REENVIO PENDIENTE | Bat: 0%</description>
      <styleUrl>#pointStyle</styleUrl>
      <Point><coordinates>-73.636739,4.123577,0</coordinates></Point>
    </Placemark>
    <Placemark>
      <n>#557 HERMES-02</n>
      <description>26/08/2026 06:06:37 | Estado: REENVIO PENDIENTE | Bat: 0%</description>
      <styleUrl>#pointStyle</styleUrl>
      <Point><coordinates>-73.636604,4.123627,0</coordinates></Point>
    </Placemark>
    <Placemark>
      <n>#558 HERMES-02</n>
      <description>26/08/2026 06:25:21 | Estado: REENVIO PENDIENTE | Bat: 0%</description>
      <styleUrl>#pointStyle</styleUrl>
      <Point><coordinates>-73.636586,4.123593,0</coordinates></Point>
    </Placemark>
    <Placemark>
      <n>#559 HERMES-02</n>
      <description>26/08/2026 06:44:05 | Estado: REENVIO PENDIENTE | Bat: 0%</description>
      <styleUrl>#pointStyle</styleUrl>
      <Point><coordinates>-73.636547,4.123537,0</coordinates></Point>
    </Placemark>
    <Placemark>
      <n>#560 HERMES-02</n>
      <description>26/08/2026 07:02:48 | Estado: REENVIO PENDIENTE | Bat: 0%</description>
      <styleUrl>#pointStyle</styleUrl>
      <Point><coordinates>-73.636598,4.123619,0</coordinates></Point>
    </Placemark>
    <Placemark>
      <n>#561 HERMES-02</n>
      <description>26/08/2026 07:15:17 | Estado: REENVIO PENDIENTE | Bat: 0%</description>
      <styleUrl>#pointStyle</styleUrl>
      <Point><coordinates>-73.636637,4.123626,0</coordinates></Point>
    </Placemark>
    <Placemark>
      <n>#562 HERMES-02</n>
      <description>26/08/2026 07:21:32 | Estado: REENVIO PENDIENTE | Bat: 0%</description>
      <styleUrl>#pointStyle</styleUrl>
      <Point><coordinates>-73.636624,4.123648,0</coordinates></Point>
    </Placemark>
    <Placemark>
      <n>#563 HERMES-02</n>
      <description>26/08/2026 07:27:47 | Estado: REENVIO PENDIENTE | Bat: 0%</description>
      <styleUrl>#pointStyle</styleUrl>
      <Point><coordinates>-73.63667,4.123587,0</coordinates></Point>
    </Placemark>
    <Placemark>
      <n>#564 HERMES-02</n>
      <description>26/08/2026 07:34:01 | Estado: REENVIO PENDIENTE | Bat: 0%</description>
      <styleUrl>#pointStyle</styleUrl>
      <Point><coordinates>-73.636651,4.123647,0</coordinates></Point>
    </Placemark>
    <Placemark>
      <n>#565 HERMES-02</n>
      <description>26/08/2026 07:52:45 | Estado: REENVIO PENDIENTE | Bat: 0%</description>
      <styleUrl>#pointStyle</styleUrl>
      <Point><coordinates>-73.636666,4.123639,0</coordinates></Point>
    </Placemark>
    <Placemark>
      <n>#566 HERMES-02</n>
      <description>26/08/2026 08:11:27 | Estado: REENVIO PENDIENTE | Bat: 0%</description>
      <styleUrl>#pointStyle</styleUrl>
      <Point><coordinates>-73.636612,4.12362,0</coordinates></Point>
    </Placemark>
    <Placemark>
      <n>#567 HERMES-02</n>
      <description>26/08/2026 08:30:10 | Estado: REENVIO PENDIENTE | Bat: 0%</description>
      <styleUrl>#pointStyle</styleUrl>
      <Point><coordinates>-73.636621,4.123618,0</coordinates></Point>
    </Placemark>
    <Placemark>
      <n>#568 HERMES-02</n>
      <description>26/08/2026 08:48:53 | Estado: REENVIO PENDIENTE | Bat: 0%</description>
      <styleUrl>#pointStyle</styleUrl>
      <Point><coordinates>-73.636565,4.123643,0</coordinates></Point>
    </Placemark>
    <Placemark>
      <n>#569 HERMES-02</n>
      <description>26/08/2026 09:07:36 | Estado: REENVIO PENDIENTE | Bat: 0%</description>
      <styleUrl>#pointStyle</styleUrl>
      <Point><coordinates>-73.636555,4.123585,0</coordinates></Point>
    </Placemark>
    <Placemark>
      <n>#570 HERMES-02</n>
      <description>26/08/2026 09:26:19 | Estado: REENVIO PENDIENTE | Bat: 0%</description>
      <styleUrl>#pointStyle</styleUrl>
      <Point><coordinates>-73.636628,4.123648,0</coordinates></Point>
    </Placemark>
    <Placemark>
      <n>#571 HERMES-02</n>
      <description>26/08/2026 11:46:02 | Estado: NUEVA UBICACION | Bat: 0%</description>
      <styleUrl>#pointStyle</styleUrl>
      <Point><coordinates>-73.6529475,3.9725295,0</coordinates></Point>
    </Placemark>
    <Placemark>
      <n>#572 HERMES-02</n>
      <description>26/08/2026 12:09:21 | Estado: NUEVA UBICACION | Bat: 0%</description>
      <styleUrl>#pointStyle</styleUrl>
      <Point><coordinates>-73.65657083,4.212814333,0</coordinates></Point>
    </Placemark>
    <Placemark>
      <n>#573 HERMES-02</n>
      <description>26/08/2026 12:15:57 | Estado: NUEVA UBICACION | Bat: 0%</description>
      <styleUrl>#pointStyle</styleUrl>
      <Point><coordinates>-73.73122017,4.511975833,0</coordinates></Point>
    </Placemark>
    <Placemark>
      <n>#574 HERMES-02</n>
      <description>26/08/2026 12:44:54 | Estado: REENVIO PENDIENTE | Bat: 0%</description>
      <styleUrl>#pointStyle</styleUrl>
      <Point><coordinates>-73.599667,4.132397,0</coordinates></Point>
    </Placemark>
    <Placemark>
      <n>#575 HERMES-02</n>
      <description>26/08/2026 12:51:08 | Estado: REENVIO PENDIENTE | Bat: 0%</description>
      <styleUrl>#pointStyle</styleUrl>
      <Point><coordinates>-73.599643,4.132398,0</coordinates></Point>
    </Placemark>
    <Placemark>
      <n>#576 HERMES-02</n>
      <description>26/08/2026 12:57:23 | Estado: REENVIO PENDIENTE | Bat: 0%</description>
      <styleUrl>#pointStyle</styleUrl>
      <Point><coordinates>-73.599656,4.1324,0</coordinates></Point>
    </Placemark>
    <Placemark>
      <n>#577 HERMES-02</n>
      <description>26/08/2026 13:03:36 | Estado: REENVIO PENDIENTE | Bat: 0%</description>
      <styleUrl>#pointStyle</styleUrl>
      <Point><coordinates>-73.599654,4.132393,0</coordinates></Point>
    </Placemark>
    <Placemark>
      <n>#578 HERMES-02</n>
      <description>26/08/2026 13:09:46 | Estado: NUEVA UBICACION | Bat: 0%</description>
      <styleUrl>#pointStyle</styleUrl>
      <Point><coordinates>-73.599666,4.132385,0</coordinates></Point>
    </Placemark>
    <Placemark>
      <n>#579 HERMES-02</n>
      <description>26/08/2026 13:17:47 | Estado: NUEVA UBICACION | Bat: 0%</description>
      <styleUrl>#pointStyle</styleUrl>
      <Point><coordinates>-73.59964933,4.1323905,0</coordinates></Point>
    </Placemark>
    <Placemark>
      <n>#580 HERMES-02</n>
      <description>26/08/2026 13:23:45 | Estado: NUEVA UBICACION | Bat: 0%</description>
      <styleUrl>#pointStyle</styleUrl>
      <Point><coordinates>-73.59964383,4.132388333,0</coordinates></Point>
    </Placemark>
    <Placemark>
      <n>#581 HERMES-02</n>
      <description>26/08/2026 13:56:58 | Estado: NUEVA UBICACION | Bat: 0%</description>
      <styleUrl>#pointStyle</styleUrl>
      <Point><coordinates>-73.599622,4.132402333,0</coordinates></Point>
    </Placemark>
    <Placemark>
      <n>#582 HERMES-02</n>
      <description>26/08/2026 14:05:35 | Estado: REENVIO PENDIENTE | Bat: 0%</description>
      <styleUrl>#pointStyle</styleUrl>
      <Point><coordinates>-73.599632,4.132376,0</coordinates></Point>
    </Placemark>
    <Placemark>
      <n>#583 HERMES-02</n>
      <description>26/08/2026 14:11:49 | Estado: REENVIO PENDIENTE | Bat: 0%</description>
      <styleUrl>#pointStyle</styleUrl>
      <Point><coordinates>-73.599619,4.132378,0</coordinates></Point>
    </Placemark>
    <Placemark>
      <n>#584 HERMES-02</n>
      <description>26/08/2026 14:18:04 | Estado: REENVIO PENDIENTE | Bat: 0%</description>
      <styleUrl>#pointStyle</styleUrl>
      <Point><coordinates>-73.599663,4.132408,0</coordinates></Point>
    </Placemark>
    <Placemark>
      <n>#585 HERMES-02</n>
      <description>26/08/2026 14:24:19 | Estado: REENVIO PENDIENTE | Bat: 0%</description>
      <styleUrl>#pointStyle</styleUrl>
      <Point><coordinates>-73.599642,4.132395,0</coordinates></Point>
    </Placemark>
    <Placemark>
      <n>#586 HERMES-02</n>
      <description>26/08/2026 14:30:33 | Estado: REENVIO PENDIENTE | Bat: 0%</description>
      <styleUrl>#pointStyle</styleUrl>
      <Point><coordinates>-73.599649,4.132384,0</coordinates></Point>
    </Placemark>
    <Placemark>
      <n>#587 HERMES-02</n>
      <description>26/08/2026 14:43:04 | Estado: REENVIO PENDIENTE | Bat: 0%</description>
      <styleUrl>#pointStyle</styleUrl>
      <Point><coordinates>-73.599642,4.132386,0</coordinates></Point>
    </Placemark>
    <Placemark>
      <n>#588 HERMES-02</n>
      <description>26/08/2026 14:55:33 | Estado: REENVIO PENDIENTE | Bat: 0%</description>
      <styleUrl>#pointStyle</styleUrl>
      <Point><coordinates>-73.599635,4.132378,0</coordinates></Point>
    </Placemark>
    <Placemark>
      <n>#589 HERMES-02</n>
      <description>26/08/2026 15:01:48 | Estado: REENVIO PENDIENTE | Bat: 0%</description>
      <styleUrl>#pointStyle</styleUrl>
      <Point><coordinates>-73.59965,4.132412,0</coordinates></Point>
    </Placemark>
    <Placemark>
      <n>#590 HERMES-02</n>
      <description>26/08/2026 15:08:03 | Estado: REENVIO PENDIENTE | Bat: 0%</description>
      <styleUrl>#pointStyle</styleUrl>
      <Point><coordinates>-73.599639,4.1324,0</coordinates></Point>
    </Placemark>
    <Placemark>
      <n>#591 HERMES-02</n>
      <description>26/08/2026 15:14:18 | Estado: REENVIO PENDIENTE | Bat: 0%</description>
      <styleUrl>#pointStyle</styleUrl>
      <Point><coordinates>-73.599635,4.132388,0</coordinates></Point>
    </Placemark>
    <Placemark>
      <n>#592 HERMES-02</n>
      <description>26/08/2026 15:26:46 | Estado: REENVIO PENDIENTE | Bat: 0%</description>
      <styleUrl>#pointStyle</styleUrl>
      <Point><coordinates>-73.599654,4.132391,0</coordinates></Point>
    </Placemark>
    <Placemark>
      <n>#593 HERMES-02</n>
      <description>26/08/2026 15:33:49 | Estado: NUEVA UBICACION | Bat: 0%</description>
      <styleUrl>#pointStyle</styleUrl>
      <Point><coordinates>-73.599672,4.132387333,0</coordinates></Point>
    </Placemark>
    <Placemark>
      <n>#594 HERMES-02</n>
      <description>26/08/2026 15:39:40 | Estado: NUEVA UBICACION | Bat: 0%</description>
      <styleUrl>#pointStyle</styleUrl>
      <Point><coordinates>-73.59964483,4.132409167,0</coordinates></Point>
    </Placemark>
    <Placemark>
      <n>#595 HERMES-02</n>
      <description>26/08/2026 15:46:14 | Estado: NUEVA UBICACION | Bat: 0%</description>
      <styleUrl>#pointStyle</styleUrl>
      <Point><coordinates>-73.59964167,4.132391333,0</coordinates></Point>
    </Placemark>
    <Placemark>
      <n>#596 HERMES-02</n>
      <description>26/08/2026 15:52:14 | Estado: NUEVA UBICACION | Bat: 0%</description>
      <styleUrl>#pointStyle</styleUrl>
      <Point><coordinates>-73.59961367,4.132416,0</coordinates></Point>
    </Placemark>
    <Placemark>
      <n>#597 HERMES-02</n>
      <description>26/08/2026 16:04:57 | Estado: NUEVA UBICACION | Bat: 0%</description>
      <styleUrl>#pointStyle</styleUrl>
      <Point><coordinates>-73.59963467,4.132392667,0</coordinates></Point>
    </Placemark>
    <Placemark>
      <n>#598 HERMES-02</n>
      <description>26/08/2026 16:10:54 | Estado: NUEVA UBICACION | Bat: 0%</description>
      <styleUrl>#pointStyle</styleUrl>
      <Point><coordinates>-73.59962833,4.132436333,0</coordinates></Point>
    </Placemark>
    <Placemark>
      <n>#599 HERMES-02</n>
      <description>26/08/2026 16:23:00 | Estado: NUEVA UBICACION | Bat: 0%</description>
      <styleUrl>#pointStyle</styleUrl>
      <Point><coordinates>-73.59966733,4.132403667,0</coordinates></Point>
    </Placemark>
    <Placemark>
      <n>#600 HERMES-02</n>
      <description>26/08/2026 17:38:48 | Estado: REENVIO PENDIENTE | Bat: 0%</description>
      <styleUrl>#pointStyle</styleUrl>
      <Point><coordinates>-73.599656,4.132401,0</coordinates></Point>
    </Placemark>
    <Placemark>
      <n>#601 HERMES-02</n>
      <description>26/08/2026 17:45:03 | Estado: REENVIO PENDIENTE | Bat: 0%</description>
      <styleUrl>#pointStyle</styleUrl>
      <Point><coordinates>-73.599659,4.132383,0</coordinates></Point>
    </Placemark>
    <Placemark>
      <n>#602 HERMES-02</n>
      <description>26/08/2026 17:51:24 | Estado: NUEVA UBICACION | Bat: 0%</description>
      <styleUrl>#pointStyle</styleUrl>
      <Point><coordinates>-73.59963967,4.132429333,0</coordinates></Point>
    </Placemark>
    <Placemark>
      <n>#603 HERMES-02</n>
      <description>26/08/2026 17:57:27 | Estado: NUEVA UBICACION | Bat: 0%</description>
      <styleUrl>#pointStyle</styleUrl>
      <Point><coordinates>-73.59962367,4.1323585,0</coordinates></Point>
    </Placemark>
    <Placemark>
      <n>#604 HERMES-02</n>
      <description>26/08/2026 20:08:30 | Estado: REENVIO PENDIENTE | Bat: 0%</description>
      <styleUrl>#pointStyle</styleUrl>
      <Point><coordinates>-73.599652,4.132371,0</coordinates></Point>
    </Placemark>
    <Placemark>
      <n>#605 HERMES-02</n>
      <description>26/08/2026 20:14:44 | Estado: REENVIO PENDIENTE | Bat: 0%</description>
      <styleUrl>#pointStyle</styleUrl>
      <Point><coordinates>-73.599667,4.13235,0</coordinates></Point>
    </Placemark>
    <Placemark>
      <n>#606 HERMES-02</n>
      <description>26/08/2026 20:20:59 | Estado: REENVIO PENDIENTE | Bat: 0%</description>
      <styleUrl>#pointStyle</styleUrl>
      <Point><coordinates>-73.599631,4.132345,0</coordinates></Point>
    </Placemark>
    <Placemark>
      <n>#607 HERMES-02</n>
      <description>26/08/2026 20:27:13 | Estado: REENVIO PENDIENTE | Bat: 0%</description>
      <styleUrl>#pointStyle</styleUrl>
      <Point><coordinates>-73.599634,4.132365,0</coordinates></Point>
    </Placemark>
    <Placemark>
      <n>#608 HERMES-02</n>
      <description>26/08/2026 20:33:28 | Estado: REENVIO PENDIENTE | Bat: 0%</description>
      <styleUrl>#pointStyle</styleUrl>
      <Point><coordinates>-73.599641,4.132361,0</coordinates></Point>
    </Placemark>
    <Placemark>
      <n>#609 HERMES-02</n>
      <description>26/08/2026 20:39:42 | Estado: REENVIO PENDIENTE | Bat: 0%</description>
      <styleUrl>#pointStyle</styleUrl>
      <Point><coordinates>-73.59964,4.132334,0</coordinates></Point>
    </Placemark>
    <Placemark>
      <n>#610 HERMES-02</n>
      <description>26/08/2026 20:45:56 | Estado: REENVIO PENDIENTE | Bat: 0%</description>
      <styleUrl>#pointStyle</styleUrl>
      <Point><coordinates>-73.599627,4.132378,0</coordinates></Point>
    </Placemark>
    <Placemark>
      <n>#611 HERMES-02</n>
      <description>26/08/2026 20:52:10 | Estado: REENVIO PENDIENTE | Bat: 0%</description>
      <styleUrl>#pointStyle</styleUrl>
      <Point><coordinates>-73.599661,4.132389,0</coordinates></Point>
    </Placemark>
    <Placemark>
      <n>#612 HERMES-02</n>
      <description>26/08/2026 20:58:24 | Estado: REENVIO PENDIENTE | Bat: 0%</description>
      <styleUrl>#pointStyle</styleUrl>
      <Point><coordinates>-73.599654,4.132361,0</coordinates></Point>
    </Placemark>
    <Placemark>
      <n>#613 HERMES-02</n>
      <description>26/08/2026 21:04:38 | Estado: REENVIO PENDIENTE | Bat: 0%</description>
      <styleUrl>#pointStyle</styleUrl>
      <Point><coordinates>-73.59965,4.132363,0</coordinates></Point>
    </Placemark>
    <Placemark>
      <n>#614 HERMES-02</n>
      <description>26/08/2026 21:10:51 | Estado: REENVIO PENDIENTE | Bat: 0%</description>
      <styleUrl>#pointStyle</styleUrl>
      <Point><coordinates>-73.599656,4.132386,0</coordinates></Point>
    </Placemark>
    <Placemark>
      <n>#615 HERMES-02</n>
      <description>26/08/2026 21:37:04 | Estado: REENVIO PENDIENTE | Bat: 0%</description>
      <styleUrl>#pointStyle</styleUrl>
      <Point><coordinates>-73.599659,4.132388,0</coordinates></Point>
    </Placemark>
    <Placemark>
      <n>#616 HERMES-02</n>
      <description>26/08/2026 22:04:27 | Estado: REENVIO PENDIENTE | Bat: 0%</description>
      <styleUrl>#pointStyle</styleUrl>
      <Point><coordinates>-73.599687,4.132386,0</coordinates></Point>
    </Placemark>
    <Placemark>
      <n>#617 HERMES-02</n>
      <description>26/08/2026 22:10:41 | Estado: REENVIO PENDIENTE | Bat: 0%</description>
      <styleUrl>#pointStyle</styleUrl>
      <Point><coordinates>-73.59963,4.132323,0</coordinates></Point>
    </Placemark>
    <Placemark>
      <n>#618 HERMES-02</n>
      <description>26/08/2026 22:23:08 | Estado: REENVIO PENDIENTE | Bat: 0%</description>
      <styleUrl>#pointStyle</styleUrl>
      <Point><coordinates>-73.599603,4.132165,0</coordinates></Point>
    </Placemark>
    <Placemark>
      <n>#619 HERMES-02</n>
      <description>26/08/2026 22:29:22 | Estado: REENVIO PENDIENTE | Bat: 0%</description>
      <styleUrl>#pointStyle</styleUrl>
      <Point><coordinates>-73.599615,4.132314,0</coordinates></Point>
    </Placemark>
    <Placemark>
      <n>#620 HERMES-02</n>
      <description>26/08/2026 22:35:36 | Estado: REENVIO PENDIENTE | Bat: 0%</description>
      <styleUrl>#pointStyle</styleUrl>
      <Point><coordinates>-73.599664,4.132276,0</coordinates></Point>
    </Placemark>
    <Placemark>
      <n>#621 HERMES-02</n>
      <description>26/08/2026 22:41:49 | Estado: REENVIO PENDIENTE | Bat: 0%</description>
      <styleUrl>#pointStyle</styleUrl>
      <Point><coordinates>-73.599605,4.132363,0</coordinates></Point>
    </Placemark>
    <Placemark>
      <n>#622 HERMES-02</n>
      <description>26/08/2026 22:48:03 | Estado: REENVIO PENDIENTE | Bat: 0%</description>
      <styleUrl>#pointStyle</styleUrl>
      <Point><coordinates>-73.599586,4.132292,0</coordinates></Point>
    </Placemark>
    <Placemark>
      <n>#623 HERMES-02</n>
      <description>26/08/2026 22:54:17 | Estado: REENVIO PENDIENTE | Bat: 0%</description>
      <styleUrl>#pointStyle</styleUrl>
      <Point><coordinates>-73.599617,4.132419,0</coordinates></Point>
    </Placemark>
    <Placemark>
      <n>#624 HERMES-02</n>
      <description>26/08/2026 23:00:31 | Estado: REENVIO PENDIENTE | Bat: 0%</description>
      <styleUrl>#pointStyle</styleUrl>
      <Point><coordinates>-73.599585,4.132355,0</coordinates></Point>
    </Placemark>
    <Placemark>
      <n>#625 HERMES-02</n>
      <description>26/08/2026 23:06:45 | Estado: REENVIO PENDIENTE | Bat: 0%</description>
      <styleUrl>#pointStyle</styleUrl>
      <Point><coordinates>-73.599578,4.132698,0</coordinates></Point>
    </Placemark>
    <Placemark>
      <n>#626 HERMES-02</n>
      <description>26/08/2026 23:12:58 | Estado: REENVIO PENDIENTE | Bat: 0%</description>
      <styleUrl>#pointStyle</styleUrl>
      <Point><coordinates>-73.59962,4.132512,0</coordinates></Point>
    </Placemark>
    <Placemark>
      <n>#627 HERMES-02</n>
      <description>26/08/2026 23:19:12 | Estado: REENVIO PENDIENTE | Bat: 0%</description>
      <styleUrl>#pointStyle</styleUrl>
      <Point><coordinates>-73.599583,4.132614,0</coordinates></Point>
    </Placemark>
    <Placemark>
      <n>#628 HERMES-02</n>
      <description>26/08/2026 23:25:26 | Estado: REENVIO PENDIENTE | Bat: 0%</description>
      <styleUrl>#pointStyle</styleUrl>
      <Point><coordinates>-73.599576,4.132473,0</coordinates></Point>
    </Placemark>
    <Placemark>
      <n>#629 HERMES-02</n>
      <description>26/08/2026 23:37:53 | Estado: REENVIO PENDIENTE | Bat: 0%</description>
      <styleUrl>#pointStyle</styleUrl>
      <Point><coordinates>-73.599583,4.132434,0</coordinates></Point>
    </Placemark>
    <Placemark>
      <n>#630 HERMES-02</n>
      <description>26/08/2026 23:50:21 | Estado: REENVIO PENDIENTE | Bat: 0%</description>
      <styleUrl>#pointStyle</styleUrl>
      <Point><coordinates>-73.599531,4.132542,0</coordinates></Point>
    </Placemark>
    <Placemark>
      <n>#631 HERMES-02</n>
      <description>27/08/2026 00:02:48 | Estado: REENVIO PENDIENTE | Bat: 0%</description>
      <styleUrl>#pointStyle</styleUrl>
      <Point><coordinates>-73.599616,4.132531,0</coordinates></Point>
    </Placemark>
    <Placemark>
      <n>#632 HERMES-02</n>
      <description>27/08/2026 00:09:02 | Estado: REENVIO PENDIENTE | Bat: 0%</description>
      <styleUrl>#pointStyle</styleUrl>
      <Point><coordinates>-73.599617,4.132322,0</coordinates></Point>
    </Placemark>
    <Placemark>
      <n>#633 HERMES-02</n>
      <description>27/08/2026 00:15:16 | Estado: REENVIO PENDIENTE | Bat: 0%</description>
      <styleUrl>#pointStyle</styleUrl>
      <Point><coordinates>-73.599595,4.132332,0</coordinates></Point>
    </Placemark>
    <Placemark>
      <n>#634 HERMES-02</n>
      <description>27/08/2026 00:21:30 | Estado: REENVIO PENDIENTE | Bat: 0%</description>
      <styleUrl>#pointStyle</styleUrl>
      <Point><coordinates>-73.599615,4.132415,0</coordinates></Point>
    </Placemark>
    <Placemark>
      <n>#635 HERMES-02</n>
      <description>27/08/2026 00:27:44 | Estado: REENVIO PENDIENTE | Bat: 0%</description>
      <styleUrl>#pointStyle</styleUrl>
      <Point><coordinates>-73.599636,4.13241,0</coordinates></Point>
    </Placemark>
    <Placemark>
      <n>#636 HERMES-02</n>
      <description>27/08/2026 00:33:57 | Estado: REENVIO PENDIENTE | Bat: 0%</description>
      <styleUrl>#pointStyle</styleUrl>
      <Point><coordinates>-73.599647,4.132333,0</coordinates></Point>
    </Placemark>
    <Placemark>
      <n>#637 HERMES-02</n>
      <description>27/08/2026 00:40:11 | Estado: REENVIO PENDIENTE | Bat: 0%</description>
      <styleUrl>#pointStyle</styleUrl>
      <Point><coordinates>-73.599682,4.132372,0</coordinates></Point>
    </Placemark>
    <Placemark>
      <n>#638 HERMES-02</n>
      <description>27/08/2026 00:52:39 | Estado: REENVIO PENDIENTE | Bat: 0%</description>
      <styleUrl>#pointStyle</styleUrl>
      <Point><coordinates>-73.599603,4.13233,0</coordinates></Point>
    </Placemark>
    <Placemark>
      <n>#639 HERMES-02</n>
      <description>27/08/2026 00:58:52 | Estado: REENVIO PENDIENTE | Bat: 0%</description>
      <styleUrl>#pointStyle</styleUrl>
      <Point><coordinates>-73.59964,4.132398,0</coordinates></Point>
    </Placemark>
    <Placemark>
      <n>#640 HERMES-02</n>
      <description>27/08/2026 01:05:07 | Estado: REENVIO PENDIENTE | Bat: 0%</description>
      <styleUrl>#pointStyle</styleUrl>
      <Point><coordinates>-73.599657,4.132355,0</coordinates></Point>
    </Placemark>
    <Placemark>
      <n>#641 HERMES-02</n>
      <description>27/08/2026 01:11:21 | Estado: REENVIO PENDIENTE | Bat: 0%</description>
      <styleUrl>#pointStyle</styleUrl>
      <Point><coordinates>-73.599687,4.132345,0</coordinates></Point>
    </Placemark>
    <Placemark>
      <n>#642 HERMES-02</n>
      <description>27/08/2026 01:17:34 | Estado: REENVIO PENDIENTE | Bat: 0%</description>
      <styleUrl>#pointStyle</styleUrl>
      <Point><coordinates>-73.59964,4.132355,0</coordinates></Point>
    </Placemark>
    <Placemark>
      <n>#643 HERMES-02</n>
      <description>27/08/2026 01:23:48 | Estado: REENVIO PENDIENTE | Bat: 0%</description>
      <styleUrl>#pointStyle</styleUrl>
      <Point><coordinates>-73.599636,4.132334,0</coordinates></Point>
    </Placemark>
    <Placemark>
      <n>#644 HERMES-02</n>
      <description>27/08/2026 01:30:02 | Estado: REENVIO PENDIENTE | Bat: 0%</description>
      <styleUrl>#pointStyle</styleUrl>
      <Point><coordinates>-73.599616,4.132352,0</coordinates></Point>
    </Placemark>
    <Placemark>
      <n>#645 HERMES-02</n>
      <description>27/08/2026 01:36:16 | Estado: REENVIO PENDIENTE | Bat: 0%</description>
      <styleUrl>#pointStyle</styleUrl>
      <Point><coordinates>-73.599649,4.132376,0</coordinates></Point>
    </Placemark>
    <Placemark>
      <n>#646 HERMES-02</n>
      <description>27/08/2026 01:42:29 | Estado: REENVIO PENDIENTE | Bat: 0%</description>
      <styleUrl>#pointStyle</styleUrl>
      <Point><coordinates>-73.599642,4.132397,0</coordinates></Point>
    </Placemark>
    <Placemark>
      <n>#647 HERMES-02</n>
      <description>27/08/2026 01:48:43 | Estado: REENVIO PENDIENTE | Bat: 0%</description>
      <styleUrl>#pointStyle</styleUrl>
      <Point><coordinates>-73.599547,4.132452,0</coordinates></Point>
    </Placemark>
    <Placemark>
      <n>#648 HERMES-02</n>
      <description>27/08/2026 01:54:57 | Estado: REENVIO PENDIENTE | Bat: 0%</description>
      <styleUrl>#pointStyle</styleUrl>
      <Point><coordinates>-73.599586,4.132385,0</coordinates></Point>
    </Placemark>
    <Placemark>
      <n>#649 HERMES-02</n>
      <description>27/08/2026 02:01:10 | Estado: REENVIO PENDIENTE | Bat: 0%</description>
      <styleUrl>#pointStyle</styleUrl>
      <Point><coordinates>-73.599624,4.13259,0</coordinates></Point>
    </Placemark>
    <Placemark>
      <n>#650 HERMES-02</n>
      <description>27/08/2026 02:07:24 | Estado: REENVIO PENDIENTE | Bat: 0%</description>
      <styleUrl>#pointStyle</styleUrl>
      <Point><coordinates>-73.599548,4.13238,0</coordinates></Point>
    </Placemark>
    <Placemark>
      <n>#651 HERMES-02</n>
      <description>27/08/2026 02:13:38 | Estado: REENVIO PENDIENTE | Bat: 0%</description>
      <styleUrl>#pointStyle</styleUrl>
      <Point><coordinates>-73.599623,4.132369,0</coordinates></Point>
    </Placemark>
    <Placemark>
      <n>#652 HERMES-02</n>
      <description>27/08/2026 02:19:52 | Estado: REENVIO PENDIENTE | Bat: 0%</description>
      <styleUrl>#pointStyle</styleUrl>
      <Point><coordinates>-73.599696,4.132332,0</coordinates></Point>
    </Placemark>
    <Placemark>
      <n>#653 HERMES-02</n>
      <description>27/08/2026 02:26:06 | Estado: REENVIO PENDIENTE | Bat: 0%</description>
      <styleUrl>#pointStyle</styleUrl>
      <Point><coordinates>-73.599652,4.132358,0</coordinates></Point>
    </Placemark>
    <Placemark>
      <n>#654 HERMES-02</n>
      <description>27/08/2026 02:32:20 | Estado: REENVIO PENDIENTE | Bat: 0%</description>
      <styleUrl>#pointStyle</styleUrl>
      <Point><coordinates>-73.599661,4.132544,0</coordinates></Point>
    </Placemark>
    <Placemark>
      <n>#655 HERMES-02</n>
      <description>27/08/2026 02:38:34 | Estado: REENVIO PENDIENTE | Bat: 0%</description>
      <styleUrl>#pointStyle</styleUrl>
      <Point><coordinates>-73.599601,4.132373,0</coordinates></Point>
    </Placemark>
    <Placemark>
      <n>#656 HERMES-02</n>
      <description>27/08/2026 02:44:48 | Estado: REENVIO PENDIENTE | Bat: 0%</description>
      <styleUrl>#pointStyle</styleUrl>
      <Point><coordinates>-73.599668,4.132334,0</coordinates></Point>
    </Placemark>
    <Placemark>
      <n>#657 HERMES-02</n>
      <description>27/08/2026 02:51:01 | Estado: REENVIO PENDIENTE | Bat: 0%</description>
      <styleUrl>#pointStyle</styleUrl>
      <Point><coordinates>-73.599613,4.132466,0</coordinates></Point>
    </Placemark>
    <Placemark>
      <n>#658 HERMES-02</n>
      <description>27/08/2026 03:03:29 | Estado: REENVIO PENDIENTE | Bat: 0%</description>
      <styleUrl>#pointStyle</styleUrl>
      <Point><coordinates>-73.599574,4.132442,0</coordinates></Point>
    </Placemark>
    <Placemark>
      <n>#659 HERMES-02</n>
      <description>27/08/2026 03:22:11 | Estado: REENVIO PENDIENTE | Bat: 0%</description>
      <styleUrl>#pointStyle</styleUrl>
      <Point><coordinates>-73.599593,4.132435,0</coordinates></Point>
    </Placemark>
    <Placemark>
      <n>#660 HERMES-02</n>
      <description>27/08/2026 03:40:52 | Estado: REENVIO PENDIENTE | Bat: 0%</description>
      <styleUrl>#pointStyle</styleUrl>
      <Point><coordinates>-73.599604,4.132374,0</coordinates></Point>
    </Placemark>
    <Placemark>
      <n>#661 HERMES-02</n>
      <description>27/08/2026 03:53:20 | Estado: REENVIO PENDIENTE | Bat: 0%</description>
      <styleUrl>#pointStyle</styleUrl>
      <Point><coordinates>-73.599644,4.132406,0</coordinates></Point>
    </Placemark>
    <Placemark>
      <n>#662 HERMES-02</n>
      <description>27/08/2026 04:18:15 | Estado: REENVIO PENDIENTE | Bat: 0%</description>
      <styleUrl>#pointStyle</styleUrl>
      <Point><coordinates>-73.599632,4.13238,0</coordinates></Point>
    </Placemark>
    <Placemark>
      <n>#663 HERMES-02</n>
      <description>27/08/2026 04:24:29 | Estado: REENVIO PENDIENTE | Bat: 0%</description>
      <styleUrl>#pointStyle</styleUrl>
      <Point><coordinates>-73.599628,4.132393,0</coordinates></Point>
    </Placemark>
    <Placemark>
      <n>#664 HERMES-02</n>
      <description>27/08/2026 04:30:43 | Estado: REENVIO PENDIENTE | Bat: 0%</description>
      <styleUrl>#pointStyle</styleUrl>
      <Point><coordinates>-73.599662,4.132466,0</coordinates></Point>
    </Placemark>
    <Placemark>
      <n>#665 HERMES-02</n>
      <description>27/08/2026 04:36:57 | Estado: REENVIO PENDIENTE | Bat: 0%</description>
      <styleUrl>#pointStyle</styleUrl>
      <Point><coordinates>-73.599592,4.132391,0</coordinates></Point>
    </Placemark>
    <Placemark>
      <n>#666 HERMES-02</n>
      <description>27/08/2026 04:43:11 | Estado: REENVIO PENDIENTE | Bat: 0%</description>
      <styleUrl>#pointStyle</styleUrl>
      <Point><coordinates>-73.599683,4.13247,0</coordinates></Point>
    </Placemark>
    <Placemark>
      <n>#667 HERMES-02</n>
      <description>27/08/2026 04:55:39 | Estado: REENVIO PENDIENTE | Bat: 0%</description>
      <styleUrl>#pointStyle</styleUrl>
      <Point><coordinates>-73.599637,4.132401,0</coordinates></Point>
    </Placemark>
    <Placemark>
      <n>#668 HERMES-02</n>
      <description>27/08/2026 05:01:52 | Estado: REENVIO PENDIENTE | Bat: 0%</description>
      <styleUrl>#pointStyle</styleUrl>
      <Point><coordinates>-73.599633,4.132456,0</coordinates></Point>
    </Placemark>
    <Placemark>
      <n>#669 HERMES-02</n>
      <description>27/08/2026 05:14:21 | Estado: REENVIO PENDIENTE | Bat: 0%</description>
      <styleUrl>#pointStyle</styleUrl>
      <Point><coordinates>-73.599601,4.132437,0</coordinates></Point>
    </Placemark>
    <Placemark>
      <n>#670 HERMES-02</n>
      <description>27/08/2026 05:20:34 | Estado: REENVIO PENDIENTE | Bat: 0%</description>
      <styleUrl>#pointStyle</styleUrl>
      <Point><coordinates>-73.599625,4.132405,0</coordinates></Point>
    </Placemark>
    <Placemark>
      <n>#671 HERMES-02</n>
      <description>27/08/2026 05:33:02 | Estado: REENVIO PENDIENTE | Bat: 0%</description>
      <styleUrl>#pointStyle</styleUrl>
      <Point><coordinates>-73.59959,4.132361,0</coordinates></Point>
    </Placemark>
    <Placemark>
      <n>#672 HERMES-02</n>
      <description>27/08/2026 05:39:16 | Estado: REENVIO PENDIENTE | Bat: 0%</description>
      <styleUrl>#pointStyle</styleUrl>
      <Point><coordinates>-73.599643,4.132394,0</coordinates></Point>
    </Placemark>
    <Placemark>
      <n>#673 HERMES-02</n>
      <description>27/08/2026 05:51:45 | Estado: REENVIO PENDIENTE | Bat: 0%</description>
      <styleUrl>#pointStyle</styleUrl>
      <Point><coordinates>-73.599615,4.132351,0</coordinates></Point>
    </Placemark>
    <Placemark>
      <n>#674 HERMES-02</n>
      <description>27/08/2026 05:57:59 | Estado: REENVIO PENDIENTE | Bat: 0%</description>
      <styleUrl>#pointStyle</styleUrl>
      <Point><coordinates>-73.599623,4.132365,0</coordinates></Point>
    </Placemark>
    <Placemark>
      <n>#675 HERMES-02</n>
      <description>27/08/2026 06:16:41 | Estado: REENVIO PENDIENTE | Bat: 0%</description>
      <styleUrl>#pointStyle</styleUrl>
      <Point><coordinates>-73.599599,4.132378,0</coordinates></Point>
    </Placemark>
    <Placemark>
      <n>#676 HERMES-02</n>
      <description>27/08/2026 06:22:55 | Estado: REENVIO PENDIENTE | Bat: 0%</description>
      <styleUrl>#pointStyle</styleUrl>
      <Point><coordinates>-73.599608,4.132388,0</coordinates></Point>
    </Placemark>
    <Placemark>
      <n>#677 HERMES-02</n>
      <description>27/08/2026 06:29:09 | Estado: REENVIO PENDIENTE | Bat: 0%</description>
      <styleUrl>#pointStyle</styleUrl>
      <Point><coordinates>-73.599606,4.132409,0</coordinates></Point>
    </Placemark>
    <Placemark>
      <n>#678 HERMES-02</n>
      <description>27/08/2026 06:35:23 | Estado: REENVIO PENDIENTE | Bat: 0%</description>
      <styleUrl>#pointStyle</styleUrl>
      <Point><coordinates>-73.599636,4.132398,0</coordinates></Point>
    </Placemark>
    <Placemark>
      <n>#679 HERMES-02</n>
      <description>27/08/2026 06:42:00 | Estado: NUEVA UBICACION | Bat: 0%</description>
      <styleUrl>#pointStyle</styleUrl>
      <Point><coordinates>-73.5996945,4.132419,0</coordinates></Point>
    </Placemark>
    <Placemark>
      <n>#680 HERMES-02</n>
      <description>27/08/2026 06:48:31 | Estado: NUEVA UBICACION | Bat: 0%</description>
      <styleUrl>#pointStyle</styleUrl>
      <Point><coordinates>-73.59972317,4.132511,0</coordinates></Point>
    </Placemark>
    <Placemark>
      <n>#681 HERMES-02</n>
      <description>27/08/2026 06:55:08 | Estado: NUEVA UBICACION | Bat: 0%</description>
      <styleUrl>#pointStyle</styleUrl>
      <Point><coordinates>-73.5996445,4.132430667,0</coordinates></Point>
    </Placemark>
    <Placemark>
      <n>#682 HERMES-02</n>
      <description>27/08/2026 10:42:53 | Estado: NUEVA UBICACION | Bat: 0%</description>
      <styleUrl>#pointStyle</styleUrl>
      <Point><coordinates>-73.62381117,4.148215667,0</coordinates></Point>
    </Placemark>
    <Placemark>
      <n>#683 HERMES-02</n>
      <description>27/08/2026 11:42:45 | Estado: REENVIO PENDIENTE | Bat: 0%</description>
      <styleUrl>#pointStyle</styleUrl>
      <Point><coordinates>-73.639273,4.151751,0</coordinates></Point>
    </Placemark>
    <Placemark>
      <n>#684 HERMES-02</n>
      <description>27/08/2026 13:42:28 | Estado: REENVIO PENDIENTE | Bat: 0%</description>
      <styleUrl>#pointStyle</styleUrl>
      <Point><coordinates>-73.615529,4.119861,0</coordinates></Point>
    </Placemark>
    <Placemark>
      <n>#685 HERMES-02</n>
      <description>27/08/2026 14:42:18 | Estado: REENVIO PENDIENTE | Bat: 0%</description>
      <styleUrl>#pointStyle</styleUrl>
      <Point><coordinates>-73.599595,4.132319,0</coordinates></Point>
    </Placemark>
    <Placemark>
      <n>#686 HERMES-02</n>
      <description>27/08/2026 15:42:33 | Estado: NUEVA UBICACION | Bat: 0%</description>
      <styleUrl>#pointStyle</styleUrl>
      <Point><coordinates>-73.59960667,4.1323145,0</coordinates></Point>
    </Placemark>
</Document></kml>